raw_timestamp,relative_to_unix_epoch_timestamp,device_name,position_x,position_y,position_z,rotation_x,rotation_y,rotation_z,rotation_w
1751960811871,0,SteamVR Tracker (Right Foot),-0.3234582,0.06912708,0.4800776,-0.5132195,-0.07183086,-0.08453132,0.8510585
1751960811871,0,SteamVR Tracker (Left Foot),-0.537477,-0.006027937,0.4841599,-0.5652783,-0.2308868,-0.1154108,0.7834744
1751960811871,0,SteamVR Tracker (Waist),-0.5783044,0.7627335,1.227052,-0.4976138,0.4938466,0.5018331,0.5066159
1751960813762,0.01999999,SteamVR Tracker (Right Foot),-0.324621,0.0692029,0.482293,-0.5007706,-0.06718764,-0.07983301,0.8592679
1751960813762,0.01999999,SteamVR Tracker (Left Foot),-0.5380794,-0.006907701,0.4851591,-0.5571598,-0.2347709,-0.1133526,0.7884205
1751960813763,0.01999999,SteamVR Tracker (Waist),-0.5780318,0.7615713,1.22709,-0.4973378,0.494012,0.5018342,0.5067245
1751960813844,0.1206664,SteamVR Tracker (Right Foot),-0.3244407,0.06945133,0.4821665,-0.5017598,-0.06719694,-0.07976897,0.8586959
1751960813844,0.1206664,SteamVR Tracker (Left Foot),-0.5381253,-0.007044554,0.4851245,-0.5573519,-0.2345334,-0.1131606,0.7883829
1751960813844,0.1206664,SteamVR Tracker (Waist),-0.5780988,0.7617347,1.227077,-0.4974616,0.4938319,0.5018626,0.5067503
1751960813873,0.1526674,SteamVR Tracker (Right Foot),-0.3244848,0.06948209,0.4819348,-0.5025581,-0.06730673,-0.07965665,0.8582308
1751960813873,0.1526674,SteamVR Tracker (Left Foot),-0.5382,-0.007072926,0.4849679,-0.5577382,-0.2343111,-0.1133154,0.7881536
1751960813873,0.1526674,SteamVR Tracker (Waist),-0.5781454,0.7619531,1.227051,-0.497402,0.4938654,0.5018559,0.5067828
1751960813940,0.2081558,SteamVR Tracker (Right Foot),-0.3244368,0.0695169,0.4820027,-0.5028134,-0.06741461,-0.07962783,0.8580754
1751960813940,0.2081558,SteamVR Tracker (Left Foot),-0.5381535,-0.006972551,0.4849656,-0.5580562,-0.2341342,-0.1134815,0.7879571
1751960813940,0.2081558,SteamVR Tracker (Waist),-0.578212,0.7621852,1.227043,-0.4973384,0.4939054,0.5018939,0.5067688
1751960813958,0.2380657,SteamVR Tracker (Right Foot),-0.3243759,0.06947708,0.4819784,-0.5030968,-0.06736591,-0.07973215,0.8579034
1751960813958,0.2380657,SteamVR Tracker (Left Foot),-0.538198,-0.006887674,0.4850126,-0.558565,-0.2339615,-0.1136093,0.7876294
1751960813958,0.2380657,SteamVR Tracker (Waist),-0.5782049,0.7621243,1.226988,-0.497388,0.4939439,0.5017864,0.506789
1751960813995,0.2724509,SteamVR Tracker (Right Foot),-0.3245108,0.06955218,0.4819698,-0.5029563,-0.06747258,-0.07979989,0.8579711
1751960813995,0.2724509,SteamVR Tracker (Left Foot),-0.5382664,-0.006778717,0.4848633,-0.5587775,-0.2339647,-0.1136269,0.7874752
1751960813995,0.2724509,SteamVR Tracker (Waist),-0.5782765,0.7620974,1.227004,-0.4973426,0.49394,0.5018361,0.5067881
1751960814026,0.3054652,SteamVR Tracker (Right Foot),-0.3243929,0.06954145,0.4821487,-0.5029473,-0.06745132,-0.07978046,0.8579798
1751960814026,0.3054652,SteamVR Tracker (Left Foot),-0.538197,-0.006867647,0.4849313,-0.558834,-0.2339174,-0.1136623,0.7874441
1751960814026,0.3054652,SteamVR Tracker (Waist),-0.5781301,0.7618515,1.227066,-0.4973485,0.4939487,0.5018848,0.5067257
1751960814081,0.3600131,SteamVR Tracker (Right Foot),-0.3243724,0.06950736,0.4820719,-0.5029551,-0.06748074,-0.07981625,0.8579697
1751960814081,0.3600131,SteamVR Tracker (Left Foot),-0.5381103,-0.006908894,0.4848129,-0.5589465,-0.2338078,-0.1137952,0.7873776
1751960814081,0.3600131,SteamVR Tracker (Waist),-0.5782069,0.761973,1.227064,-0.4974461,0.4938453,0.5017849,0.5068296
1751960814104,0.3849032,SteamVR Tracker (Right Foot),-0.3243049,0.06957078,0.4820045,-0.5032638,-0.06751822,-0.07975775,0.8577911
1751960814104,0.3849032,SteamVR Tracker (Left Foot),-0.5381703,-0.006958246,0.4847749,-0.5593192,-0.2336638,-0.1139495,0.7871333
1751960814104,0.3849032,SteamVR Tracker (Waist),-0.578084,0.7619357,1.227143,-0.4974193,0.4938756,0.5018159,0.5067956
1751960814141,0.4209681,SteamVR Tracker (Right Foot),-0.3242979,0.06963849,0.4819027,-0.50363,-0.06747162,-0.07965825,0.8575891
1751960814141,0.4209681,SteamVR Tracker (Left Foot),-0.5381132,-0.00706768,0.4846776,-0.5597059,-0.2335025,-0.1141107,0.786883
1751960814141,0.4209681,SteamVR Tracker (Waist),-0.5780879,0.7619265,1.227058,-0.4974775,0.4938878,0.5017663,0.5067758
1751960814172,0.4535076,SteamVR Tracker (Right Foot),-0.3244118,0.06957126,0.4816882,-0.5041211,-0.06747288,-0.07963799,0.8573022
1751960814172,0.4535076,SteamVR Tracker (Left Foot),-0.5382001,-0.00703907,0.4844828,-0.5600765,-0.2333764,-0.1142427,0.7866373
1751960814172,0.4535076,SteamVR Tracker (Waist),-0.578203,0.7619984,1.226967,-0.4974891,0.4938734,0.501705,0.5068391
1751960814208,0.4866801,SteamVR Tracker (Right Foot),-0.3243345,0.0695951,0.4816604,-0.5045998,-0.06752826,-0.07961595,0.8570182
1751960814208,0.4866801,SteamVR Tracker (Left Foot),-0.5380166,-0.007081032,0.4844314,-0.5603974,-0.2331516,-0.1144544,0.7864447
1751960814208,0.4866801,SteamVR Tracker (Waist),-0.577987,0.7612103,1.226962,-0.4975174,0.4937931,0.5016989,0.5068955
1751960814270,0.5476228,SteamVR Tracker (Right Foot),-0.3243692,0.06952095,0.4816694,-0.5050411,-0.0675552,-0.07950351,0.8567666
1751960814270,0.5476228,SteamVR Tracker (Left Foot),-0.537962,-0.007103682,0.484448,-0.5607874,-0.232977,-0.1146033,0.7861968
1751960814270,0.5476228,SteamVR Tracker (Waist),-0.5780456,0.7613012,1.227009,-0.497594,0.4937329,0.5018516,0.5067278
1751960814285,0.5656132,SteamVR Tracker (Right Foot),-0.3243809,0.06956625,0.4816821,-0.5054455,-0.06766859,-0.07946164,0.856523
1751960814285,0.5656132,SteamVR Tracker (Left Foot),-0.5380512,-0.007118464,0.4844988,-0.5612381,-0.2327675,-0.1147967,0.785909
1751960814285,0.5656132,SteamVR Tracker (Waist),-0.5780571,0.7612653,1.227055,-0.4975662,0.4937423,0.5018322,0.5067652
1751960814321,0.6002052,SteamVR Tracker (Right Foot),-0.3243036,0.06966305,0.4817302,-0.5055808,-0.06767477,-0.07953041,0.8564364
1751960814322,0.6002052,SteamVR Tracker (Left Foot),-0.5379492,-0.006932259,0.4844185,-0.5615472,-0.2325868,-0.1147672,0.785746
1751960814322,0.6002052,SteamVR Tracker (Waist),-0.5780015,0.7614917,1.226924,-0.4975365,0.4937986,0.5018877,0.5066845
1751960814351,0.6319256,SteamVR Tracker (Right Foot),-0.3242837,0.06958747,0.4816491,-0.5057308,-0.06765267,-0.07955237,0.8563474
1751960814351,0.6319256,SteamVR Tracker (Left Foot),-0.537943,-0.006935596,0.4843405,-0.5617616,-0.2325437,-0.1148443,0.7855942
1751960814351,0.6319256,SteamVR Tracker (Waist),-0.5780725,0.7617686,1.226939,-0.4975064,0.4938401,0.5018621,0.5066989
1751960814387,0.6677443,SteamVR Tracker (Right Foot),-0.3242073,0.06957579,0.4814636,-0.5059918,-0.06778307,-0.07945792,0.8561917
1751960814387,0.6677443,SteamVR Tracker (Left Foot),-0.5382451,-0.006992817,0.4843319,-0.5619524,-0.2324348,-0.1146637,0.7855163
1751960814387,0.6677443,SteamVR Tracker (Waist),-0.5782558,0.7618333,1.226993,-0.4973833,0.4939445,0.501945,0.5066358
1751960814448,0.72737,SteamVR Tracker (Right Foot),-0.3242353,0.06949735,0.4814038,-0.5059358,-0.06776123,-0.07950216,0.8562224
1751960814449,0.72737,SteamVR Tracker (Left Foot),-0.5380399,-0.006918669,0.4842377,-0.5619646,-0.2324605,-0.1146437,0.7855029
1751960814449,0.72737,SteamVR Tracker (Waist),-0.5780959,0.7619019,1.22683,-0.4974957,0.4938491,0.5017963,0.5067658
1751960814464,0.7467381,SteamVR Tracker (Right Foot),-0.3242012,0.06946015,0.4814482,-0.5059459,-0.06781571,-0.07943812,0.8562182
1751960814465,0.7467381,SteamVR Tracker (Left Foot),-0.5382451,-0.006982327,0.4842917,-0.5617015,-0.2325485,-0.1144179,0.7856979
1751960814465,0.7467381,SteamVR Tracker (Waist),-0.5780882,0.761921,1.226804,-0.4975924,0.4938587,0.5017171,0.50674
1751960814501,0.7809439,SteamVR Tracker (Right Foot),-0.3242075,0.0695641,0.4815769,-0.5057103,-0.06785978,-0.07941356,0.856356
1751960814501,0.7809439,SteamVR Tracker (Left Foot),-0.5381728,-0.007040501,0.4844171,-0.5616437,-0.2325712,-0.1145022,0.7857202
1751960814501,0.7809439,SteamVR Tracker (Waist),-0.5783396,0.7622736,1.226942,-0.4975037,0.4939055,0.5017061,0.5067923
1751960814532,0.812759,SteamVR Tracker (Right Foot),-0.3242231,0.06974959,0.4817023,-0.5051528,-0.06764121,-0.07918124,0.8567238
1751960814532,0.812759,SteamVR Tracker (Left Foot),-0.5382588,-0.00714469,0.4844317,-0.5615504,-0.2327957,-0.1144876,0.7857225
1751960814532,0.812759,SteamVR Tracker (Waist),-0.5780836,0.7618117,1.227011,-0.4975217,0.4939119,0.5019028,0.5065736
1751960814566,0.8476493,SteamVR Tracker (Right Foot),-0.3243268,0.06982684,0.4817268,-0.5040169,-0.06725378,-0.07803969,0.8575277
1751960814567,0.8476493,SteamVR Tracker (Left Foot),-0.5382751,-0.007257462,0.4844418,-0.5615039,-0.2334853,-0.114196,0.7855936
1751960814567,0.8476493,SteamVR Tracker (Waist),-0.5781024,0.7617508,1.227081,-0.497399,0.4940103,0.5019947,0.506507
1751960814624,0.9028087,SteamVR Tracker (Right Foot),-0.3243111,0.06992841,0.482112,-0.5025772,-0.06357571,-0.07390479,0.8590183
1751960814624,0.9028087,SteamVR Tracker (Left Foot),-0.5384983,-0.007300138,0.4843978,-0.5610614,-0.2336556,-0.1137152,0.7859288
1751960814624,0.9028087,SteamVR Tracker (Waist),-0.5780946,0.7619556,1.22692,-0.4974352,0.494022,0.5019417,0.5065128
1751960814639,0.9202113,SteamVR Tracker (Right Foot),-0.3236153,0.06978416,0.4831129,-0.5028928,-0.04767423,-0.06465555,0.8606077
1751960814639,0.9202113,SteamVR Tracker (Left Foot),-0.5386155,-0.007386208,0.4842585,-0.5612068,-0.2342717,-0.1131345,0.7857254
1751960814639,0.9202113,SteamVR Tracker (Waist),-0.5776006,0.760756,1.226971,-0.4975747,0.4940873,0.5015127,0.5067368
1751960814675,0.9549274,SteamVR Tracker (Right Foot),-0.3224262,0.06971502,0.4864716,-0.5036706,0.004818952,-0.03243135,0.8632734
1751960814675,0.9549274,SteamVR Tracker (Left Foot),-0.5386046,-0.007545948,0.4843196,-0.560943,-0.2341907,-0.113502,0.7858849
1751960814675,0.9549274,SteamVR Tracker (Waist),-0.5779296,0.7610897,1.226926,-0.4975839,0.4940491,0.5015129,0.5067648
1751960814705,0.9868497,SteamVR Tracker (Right Foot),-0.321724,0.06964827,0.4888826,-0.5057241,0.05206749,-0.000800894,0.8611223
1751960814705,0.9868497,SteamVR Tracker (Left Foot),-0.5388886,-0.00758338,0.4842653,-0.5607086,-0.2343799,-0.1126528,0.7861179
1751960814705,0.9868497,SteamVR Tracker (Waist),-0.5773319,0.7593298,1.227047,-0.4977435,0.4941533,0.5009915,0.5070223
1751960814742,1.022331,SteamVR Tracker (Right Foot),-0.3222104,0.06964374,0.4898368,-0.5085552,0.07730665,0.02068922,0.8573023
1751960814742,1.022331,SteamVR Tracker (Left Foot),-0.5389234,-0.007332325,0.4844574,-0.5602141,-0.2344291,-0.1120128,0.7865471
1751960814742,1.022331,SteamVR Tracker (Waist),-0.5777276,0.7601222,1.227227,-0.4976836,0.4941263,0.5011728,0.5069281
1751960814787,1.068837,SteamVR Tracker (Right Foot),-0.3218879,0.0697155,0.4885544,-0.5106933,0.0575144,0.007876096,0.857801
1751960814787,1.068837,SteamVR Tracker (Left Foot),-0.5388284,-0.007317066,0.4845205,-0.5600254,-0.2341851,-0.1123147,0.7867111
1751960814787,1.068837,SteamVR Tracker (Waist),-0.5780089,0.7612128,1.227254,-0.49751,0.494153,0.5012797,0.5069668
1751960814801,1.084027,SteamVR Tracker (Right Foot),-0.3206647,0.06972027,0.4880679,-0.5119697,0.05067929,1.55125E-05,0.8575072
1751960814801,1.084027,SteamVR Tracker (Left Foot),-0.5387021,-0.00731039,0.4845622,-0.5599837,-0.2339771,-0.1126567,0.7867538
1751960814801,1.084027,SteamVR Tracker (Waist),-0.5780742,0.761776,1.227279,-0.4973668,0.4940377,0.501499,0.5070028
1751960814835,1.117725,SteamVR Tracker (Right Foot),-0.3208008,0.06972599,0.4880008,-0.5116581,0.05106482,-0.002985036,0.8576651
1751960814835,1.117725,SteamVR Tracker (Left Foot),-0.5385907,-0.007162571,0.4845534,-0.5601732,-0.2339195,-0.1129376,0.7865957
1751960814835,1.117725,SteamVR Tracker (Waist),-0.5779004,0.7612747,1.227052,-0.4973316,0.4940725,0.5015757,0.5069277
1751960814869,1.150585,SteamVR Tracker (Right Foot),-0.3214897,0.06973934,0.4878482,-0.5135199,0.05024302,-0.0002384186,0.8566055
1751960814869,1.150585,SteamVR Tracker (Left Foot),-0.5383657,-0.007177114,0.4845344,-0.5603654,-0.2334094,-0.1136368,0.7865096
1751960814869,1.150585,SteamVR Tracker (Waist),-0.5778996,0.7611421,1.227031,-0.49733,0.4941041,0.5016257,0.5068489
1751960814904,1.183833,SteamVR Tracker (Right Foot),-0.3219329,0.06957173,0.4874471,-0.5164617,0.05022861,0.001400369,0.8548347
1751960814904,1.183833,SteamVR Tracker (Left Foot),-0.5382724,-0.007225275,0.484479,-0.5607523,-0.2327079,-0.1145508,0.7863091
1751960814904,1.183833,SteamVR Tracker (Waist),-0.5778672,0.7611464,1.227044,-0.4973407,0.4940841,0.5015839,0.5068991
1751960814955,1.23685,SteamVR Tracker (Right Foot),-0.3217317,0.06943655,0.4871762,-0.5182566,0.05002268,-0.0002193377,0.853761
1751960814955,1.23685,SteamVR Tracker (Left Foot),-0.537918,-0.00705266,0.4845678,-0.5605634,-0.2326178,-0.1157526,0.7862945
1751960814955,1.23685,SteamVR Tracker (Waist),-0.5779192,0.7611076,1.227035,-0.497308,0.4940828,0.5017258,0.5067921
1751960814966,1.248421,SteamVR Tracker (Right Foot),-0.3216946,0.0693171,0.4870253,-0.5197164,0.04978079,-0.0005208813,0.8528872
1751960814966,1.248421,SteamVR Tracker (Left Foot),-0.5377266,-0.006853342,0.4845836,-0.559616,-0.2318242,-0.1169443,0.787027
1751960814966,1.248421,SteamVR Tracker (Waist),-0.5778934,0.761097,1.227004,-0.4973811,0.4939271,0.5017862,0.5068125
1751960815001,1.282992,SteamVR Tracker (Right Foot),-0.3219784,0.06900311,0.4866346,-0.523108,0.04962583,0.0004832747,0.8508203
1751960815001,1.282992,SteamVR Tracker (Left Foot),-0.5367076,-0.006160975,0.4858475,-0.5492307,-0.232915,-0.1181672,0.7938091
1751960815001,1.282992,SteamVR Tracker (Waist),-0.5779345,0.7611219,1.227036,-0.4973484,0.4939817,0.5017779,0.5067994
1751960815035,1.316908,SteamVR Tracker (Right Foot),-0.3221498,0.06893492,0.4864004,-0.524541,0.04935804,0.001207081,0.8499525
1751960815036,1.316908,SteamVR Tracker (Left Foot),-0.5341095,-0.004498243,0.4879979,-0.539695,-0.2269248,-0.1275572,0.8006021
1751960815036,1.316908,SteamVR Tracker (Waist),-0.5779023,0.7610571,1.226961,-0.4973467,0.4941581,0.5016907,0.5067155
1751960815072,1.350989,SteamVR Tracker (Right Foot),-0.3221461,0.06891918,0.4864118,-0.5252383,0.04886542,0.001964329,0.8495488
1751960815072,1.350989,SteamVR Tracker (Left Foot),-0.5208315,-0.002281666,0.5062646,-0.5751732,-0.1879935,-0.0901389,0.7910178
1751960815072,1.350989,SteamVR Tracker (Waist),-0.5779512,0.761176,1.227118,-0.4974464,0.4939229,0.5016557,0.5068814
1751960815117,1.398697,SteamVR Tracker (Right Foot),-0.3221193,0.06882763,0.4862825,-0.5240366,0.04878091,0.001945847,0.8502954
1751960815117,1.398697,SteamVR Tracker (Left Foot),-0.4871654,-0.001484156,0.5398061,-0.5793733,-0.08692689,0.01578511,0.8102599
1751960815117,1.398697,SteamVR Tracker (Waist),-0.5780302,0.7613257,1.2271,-0.4972908,0.4941363,0.5017241,0.5067585
1751960815132,1.414701,SteamVR Tracker (Right Foot),-0.3221517,0.0689559,0.4862176,-0.5234522,0.04896368,0.001820522,0.8506451
1751960815132,1.414701,SteamVR Tracker (Left Foot),-0.4646053,-1.621246E-05,0.5564787,-0.5691628,-0.01212092,0.07240944,0.8189406
1751960815132,1.414701,SteamVR Tracker (Waist),-0.5780345,0.7614329,1.227061,-0.4973101,0.4941037,0.5017874,0.5067087
1751960815166,1.447799,SteamVR Tracker (Right Foot),-0.3219834,0.06879258,0.486414,-0.5227373,0.04908625,0.002017176,0.8510771
1751960815166,1.447799,SteamVR Tracker (Left Foot),-0.4569835,-0.004150867,0.5572037,-0.5596922,0.01327684,0.05793999,0.826566
1751960815166,1.447799,SteamVR Tracker (Waist),-0.5780245,0.7617056,1.227045,-0.4971948,0.4941825,0.5017638,0.5067683
1751960815204,1.48432,SteamVR Tracker (Right Foot),-0.3220742,0.06902933,0.4867389,-0.5222762,0.04911868,0.002939889,0.8513556
1751960815204,1.48432,SteamVR Tracker (Left Foot),-0.4758148,-0.00592494,0.5468141,-0.5646025,-0.05858956,0.01146085,0.8232011
1751960815204,1.48432,SteamVR Tracker (Waist),-0.5780342,0.7619594,1.22707,-0.4972087,0.4941469,0.5018489,0.5067052
1751960815234,1.51662,SteamVR Tracker (Right Foot),-0.3223349,0.06917429,0.4867126,-0.5214523,0.04908274,0.003867289,0.8518588
1751960815235,1.51662,SteamVR Tracker (Left Foot),-0.4725724,-0.005588293,0.5475963,-0.5752078,-0.05183129,0.02382669,0.8160158
1751960815235,1.51662,SteamVR Tracker (Waist),-0.5780778,0.7618283,1.226881,-0.4972458,0.4942406,0.5017795,0.506646
1751960815289,1.570175,SteamVR Tracker (Right Foot),-0.3225459,0.06914258,0.4868457,-0.5211428,0.04885097,0.005018644,0.8520555
1751960815289,1.570175,SteamVR Tracker (Left Foot),-0.4734747,-0.00506568,0.5460542,-0.5787553,-0.0502256,0.02328204,0.8136201
1751960815289,1.570175,SteamVR Tracker (Waist),-0.5781387,0.7623019,1.226926,-0.4972086,0.4942338,0.5017859,0.5066828
1751960815298,1.581095,SteamVR Tracker (Right Foot),-0.3227704,0.06923842,0.48695,-0.5206005,0.04895931,0.005952219,0.8523747
1751960815298,1.581095,SteamVR Tracker (Left Foot),-0.4729498,-0.005025625,0.5463085,-0.578458,-0.04964578,0.02379879,0.8138521
1751960815298,1.581095,SteamVR Tracker (Waist),-0.5780939,0.7623974,1.226907,-0.4971857,0.4942503,0.5017446,0.5067301
1751960815333,1.615555,SteamVR Tracker (Right Foot),-0.3229194,0.06938291,0.4871431,-0.5202205,0.04846209,0.007295343,0.8526248
1751960815333,1.615555,SteamVR Tracker (Left Foot),-0.4743142,-0.005141497,0.5453065,-0.5799959,-0.050124,0.02422727,0.8127148
1751960815333,1.615555,SteamVR Tracker (Waist),-0.5781476,0.7622323,1.226995,-0.4973122,0.4940359,0.5016996,0.5068597
1751960815367,1.648178,SteamVR Tracker (Right Foot),-0.3233584,0.06940746,0.4871905,-0.5198766,0.04806948,0.008707207,0.8528434
1751960815367,1.648178,SteamVR Tracker (Left Foot),-0.4748643,-0.005228043,0.5450843,-0.5805398,-0.05058766,0.02444494,0.8122911
1751960815367,1.648178,SteamVR Tracker (Waist),-0.5781296,0.7618694,1.226935,-0.4973131,0.494062,0.5016715,0.5068611
1751960815404,1.683246,SteamVR Tracker (Right Foot),-0.3233389,0.06938672,0.4871646,-0.5200499,0.04778268,0.009282471,0.8527478
1751960815404,1.683246,SteamVR Tracker (Left Foot),-0.4751199,-0.005348921,0.545154,-0.5796328,-0.05064723,0.02411019,0.8129448
1751960815404,1.683246,SteamVR Tracker (Waist),-0.5782461,0.762051,1.227058,-0.4972553,0.4940439,0.5017571,0.5068508
1751960815449,1.730763,SteamVR Tracker (Right Foot),-0.3234296,0.06945777,0.4870951,-0.5202513,0.04764318,0.009094002,0.8526347
1751960815449,1.730763,SteamVR Tracker (Left Foot),-0.475211,-0.005240917,0.5453187,-0.5798602,-0.05054039,0.02462484,0.8127739
1751960815449,1.730763,SteamVR Tracker (Waist),-0.5779926,0.7616295,1.22696,-0.4973543,0.4940852,0.5016065,0.5068624
1751960815465,1.747608,SteamVR Tracker (Right Foot),-0.3234424,0.06939316,0.4870824,-0.5203876,0.04750127,0.009273562,0.8525575
1751960815465,1.747608,SteamVR Tracker (Left Foot),-0.4752413,-0.00529027,0.5454286,-0.579722,-0.05049983,0.02459468,0.8128759
1751960815465,1.747608,SteamVR Tracker (Waist),-0.5779358,0.7616017,1.226959,-0.4973053,0.4941395,0.5015333,0.5069299
1751960815503,1.78251,SteamVR Tracker (Right Foot),-0.3234858,0.06955481,0.4869316,-0.5206752,0.0473459,0.009927387,0.8523832
1751960815503,1.78251,SteamVR Tracker (Left Foot),-0.4748801,-0.005337954,0.5451819,-0.5803114,-0.05027381,0.02370712,0.8124956
1751960815503,1.78251,SteamVR Tracker (Waist),-0.5780679,0.7615566,1.226982,-0.4973713,0.4940236,0.5015132,0.5069981
1751960815533,1.815196,SteamVR Tracker (Right Foot),-0.323428,0.06951189,0.4870803,-0.5210707,0.0472215,0.01004583,0.852147
1751960815533,1.815196,SteamVR Tracker (Left Foot),-0.4748963,-0.005313396,0.5452372,-0.5806064,-0.05017861,0.02320941,0.8123052
1751960815533,1.815196,SteamVR Tracker (Waist),-0.5780535,0.7617756,1.22699,-0.4974259,0.4939541,0.5015957,0.5069305
1751960815570,1.849813,SteamVR Tracker (Right Foot),-0.3232542,0.06952095,0.4868473,-0.5215914,0.04709915,0.01000384,0.8518357
1751960815570,1.849813,SteamVR Tracker (Left Foot),-0.4749188,-0.005235434,0.545199,-0.5811034,-0.04980237,0.02346809,0.8119653
1751960815570,1.849813,SteamVR Tracker (Waist),-0.5780188,0.7617702,1.227042,-0.4975047,0.4939007,0.501619,0.5068821
1751960815624,1.905784,SteamVR Tracker (Right Foot),-0.3232068,0.06962299,0.4867302,-0.5217987,0.04731197,0.01021676,0.8516944
1751960815624,1.905784,SteamVR Tracker (Left Foot),-0.4748598,-0.005243301,0.5451543,-0.5805728,-0.04969234,0.02330039,0.8123565
1751960815624,1.905784,SteamVR Tracker (Waist),-0.5780048,0.7613288,1.226965,-0.4974536,0.4940847,0.5015646,0.5068068
1751960815632,1.916197,SteamVR Tracker (Right Foot),-0.3232934,0.06976962,0.4867364,-0.5219923,0.04798926,0.009821334,0.8515425
1751960815632,1.916197,SteamVR Tracker (Left Foot),-0.4748358,-0.005236149,0.5451282,-0.5804167,-0.04952167,0.02315858,0.8124825
1751960815632,1.916197,SteamVR Tracker (Waist),-0.5781671,0.7615398,1.226906,-0.497487,0.4940229,0.5015662,0.5068328
1751960815670,1.951187,SteamVR Tracker (Right Foot),-0.3233482,0.06968474,0.4867991,-0.5220038,0.04745466,0.01036759,0.8515589
1751960815670,1.951187,SteamVR Tracker (Left Foot),-0.4749966,-0.005252838,0.5452011,-0.5804411,-0.04942611,0.02298488,0.8124759
1751960815670,1.951187,SteamVR Tracker (Waist),-0.5782373,0.7619517,1.226875,-0.4974565,0.4940033,0.5015079,0.5069395
1751960815706,1.985546,SteamVR Tracker (Right Foot),-0.3231943,0.06975436,0.4867379,-0.5220703,0.04746865,0.01018038,0.8515197
1751960815706,1.985546,SteamVR Tracker (Left Foot),-0.4750282,-0.005106211,0.5452443,-0.5803508,-0.0492652,0.02304846,0.8125482
1751960815706,1.985546,SteamVR Tracker (Waist),-0.5779933,0.7614667,1.22694,-0.4973935,0.494052,0.5015216,0.5069403
1751960815735,2.017119,SteamVR Tracker (Right Foot),-0.3230586,0.06987691,0.4866114,-0.5221069,0.04764959,0.009870316,0.8514907
1751960815735,2.017119,SteamVR Tracker (Left Foot),-0.4748488,-0.005123377,0.5451512,-0.5805975,-0.04933532,0.02287305,0.8123727
1751960815735,2.017119,SteamVR Tracker (Waist),-0.5779182,0.7611792,1.227074,-0.4974142,0.4939093,0.5015705,0.5070108
1751960815788,2.069073,SteamVR Tracker (Right Foot),-0.3231961,0.06971073,0.4866779,-0.5220847,0.04742559,0.01020145,0.851513
1751960815788,2.069073,SteamVR Tracker (Left Foot),-0.4749588,-0.005339622,0.5451506,-0.5803544,-0.04920673,0.02264242,0.8125607
1751960815788,2.069073,SteamVR Tracker (Waist),-0.5779604,0.7612787,1.226979,-0.49743,0.4938871,0.5015986,0.5069889
1751960815800,2.082766,SteamVR Tracker (Right Foot),-0.3232065,0.06978893,0.4867082,-0.5220218,0.04742014,0.01048763,0.8515484
1751960815800,2.082766,SteamVR Tracker (Left Foot),-0.4749463,-0.005312443,0.5451111,-0.5804221,-0.04926088,0.02260441,0.8125101
1751960815800,2.082766,SteamVR Tracker (Waist),-0.5779344,0.7612771,1.226985,-0.497507,0.4937713,0.5016841,0.5069416
1751960815835,2.116855,SteamVR Tracker (Right Foot),-0.3232501,0.0698328,0.4867368,-0.5216171,0.0473957,0.0105546,0.8517969
1751960815836,2.116855,SteamVR Tracker (Left Foot),-0.4748982,-0.005282402,0.5453207,-0.5800051,-0.04944169,0.02254548,0.8127984
1751960815836,2.116855,SteamVR Tracker (Waist),-0.5779294,0.7613488,1.227005,-0.4974158,0.4939016,0.5016252,0.5069625
1751960815871,2.151798,SteamVR Tracker (Right Foot),-0.3231773,0.06978893,0.4867826,-0.5214995,0.04748694,0.01050873,0.8518643
1751960815871,2.151798,SteamVR Tracker (Left Foot),-0.474727,-0.005409241,0.5453085,-0.5797243,-0.0495085,0.02257579,0.8129939
1751960815871,2.151798,SteamVR Tracker (Waist),-0.5780472,0.7616227,1.227087,-0.4973013,0.4939432,0.5016837,0.5069764
1751960815905,2.18545,SteamVR Tracker (Right Foot),-0.323171,0.06964445,0.4868141,-0.5208423,0.04752683,0.01053168,0.8522639
1751960815905,2.18545,SteamVR Tracker (Left Foot),-0.4747842,-0.005494833,0.5453816,-0.5787526,-0.04945813,0.02260463,0.8136881
1751960815905,2.18545,SteamVR Tracker (Waist),-0.5782152,0.762091,1.226966,-0.4974232,0.4938522,0.5017127,0.5069168
1751960815956,2.239014,SteamVR Tracker (Right Foot),-0.3233008,0.06977701,0.4868444,-0.5211064,0.04742391,0.01074549,0.8521054
1751960815956,2.239014,SteamVR Tracker (Left Foot),-0.4749524,-0.005555391,0.5455506,-0.578527,-0.04963871,0.02277172,0.8138329
1751960815956,2.239014,SteamVR Tracker (Waist),-0.5782311,0.7621673,1.226906,-0.4973841,0.4938932,0.5017637,0.5068647
1751960815966,2.248683,SteamVR Tracker (Right Foot),-0.3233334,0.06979513,0.4868899,-0.5211388,0.04733712,0.01087919,0.8520887
1751960815966,2.248683,SteamVR Tracker (Left Foot),-0.4749829,-0.00572443,0.5456658,-0.5779179,-0.04974518,0.02304051,0.8142515
1751960815966,2.248683,SteamVR Tracker (Waist),-0.5781982,0.7622093,1.226933,-0.4973541,0.493905,0.5017162,0.5069296
1751960816000,2.283136,SteamVR Tracker (Right Foot),-0.3233155,0.06986284,0.4869468,-0.520802,0.04731239,0.01085571,0.8522964
1751960816000,2.283136,SteamVR Tracker (Left Foot),-0.4748204,-0.005767107,0.54576,-0.577485,-0.04978565,0.0231956,0.8145517
1751960816000,2.283136,SteamVR Tracker (Waist),-0.5778831,0.7612225,1.22696,-0.4973821,0.493887,0.5017492,0.5068871
1751960816037,2.31832,SteamVR Tracker (Right Foot),-0.3232853,0.06997824,0.486874,-0.5208478,0.04739042,0.0107997,0.8522647
1751960816038,2.31832,SteamVR Tracker (Left Foot),-0.4747311,-0.005653143,0.5456334,-0.5773579,-0.04973282,0.02319255,0.8146451
1751960816038,2.31832,SteamVR Tracker (Waist),-0.577745,0.7612118,1.227067,-0.4973652,0.4938741,0.5016921,0.5069727
1751960816069,2.35174,SteamVR Tracker (Right Foot),-0.3234241,0.0698092,0.4866261,-0.5210199,0.04731666,0.01102189,0.8521608
1751960816069,2.35174,SteamVR Tracker (Left Foot),-0.4749081,-0.005693913,0.5455857,-0.577406,-0.04958455,0.02313738,0.8146216
1751960816071,2.35174,SteamVR Tracker (Waist),-0.5777669,0.7611957,1.226908,-0.4974341,0.4938519,0.5016861,0.5069326
1751960816118,2.399972,SteamVR Tracker (Right Foot),-0.3233446,0.06983519,0.4866068,-0.5209102,0.04730784,0.01086386,0.8522304
1751960816118,2.399972,SteamVR Tracker (Left Foot),-0.475014,-0.005794525,0.5456315,-0.5772811,-0.04951223,0.02319362,0.8147129
1751960816118,2.399972,SteamVR Tracker (Waist),-0.5780274,0.7619284,1.226926,-0.4973573,0.4938327,0.5017626,0.506951
1751960816132,2.415658,SteamVR Tracker (Right Foot),-0.3232116,0.06985378,0.4866945,-0.5210605,0.04742935,0.010901,0.8521312
1751960816132,2.415658,SteamVR Tracker (Left Foot),-0.4749448,-0.005815506,0.5455695,-0.5774792,-0.04952905,0.02300301,0.814577
1751960816133,2.415658,SteamVR Tracker (Waist),-0.5779462,0.7613996,1.226921,-0.4972887,0.4938301,0.5016081,0.5071737
1751960816168,2.450145,SteamVR Tracker (Right Foot),-0.3233505,0.06974649,0.4868948,-0.5214335,0.04731898,0.01115064,0.8519059
1751960816168,2.450145,SteamVR Tracker (Left Foot),-0.474854,-0.005841017,0.545742,-0.57785,-0.04925111,0.02299406,0.814331
1751960816168,2.450145,SteamVR Tracker (Waist),-0.5778333,0.7614646,1.226871,-0.4972446,0.4939618,0.5016335,0.5070635
1751960816204,2.48454,SteamVR Tracker (Right Foot),-0.3233222,0.0699532,0.4870632,-0.520897,0.04716713,0.01109831,0.8522432
1751960816204,2.48454,SteamVR Tracker (Left Foot),-0.4748766,-0.00559473,0.5458774,-0.5773444,-0.04933115,0.02292628,0.8146867
1751960816204,2.48454,SteamVR Tracker (Waist),-0.5776913,0.7615012,1.226862,-0.497299,0.4938065,0.5016572,0.5071379
1751960816234,2.516785,SteamVR Tracker (Right Foot),-0.3233624,0.06984258,0.4870281,-0.5208068,0.04718789,0.01109275,0.8522972
1751960816234,2.516785,SteamVR Tracker (Left Foot),-0.4748479,-0.00576663,0.5457224,-0.5774282,-0.04938719,0.02285045,0.814626
1751960816234,2.516785,SteamVR Tracker (Waist),-0.578011,0.7620293,1.226889,-0.4973051,0.4936907,0.5016005,0.5073009
1751960816289,2.570434,SteamVR Tracker (Right Foot),-0.3231907,0.06980705,0.4866024,-0.5211487,0.0473503,0.01113855,0.8520786
1751960816289,2.570434,SteamVR Tracker (Left Foot),-0.4747901,-0.005938053,0.5455682,-0.5777655,-0.04930893,0.022471,0.814402
1751960816289,2.570434,SteamVR Tracker (Waist),-0.5778748,0.7615438,1.22687,-0.4974887,0.4939153,0.5013323,0.5071673
1751960816300,2.58324,SteamVR Tracker (Right Foot),-0.323222,0.0697794,0.4867125,-0.5214077,0.04724191,0.011239,0.8519248
1751960816300,2.58324,SteamVR Tracker (Left Foot),-0.4746284,-0.006032705,0.5455286,-0.5778088,-0.04942346,0.02217844,0.8143724
1751960816300,2.58324,SteamVR Tracker (Waist),-0.5779474,0.76183,1.226833,-0.4974101,0.4939391,0.5013565,0.5071973
1751960816335,2.617513,SteamVR Tracker (Right Foot),-0.3229687,0.0699439,0.4867271,-0.5221768,0.04735657,0.01148149,0.8514439
1751960816336,2.617513,SteamVR Tracker (Left Foot),-0.4745013,-0.005981684,0.5456741,-0.5783603,-0.04938652,0.02158491,0.8139991
1751960816336,2.617513,SteamVR Tracker (Waist),-0.5778261,0.7617607,1.226964,-0.4974311,0.4940053,0.5013583,0.5071104
1751960816369,2.650438,SteamVR Tracker (Right Foot),-0.3232357,0.06988358,0.4863418,-0.5225856,0.04740294,0.01165993,0.8511882
1751960816369,2.650438,SteamVR Tracker (Left Foot),-0.4748429,-0.005916119,0.5455196,-0.5784823,-0.04917098,0.0218867,0.8139173
1751960816369,2.650438,SteamVR Tracker (Waist),-0.5779282,0.7613082,1.226847,-0.4975954,0.4939781,0.5011388,0.5071926
1751960816403,2.684283,SteamVR Tracker (Right Foot),-0.3232593,0.06993794,0.4866448,-0.5219603,0.04727148,0.01177876,0.8515774
1751960816403,2.684283,SteamVR Tracker (Left Foot),-0.474662,-0.005833626,0.5457413,-0.5782614,-0.04912157,0.02200536,0.8140742
1751960816403,2.684283,SteamVR Tracker (Waist),-0.5779526,0.7617429,1.227012,-0.497584,0.4939714,0.5012493,0.5071012
1751960816452,2.733643,SteamVR Tracker (Right Foot),-0.3232985,0.06993198,0.4866919,-0.5215444,0.04740308,0.01173631,0.8518255
1751960816452,2.733643,SteamVR Tracker (Left Foot),-0.4747684,-0.005869865,0.545698,-0.577792,-0.04919463,0.02205808,0.8144016
1751960816452,2.733643,SteamVR Tracker (Waist),-0.577901,0.7618358,1.226933,-0.4976693,0.4939444,0.5012691,0.5070242
1751960816463,2.745916,SteamVR Tracker (Right Foot),-0.3233206,0.06989813,0.48672,-0.521467,0.0472593,0.011765,0.8518805
1751960816463,2.745916,SteamVR Tracker (Left Foot),-0.4748147,-0.005933523,0.5457783,-0.5775983,-0.04933308,0.02210915,0.8145291
1751960816463,2.745916,SteamVR Tracker (Waist),-0.5778832,0.7618892,1.226933,-0.497568,0.4939713,0.5013496,0.5070179
1751960816494,2.7769,SteamVR Tracker (Right Foot),-0.3232858,0.06995273,0.4867241,-0.5214819,0.0474258,0.0119273,0.8518599
1751960816494,2.7769,SteamVR Tracker (Left Foot),-0.4747441,-0.005912066,0.5457192,-0.577554,-0.04927,0.02242188,0.8145557
1751960816494,2.7769,SteamVR Tracker (Waist),-0.577885,0.7615383,1.226773,-0.4977728,0.4939661,0.5012519,0.5069185
1751960816527,2.809127,SteamVR Tracker (Right Foot),-0.3231491,0.07002616,0.4865745,-0.5213752,0.04737059,0.0118498,0.8519294
1751960816527,2.809127,SteamVR Tracker (Left Foot),-0.474834,-0.006025314,0.5455975,-0.577686,-0.04919893,0.02258977,0.8144619
1751960816527,2.809127,SteamVR Tracker (Waist),-0.5779291,0.7618645,1.226845,-0.4979247,0.4939339,0.5012968,0.5067562
1751960816555,2.83861,SteamVR Tracker (Right Foot),-0.3232062,0.07005572,0.4867677,-0.521478,0.04744104,0.01195847,0.851861
1751960816555,2.83861,SteamVR Tracker (Left Foot),-0.4747727,-0.005987883,0.5457203,-0.5776737,-0.04925425,0.0227056,0.814464
1751960816555,2.83861,SteamVR Tracker (Waist),-0.5779543,0.7619416,1.22694,-0.4979575,0.4938479,0.5014304,0.5066756
1751960816596,2.879278,SteamVR Tracker (Right Foot),-0.3232847,0.07009864,0.4868386,-0.5212807,0.04738661,0.01228284,0.8519801
1751960816596,2.879278,SteamVR Tracker (Left Foot),-0.4748726,-0.005781651,0.5457972,-0.5774264,-0.04929863,0.02286422,0.8146323
1751960816596,2.879278,SteamVR Tracker (Waist),-0.577885,0.7617193,1.226947,-0.4978499,0.4938377,0.5015159,0.5067067
1751960816615,2.898066,SteamVR Tracker (Right Foot),-0.3233715,0.0700767,0.486875,-0.5211377,0.04731134,0.01235559,0.8520707
1751960816615,2.898066,SteamVR Tracker (Left Foot),-0.4748084,-0.005867243,0.5457096,-0.5770077,-0.04936548,0.02295234,0.8149223
1751960816615,2.898066,SteamVR Tracker (Waist),-0.5779363,0.7617965,1.226957,-0.4977615,0.4939264,0.5014896,0.5067331
1751960816644,2.926546,SteamVR Tracker (Right Foot),-0.3232438,0.0699079,0.4866849,-0.5205787,0.04738547,0.01250487,0.852406
1751960816644,2.926546,SteamVR Tracker (Left Foot),-0.4746935,-0.005841017,0.5457984,-0.5764416,-0.04961403,0.02309501,0.8153037
1751960816644,2.926546,SteamVR Tracker (Waist),-0.5781592,0.7622501,1.22678,-0.4977025,0.4938243,0.5016798,0.5067023
1751960816678,2.960172,SteamVR Tracker (Right Foot),-0.3231543,0.06990027,0.4867594,-0.5204415,0.04747444,0.01227138,0.8524883
1751960816678,2.960172,SteamVR Tracker (Left Foot),-0.4747356,-0.005886793,0.5457745,-0.576308,-0.04967581,0.02307966,0.8153948
1751960816678,2.960172,SteamVR Tracker (Waist),-0.5779009,0.7619736,1.226821,-0.4976276,0.4938599,0.5017802,0.5066419
1751960816712,2.994281,SteamVR Tracker (Right Foot),-0.3232884,0.06994128,0.4869075,-0.5201578,0.04756042,0.01246387,0.8526539
1751960816712,2.994281,SteamVR Tracker (Left Foot),-0.4747441,-0.005844831,0.545925,-0.5759569,-0.04968507,0.0229615,0.8156457
1751960816712,2.994281,SteamVR Tracker (Waist),-0.5778021,0.7615229,1.226866,-0.4976425,0.4939173,0.5016754,0.506675
1751960816772,3.052783,SteamVR Tracker (Right Foot),-0.3232476,0.07001805,0.4868889,-0.5199743,0.04763199,0.01237956,0.852763
1751960816772,3.052783,SteamVR Tracker (Left Foot),-0.4749271,-0.005920172,0.5458476,-0.5761738,-0.04981948,0.02305875,0.8154815
1751960816772,3.052783,SteamVR Tracker (Waist),-0.5778514,0.761312,1.226927,-0.4978165,0.4939194,0.5017809,0.5063975
1751960816787,3.068399,SteamVR Tracker (Right Foot),-0.3232965,0.06994319,0.4868786,-0.5198468,0.04773827,0.01259939,0.8528315
1751960816787,3.068399,SteamVR Tracker (Left Foot),-0.4748843,-0.005966663,0.545867,-0.575856,-0.04984535,0.02297408,0.8157068
1751960816787,3.068399,SteamVR Tracker (Waist),-0.5778135,0.7612355,1.226881,-0.4977746,0.4939128,0.5017761,0.5064498
1751960816817,3.099015,SteamVR Tracker (Right Foot),-0.3233145,0.06986427,0.4868284,-0.519792,0.04767029,0.01256842,0.8528692
1751960816818,3.099015,SteamVR Tracker (Left Foot),-0.4747968,-0.005925417,0.5459121,-0.5758447,-0.04992048,0.02287093,0.8157131
1751960816818,3.099015,SteamVR Tracker (Waist),-0.5778497,0.7611841,1.227017,-0.4977552,0.4938156,0.5017169,0.5066223
1751960816853,3.133217,SteamVR Tracker (Right Foot),-0.3234083,0.06983662,0.4869612,-0.5196101,0.04761146,0.01263851,0.8529823
1751960816853,3.133217,SteamVR Tracker (Left Foot),-0.4747247,-0.005984306,0.5459662,-0.5758619,-0.05016581,0.02251998,0.8156956
1751960816853,3.133217,SteamVR Tracker (Waist),-0.5778418,0.7610762,1.226808,-0.4977536,0.494028,0.5016155,0.5065172
1751960816886,3.166327,SteamVR Tracker (Right Foot),-0.3232287,0.06981421,0.4871511,-0.5195721,0.04781194,0.01262902,0.8529944
1751960816886,3.166327,SteamVR Tracker (Left Foot),-0.4745907,-0.00611186,0.5461418,-0.5758199,-0.05048517,0.02212145,0.8157165
1751960816886,3.166327,SteamVR Tracker (Waist),-0.5777087,0.7609286,1.227049,-0.497712,0.4940834,0.5016829,0.5064373
1751960816939,3.219991,SteamVR Tracker (Right Foot),-0.3232987,0.06977153,0.4870829,-0.5197328,0.04773831,0.0126547,0.8529003
1751960816939,3.219991,SteamVR Tracker (Left Foot),-0.4746329,-0.006187201,0.5460508,-0.5757335,-0.05054206,0.02185006,0.8157813
1751960816939,3.219991,SteamVR Tracker (Waist),-0.5777142,0.7606034,1.226956,-0.4975925,0.4942324,0.5016958,0.5063965
1751960816954,3.235619,SteamVR Tracker (Right Foot),-0.3233936,0.06976628,0.4870792,-0.5198106,0.04777146,0.01266657,0.8528508
1751960816954,3.235619,SteamVR Tracker (Left Foot),-0.474479,-0.006217003,0.5460487,-0.575641,-0.05054286,0.02167124,0.8158513
1751960816954,3.235619,SteamVR Tracker (Waist),-0.5776575,0.7602175,1.226963,-0.4976714,0.4942231,0.5017473,0.5062771
1751960816984,3.264558,SteamVR Tracker (Right Foot),-0.3232611,0.06978726,0.4869199,-0.5198126,0.04775571,0.01255007,0.8528522
1751960816984,3.264558,SteamVR Tracker (Left Foot),-0.4745211,-0.006238461,0.5461187,-0.5756268,-0.05070452,0.02158885,0.8158534
1751960816985,3.264558,SteamVR Tracker (Waist),-0.5777096,0.7603967,1.227085,-0.4976808,0.4941442,0.5015963,0.5064943
1751960817014,3.296107,SteamVR Tracker (Right Foot),-0.3232172,0.06981134,0.4869167,-0.519888,0.04775764,0.0125363,0.8528063
1751960817014,3.296107,SteamVR Tracker (Left Foot),-0.4744308,-0.006233215,0.5461509,-0.5758747,-0.0506193,0.02130819,0.8156911
1751960817015,3.296107,SteamVR Tracker (Waist),-0.5777847,0.7604893,1.227119,-0.49771,0.4941463,0.5016134,0.5064467
1751960817046,3.327001,SteamVR Tracker (Right Foot),-0.3232345,0.06982803,0.4868409,-0.5198982,0.04786992,0.01243898,0.8527952
1751960817046,3.327001,SteamVR Tracker (Left Foot),-0.4743859,-0.006221533,0.5460991,-0.5758101,-0.0504809,0.02125232,0.8157468
1751960817046,3.327001,SteamVR Tracker (Waist),-0.5777782,0.7605466,1.227021,-0.4976389,0.4942341,0.5015522,0.5064914
1751960817092,3.374327,SteamVR Tracker (Right Foot),-0.3232187,0.06972146,0.4869604,-0.5196143,0.04787578,0.01248994,0.8529671
1751960817092,3.374327,SteamVR Tracker (Left Foot),-0.4744776,-0.006292105,0.5461438,-0.5758027,-0.05047668,0.02145767,0.8157469
1751960817092,3.374327,SteamVR Tracker (Waist),-0.5778859,0.7611281,1.226956,-0.4976688,0.4941573,0.5015445,0.5065448
1751960817110,3.390899,SteamVR Tracker (Right Foot),-0.3233098,0.06967473,0.4869373,-0.5196251,0.04781332,0.01239973,0.8529654
1751960817110,3.390899,SteamVR Tracker (Left Foot),-0.4746427,-0.006328344,0.5461875,-0.5757154,-0.05043698,0.02144049,0.8158114
1751960817110,3.390899,SteamVR Tracker (Waist),-0.5778335,0.7610143,1.226826,-0.4978208,0.4941333,0.5015308,0.5064322
1751960817147,3.426698,SteamVR Tracker (Right Foot),-0.3233168,0.0696671,0.4869102,-0.5193753,0.04787486,0.01236664,0.8531145
1751960817147,3.426698,SteamVR Tracker (Left Foot),-0.4745521,-0.006380558,0.5460154,-0.5758862,-0.05046708,0.02135357,0.8156912
1751960817148,3.426698,SteamVR Tracker (Waist),-0.577865,0.7611237,1.226904,-0.4976087,0.4942298,0.5016428,0.5064357
1751960817180,3.460034,SteamVR Tracker (Right Foot),-0.323264,0.06967974,0.4868839,-0.5192991,0.04789376,0.01243657,0.8531588
1751960817181,3.460034,SteamVR Tracker (Left Foot),-0.47448,-0.006317854,0.5460264,-0.5755965,-0.05039675,0.02158549,0.815894
1751960817181,3.460034,SteamVR Tracker (Waist),-0.5777776,0.7611508,1.22695,-0.4977022,0.4941754,0.5015624,0.5064766
1751960817210,3.492841,SteamVR Tracker (Right Foot),-0.3232427,0.06960917,0.4870657,-0.5192091,0.04789092,0.01241975,0.853214
1751960817210,3.492841,SteamVR Tracker (Left Foot),-0.474614,-0.006405592,0.5461183,-0.5754771,-0.05034271,0.02177423,0.8159765
1751960817210,3.492841,SteamVR Tracker (Waist),-0.5777775,0.7607599,1.226956,-0.4976274,0.4941768,0.5015833,0.5065278
1751960817270,3.549146,SteamVR Tracker (Right Foot),-0.3232631,0.06970763,0.4869943,-0.5193889,0.04777656,0.01250215,0.8531098
1751960817270,3.549146,SteamVR Tracker (Left Foot),-0.4746509,-0.006376982,0.5461008,-0.575393,-0.05039581,0.02217053,0.8160219
1751960817270,3.549146,SteamVR Tracker (Waist),-0.5778435,0.761108,1.227065,-0.4976516,0.494044,0.5015979,0.5066193
1751960817286,3.568325,SteamVR Tracker (Right Foot),-0.323241,0.06970048,0.4870034,-0.5194166,0.04780081,0.01262395,0.8530897
1751960817287,3.568325,SteamVR Tracker (Left Foot),-0.4746293,-0.006366253,0.5461225,-0.5751171,-0.05030911,0.02238407,0.8162159
1751960817287,3.568325,SteamVR Tracker (Waist),-0.5777338,0.7609468,1.227097,-0.4975719,0.4940732,0.5015217,0.5067445
1751960817322,3.601928,SteamVR Tracker (Right Foot),-0.3231316,0.06965256,0.4869085,-0.5190305,0.04782518,0.0124255,0.8533263
1751960817322,3.601928,SteamVR Tracker (Left Foot),-0.4746964,-0.006435394,0.5459904,-0.5748481,-0.05059962,0.02253697,0.8163832
1751960817322,3.601928,SteamVR Tracker (Waist),-0.5777932,0.7611825,1.226994,-0.4976626,0.4940881,0.5015195,0.5066431
1751960817354,3.634972,SteamVR Tracker (Right Foot),-0.3233887,0.0697577,0.4870117,-0.5188877,0.04788027,0.01248886,0.8534091
1751960817354,3.634972,SteamVR Tracker (Left Foot),-0.4748166,-0.006641865,0.546093,-0.5743468,-0.05079545,0.02282164,0.8167159
1751960817354,3.634972,SteamVR Tracker (Waist),-0.5778235,0.7611949,1.226961,-0.4976325,0.494001,0.5015806,0.5066971
1751960817389,3.66919,SteamVR Tracker (Right Foot),-0.3234488,0.06987238,0.4870532,-0.5185791,0.0478365,0.01252219,0.8535986
1751960817389,3.66919,SteamVR Tracker (Left Foot),-0.4749551,-0.006609917,0.5460609,-0.5742243,-0.0509234,0.02284619,0.8167934
1751960817389,3.66919,SteamVR Tracker (Waist),-0.5778962,0.7613113,1.226864,-0.4977853,0.493962,0.5015625,0.5066029
1751960817447,3.726096,SteamVR Tracker (Right Foot),-0.3233113,0.06968069,0.487187,-0.51856,0.0480376,0.01233553,0.8536016
1751960817447,3.726096,SteamVR Tracker (Left Foot),-0.4748457,-0.006430864,0.5462205,-0.5744053,-0.05093047,0.02266553,0.8166706
1751960817447,3.726096,SteamVR Tracker (Waist),-0.5779933,0.7616479,1.226855,-0.4976581,0.4939824,0.5015844,0.5066863
1751960817461,3.742167,SteamVR Tracker (Right Foot),-0.323344,0.06975293,0.4871585,-0.5183032,0.04809245,0.01231694,0.8537549
1751960817461,3.742167,SteamVR Tracker (Left Foot),-0.4747412,-0.006447315,0.5461828,-0.5742167,-0.05091769,0.02247888,0.8168092
1751960817462,3.742167,SteamVR Tracker (Waist),-0.5779969,0.7617822,1.226804,-0.4976901,0.4939797,0.5015383,0.506703
1751960817494,3.774941,SteamVR Tracker (Right Foot),-0.3231827,0.06978154,0.4871352,-0.5183449,0.04809394,0.01216991,0.8537315
1751960817494,3.774941,SteamVR Tracker (Left Foot),-0.4746594,-0.006441355,0.5461336,-0.5742691,-0.05099391,0.02233367,0.8167716
1751960817494,3.774941,SteamVR Tracker (Waist),-0.5780317,0.7618147,1.226985,-0.4975384,0.4939295,0.5017251,0.506716
1751960817529,3.809074,SteamVR Tracker (Right Foot),-0.323088,0.06975436,0.4871455,-0.5185049,0.04810305,0.01223159,0.8536329
1751960817529,3.809074,SteamVR Tracker (Left Foot),-0.4746248,-0.006546259,0.5462045,-0.5743694,-0.05098962,0.02227493,0.816703
1751960817529,3.809074,SteamVR Tracker (Waist),-0.5779748,0.7617029,1.227001,-0.4975067,0.494002,0.5016649,0.5067362
1751960817560,3.84076,SteamVR Tracker (Right Foot),-0.3230781,0.06962442,0.4871201,-0.5184228,0.0480439,0.01210478,0.8536879
1751960817561,3.84076,SteamVR Tracker (Left Foot),-0.4745888,-0.006774902,0.5461233,-0.5746154,-0.05110706,0.02198745,0.8165303
1751960817561,3.84076,SteamVR Tracker (Waist),-0.5778855,0.7615786,1.226996,-0.4975174,0.4939467,0.5017168,0.5067281
1751960817617,3.897909,SteamVR Tracker (Right Foot),-0.3234025,0.06954455,0.4870399,-0.5186163,0.04799119,0.01238665,0.8535693
1751960817617,3.897909,SteamVR Tracker (Left Foot),-0.4746946,-0.006784916,0.5460201,-0.575075,-0.05112782,0.02170021,0.8162131
1751960817617,3.897909,SteamVR Tracker (Waist),-0.5780362,0.761465,1.226856,-0.497537,0.4940358,0.5016974,0.5066413
1751960817631,3.912658,SteamVR Tracker (Right Foot),-0.3233804,0.06963634,0.4870729,-0.5186585,0.04790979,0.01233049,0.8535491
1751960817631,3.912658,SteamVR Tracker (Left Foot),-0.4745915,-0.006731749,0.5459995,-0.5753769,-0.05111635,0.02135614,0.8160101
1751960817631,3.912658,SteamVR Tracker (Waist),-0.5782384,0.7623818,1.226694,-0.4975393,0.4940388,0.501647,0.5066859
1751960817665,3.945292,SteamVR Tracker (Right Foot),-0.3233761,0.06949544,0.4871412,-0.5186089,0.04793903,0.01234377,0.8535774
1751960817665,3.945292,SteamVR Tracker (Left Foot),-0.4745477,-0.00682354,0.5460741,-0.5752966,-0.05119177,0.02137997,0.8160614
1751960817665,3.945292,SteamVR Tracker (Waist),-0.5783048,0.7623885,1.22692,-0.4975271,0.4940733,0.5016678,0.5066437
1751960817697,3.977815,SteamVR Tracker (Right Foot),-0.3234123,0.06948686,0.4871213,-0.5186158,0.04801348,0.01228473,0.8535698
1751960817697,3.977815,SteamVR Tracker (Left Foot),-0.4746275,-0.006837606,0.5460567,-0.5753196,-0.05115255,0.02136421,0.816048
1751960817697,3.977815,SteamVR Tracker (Waist),-0.5783011,0.7624168,1.226827,-0.497436,0.494128,0.5015621,0.5067844
1751960817731,4.010828,SteamVR Tracker (Right Foot),-0.3230966,0.0695827,0.487139,-0.5185183,0.04802488,0.01214037,0.8536305
1751960817732,4.010828,SteamVR Tracker (Left Foot),-0.4744265,-0.006808996,0.5462413,-0.5752926,-0.05109417,0.02124668,0.8160738
1751960817732,4.010828,SteamVR Tracker (Waist),-0.5781904,0.7624638,1.227098,-0.4973468,0.4942343,0.5015925,0.5067382
1751960817784,4.063591,SteamVR Tracker (Right Foot),-0.323314,0.0695622,0.4870239,-0.5185285,0.04793673,0.01223179,0.853628
1751960817784,4.063591,SteamVR Tracker (Left Foot),-0.4745558,-0.006808758,0.5460785,-0.5754467,-0.05123132,0.02102106,0.8159624
1751960817784,4.063591,SteamVR Tracker (Waist),-0.5783051,0.762355,1.226843,-0.4973529,0.4941361,0.5016383,0.5067828
1751960817794,4.077336,SteamVR Tracker (Right Foot),-0.3233497,0.0695281,0.4870909,-0.5186406,0.04792257,0.01215309,0.8535617
1751960817794,4.077336,SteamVR Tracker (Left Foot),-0.4744798,-0.006837606,0.5460173,-0.5756719,-0.05104335,0.020893,0.8158186
1751960817794,4.077336,SteamVR Tracker (Waist),-0.5783648,0.7624434,1.226775,-0.4973598,0.4941343,0.5016666,0.5067496
1751960817833,4.11301,SteamVR Tracker (Right Foot),-0.3233352,0.06949282,0.4871228,-0.5186968,0.04793959,0.01221494,0.8535258
1751960817833,4.11301,SteamVR Tracker (Left Foot),-0.4742742,-0.006876707,0.54607,-0.5759335,-0.05097637,0.02053888,0.8156471
1751960817833,4.11301,SteamVR Tracker (Waist),-0.5782876,0.7621648,1.227017,-0.4973284,0.4940492,0.5017377,0.5067931
1751960817867,4.147438,SteamVR Tracker (Right Foot),-0.323225,0.06939578,0.4870295,-0.5187809,0.04783801,0.01213018,0.8534815
1751960817867,4.147438,SteamVR Tracker (Left Foot),-0.4743022,-0.006812811,0.5459785,-0.5759636,-0.05101605,0.02049878,0.8156244
1751960817867,4.147438,SteamVR Tracker (Waist),-0.5781096,0.7619693,1.226941,-0.4973352,0.4940294,0.5016597,0.5068828
1751960817899,4.179828,SteamVR Tracker (Right Foot),-0.3233235,0.06947398,0.4869326,-0.5189078,0.04793541,0.01207303,0.8533998
1751960817899,4.179828,SteamVR Tracker (Left Foot),-0.4742927,-0.006917,0.5459974,-0.5761272,-0.05096963,0.02041237,0.8155139
1751960817899,4.179828,SteamVR Tracker (Waist),-0.5782473,0.7622037,1.226917,-0.4973409,0.4940916,0.5016574,0.506819
1751960817959,4.238749,SteamVR Tracker (Right Foot),-0.3233031,0.06960511,0.4872082,-0.5188597,0.04793648,0.01220739,0.8534271
1751960817959,4.238749,SteamVR Tracker (Left Foot),-0.4743607,-0.006817102,0.546132,-0.5761433,-0.05090739,0.02027369,0.8155099
1751960817959,4.238749,SteamVR Tracker (Waist),-0.5783641,0.762331,1.226994,-0.4973978,0.4939841,0.5016283,0.5068966
1751960817974,4.254403,SteamVR Tracker (Right Foot),-0.3232324,0.0695262,0.4871228,-0.5189482,0.04790184,0.01211593,0.8533764
1751960817974,4.254403,SteamVR Tracker (Left Foot),-0.4742316,-0.00680089,0.5460681,-0.5762358,-0.05082121,0.02023262,0.8154509
1751960817974,4.254403,SteamVR Tracker (Waist),-0.5781709,0.7619755,1.227104,-0.4973232,0.4940339,0.5016664,0.5068837
1751960818008,4.287756,SteamVR Tracker (Right Foot),-0.3233551,0.06958055,0.4870613,-0.5188125,0.04804623,0.01222105,0.8534493
1751960818008,4.287756,SteamVR Tracker (Left Foot),-0.4743903,-0.006868839,0.5459471,-0.5759922,-0.05084354,0.02024304,0.8156213
1751960818008,4.287756,SteamVR Tracker (Waist),-0.5782125,0.762246,1.226946,-0.4974643,0.4939487,0.5015248,0.5069684
1751960818041,4.320724,SteamVR Tracker (Right Foot),-0.3231398,0.06959295,0.487161,-0.5186799,0.04807469,0.01213156,0.8535297
1751960818042,4.320724,SteamVR Tracker (Left Foot),-0.4743889,-0.006896973,0.546125,-0.5759634,-0.05089657,0.02021561,0.8156391
1751960818042,4.320724,SteamVR Tracker (Waist),-0.5782623,0.7625376,1.226935,-0.4974189,0.4939622,0.5015365,0.5069881
1751960818073,4.353999,SteamVR Tracker (Right Foot),-0.3232275,0.06964302,0.4872879,-0.5186026,0.04800498,0.01212197,0.8535807
1751960818073,4.353999,SteamVR Tracker (Left Foot),-0.4743579,-0.00680995,0.5462807,-0.5760775,-0.05076985,0.02012852,0.8155686
1751960818073,4.353999,SteamVR Tracker (Waist),-0.5782343,0.7623079,1.227014,-0.4974761,0.493895,0.5016277,0.5069073
1751960818136,4.415688,SteamVR Tracker (Right Foot),-0.3232362,0.06965637,0.4872164,-0.5187052,0.04801138,0.01204623,0.853519
1751960818136,4.415688,SteamVR Tracker (Left Foot),-0.4743345,-0.006894588,0.5460302,-0.5760182,-0.05067531,0.02000071,0.8156195
1751960818136,4.415688,SteamVR Tracker (Waist),-0.5782084,0.7620782,1.22696,-0.4975154,0.4939504,0.5016371,0.5068054
1751960818149,4.43128,SteamVR Tracker (Right Foot),-0.3233525,0.06972289,0.4871798,-0.518636,0.04791594,0.01198952,0.8535673
1751960818149,4.43128,SteamVR Tracker (Left Foot),-0.4742289,-0.006848335,0.5460821,-0.5759475,-0.05049196,0.01990743,0.815683
1751960818149,4.43128,SteamVR Tracker (Waist),-0.5781102,0.7622585,1.226892,-0.4974996,0.4939491,0.5015798,0.5068789
1751960818182,4.463391,SteamVR Tracker (Right Foot),-0.3233384,0.06958151,0.4870569,-0.5184743,0.04800296,0.01189753,0.8536618
1751960818182,4.463391,SteamVR Tracker (Left Foot),-0.474123,-0.006819963,0.5459657,-0.5758512,-0.05041378,0.0198236,0.8157579
1751960818182,4.463391,SteamVR Tracker (Waist),-0.578239,0.7620106,1.226938,-0.4975129,0.4939805,0.5015636,0.5068513
1751960818217,4.496643,SteamVR Tracker (Right Foot),-0.3233895,0.06941366,0.4871419,-0.5184668,0.04797731,0.01205485,0.8536656
1751960818217,4.496643,SteamVR Tracker (Left Foot),-0.4742543,-0.006982565,0.546019,-0.5759094,-0.0505621,0.01972916,0.8157099
1751960818217,4.496643,SteamVR Tracker (Waist),-0.5785356,0.762668,1.226963,-0.4974453,0.4939231,0.5016484,0.5068895
1751960818252,4.532672,SteamVR Tracker (Right Foot),-0.3232273,0.0696671,0.4872867,-0.5185345,0.04801547,0.01190376,0.8536245
1751960818252,4.532672,SteamVR Tracker (Left Foot),-0.4741806,-0.006970882,0.5460733,-0.5757842,-0.05049033,0.01966318,0.8158043
1751960818252,4.532672,SteamVR Tracker (Waist),-0.5783333,0.7627152,1.227067,-0.4974532,0.4938985,0.5015973,0.5069565
1751960818312,4.591639,SteamVR Tracker (Right Foot),-0.3231726,0.06960392,0.4871621,-0.5185215,0.04808842,0.01191904,0.853628
1751960818312,4.591639,SteamVR Tracker (Left Foot),-0.4743306,-0.006928205,0.5460842,-0.5758108,-0.05048018,0.01974163,0.8157843
1751960818312,4.591639,SteamVR Tracker (Waist),-0.5781349,0.7620778,1.227013,-0.4973914,0.4941053,0.5016059,0.506807
1751960818329,4.608478,SteamVR Tracker (Right Foot),-0.3232364,0.06958151,0.4870194,-0.5186135,0.04797864,0.01190361,0.8535786
1751960818329,4.608478,SteamVR Tracker (Left Foot),-0.4744471,-0.007012606,0.5458966,-0.5758827,-0.05047926,0.01970481,0.8157345
1751960818329,4.608478,SteamVR Tracker (Waist),-0.5781446,0.7619588,1.226949,-0.497439,0.4940728,0.5015535,0.5068439
1751960818356,4.638024,SteamVR Tracker (Right Foot),-0.3232626,0.0695219,0.4869099,-0.5185407,0.04811257,0.01195536,0.8536146
1751960818356,4.638024,SteamVR Tracker (Left Foot),-0.4743273,-0.007073641,0.5460586,-0.5758133,-0.05050494,0.01973315,0.8157812
1751960818356,4.638024,SteamVR Tracker (Waist),-0.5780948,0.7617776,1.226963,-0.4974251,0.4940076,0.5015393,0.5069351
1751960818393,4.673502,SteamVR Tracker (Right Foot),-0.3232197,0.06938052,0.4872647,-0.5184896,0.04804511,0.01197406,0.8536492
1751960818393,4.673502,SteamVR Tracker (Left Foot),-0.4742589,-0.007071972,0.5461963,-0.5756748,-0.05047561,0.01972108,0.815881
1751960818393,4.673502,SteamVR Tracker (Waist),-0.5780474,0.7615812,1.227062,-0.4973827,0.4939592,0.501642,0.5069222
1751960818427,4.708004,SteamVR Tracker (Right Foot),-0.3231637,0.06953025,0.4871454,-0.5183675,0.04801964,0.01193296,0.8537253
1751960818427,4.708004,SteamVR Tracker (Left Foot),-0.4742324,-0.007007837,0.546041,-0.5758222,-0.05062703,0.01972141,0.8157676
1751960818427,4.708004,SteamVR Tracker (Waist),-0.5780497,0.7617604,1.227012,-0.4974892,0.4939605,0.5016235,0.5068347
1751960818482,4.760983,SteamVR Tracker (Right Foot),-0.3233652,0.06941366,0.4870545,-0.5184745,0.04795091,0.01203347,0.8536628
1751960818482,4.760983,SteamVR Tracker (Left Foot),-0.4743239,-0.007019997,0.5459444,-0.5759463,-0.05045759,0.01966571,0.8156918
1751960818482,4.760983,SteamVR Tracker (Waist),-0.5782205,0.7619144,1.226999,-0.49749,0.4939818,0.5016405,0.5067964
1751960818494,4.776484,SteamVR Tracker (Right Foot),-0.3234409,0.06941032,0.4872091,-0.5184835,0.04792976,0.01195744,0.8536596
1751960818494,4.776484,SteamVR Tracker (Left Foot),-0.474226,-0.006977558,0.5460784,-0.5758698,-0.05038386,0.01957889,0.8157525
1751960818494,4.776484,SteamVR Tracker (Waist),-0.5782344,0.7618942,1.22698,-0.497568,0.4938526,0.5016214,0.5068647
1751960818528,4.807898,SteamVR Tracker (Right Foot),-0.3230957,0.06947303,0.487161,-0.5183939,0.04788973,0.01200597,0.8537155
1751960818528,4.807898,SteamVR Tracker (Left Foot),-0.4741124,-0.006997824,0.5460845,-0.5757879,-0.05038792,0.01951014,0.8158117
1751960818528,4.807898,SteamVR Tracker (Waist),-0.57812,0.7618349,1.22706,-0.4974024,0.4940698,0.5015351,0.5069008
1751960818561,4.841356,SteamVR Tracker (Right Foot),-0.3231671,0.069314,0.4870514,-0.5183372,0.04792683,0.01202595,0.8537476
1751960818562,4.841356,SteamVR Tracker (Left Foot),-0.474315,-0.007054806,0.5459905,-0.5757751,-0.05050758,0.01961189,0.8158109
1751960818562,4.841356,SteamVR Tracker (Waist),-0.5780306,0.7615502,1.226966,-0.4974076,0.4939997,0.5016494,0.5068511
1751960818594,4.875054,SteamVR Tracker (Right Foot),-0.3234361,0.06947684,0.4871622,-0.5183832,0.04797454,0.01207353,0.8537164
1751960818594,4.875054,SteamVR Tracker (Left Foot),-0.4742863,-0.007068396,0.5461389,-0.5757787,-0.05031507,0.01951349,0.8158226
1751960818594,4.875054,SteamVR Tracker (Waist),-0.578056,0.7614641,1.226966,-0.4974477,0.4940025,0.5015393,0.5069179
1751960818653,4.932086,SteamVR Tracker (Right Foot),-0.3232716,0.06941867,0.487111,-0.5183661,0.04800516,0.0120688,0.853725
1751960818653,4.932086,SteamVR Tracker (Left Foot),-0.474383,-0.007039785,0.546074,-0.5757116,-0.05036191,0.01947274,0.815868
1751960818653,4.932086,SteamVR Tracker (Waist),-0.5780159,0.7614561,1.226996,-0.4974235,0.4939988,0.5016149,0.5068703
1751960818667,4.949439,SteamVR Tracker (Right Foot),-0.3232798,0.06938696,0.4871704,-0.5181902,0.04801088,0.01206088,0.8538316
1751960818667,4.949439,SteamVR Tracker (Left Foot),-0.4743262,-0.007022142,0.5460668,-0.5756093,-0.05028803,0.01946419,0.815945
1751960818667,4.949439,SteamVR Tracker (Waist),-0.5779356,0.7613727,1.226997,-0.4974566,0.4940472,0.5015791,0.5068261
1751960818704,4.984319,SteamVR Tracker (Right Foot),-0.323369,0.06934118,0.487078,-0.5182665,0.04800009,0.01211758,0.8537851
1751960818705,4.984319,SteamVR Tracker (Left Foot),-0.4742685,-0.006996155,0.5460604,-0.5755627,-0.05026854,0.01943337,0.8159798
1751960818705,4.984319,SteamVR Tracker (Waist),-0.5779884,0.7614605,1.226926,-0.4974836,0.4938836,0.5016789,0.5068603
1751960818732,5.014492,SteamVR Tracker (Right Foot),-0.323308,0.06950903,0.4871003,-0.5181851,0.04789882,0.01210043,0.8538405
1751960818732,5.014492,SteamVR Tracker (Left Foot),-0.4741331,-0.007014275,0.5460996,-0.5755931,-0.05037941,0.01940403,0.8159522
1751960818732,5.014492,SteamVR Tracker (Waist),-0.5780643,0.7617087,1.226987,-0.4975697,0.4937696,0.5016322,0.5069332
1751960818768,5.048091,SteamVR Tracker (Right Foot),-0.3232793,0.06947088,0.4871048,-0.5181538,0.04791251,0.0120812,0.853859
1751960818768,5.048091,SteamVR Tracker (Left Foot),-0.4743322,-0.007150173,0.5460884,-0.5754756,-0.05047498,0.0195603,0.8160255
1751960818768,5.048091,SteamVR Tracker (Waist),-0.5780486,0.7615606,1.227078,-0.4975231,0.493811,0.5016626,0.5069084
1751960818829,5.108705,SteamVR Tracker (Right Foot),-0.3233517,0.06940913,0.4871462,-0.5181204,0.04783984,0.01219366,0.8538817
1751960818830,5.108705,SteamVR Tracker (Left Foot),-0.4742593,-0.007024527,0.5461434,-0.5753767,-0.05043295,0.01947635,0.8160998
1751960818830,5.108705,SteamVR Tracker (Waist),-0.5781438,0.7616824,1.227067,-0.49739,0.4938131,0.5018086,0.5068924
1751960818846,5.127672,SteamVR Tracker (Right Foot),-0.3234432,0.06929088,0.4871307,-0.5181047,0.04789933,0.01213344,0.8538888
1751960818846,5.127672,SteamVR Tracker (Left Foot),-0.4743696,-0.006975651,0.5459564,-0.5754299,-0.05029503,0.01953695,0.8160694
1751960818846,5.127672,SteamVR Tracker (Waist),-0.5780761,0.761408,1.226869,-0.4974919,0.4938139,0.5017362,0.5068634
1751960818880,5.160684,SteamVR Tracker (Right Foot),-0.3233544,0.06933403,0.48723,-0.5180256,0.04790932,0.01214782,0.853936
1751960818881,5.160684,SteamVR Tracker (Left Foot),-0.4743684,-0.007046461,0.5463228,-0.5755181,-0.05034636,0.01939763,0.8160074
1751960818881,5.160684,SteamVR Tracker (Waist),-0.5780617,0.7616102,1.227108,-0.4973899,0.4938695,0.5017563,0.5068893
1751960818914,5.194118,SteamVR Tracker (Right Foot),-0.323396,0.06943059,0.4874054,-0.5181628,0.04793812,0.01226604,0.8538494
1751960818914,5.194118,SteamVR Tracker (Left Foot),-0.4743021,-0.006907701,0.546374,-0.5754682,-0.05025284,0.01949298,0.8160459
1751960818914,5.194118,SteamVR Tracker (Waist),-0.5779406,0.7616794,1.227062,-0.4973909,0.4938785,0.5017156,0.5069199
1751960818947,5.227529,SteamVR Tracker (Right Foot),-0.3234552,0.06936908,0.4873212,-0.5181332,0.04793725,0.01223868,0.8538679
1751960818947,5.227529,SteamVR Tracker (Left Foot),-0.4743093,-0.006828785,0.5461754,-0.5755262,-0.05023265,0.01943976,0.8160076
1751960818947,5.227529,SteamVR Tracker (Waist),-0.5782641,0.761958,1.227029,-0.4973717,0.4939307,0.5017514,0.5068524
1751960819006,5.284392,SteamVR Tracker (Right Foot),-0.3233004,0.06934881,0.4870352,-0.51823,0.04789715,0.01231673,0.8538102
1751960819006,5.284392,SteamVR Tracker (Left Foot),-0.4742411,-0.007014275,0.545981,-0.5755569,-0.05025942,0.01939982,0.8159853
1751960819006,5.284392,SteamVR Tracker (Waist),-0.5780995,0.7618042,1.227013,-0.4974118,0.4939076,0.5017589,0.5068281
1751960819021,5.301228,SteamVR Tracker (Right Foot),-0.3232526,0.06926274,0.4870266,-0.5183161,0.047945,0.01236226,0.8537545
1751960819021,5.301228,SteamVR Tracker (Left Foot),-0.4740501,-0.007081747,0.546107,-0.5755444,-0.05020087,0.01934541,0.815999
1751960819021,5.301228,SteamVR Tracker (Waist),-0.5781549,0.7618805,1.227196,-0.4974743,0.4937823,0.5017834,0.5068646
1751960819055,5.336685,SteamVR Tracker (Right Foot),-0.3233831,0.06931686,0.4871886,-0.5182531,0.04802003,0.01231613,0.8537892
1751960819055,5.336685,SteamVR Tracker (Left Foot),-0.4741603,-0.007113934,0.5461554,-0.5754766,-0.05022887,0.01944235,0.8160427
1751960819055,5.336685,SteamVR Tracker (Waist),-0.5781807,0.7619888,1.227149,-0.4974608,0.4938973,0.501736,0.5068129
1751960819088,5.368251,SteamVR Tracker (Right Foot),-0.3233581,0.06951833,0.4872245,-0.5182297,0.04793603,0.01235489,0.8538077
1751960819088,5.368251,SteamVR Tracker (Left Foot),-0.4741867,-0.007048368,0.5460829,-0.5755361,-0.05014601,0.0193618,0.8160078
1751960819088,5.368251,SteamVR Tracker (Waist),-0.5781989,0.7621137,1.226845,-0.4974855,0.4937863,0.5017566,0.5068762
1751960819122,5.403428,SteamVR Tracker (Right Foot),-0.3234051,0.06955981,0.4872784,-0.5181964,0.04783329,0.01245614,0.8538321
1751960819123,5.403428,SteamVR Tracker (Left Foot),-0.4742864,-0.007017374,0.5461438,-0.5756317,-0.05016654,0.01935016,0.8159394
1751960819123,5.403428,SteamVR Tracker (Waist),-0.5783746,0.7624829,1.226994,-0.4975777,0.4937569,0.5017232,0.5068476
1751960819181,5.460024,SteamVR Tracker (Right Foot),-0.3234022,0.06950927,0.4870885,-0.5183339,0.04782952,0.01243236,0.8537493
1751960819181,5.460024,SteamVR Tracker (Left Foot),-0.4743621,-0.007114172,0.5459828,-0.5757019,-0.05010023,0.01937009,0.8158934
1751960819181,5.460024,SteamVR Tracker (Waist),-0.578458,0.7627512,1.226902,-0.4976955,0.4936612,0.5017661,0.5067827
1751960819196,5.478277,SteamVR Tracker (Right Foot),-0.32347,0.06952596,0.4870887,-0.5183957,0.04787073,0.01249716,0.8537085
1751960819196,5.478277,SteamVR Tracker (Left Foot),-0.4742807,-0.007191896,0.5459071,-0.575644,-0.04997243,0.01943004,0.8159407
1751960819196,5.478277,SteamVR Tracker (Waist),-0.5782758,0.762393,1.226902,-0.4976194,0.4938333,0.5017056,0.5067496
1751960819227,5.507346,SteamVR Tracker (Right Foot),-0.323364,0.06938338,0.4871306,-0.5183396,0.04793457,0.0125365,0.8537384
1751960819227,5.507346,SteamVR Tracker (Left Foot),-0.4742266,-0.007249594,0.5460702,-0.5755961,-0.05015714,0.01935993,0.8159649
1751960819227,5.507346,SteamVR Tracker (Waist),-0.5781697,0.762125,1.227046,-0.4975865,0.493783,0.501754,0.5067829
1751960819262,5.543098,SteamVR Tracker (Right Foot),-0.3234402,0.06925058,0.4870589,-0.518368,0.04779989,0.01250443,0.8537291
1751960819263,5.543098,SteamVR Tracker (Left Foot),-0.4743616,-0.007177353,0.545984,-0.5757036,-0.05014215,0.01938196,0.8158894
1751960819263,5.543098,SteamVR Tracker (Waist),-0.5782602,0.7620708,1.227031,-0.4975723,0.493696,0.5017172,0.5069181
1751960819294,5.57549,SteamVR Tracker (Right Foot),-0.323455,0.06919718,0.4870409,-0.5184152,0.04781008,0.01255958,0.8536991
1751960819294,5.57549,SteamVR Tracker (Left Foot),-0.4744142,-0.007117271,0.5459989,-0.5757389,-0.05010784,0.01934546,0.8158675
1751960819294,5.57549,SteamVR Tracker (Waist),-0.5781466,0.7618967,1.226787,-0.4976451,0.4937798,0.501608,0.5068731
1751960819351,5.630568,SteamVR Tracker (Right Foot),-0.3234081,0.06924605,0.4871139,-0.5184498,0.04772409,0.01261145,0.8536821
1751960819351,5.630568,SteamVR Tracker (Left Foot),-0.4743144,-0.00710845,0.5459866,-0.5757609,-0.05015995,0.01932846,0.8158491
1751960819351,5.630568,SteamVR Tracker (Waist),-0.5781919,0.7615932,1.227046,-0.4976442,0.4937338,0.5017009,0.5068269
1751960819363,5.645465,SteamVR Tracker (Right Foot),-0.323356,0.0692966,0.4871157,-0.5184651,0.04770457,0.01257222,0.8536745
1751960819363,5.645465,SteamVR Tracker (Left Foot),-0.4741257,-0.007093191,0.5459182,-0.5758242,-0.05013375,0.01927694,0.8158073
1751960819363,5.645465,SteamVR Tracker (Waist),-0.5781898,0.7615658,1.227164,-0.4977043,0.4936488,0.5017118,0.5068398
1751960819398,5.679092,SteamVR Tracker (Right Foot),-0.3234914,0.06944704,0.487124,-0.5184553,0.0477423,0.01276858,0.8536755
1751960819398,5.679092,SteamVR Tracker (Left Foot),-0.4742237,-0.007168531,0.5459921,-0.5757393,-0.04997886,0.01924865,0.8158774
1751960819398,5.679092,SteamVR Tracker (Waist),-0.5779191,0.7610344,1.227165,-0.4976421,0.4937,0.5016844,0.5068783
1751960819435,5.714322,SteamVR Tracker (Right Foot),-0.3235466,0.06954002,0.4869882,-0.5184536,0.04769612,0.01271597,0.8536799
1751960819435,5.714322,SteamVR Tracker (Left Foot),-0.4742844,-0.00723362,0.5459037,-0.5757591,-0.05004562,0.01935565,0.8158569
1751960819435,5.714322,SteamVR Tracker (Waist),-0.5779948,0.7610742,1.226957,-0.4977202,0.4938239,0.5015312,0.5068324
1751960819466,5.745852,SteamVR Tracker (Right Foot),-0.32347,0.06938171,0.4871015,-0.518638,0.04768107,0.01276227,0.853568
1751960819466,5.745852,SteamVR Tracker (Left Foot),-0.4742747,-0.007258177,0.5460334,-0.5757558,-0.05006667,0.01936997,0.8158575
1751960819466,5.745852,SteamVR Tracker (Waist),-0.5780605,0.7614365,1.227036,-0.4977764,0.4936736,0.5016053,0.5068502
1751960819518,5.799113,SteamVR Tracker (Right Foot),-0.3234505,0.06939983,0.4872602,-0.5185038,0.04773564,0.01281825,0.8536456
1751960819519,5.799113,SteamVR Tracker (Left Foot),-0.4743161,-0.007072687,0.5461316,-0.5758044,-0.05002556,0.01934513,0.8158262
1751960819519,5.799113,SteamVR Tracker (Waist),-0.5781912,0.7620215,1.227123,-0.4978027,0.4937511,0.5015798,0.5067742
1751960819535,5.815972,SteamVR Tracker (Right Foot),-0.3235014,0.06944895,0.4871975,-0.5184697,0.04768275,0.01273805,0.8536705
1751960819535,5.815972,SteamVR Tracker (Left Foot),-0.4742745,-0.00697732,0.5461044,-0.5758677,-0.05007375,0.01939045,0.8157775
1751960819535,5.815972,SteamVR Tracker (Waist),-0.5783969,0.7623297,1.227021,-0.4979131,0.4937132,0.5016494,0.5066337
1751960819567,5.84827,SteamVR Tracker (Right Foot),-0.3234586,0.06963277,0.48721,-0.5184899,0.04767768,0.01279869,0.8536576
1751960819567,5.84827,SteamVR Tracker (Left Foot),-0.4743061,-0.006997585,0.5460069,-0.5759059,-0.0500338,0.01942552,0.8157523
1751960819567,5.84827,SteamVR Tracker (Waist),-0.5783257,0.7625051,1.226967,-0.4978012,0.4937018,0.5016502,0.5067539
1751960819601,5.881985,SteamVR Tracker (Right Foot),-0.323322,0.06941581,0.4871288,-0.5185598,0.04784786,0.01273815,0.8536066
1751960819601,5.881985,SteamVR Tracker (Left Foot),-0.4742363,-0.007106066,0.5460129,-0.5758514,-0.05013037,0.01937015,0.8157861
1751960819602,5.881985,SteamVR Tracker (Waist),-0.5784531,0.7629637,1.226969,-0.4978841,0.4937989,0.5014792,0.5067472
1751960819635,5.91615,SteamVR Tracker (Right Foot),-0.3234287,0.06938362,0.4872033,-0.5185449,0.04776386,0.01279305,0.8536195
1751960819635,5.91615,SteamVR Tracker (Left Foot),-0.4743229,-0.007187366,0.5459892,-0.5758519,-0.05000011,0.01937477,0.8157936
1751960819635,5.91615,SteamVR Tracker (Waist),-0.5785458,0.762954,1.226977,-0.4977707,0.4938041,0.5015915,0.5067425
1751960819696,5.975218,SteamVR Tracker (Right Foot),-0.3234974,0.06926656,0.486993,-0.518548,0.04777642,0.01280647,0.8536167
1751960819696,5.975218,SteamVR Tracker (Left Foot),-0.4743682,-0.007120609,0.5459357,-0.5758262,-0.05004424,0.01932361,0.8158103
1751960819697,5.975218,SteamVR Tracker (Waist),-0.5782388,0.762275,1.226943,-0.4976556,0.494053,0.5016004,0.506604
1751960819709,5.991329,SteamVR Tracker (Right Foot),-0.323479,0.06925821,0.4869271,-0.51849,0.04777684,0.01278537,0.8536522
1751960819710,5.991329,SteamVR Tracker (Left Foot),-0.4743915,-0.007110834,0.5459149,-0.5757394,-0.05004123,0.01927908,0.8158727
1751960819710,5.991329,SteamVR Tracker (Waist),-0.5782301,0.76231,1.226927,-0.4975614,0.4940495,0.5015859,0.5067143
1751960819745,6.026402,SteamVR Tracker (Right Foot),-0.323362,0.06948304,0.4871663,-0.5184618,0.04776023,0.0127614,0.8536707
1751960819745,6.026402,SteamVR Tracker (Left Foot),-0.4742467,-0.007141113,0.5460106,-0.5758349,-0.0500073,0.01920382,0.8158092
1751960819745,6.026402,SteamVR Tracker (Waist),-0.5781443,0.7619909,1.22707,-0.4974557,0.4941031,0.501698,0.5066549
1751960819776,6.05759,SteamVR Tracker (Right Foot),-0.3234156,0.06941891,0.4870306,-0.5184971,0.04774151,0.01270076,0.8536511
1751960819776,6.05759,SteamVR Tracker (Left Foot),-0.4742745,-0.007107019,0.5459575,-0.5758102,-0.04999562,0.01915226,0.8158286
1751960819776,6.05759,SteamVR Tracker (Waist),-0.5783331,0.7623581,1.227107,-0.497501,0.4940758,0.5017152,0.5066199
1751960819811,6.092254,SteamVR Tracker (Right Foot),-0.3234555,0.06946635,0.4870451,-0.5182481,0.04776401,0.01270097,0.853801
1751960819812,6.092254,SteamVR Tracker (Left Foot),-0.4742464,-0.007153511,0.5459934,-0.575741,-0.04991848,0.01914109,0.8158824
1751960819812,6.092254,SteamVR Tracker (Waist),-0.5783181,0.762298,1.226994,-0.4975917,0.4940233,0.5017529,0.5065448
1751960819868,6.148256,SteamVR Tracker (Right Foot),-0.3236037,0.06941509,0.4872437,-0.5182673,0.04771788,0.01271526,0.8537918
1751960819868,6.148256,SteamVR Tracker (Left Foot),-0.4743071,-0.007126093,0.546016,-0.575736,-0.04995826,0.01923666,0.8158813
1751960819868,6.148256,SteamVR Tracker (Waist),-0.5781344,0.7617429,1.227005,-0.4976072,0.4940215,0.5015917,0.5066909
1751960819883,6.163822,SteamVR Tracker (Right Foot),-0.3235566,0.06937981,0.487292,-0.518303,0.04772268,0.01275154,0.8537693
1751960819883,6.163822,SteamVR Tracker (Left Foot),-0.474268,-0.007184029,0.5460644,-0.5757268,-0.0498175,0.01918073,0.8158976
1751960819883,6.163822,SteamVR Tracker (Waist),-0.5781331,0.7618665,1.227034,-0.4975985,0.4940974,0.5014987,0.5067175
1751960819918,6.199091,SteamVR Tracker (Right Foot),-0.3235914,0.06933022,0.4873096,-0.518209,0.04769953,0.01287718,0.8538258
1751960819918,6.199091,SteamVR Tracker (Left Foot),-0.4742948,-0.007122755,0.5461653,-0.5757574,-0.04998788,0.01925161,0.815864
1751960819918,6.199091,SteamVR Tracker (Waist),-0.5779529,0.7612833,1.227015,-0.4975686,0.4940161,0.5015932,0.5067325
1751960819954,6.233295,SteamVR Tracker (Right Foot),-0.3234099,0.06935191,0.4872048,-0.5182431,0.0478199,0.0126699,0.8538014
1751960819955,6.233295,SteamVR Tracker (Left Foot),-0.474226,-0.00707078,0.546155,-0.575756,-0.0498574,0.01912203,0.815876
1751960819955,6.233295,SteamVR Tracker (Waist),-0.5779638,0.761319,1.227024,-0.4975561,0.4940777,0.5014483,0.5068281
1751960819984,6.265166,SteamVR Tracker (Right Foot),-0.3233702,0.0693872,0.4870245,-0.5182092,0.04784161,0.01264922,0.8538212
1751960819985,6.265166,SteamVR Tracker (Left Foot),-0.4741304,-0.007204533,0.5460499,-0.5756797,-0.04997359,0.01920149,0.8159209
1751960819985,6.265166,SteamVR Tracker (Waist),-0.5778886,0.7611494,1.227089,-0.4975772,0.4939696,0.5015743,0.5067883
1751960820033,6.314623,SteamVR Tracker (Right Foot),-0.3235591,0.06933117,0.4870678,-0.5182,0.04793674,0.01268893,0.8538207
1751960820033,6.314623,SteamVR Tracker (Left Foot),-0.4742682,-0.007260084,0.5459027,-0.5756153,-0.04994014,0.01914194,0.8159697
1751960820033,6.314623,SteamVR Tracker (Waist),-0.577999,0.7612112,1.226948,-0.4976424,0.4939464,0.5015677,0.5067534
1751960820046,6.329097,SteamVR Tracker (Right Foot),-0.3235477,0.06919861,0.4872443,-0.518067,0.04789709,0.01274857,0.8539028
1751960820046,6.329097,SteamVR Tracker (Left Foot),-0.4741726,-0.007401228,0.5459163,-0.5756168,-0.04984972,0.01911176,0.815975
1751960820046,6.329097,SteamVR Tracker (Waist),-0.577979,0.7612739,1.227102,-0.4977653,0.4938546,0.5015712,0.5067186
1751960820083,6.364332,SteamVR Tracker (Right Foot),-0.3236012,0.06932378,0.4871785,-0.5180944,0.04795183,0.01292732,0.8538804
1751960820083,6.364332,SteamVR Tracker (Left Foot),-0.4742392,-0.007229567,0.5460474,-0.5755448,-0.04994286,0.01915135,0.8160191
1751960820084,6.364332,SteamVR Tracker (Waist),-0.5779339,0.7609636,1.227082,-0.4977301,0.4938386,0.5015944,0.5067458
1751960820113,6.395056,SteamVR Tracker (Right Foot),-0.3235661,0.06931782,0.4871834,-0.5181966,0.04786507,0.01281711,0.853825
1751960820113,6.395056,SteamVR Tracker (Left Foot),-0.4741925,-0.007358313,0.5460463,-0.5755686,-0.04994338,0.01920795,0.816001
1751960820113,6.395056,SteamVR Tracker (Waist),-0.5778874,0.7609272,1.227105,-0.4976677,0.4939095,0.5015545,0.5067775
1751960820151,6.430948,SteamVR Tracker (Right Foot),-0.3237258,0.06932425,0.487106,-0.5182589,0.04791354,0.01288057,0.8537834
1751960820151,6.430948,SteamVR Tracker (Left Foot),-0.4743535,-0.007354259,0.5459909,-0.5755064,-0.04997861,0.01924986,0.8160416
1751960820151,6.430948,SteamVR Tracker (Waist),-0.5780572,0.7609789,1.226969,-0.4976805,0.493863,0.5016068,0.5067585
1751960820197,6.478482,SteamVR Tracker (Right Foot),-0.3234964,0.06925607,0.4872757,-0.5182902,0.04796674,0.01291882,0.8537608
1751960820197,6.478482,SteamVR Tracker (Left Foot),-0.4742525,-0.007268429,0.5461592,-0.5755071,-0.04989067,0.01912808,0.8160494
1751960820197,6.478482,SteamVR Tracker (Waist),-0.5779959,0.7611747,1.227173,-0.4976696,0.4938274,0.5015834,0.506827
1751960820210,6.493136,SteamVR Tracker (Right Foot),-0.323485,0.06928062,0.4872615,-0.5182831,0.04790358,0.01294909,0.8537683
1751960820211,6.493136,SteamVR Tracker (Left Foot),-0.4741733,-0.00722456,0.5461227,-0.5755751,-0.04988056,0.01916876,0.8160011
1751960820211,6.493136,SteamVR Tracker (Waist),-0.577986,0.7611655,1.227233,-0.4977539,0.4937446,0.5015622,0.506846
1751960820246,6.525818,SteamVR Tracker (Right Foot),-0.3235662,0.0693574,0.487205,-0.5183566,0.04784079,0.01300464,0.8537263
1751960820246,6.525818,SteamVR Tracker (Left Foot),-0.4741884,-0.007145405,0.5459041,-0.5755814,-0.04990693,0.01923374,0.8159936
1751960820246,6.525818,SteamVR Tracker (Waist),-0.5779175,0.761134,1.227101,-0.4977344,0.4938003,0.5015997,0.5067737
1751960820277,6.556978,SteamVR Tracker (Right Foot),-0.3233906,0.06930447,0.4872538,-0.5182606,0.04789066,0.01313445,0.8537798
1751960820277,6.556978,SteamVR Tracker (Left Foot),-0.4741586,-0.007030964,0.5461083,-0.5753554,-0.05007961,0.01917734,0.8161436
1751960820277,6.556978,SteamVR Tracker (Waist),-0.5779465,0.7613679,1.227087,-0.4977089,0.4937661,0.5016264,0.5068055
1751960820312,6.592415,SteamVR Tracker (Right Foot),-0.3234662,0.06922626,0.4871095,-0.5182964,0.0478349,0.01324659,0.8537595
1751960820312,6.592415,SteamVR Tracker (Left Foot),-0.4741174,-0.007118464,0.5459471,-0.5755123,-0.05001374,0.01924838,0.8160353
1751960820312,6.592415,SteamVR Tracker (Waist),-0.5779917,0.7613051,1.227137,-0.4975954,0.4938222,0.5016506,0.5068384
1751960820368,6.64796,SteamVR Tracker (Right Foot),-0.3236037,0.06932807,0.4872662,-0.5182043,0.04777514,0.01314555,0.8538203
1751960820368,6.64796,SteamVR Tracker (Left Foot),-0.4743499,-0.00727582,0.5460512,-0.5753529,-0.0501367,0.01923808,0.8161405
1751960820368,6.64796,SteamVR Tracker (Waist),-0.5778913,0.7607385,1.226977,-0.4976798,0.4938919,0.5016382,0.5066999
1751960820378,6.660364,SteamVR Tracker (Right Foot),-0.3237076,0.06936574,0.4872239,-0.5182976,0.04779682,0.01323679,0.8537611
1751960820378,6.660364,SteamVR Tracker (Left Foot),-0.4744512,-0.007246733,0.5460244,-0.5752976,-0.05007871,0.01919489,0.816184
1751960820378,6.660364,SteamVR Tracker (Waist),-0.5778829,0.7606156,1.226995,-0.497664,0.4939478,0.5015835,0.5067151
1751960820414,6.695097,SteamVR Tracker (Right Foot),-0.3236788,0.06941032,0.4871399,-0.5182277,0.0478808,0.01331068,0.8537977
1751960820414,6.695097,SteamVR Tracker (Left Foot),-0.4743118,-0.00726676,0.5459172,-0.5754637,-0.05006183,0.01924812,0.8160667
1751960820414,6.695097,SteamVR Tracker (Waist),-0.5779604,0.7609864,1.227099,-0.4976853,0.4938591,0.5016046,0.5067598
1751960820452,6.731237,SteamVR Tracker (Right Foot),-0.3238059,0.06937838,0.487096,-0.5182708,0.04788178,0.01328616,0.8537717
1751960820453,6.731237,SteamVR Tracker (Left Foot),-0.4743352,-0.007342339,0.5458533,-0.5754335,-0.05019884,0.01925071,0.8160795
1751960820453,6.731237,SteamVR Tracker (Waist),-0.5779285,0.7610694,1.226994,-0.4976884,0.4939092,0.5015066,0.5068048
1751960820482,6.762079,SteamVR Tracker (Right Foot),-0.3236909,0.06943631,0.4873384,-0.5183162,0.047893,0.01329953,0.8537434
1751960820482,6.762079,SteamVR Tracker (Left Foot),-0.4742619,-0.007250071,0.546199,-0.5752836,-0.05012997,0.01921633,0.8161902
1751960820482,6.762079,SteamVR Tracker (Waist),-0.5779885,0.7611119,1.227138,-0.4975746,0.4939372,0.501555,0.5068414
1751960820549,6.828289,SteamVR Tracker (Right Foot),-0.3237411,0.06928611,0.4871708,-0.5182481,0.04789624,0.01327618,0.8537849
1751960820549,6.828289,SteamVR Tracker (Left Foot),-0.4743229,-0.007203102,0.5460284,-0.5752713,-0.05008493,0.01923189,0.8162014
1751960820549,6.828289,SteamVR Tracker (Waist),-0.5781195,0.7614037,1.227013,-0.4974995,0.4938826,0.5016166,0.5069073
1751960820562,6.844323,SteamVR Tracker (Right Foot),-0.3237631,0.06931829,0.4870332,-0.5181996,0.04791114,0.01329653,0.8538132
1751960820562,6.844323,SteamVR Tracker (Left Foot),-0.4743731,-0.007277012,0.545955,-0.5752281,-0.05021326,0.01930418,0.8162223
1751960820562,6.844323,SteamVR Tracker (Waist),-0.5781206,0.7618135,1.227005,-0.4975183,0.4938559,0.5016622,0.5068698
1751960820595,6.876644,SteamVR Tracker (Right Foot),-0.3236071,0.06933761,0.48708,-0.5181774,0.04791047,0.01326333,0.8538272
1751960820596,6.876644,SteamVR Tracker (Left Foot),-0.4741953,-0.007264853,0.5461189,-0.575168,-0.0500861,0.01941204,0.8162698
1751960820596,6.876644,SteamVR Tracker (Waist),-0.5783072,0.7620245,1.227025,-0.4975616,0.4937666,0.5016211,0.506955
1751960820630,6.910171,SteamVR Tracker (Right Foot),-0.3233916,0.06920958,0.4872221,-0.5182074,0.04786666,0.01319831,0.8538124
1751960820630,6.910171,SteamVR Tracker (Left Foot),-0.4742018,-0.007222176,0.5459878,-0.5752647,-0.05006048,0.01925225,0.816207
1751960820630,6.910171,SteamVR Tracker (Waist),-0.578125,0.7623096,1.227123,-0.4974808,0.4938325,0.5016028,0.5069882
1751960820665,6.94488,SteamVR Tracker (Right Foot),-0.3235519,0.06906843,0.4870587,-0.5182214,0.04782535,0.01343908,0.8538025
1751960820665,6.94488,SteamVR Tracker (Left Foot),-0.4742726,-0.007180214,0.5460089,-0.5751715,-0.05010738,0.01939874,0.8162664
1751960820665,6.94488,SteamVR Tracker (Waist),-0.5783875,0.7625937,1.227102,-0.4974462,0.4938148,0.5017476,0.506896
1751960820731,7.009283,SteamVR Tracker (Right Foot),-0.3235798,0.06926608,0.4871529,-0.518258,0.04774498,0.01341834,0.8537851
1751960820731,7.009283,SteamVR Tracker (Left Foot),-0.4744613,-0.007146597,0.545988,-0.5751981,-0.05003797,0.01942418,0.8162513
1751960820731,7.009283,SteamVR Tracker (Waist),-0.5782636,0.762483,1.22687,-0.4974819,0.4938385,0.5017255,0.5068598
1751960820750,7.030325,SteamVR Tracker (Right Foot),-0.3236427,0.06947446,0.4873171,-0.5182617,0.04768533,0.013432,0.8537861
1751960820750,7.030325,SteamVR Tracker (Left Foot),-0.4745519,-0.007134914,0.5460251,-0.5750497,-0.05003484,0.01968057,0.8163498
1751960820750,7.030325,SteamVR Tracker (Waist),-0.5786464,0.7630138,1.226894,-0.4974606,0.4937364,0.5017279,0.5069778
1751960820781,7.060883,SteamVR Tracker (Right Foot),-0.3238356,0.06939626,0.4872473,-0.5182009,0.04775226,0.01348305,0.8538183
1751960820781,7.060883,SteamVR Tracker (Left Foot),-0.4743019,-0.00704217,0.5460697,-0.575073,-0.05000586,0.01962797,0.8163365
1751960820781,7.060883,SteamVR Tracker (Waist),-0.5784292,0.7625278,1.226965,-0.4974864,0.4937862,0.5017266,0.5069053
1751960820813,7.094495,SteamVR Tracker (Right Foot),-0.3236354,0.06923771,0.487356,-0.5182933,0.04766686,0.0134862,0.853767
1751960820813,7.094495,SteamVR Tracker (Left Foot),-0.4741965,-0.007169962,0.5461347,-0.5750966,-0.05002315,0.01957042,0.8163202
1751960820813,7.094495,SteamVR Tracker (Waist),-0.5783812,0.7624772,1.227037,-0.4974888,0.4937654,0.5017866,0.5068637
1751960820848,7.128128,SteamVR Tracker (Right Foot),-0.323653,0.06936097,0.4873709,-0.5182146,0.04775726,0.01356181,0.8538085
1751960820848,7.128128,SteamVR Tracker (Left Foot),-0.4741877,-0.007163048,0.5461395,-0.5749422,-0.04983283,0.01960902,0.8164396
1751960820848,7.128128,SteamVR Tracker (Waist),-0.5783384,0.7624574,1.226923,-0.497552,0.4937721,0.5017384,0.5068429
1751960820912,7.190868,SteamVR Tracker (Right Foot),-0.3238833,0.0693357,0.4871778,-0.518147,0.0472503,0.01473532,0.8538583
1751960820912,7.190868,SteamVR Tracker (Left Foot),-0.4744373,-0.007160664,0.5459917,-0.57496,-0.05004481,0.01982423,0.816409
1751960820912,7.190868,SteamVR Tracker (Waist),-0.5783184,0.7623568,1.226937,-0.4975875,0.4937962,0.5016584,0.5068638
1751960820925,7.206455,SteamVR Tracker (Right Foot),-0.3240131,0.06931114,0.4871126,-0.5180771,0.04683999,0.01560927,0.8539078
1751960820925,7.206455,SteamVR Tracker (Left Foot),-0.4744976,-0.007206202,0.5459661,-0.5749133,-0.05004109,0.01999008,0.816438
1751960820925,7.206455,SteamVR Tracker (Waist),-0.5783982,0.7625357,1.226922,-0.4976653,0.4937023,0.5017079,0.5068299
1751960820962,7.241798,SteamVR Tracker (Right Foot),-0.323994,0.06933308,0.4874213,-0.518097,0.04706347,0.01519982,0.8538908
1751960820962,7.241798,SteamVR Tracker (Left Foot),-0.4743942,-0.007303715,0.5461329,-0.5749514,-0.05005221,0.01990757,0.8164125
1751960820962,7.241798,SteamVR Tracker (Waist),-0.5784397,0.7628477,1.226957,-0.497581,0.4937278,0.5017447,0.5068515
1751960820994,7.275297,SteamVR Tracker (Right Foot),-0.3239308,0.06944942,0.487328,-0.5178043,0.04716079,0.01494346,0.8540675
1751960820994,7.275297,SteamVR Tracker (Left Foot),-0.4742557,-0.007217646,0.54604,-0.5749282,-0.05010477,0.01991767,0.8164254
1751960820994,7.275297,SteamVR Tracker (Waist),-0.5784135,0.7629489,1.226931,-0.4975735,0.4937756,0.5017632,0.5067939
1751960821028,7.308447,SteamVR Tracker (Right Foot),-0.3236893,0.06934309,0.4874362,-0.5177454,0.04713154,0.01479831,0.8541073
1751960821028,7.308447,SteamVR Tracker (Left Foot),-0.4741363,-0.007132769,0.5461603,-0.5748212,-0.05011853,0.01995178,0.816499
1751960821028,7.308447,SteamVR Tracker (Waist),-0.5783302,0.7628212,1.227046,-0.4974692,0.4938206,0.5018106,0.5068055
1751960821096,7.373875,SteamVR Tracker (Right Foot),-0.323915,0.06929612,0.4872107,-0.5178235,0.04721578,0.01490671,0.8540535
1751960821096,7.373875,SteamVR Tracker (Left Foot),-0.4744515,-0.007254124,0.5460413,-0.5748044,-0.05023083,0.02004646,0.8165016
1751960821096,7.373875,SteamVR Tracker (Waist),-0.5781791,0.7619666,1.226943,-0.4976283,0.4938149,0.5017313,0.5067333
1751960821114,7.394034,SteamVR Tracker (Right Foot),-0.3238361,0.0693841,0.487425,-0.5177036,0.04740293,0.01468788,0.8541197
1751960821114,7.394034,SteamVR Tracker (Left Foot),-0.4744082,-0.007190943,0.5462468,-0.5748391,-0.05032074,0.02018056,0.8164684
1751960821114,7.394034,SteamVR Tracker (Waist),-0.5781672,0.7619269,1.226946,-0.4976863,0.4937655,0.5017352,0.5067207
1751960821145,7.42476,SteamVR Tracker (Right Foot),-0.323815,0.06933188,0.4873522,-0.517638,0.04745569,0.01456972,0.8541585
1751960821145,7.42476,SteamVR Tracker (Left Foot),-0.4743945,-0.007101774,0.5461957,-0.5746773,-0.05015729,0.02003588,0.8165959
1751960821145,7.42476,SteamVR Tracker (Waist),-0.5781955,0.7620283,1.226947,-0.4976196,0.4938096,0.5017108,0.5067673
1751960821180,7.460554,SteamVR Tracker (Right Foot),-0.3237602,0.06936359,0.4872745,-0.5175619,0.04765254,0.01440273,0.8541965
1751960821180,7.460554,SteamVR Tracker (Left Foot),-0.474337,-0.007140636,0.546208,-0.5746241,-0.05030707,0.02011993,0.816622
1751960821180,7.460554,SteamVR Tracker (Waist),-0.5782428,0.7621591,1.226957,-0.4975454,0.4939311,0.5016255,0.5068063
1751960821225,7.506844,SteamVR Tracker (Right Foot),-0.3236826,0.06937361,0.4872896,-0.517653,0.04750242,0.01437896,0.85415
1751960821225,7.506844,SteamVR Tracker (Left Foot),-0.4742766,-0.007236242,0.5461197,-0.5748041,-0.05019841,0.01996458,0.8165058
1751960821225,7.506844,SteamVR Tracker (Waist),-0.578212,0.7619621,1.227126,-0.4975071,0.4938192,0.5017966,0.5067834
1751960821244,7.525797,SteamVR Tracker (Right Foot),-0.3237516,0.0695188,0.4873702,-0.5176715,0.04751115,0.01448734,0.8541365
1751960821244,7.525797,SteamVR Tracker (Left Foot),-0.4742714,-0.006962776,0.546234,-0.5747529,-0.05014938,0.01991908,0.816546
1751960821244,7.525797,SteamVR Tracker (Waist),-0.5781678,0.7622011,1.227107,-0.4975239,0.4937839,0.5018603,0.5067383
1751960821278,7.5598,SteamVR Tracker (Right Foot),-0.3239597,0.06943727,0.4874153,-0.5177705,0.04754556,0.01444161,0.8540753
1751960821279,7.5598,SteamVR Tracker (Left Foot),-0.4744094,-0.007107973,0.546197,-0.5748497,-0.05036378,0.01999542,0.8164628
1751960821279,7.5598,SteamVR Tracker (Waist),-0.5783767,0.7625656,1.226877,-0.4975368,0.4937895,0.5018674,0.5067131
1751960821314,7.593482,SteamVR Tracker (Right Foot),-0.3237834,0.06933427,0.4872628,-0.5177177,0.04748803,0.01448167,0.8541099
1751960821314,7.593482,SteamVR Tracker (Left Foot),-0.4744237,-0.007118702,0.5459873,-0.5747568,-0.05038406,0.01999027,0.8165271
1751960821314,7.593482,SteamVR Tracker (Waist),-0.5782856,0.7622719,1.226921,-0.4975413,0.4938914,0.5016941,0.5067809
1751960821349,7.629501,SteamVR Tracker (Right Foot),-0.3236731,0.06931973,0.4872809,-0.517655,0.04752285,0.01439124,0.8541475
1751960821349,7.629501,SteamVR Tracker (Left Foot),-0.4742828,-0.007236719,0.5460446,-0.5747542,-0.05027269,0.01995578,0.8165365
1751960821349,7.629501,SteamVR Tracker (Waist),-0.5780869,0.7620054,1.226889,-0.4974663,0.4938999,0.5017931,0.5067484
1751960821409,7.685685,SteamVR Tracker (Right Foot),-0.3237079,0.06943083,0.4871925,-0.5175599,0.04752961,0.0144472,0.8542037
1751960821409,7.685685,SteamVR Tracker (Left Foot),-0.4743526,-0.007255793,0.5460419,-0.5746844,-0.05032562,0.01997485,0.816582
1751960821409,7.685685,SteamVR Tracker (Waist),-0.5779953,0.7616639,1.226886,-0.4975243,0.4940092,0.5016828,0.5066942
1751960821423,7.704731,SteamVR Tracker (Right Foot),-0.3237147,0.06937075,0.4872753,-0.5175495,0.0475572,0.01454127,0.8542069
1751960821424,7.704731,SteamVR Tracker (Left Foot),-0.4742711,-0.007204056,0.5462037,-0.5744504,-0.05037199,0.02003575,0.8167423
1751960821424,7.704731,SteamVR Tracker (Waist),-0.5779904,0.7614299,1.227047,-0.497646,0.4939744,0.5016126,0.506678
1751960821459,7.739029,SteamVR Tracker (Right Foot),-0.3237015,0.06946397,0.4874365,-0.5172981,0.04750444,0.01433086,0.8543657
1751960821459,7.739029,SteamVR Tracker (Left Foot),-0.4742691,-0.007323503,0.5461617,-0.5744055,-0.05048411,0.01994428,0.8167692
1751960821459,7.739029,SteamVR Tracker (Waist),-0.5779539,0.7614989,1.22711,-0.4975633,0.4938956,0.5016036,0.506845
1751960821491,7.771864,SteamVR Tracker (Right Foot),-0.3237059,0.06951785,0.4873487,-0.5172665,0.04755849,0.01446135,0.8543796
1751960821491,7.771864,SteamVR Tracker (Left Foot),-0.4743378,-0.007292986,0.546127,-0.5743499,-0.05058954,0.02002717,0.8167997
1751960821491,7.771864,SteamVR Tracker (Waist),-0.578015,0.7615336,1.227028,-0.497586,0.4938745,0.5016751,0.5067724
1751960821525,7.805277,SteamVR Tracker (Right Foot),-0.3235973,0.0694046,0.4873974,-0.5172241,0.0474585,0.01448471,0.8544104
1751960821525,7.805277,SteamVR Tracker (Left Foot),-0.4742396,-0.00728631,0.5460969,-0.5742714,-0.05048255,0.01987021,0.8168654
1751960821525,7.805277,SteamVR Tracker (Waist),-0.5779376,0.7613521,1.227146,-0.4975596,0.4939426,0.5015993,0.5068071
1751960821592,7.871435,SteamVR Tracker (Right Foot),-0.3237074,0.06935644,0.4872829,-0.5173085,0.0474546,0.01449165,0.8543594
1751960821592,7.871435,SteamVR Tracker (Left Foot),-0.4743896,-0.007308006,0.5461336,-0.5741933,-0.05060587,0.02006993,0.8169078
1751960821592,7.871435,SteamVR Tracker (Waist),-0.5781084,0.7615894,1.226994,-0.4976402,0.4937832,0.5015898,0.5068926
1751960821606,7.887215,SteamVR Tracker (Right Foot),-0.3237011,0.0693543,0.4873193,-0.5171574,0.04743072,0.01466118,0.8544493
1751960821606,7.887215,SteamVR Tracker (Left Foot),-0.4743483,-0.007326126,0.5461245,-0.5740045,-0.0506617,0.02003451,0.8170378
1751960821606,7.887215,SteamVR Tracker (Waist),-0.578018,0.7614363,1.227026,-0.4976299,0.4938847,0.5015667,0.5068266
1751960821641,7.920482,SteamVR Tracker (Right Foot),-0.3237849,0.06928706,0.4873274,-0.5171199,0.04749163,0.01471683,0.8544677
1751960821641,7.920482,SteamVR Tracker (Left Foot),-0.4744247,-0.007394552,0.5461491,-0.5740026,-0.05081002,0.02012495,0.8170277
1751960821641,7.920482,SteamVR Tracker (Waist),-0.5780889,0.7614139,1.227139,-0.4975498,0.4939135,0.5016345,0.5068101
1751960821673,7.95462,SteamVR Tracker (Right Foot),-0.323617,0.06945777,0.4873466,-0.5170569,0.04743793,0.01452044,0.8545122
1751960821673,7.95462,SteamVR Tracker (Left Foot),-0.4742901,-0.007320404,0.5462804,-0.5738748,-0.05070588,0.02011367,0.8171242
1751960821673,7.95462,SteamVR Tracker (Waist),-0.5779177,0.761237,1.227126,-0.4975288,0.4939388,0.5016995,0.5067417
1751960821709,7.987411,SteamVR Tracker (Right Foot),-0.3237371,0.06937838,0.4873382,-0.5171381,0.04740794,0.01451159,0.8544648
1751960821709,7.987411,SteamVR Tracker (Left Foot),-0.4743718,-0.007185221,0.5461867,-0.573818,-0.0506868,0.02010867,0.8171656
1751960821709,7.987411,SteamVR Tracker (Waist),-0.5781742,0.7614703,1.226974,-0.4975725,0.4940012,0.5016135,0.5067232
1751960821755,8.036101,SteamVR Tracker (Right Foot),-0.3238139,0.0693903,0.4873834,-0.5171375,0.04740706,0.01463787,0.8544631
1751960821755,8.036101,SteamVR Tracker (Left Foot),-0.4743944,-0.007352829,0.5460266,-0.5739582,-0.05083584,0.02019763,0.8170556
1751960821755,8.036101,SteamVR Tracker (Waist),-0.5782918,0.7623695,1.226983,-0.4976401,0.4938803,0.5016763,0.5067125
1751960821771,8.052206,SteamVR Tracker (Right Foot),-0.3238185,0.06932354,0.4874247,-0.517216,0.04744901,0.0146753,0.8544126
1751960821771,8.052206,SteamVR Tracker (Left Foot),-0.4743455,-0.007400751,0.5461157,-0.5739915,-0.05084887,0.02012164,0.8170332
1751960821771,8.052206,SteamVR Tracker (Waist),-0.5781554,0.7619531,1.227074,-0.497502,0.4940062,0.5017492,0.5066531
1751960821808,8.087516,SteamVR Tracker (Right Foot),-0.3238198,0.06938052,0.4872645,-0.5172068,0.04725308,0.01459864,0.8544304
1751960821808,8.087516,SteamVR Tracker (Left Foot),-0.4744335,-0.007515192,0.5461038,-0.5738996,-0.05079961,0.02012295,0.8171008
1751960821808,8.087516,SteamVR Tracker (Waist),-0.5780985,0.7615497,1.227029,-0.4973766,0.4941444,0.5017948,0.5065963
1751960821840,8.120587,SteamVR Tracker (Right Foot),-0.3236664,0.06948018,0.4874943,-0.5171842,0.04749879,0.01454945,0.8544312
1751960821840,8.120587,SteamVR Tracker (Left Foot),-0.4744228,-0.0074296,0.5461836,-0.5738159,-0.05080421,0.02016989,0.8171582
1751960821840,8.120587,SteamVR Tracker (Waist),-0.5778973,0.7611673,1.227006,-0.4974803,0.4941314,0.5017704,0.5065313
1751960821873,8.153756,SteamVR Tracker (Right Foot),-0.3235818,0.06945372,0.4874941,-0.5171497,0.04750071,0.01441949,0.8544542
1751960821873,8.153756,SteamVR Tracker (Left Foot),-0.4744141,-0.007491589,0.5461633,-0.573915,-0.05079157,0.0200503,0.8170923
1751960821873,8.153756,SteamVR Tracker (Waist),-0.577952,0.7613395,1.227089,-0.4974338,0.4940535,0.5017641,0.5066593
1751960821931,8.210498,SteamVR Tracker (Right Foot),-0.3236379,0.06942272,0.487483,-0.517171,0.04753134,0.01454783,0.8544374
1751960821931,8.210498,SteamVR Tracker (Left Foot),-0.4743548,-0.007274628,0.5462337,-0.5739031,-0.05079174,0.0199704,0.8171026
1751960821931,8.210498,SteamVR Tracker (Waist),-0.5780299,0.7615194,1.227064,-0.4975801,0.4940113,0.501672,0.5066479
1751960821945,8.226136,SteamVR Tracker (Right Foot),-0.3234353,0.06940937,0.4874615,-0.5171465,0.04755824,0.01454226,0.8544509
1751960821945,8.226136,SteamVR Tracker (Left Foot),-0.4743222,-0.007299185,0.5461305,-0.5740563,-0.05079513,0.01997911,0.8169945
1751960821945,8.226136,SteamVR Tracker (Waist),-0.5780014,0.7616162,1.227024,-0.4975086,0.4940408,0.5016931,0.5066684
1751960821980,8.260589,SteamVR Tracker (Right Foot),-0.3236299,0.0694344,0.4874237,-0.5170565,0.04766552,0.01445928,0.8545008
1751960821980,8.260589,SteamVR Tracker (Left Foot),-0.4744203,-0.007365942,0.5462381,-0.5738143,-0.05081199,0.01998862,0.8171632
1751960821980,8.260589,SteamVR Tracker (Waist),-0.5779529,0.7613658,1.227031,-0.4976366,0.4939413,0.5016143,0.5067179
1751960822014,8.294806,SteamVR Tracker (Right Foot),-0.3237301,0.06944394,0.4874293,-0.5171753,0.04759718,0.01448382,0.8544322
1751960822014,8.294806,SteamVR Tracker (Left Foot),-0.4743617,-0.007440329,0.5461883,-0.5739516,-0.05077984,0.02003216,0.8170678
1751960822014,8.294806,SteamVR Tracker (Waist),-0.5780164,0.7611946,1.227014,-0.4976029,0.4939969,0.501559,0.5067514
1751960822047,8.328159,SteamVR Tracker (Right Foot),-0.3236903,0.06949139,0.4873188,-0.5171596,0.04761633,0.01451167,0.8544402
1751960822047,8.328159,SteamVR Tracker (Left Foot),-0.4744333,-0.00734663,0.546148,-0.5741084,-0.05071541,0.02008334,0.8169603
1751960822047,8.328159,SteamVR Tracker (Waist),-0.578056,0.7613703,1.22695,-0.4977155,0.4938593,0.5016258,0.5067089
1751960822093,8.374608,SteamVR Tracker (Right Foot),-0.3235794,0.06941199,0.4874018,-0.5172253,0.04760085,0.01436245,0.8544038
1751960822094,8.374608,SteamVR Tracker (Left Foot),-0.4743758,-0.007356167,0.5461848,-0.5740375,-0.05079743,0.02001978,0.8170066
1751960822094,8.374608,SteamVR Tracker (Waist),-0.5779356,0.7612542,1.227015,-0.4976743,0.4938375,0.5016427,0.5067539
1751960822110,8.392437,SteamVR Tracker (Right Foot),-0.3237768,0.06934786,0.4871593,-0.5170961,0.04768306,0.01434063,0.8544778
1751960822111,8.392437,SteamVR Tracker (Left Foot),-0.4744156,-0.007395029,0.546011,-0.5741397,-0.05084258,0.02000933,0.8169322
1751960822111,8.392437,SteamVR Tracker (Waist),-0.5779842,0.7614161,1.226948,-0.4977771,0.4937862,0.5016332,0.5067123
1751960822145,8.426206,SteamVR Tracker (Right Foot),-0.3237804,0.06919479,0.4875203,-0.5171037,0.04762605,0.0144808,0.854474
1751960822146,8.426206,SteamVR Tracker (Left Foot),-0.4743614,-0.007454872,0.5461351,-0.5739177,-0.05086461,0.0198539,0.8170906
1751960822146,8.426206,SteamVR Tracker (Waist),-0.5781299,0.7616582,1.226949,-0.4978558,0.4937013,0.5016104,0.5067403
1751960822179,8.460718,SteamVR Tracker (Right Foot),-0.3237484,0.06943202,0.4872679,-0.5170742,0.04752306,0.01439099,0.8544991
1751960822179,8.460718,SteamVR Tracker (Left Foot),-0.4743448,-0.007384539,0.5461933,-0.5739726,-0.05077472,0.01989011,0.8170568
1751960822179,8.460718,SteamVR Tracker (Waist),-0.5781568,0.7617947,1.226856,-0.4977512,0.4937613,0.5015947,0.5068001
1751960822210,8.492002,SteamVR Tracker (Right Foot),-0.3235567,0.06937575,0.4873031,-0.5172001,0.04767773,0.01427652,0.8544163
1751960822210,8.492002,SteamVR Tracker (Left Foot),-0.4743014,-0.00739646,0.5460777,-0.5739443,-0.05077154,0.01987788,0.8170772
1751960822210,8.492002,SteamVR Tracker (Waist),-0.5780954,0.7617483,1.226948,-0.4976631,0.4937618,0.5015834,0.5068974
1751960822267,8.547873,SteamVR Tracker (Right Foot),-0.323462,0.06948996,0.4873669,-0.5172018,0.04778394,0.01429476,0.854409
1751960822268,8.547873,SteamVR Tracker (Left Foot),-0.4742312,-0.007401705,0.5461089,-0.5739716,-0.05077187,0.01989376,0.8170575
1751960822268,8.547873,SteamVR Tracker (Waist),-0.5780385,0.7616694,1.227017,-0.4977608,0.4937491,0.5016351,0.5067625
1751960822279,8.561853,SteamVR Tracker (Right Foot),-0.3234132,0.06942296,0.4874232,-0.5171509,0.04767021,0.01431428,0.8544458
1751960822279,8.561853,SteamVR Tracker (Left Foot),-0.4741758,-0.007361889,0.5460425,-0.5740373,-0.0507956,0.01977526,0.8170129
1751960822279,8.561853,SteamVR Tracker (Waist),-0.5780153,0.7617238,1.227039,-0.4977276,0.4937479,0.5015813,0.5068496
1751960822312,8.594483,SteamVR Tracker (Right Foot),-0.3234682,0.06936646,0.4874611,-0.5172867,0.04778984,0.01432869,0.8543566
1751960822312,8.594483,SteamVR Tracker (Left Foot),-0.474221,-0.00726676,0.5463594,-0.573986,-0.05063458,0.01977787,0.8170588
1751960822312,8.594483,SteamVR Tracker (Waist),-0.578042,0.7619265,1.227065,-0.4977436,0.4938059,0.5016351,0.5067241
1751960822349,8.62845,SteamVR Tracker (Right Foot),-0.3236359,0.06958771,0.4874446,-0.5171064,0.04776703,0.01428323,0.8544679
1751960822349,8.62845,SteamVR Tracker (Left Foot),-0.4744765,-0.007284403,0.546155,-0.5739934,-0.05079575,0.01982398,0.8170425
1751960822349,8.62845,SteamVR Tracker (Waist),-0.578182,0.7620322,1.227013,-0.497744,0.4937389,0.5017459,0.5066793
1751960822379,8.659228,SteamVR Tracker (Right Foot),-0.3236579,0.06955218,0.4872857,-0.5171415,0.04763884,0.01434349,0.8544528
1751960822379,8.659228,SteamVR Tracker (Left Foot),-0.4743874,-0.007471085,0.5461445,-0.5740571,-0.05063254,0.01982672,0.8170078
1751960822379,8.659228,SteamVR Tracker (Waist),-0.5781881,0.7619786,1.226908,-0.4977726,0.4938352,0.5016044,0.5066975
1751960822439,8.7186,SteamVR Tracker (Right Foot),-0.323513,0.06939101,0.4874602,-0.5170613,0.04769218,0.01420296,0.8545007
1751960822439,8.7186,SteamVR Tracker (Left Foot),-0.4743159,-0.007430553,0.5461244,-0.5739901,-0.05066098,0.01986069,0.8170523
1751960822439,8.7186,SteamVR Tracker (Waist),-0.5782822,0.7622876,1.226934,-0.4977832,0.4937518,0.5016702,0.5067031
1751960822456,8.73707,SteamVR Tracker (Right Foot),-0.3235327,0.06933379,0.4874719,-0.517017,0.04762449,0.01430512,0.8545295
1751960822456,8.73707,SteamVR Tracker (Left Foot),-0.4743011,-0.007586241,0.5461652,-0.5740576,-0.05071021,0.01984549,0.8170022
1751960822456,8.73707,SteamVR Tracker (Waist),-0.5783191,0.7623715,1.226916,-0.4977793,0.4938111,0.5017151,0.5066047
1751960822490,8.770115,SteamVR Tracker (Right Foot),-0.3233834,0.06950188,0.4875135,-0.5170481,0.04772422,0.01419024,0.8545071
1751960822490,8.770115,SteamVR Tracker (Left Foot),-0.4742448,-0.007439852,0.5461594,-0.5739588,-0.05072894,0.01978449,0.8170719
1751960822490,8.770115,SteamVR Tracker (Waist),-0.5782925,0.7623076,1.227102,-0.4977105,0.4938523,0.5017138,0.5066335
1751960822525,8.804516,SteamVR Tracker (Right Foot),-0.3235011,0.06951642,0.4873562,-0.5170725,0.0476684,0.01430273,0.8544935
1751960822525,8.804516,SteamVR Tracker (Left Foot),-0.4743501,-0.007423639,0.5461867,-0.5739344,-0.05070215,0.01964245,0.8170941
1751960822525,8.804516,SteamVR Tracker (Waist),-0.5781703,0.7621284,1.227164,-0.4976135,0.4939422,0.5016991,0.5066558
1751960822561,8.840407,SteamVR Tracker (Right Foot),-0.3234051,0.06965828,0.4874776,-0.5170945,0.04762859,0.01419766,0.8544842
1751960822561,8.840407,SteamVR Tracker (Left Foot),-0.4744304,-0.00752902,0.54618,-0.5739331,-0.05078353,0.01958833,0.8170913
1751960822561,8.840407,SteamVR Tracker (Waist),-0.5782142,0.7621522,1.226939,-0.4977279,0.4938114,0.5016735,0.5066962
1751960822605,8.886501,SteamVR Tracker (Right Foot),-0.3235401,0.06960702,0.4874973,-0.5170216,0.04765023,0.01427495,0.8545258
1751960822605,8.886501,SteamVR Tracker (Left Foot),-0.4743261,-0.00727725,0.5462161,-0.5738648,-0.05083779,0.01966573,0.817134
1751960822605,8.886501,SteamVR Tracker (Waist),-0.5782471,0.7621135,1.226815,-0.4977722,0.4938581,0.5015813,0.5066984
1751960822619,8.90204,SteamVR Tracker (Right Foot),-0.3235665,0.06969857,0.4873677,-0.516959,0.04769128,0.01424312,0.8545619
1751960822619,8.90204,SteamVR Tracker (Left Foot),-0.4743094,-0.007329226,0.5460913,-0.5738674,-0.05076759,0.01966397,0.8171366
1751960822619,8.90204,SteamVR Tracker (Waist),-0.5783402,0.7621661,1.226849,-0.497761,0.4937795,0.5016548,0.5067133
1751960822655,8.936845,SteamVR Tracker (Right Foot),-0.3235335,0.06969857,0.4873332,-0.5169544,0.04771303,0.01411663,0.8545656
1751960822655,8.936845,SteamVR Tracker (Left Foot),-0.4742781,-0.007413626,0.5460621,-0.5738618,-0.05077379,0.01965925,0.8171403
1751960822655,8.936845,SteamVR Tracker (Waist),-0.5782294,0.7619667,1.226952,-0.4977024,0.4937924,0.5016665,0.5067466
1751960822692,8.972138,SteamVR Tracker (Right Foot),-0.3232698,0.06960249,0.4873998,-0.5168057,0.04756932,0.01416119,0.8546628
1751960822692,8.972138,SteamVR Tracker (Left Foot),-0.4741636,-0.007370234,0.546145,-0.5738437,-0.05074003,0.01958416,0.8171569
1751960822692,8.972138,SteamVR Tracker (Waist),-0.5781163,0.7621007,1.227144,-0.497684,0.4938809,0.501587,0.5067571
1751960822727,9.005111,SteamVR Tracker (Right Foot),-0.3233275,0.06962466,0.4874405,-0.5169823,0.04768243,0.01397142,0.8545528
1751960822727,9.005111,SteamVR Tracker (Left Foot),-0.4742201,-0.007389784,0.5461735,-0.5737661,-0.05077214,0.01947868,0.8172119
1751960822727,9.005111,SteamVR Tracker (Waist),-0.5781958,0.7623755,1.227169,-0.4976716,0.4937517,0.5016698,0.5068132
1751960822774,9.054373,SteamVR Tracker (Right Foot),-0.3235597,0.06953406,0.4875017,-0.5168722,0.04758635,0.0141136,0.8546225
1751960822774,9.054373,SteamVR Tracker (Left Foot),-0.474444,-0.007330179,0.5462727,-0.573549,-0.05087841,0.01956317,0.8173556
1751960822774,9.054373,SteamVR Tracker (Waist),-0.5783262,0.762144,1.226948,-0.4976283,0.4938279,0.5016411,0.50681
1751960822789,9.070306,SteamVR Tracker (Right Foot),-0.32358,0.06961036,0.4873804,-0.5167601,0.04769491,0.01408661,0.8546847
1751960822789,9.070306,SteamVR Tracker (Left Foot),-0.474555,-0.007281303,0.5461184,-0.5735092,-0.05106162,0.0195363,0.8173727
1751960822789,9.070306,SteamVR Tracker (Waist),-0.5783385,0.7622573,1.226616,-0.4977813,0.4937636,0.5015699,0.5067928
1751960822826,9.105613,SteamVR Tracker (Right Foot),-0.3236522,0.06937075,0.4874849,-0.5168111,0.04756189,0.01391796,0.8546639
1751960822826,9.105613,SteamVR Tracker (Left Foot),-0.474395,-0.007325172,0.5462026,-0.5734552,-0.05104605,0.01962396,0.8174096
1751960822826,9.105613,SteamVR Tracker (Waist),-0.5781866,0.7619754,1.226768,-0.4977069,0.4938516,0.5015354,0.5068144
1751960822857,9.137637,SteamVR Tracker (Right Foot),-0.3234674,0.0693624,0.4875019,-0.5166783,0.04767279,0.01386237,0.854739
1751960822857,9.137637,SteamVR Tracker (Left Foot),-0.4742541,-0.007399321,0.5463167,-0.5734096,-0.05101293,0.01959686,0.8174443
1751960822858,9.137637,SteamVR Tracker (Waist),-0.578434,0.7626439,1.226883,-0.4978019,0.4937948,0.5014905,0.5068207
1751960822890,9.170332,SteamVR Tracker (Right Foot),-0.3234473,0.06948853,0.4874595,-0.516517,0.04773232,0.01362965,0.8548369
1751960822890,9.170332,SteamVR Tracker (Left Foot),-0.4742572,-0.00733614,0.5463443,-0.5733261,-0.05113915,0.01963411,0.817494
1751960822890,9.170332,SteamVR Tracker (Waist),-0.5785376,0.7628776,1.227024,-0.4976796,0.4937774,0.5015096,0.5069389
1751960822953,9.231597,SteamVR Tracker (Right Foot),-0.3234116,0.06948256,0.4874188,-0.5162691,0.04778175,0.01351792,0.8549857
1751960822953,9.231597,SteamVR Tracker (Left Foot),-0.4743468,-0.00739789,0.5462174,-0.5734236,-0.05123964,0.01947296,0.8174232
1751960822953,9.231597,SteamVR Tracker (Waist),-0.578149,0.7620552,1.226969,-0.4977203,0.4939126,0.5014806,0.5067958
1751960822971,9.251224,SteamVR Tracker (Right Foot),-0.3233738,0.06950593,0.4873502,-0.5162266,0.04790997,0.01347552,0.8550047
1751960822971,9.251224,SteamVR Tracker (Left Foot),-0.4742838,-0.007279634,0.5462021,-0.5733682,-0.05112834,0.01940341,0.8174707
1751960822971,9.251224,SteamVR Tracker (Waist),-0.5781922,0.7621737,1.226932,-0.4977805,0.4938895,0.5014967,0.5067433
1751960823004,9.284443,SteamVR Tracker (Right Foot),-0.3233684,0.06941533,0.4876221,-0.516243,0.04780495,0.01341262,0.8550017
1751960823004,9.284443,SteamVR Tracker (Left Foot),-0.4742049,-0.007339478,0.546323,-0.5734205,-0.05122705,0.01946178,0.8174264
1751960823004,9.284443,SteamVR Tracker (Waist),-0.5779576,0.7616594,1.227099,-0.4976329,0.4940467,0.5014642,0.5067673
1751960823035,9.316707,SteamVR Tracker (Right Foot),-0.3232563,0.06946135,0.4874825,-0.5161704,0.04776631,0.01344751,0.8550472
1751960823035,9.316707,SteamVR Tracker (Left Foot),-0.4742019,-0.007376194,0.5462878,-0.5733845,-0.05104806,0.01934767,0.8174656
1751960823035,9.316707,SteamVR Tracker (Waist),-0.5782214,0.7620038,1.226958,-0.4976599,0.493957,0.5015991,0.5066947
1751960823069,9.349846,SteamVR Tracker (Right Foot),-0.323174,0.06953382,0.4876233,-0.5163517,0.04793858,0.01333289,0.8549299
1751960823069,9.349846,SteamVR Tracker (Left Foot),-0.4742689,-0.007398129,0.5463248,-0.5733285,-0.05122047,0.01928813,0.8174954
1751960823069,9.349846,SteamVR Tracker (Waist),-0.5781176,0.7621212,1.227122,-0.4975434,0.4939871,0.5016899,0.50669
1751960823128,9.407569,SteamVR Tracker (Right Foot),-0.3234263,0.06954479,0.4875742,-0.5163891,0.04783001,0.01339184,0.8549124
1751960823128,9.407569,SteamVR Tracker (Left Foot),-0.4743313,-0.007292986,0.5463253,-0.5734056,-0.05113801,0.01938108,0.8174444
1751960823128,9.407569,SteamVR Tracker (Waist),-0.5782772,0.762176,1.226935,-0.4975123,0.4941232,0.5015756,0.5067009
1751960823143,9.423182,SteamVR Tracker (Right Foot),-0.3234401,0.06949377,0.4875806,-0.5163524,0.04783461,0.01341988,0.8549339
1751960823143,9.423182,SteamVR Tracker (Left Foot),-0.4743157,-0.00728035,0.5463195,-0.5734807,-0.05109961,0.01933545,0.8173952
1751960823143,9.423182,SteamVR Tracker (Waist),-0.5783727,0.7624384,1.226941,-0.4975949,0.4940012,0.5016494,0.5066656
1751960823177,9.457842,SteamVR Tracker (Right Foot),-0.3231559,0.06958342,0.4875031,-0.5164201,0.04774367,0.01338476,0.8548986
1751960823178,9.457842,SteamVR Tracker (Left Foot),-0.4741425,-0.00727272,0.5462818,-0.5736108,-0.05110079,0.01924863,0.8173059
1751960823178,9.457842,SteamVR Tracker (Waist),-0.5781449,0.7619815,1.227098,-0.4975239,0.4940819,0.5015613,0.5067438
1751960823209,9.489135,SteamVR Tracker (Right Foot),-0.323246,0.06949115,0.4873112,-0.5163576,0.0477056,0.01340105,0.8549383
1751960823209,9.489135,SteamVR Tracker (Left Foot),-0.4742212,-0.007300615,0.5461226,-0.5737171,-0.05098849,0.01928093,0.8172375
1751960823209,9.489135,SteamVR Tracker (Waist),-0.5781587,0.7619137,1.226966,-0.4975041,0.4940992,0.5015303,0.5067772
1751960823242,9.522774,SteamVR Tracker (Right Foot),-0.3231517,0.06956983,0.4875249,-0.5163921,0.04783078,0.01331718,0.8549117
1751960823242,9.522774,SteamVR Tracker (Left Foot),-0.4742004,-0.007539034,0.5463004,-0.5737002,-0.0509623,0.01913739,0.8172544
1751960823242,9.522774,SteamVR Tracker (Waist),-0.5780085,0.7616872,1.227084,-0.4974659,0.4941753,0.5015061,0.5067644
1751960823302,9.582097,SteamVR Tracker (Right Foot),-0.3232301,0.06957507,0.4874893,-0.5162928,0.04785049,0.01325655,0.8549715
1751960823302,9.582097,SteamVR Tracker (Left Foot),-0.4742279,-0.007481337,0.5462062,-0.5736398,-0.05102235,0.01922796,0.817291
1751960823302,9.582097,SteamVR Tracker (Waist),-0.5780102,0.7615432,1.227057,-0.4976329,0.4939758,0.5015395,0.5067618
1751960823313,9.595973,SteamVR Tracker (Right Foot),-0.3232164,0.06950831,0.4875239,-0.516398,0.04781238,0.01319349,0.8549112
1751960823313,9.595973,SteamVR Tracker (Left Foot),-0.4742242,-0.007503033,0.546209,-0.5735942,-0.05108853,0.01918398,0.8173199
1751960823313,9.595973,SteamVR Tracker (Waist),-0.5779421,0.7611392,1.227066,-0.4975573,0.4940101,0.5015588,0.5067836
1751960823351,9.631768,SteamVR Tracker (Right Foot),-0.3232375,0.06943321,0.487461,-0.5164043,0.04779631,0.01324591,0.8549074
1751960823351,9.631768,SteamVR Tracker (Left Foot),-0.4743134,-0.007514238,0.5461532,-0.5735902,-0.05098384,0.01910507,0.817331
1751960823351,9.631768,SteamVR Tracker (Waist),-0.5781142,0.7615398,1.226964,-0.497619,0.4939085,0.5016466,0.5067352
1751960823383,9.66309,SteamVR Tracker (Right Foot),-0.3232105,0.06947684,0.4875044,-0.5163233,0.04774011,0.01325271,0.8549594
1751960823383,9.66309,SteamVR Tracker (Left Foot),-0.4742449,-0.007507563,0.5462249,-0.5735982,-0.0511225,0.01917515,0.8173151
1751960823383,9.66309,SteamVR Tracker (Waist),-0.5780541,0.7614238,1.226988,-0.4977978,0.4937439,0.5015659,0.5067999
1751960823418,9.698111,SteamVR Tracker (Right Foot),-0.3231602,0.06954908,0.4875734,-0.5162832,0.04778026,0.01318557,0.8549824
1751960823418,9.698111,SteamVR Tracker (Left Foot),-0.4741885,-0.007311344,0.5463731,-0.5736209,-0.05104079,0.01923692,0.8173028
1751960823418,9.698111,SteamVR Tracker (Waist),-0.5780795,0.7614642,1.227074,-0.497707,0.4937466,0.5016562,0.506797
1751960823475,9.755526,SteamVR Tracker (Right Foot),-0.3232516,0.06948996,0.4876125,-0.5162582,0.04784782,0.01318201,0.8549938
1751960823475,9.755526,SteamVR Tracker (Left Foot),-0.4741861,-0.007339716,0.5462757,-0.5736569,-0.05114574,0.01920652,0.8172717
1751960823476,9.755526,SteamVR Tracker (Waist),-0.5781033,0.761742,1.227036,-0.4975598,0.4938801,0.5017051,0.5067629
1751960823491,9.772815,SteamVR Tracker (Right Foot),-0.3232274,0.06949544,0.4875764,-0.51612,0.0477585,0.01320024,0.8550819
1751960823491,9.772815,SteamVR Tracker (Left Foot),-0.4741846,-0.007307768,0.5462266,-0.573729,-0.05113808,0.01912211,0.8172235
1751960823491,9.772815,SteamVR Tracker (Waist),-0.5779134,0.7612649,1.22692,-0.4976285,0.4938743,0.5016253,0.5067802
1751960823526,9.80558,SteamVR Tracker (Right Foot),-0.3232489,0.06961322,0.4874584,-0.5160445,0.04796702,0.01309984,0.8551173
1751960823527,9.80558,SteamVR Tracker (Left Foot),-0.4742143,-0.007317543,0.5461563,-0.5736459,-0.05125405,0.01921933,0.8172722
1751960823527,9.80558,SteamVR Tracker (Waist),-0.5779572,0.7611347,1.226991,-0.4975244,0.4939044,0.5016233,0.5068549
1751960823560,9.840028,SteamVR Tracker (Right Foot),-0.3233201,0.0696137,0.487511,-0.5159209,0.04799986,0.01297318,0.855192
1751960823560,9.840028,SteamVR Tracker (Left Foot),-0.4742503,-0.007261753,0.5462741,-0.5735078,-0.05120985,0.01927696,0.8173707
1751960823560,9.840028,SteamVR Tracker (Waist),-0.5779771,0.7612376,1.226986,-0.4975457,0.493888,0.5016542,0.5068195
1751960823590,9.871025,SteamVR Tracker (Right Foot),-0.3231357,0.06966686,0.4876361,-0.5158111,0.04799122,0.01286545,0.8552603
1751960823590,9.871025,SteamVR Tracker (Left Foot),-0.4740469,-0.00739789,0.5464144,-0.5734197,-0.05120359,0.01926913,0.817433
1751960823590,9.871025,SteamVR Tracker (Waist),-0.57793,0.7611383,1.227122,-0.4975465,0.4939644,0.5016411,0.5067573
1751960823655,9.934085,SteamVR Tracker (Right Foot),-0.323258,0.06948543,0.4875588,-0.5158126,0.04790191,0.01289492,0.855264
1751960823655,9.934085,SteamVR Tracker (Left Foot),-0.4741998,-0.007429123,0.5462103,-0.5734112,-0.05117098,0.01913415,0.8174442
1751960823655,9.934085,SteamVR Tracker (Waist),-0.5780286,0.7615175,1.226995,-0.4976827,0.4938509,0.5015847,0.5067899
1751960823668,9.950605,SteamVR Tracker (Right Foot),-0.3231498,0.06945467,0.4874807,-0.5157657,0.04799517,0.01272626,0.8552896
1751960823669,9.950605,SteamVR Tracker (Left Foot),-0.4742189,-0.007427454,0.5461836,-0.573325,-0.05121423,0.01924367,0.8174993
1751960823669,9.950605,SteamVR Tracker (Waist),-0.5780833,0.7617414,1.226954,-0.4976997,0.49382,0.5015255,0.5068621
1751960823704,9.984869,SteamVR Tracker (Right Foot),-0.3231284,0.06946754,0.4875818,-0.5156327,0.04800342,0.01267112,0.8553701
1751960823704,9.984869,SteamVR Tracker (Left Foot),-0.4741475,-0.007434607,0.5462714,-0.5732428,-0.05123365,0.01907555,0.8175597
1751960823704,9.984869,SteamVR Tracker (Waist),-0.5780593,0.7615476,1.226987,-0.4976737,0.4938161,0.5017141,0.5067046
1751960823736,10.01751,SteamVR Tracker (Right Foot),-0.3231285,0.0695622,0.4877437,-0.5156217,0.04802098,0.01256566,0.8553773
1751960823736,10.01751,SteamVR Tracker (Left Foot),-0.4741049,-0.007280827,0.5464063,-0.5730522,-0.05122877,0.01896755,0.8176962
1751960823736,10.01751,SteamVR Tracker (Waist),-0.5780557,0.7616696,1.227088,-0.497638,0.4938633,0.5016882,0.5067194
1751960823766,10.04846,SteamVR Tracker (Right Foot),-0.3230008,0.06953621,0.4876631,-0.5154865,0.04794285,0.01262533,0.8554624
1751960823766,10.04846,SteamVR Tracker (Left Foot),-0.4741611,-0.007344961,0.5463385,-0.5730574,-0.05138708,0.01893524,0.8176834
1751960823766,10.04846,SteamVR Tracker (Waist),-0.5781205,0.762035,1.227138,-0.4974504,0.4939388,0.501642,0.5068756
1751960823821,10.1,SteamVR Tracker (Right Foot),-0.3231238,0.0694418,0.4875327,-0.5154656,0.04794378,0.01257643,0.8554756
1751960823821,10.1,SteamVR Tracker (Left Foot),-0.4742161,-0.007323503,0.5462571,-0.5730505,-0.05133375,0.01891514,0.817692
1751960823821,10.1,SteamVR Tracker (Waist),-0.5780125,0.761538,1.22689,-0.4975849,0.4939075,0.501677,0.5067394
1751960823834,10.11758,SteamVR Tracker (Right Foot),-0.3231126,0.06930256,0.4875539,-0.5154845,0.0480102,0.01264101,0.8554595
1751960823834,10.11758,SteamVR Tracker (Left Foot),-0.47418,-0.007386446,0.5462404,-0.573118,-0.0514212,0.01889007,0.8176398
1751960823834,10.11758,SteamVR Tracker (Waist),-0.5780432,0.7614492,1.227005,-0.4975555,0.4939004,0.5016478,0.5068041
1751960823872,10.15226,SteamVR Tracker (Right Foot),-0.3231632,0.06944466,0.4877046,-0.5155082,0.04791666,0.01259907,0.8554511
1751960823872,10.15226,SteamVR Tracker (Left Foot),-0.4741764,-0.007259607,0.5463864,-0.5730599,-0.05137043,0.01885289,0.8176847
1751960823872,10.15226,SteamVR Tracker (Waist),-0.5781465,0.7616531,1.227084,-0.4975698,0.4938473,0.5017213,0.5067691
1751960823906,10.18634,SteamVR Tracker (Right Foot),-0.3230688,0.06951356,0.487645,-0.5153828,0.04791268,0.01261764,0.8555266
1751960823906,10.18634,SteamVR Tracker (Left Foot),-0.4741211,-0.007399797,0.546333,-0.5732297,-0.05140689,0.0189446,0.8175611
1751960823906,10.18634,SteamVR Tracker (Waist),-0.578133,0.7616317,1.227075,-0.4975218,0.4938911,0.5018528,0.5066434
1751960823938,10.21852,SteamVR Tracker (Right Foot),-0.32302,0.06943798,0.4876518,-0.5154001,0.04791402,0.01255152,0.8555171
1751960823938,10.21852,SteamVR Tracker (Left Foot),-0.4740072,-0.007465839,0.5463626,-0.5729878,-0.05145439,0.01889731,0.8177288
1751960823938,10.21852,SteamVR Tracker (Waist),-0.5782255,0.7619879,1.227143,-0.4975306,0.4938734,0.5018604,0.5066444
1751960823995,10.27519,SteamVR Tracker (Right Foot),-0.3231422,0.06931901,0.4875179,-0.5154184,0.04790619,0.0125949,0.8555059
1751960823995,10.27519,SteamVR Tracker (Left Foot),-0.4741299,-0.007417679,0.5462343,-0.5731784,-0.05146217,0.01897827,0.8175929
1751960823995,10.27519,SteamVR Tracker (Waist),-0.5783098,0.7621604,1.227011,-0.4973825,0.494014,0.5018139,0.5066989
1751960824009,10.29131,SteamVR Tracker (Right Foot),-0.3230906,0.06922936,0.4875,-0.5153335,0.04790293,0.01260547,0.855557
1751960824009,10.29131,SteamVR Tracker (Left Foot),-0.4740536,-0.007510185,0.5462149,-0.5731596,-0.05138577,0.01908069,0.8176084
1751960824009,10.29131,SteamVR Tracker (Waist),-0.5781275,0.7621047,1.226964,-0.4974149,0.4939164,0.5018259,0.5067502
1751960824049,10.32813,SteamVR Tracker (Right Foot),-0.322957,0.06935143,0.4875476,-0.5152488,0.04787825,0.01256758,0.85561
1751960824049,10.32813,SteamVR Tracker (Left Foot),-0.4741204,-0.00748682,0.5462734,-0.573121,-0.05145999,0.01905945,0.8176314
1751960824049,10.32813,SteamVR Tracker (Waist),-0.5781287,0.7620816,1.226969,-0.4974178,0.4939685,0.5018683,0.5066546
1751960824078,10.35898,SteamVR Tracker (Right Foot),-0.322865,0.069453,0.4876142,-0.5154209,0.0477691,0.01253669,0.8555129
1751960824078,10.35898,SteamVR Tracker (Left Foot),-0.4740242,-0.007408381,0.5462579,-0.5732248,-0.0515126,0.01904596,0.8175555
1751960824078,10.35898,SteamVR Tracker (Waist),-0.578118,0.7619625,1.227001,-0.4973628,0.4939343,0.5018137,0.5067961
1751960824113,10.39246,SteamVR Tracker (Right Foot),-0.3232448,0.06959081,0.4877353,-0.5152401,0.04770186,0.01267076,0.8556236
1751960824113,10.39246,SteamVR Tracker (Left Foot),-0.4739285,-0.007292509,0.5463594,-0.5731832,-0.05139947,0.01899068,0.8175932
1751960824113,10.39246,SteamVR Tracker (Waist),-0.5782404,0.7618616,1.227155,-0.4974357,0.4939575,0.5017941,0.5067212
1751960824170,10.45106,SteamVR Tracker (Right Foot),-0.3231498,0.06955743,0.4877914,-0.5153958,0.04779401,0.01269245,0.8555243
1751960824170,10.45106,SteamVR Tracker (Left Foot),-0.4741521,-0.007389069,0.5463623,-0.5732158,-0.05152392,0.01899703,0.8175623
1751960824170,10.45106,SteamVR Tracker (Waist),-0.5781658,0.761726,1.227042,-0.4973352,0.4940427,0.5018319,0.5066994
1751960824184,10.46642,SteamVR Tracker (Right Foot),-0.323115,0.0697186,0.4877465,-0.5154392,0.04780422,0.01273195,0.855497
1751960824184,10.46642,SteamVR Tracker (Left Foot),-0.474209,-0.007307291,0.5464377,-0.5732719,-0.05154009,0.019091,0.8175198
1751960824184,10.46642,SteamVR Tracker (Waist),-0.5779663,0.7615099,1.227042,-0.4974242,0.4940174,0.50179,0.5066782
1751960824223,10.50325,SteamVR Tracker (Right Foot),-0.3232417,0.06960845,0.4877291,-0.5154845,0.04774877,0.01264139,0.8554742
1751960824223,10.50325,SteamVR Tracker (Left Foot),-0.4742005,-0.007241011,0.5463237,-0.5732414,-0.05142845,0.01896356,0.8175512
1751960824223,10.50325,SteamVR Tracker (Waist),-0.5781463,0.7616332,1.22706,-0.4972804,0.4939962,0.5018768,0.5067541
1751960824251,10.5323,SteamVR Tracker (Right Foot),-0.3232048,0.06967092,0.4877334,-0.5154274,0.04770842,0.01272101,0.8555096
1751960824252,10.5323,SteamVR Tracker (Left Foot),-0.4741693,-0.007200718,0.5463434,-0.5733449,-0.05145186,0.01891827,0.8174781
1751960824252,10.5323,SteamVR Tracker (Waist),-0.5778108,0.761222,1.226916,-0.4973956,0.494129,0.5017752,0.5066121
1751960824285,10.56616,SteamVR Tracker (Right Foot),-0.3230749,0.06959367,0.4877761,-0.5153613,0.04776414,0.01263553,0.8555476
1751960824285,10.56616,SteamVR Tracker (Left Foot),-0.4741796,-0.007316828,0.5463299,-0.5733202,-0.05134536,0.01901457,0.8174999
1751960824285,10.56616,SteamVR Tracker (Waist),-0.5780698,0.7616588,1.227033,-0.4973554,0.4940303,0.5018083,0.5067152
1751960824340,10.6201,SteamVR Tracker (Right Foot),-0.3232183,0.06946063,0.4876149,-0.5153912,0.04774661,0.01265192,0.8555304
1751960824340,10.6201,SteamVR Tracker (Left Foot),-0.474276,-0.007444859,0.5462212,-0.5732381,-0.05135349,0.01901724,0.8175569
1751960824341,10.6201,SteamVR Tracker (Waist),-0.577945,0.7612789,1.227027,-0.4975003,0.4939854,0.5017481,0.5066762
1751960824356,10.63821,SteamVR Tracker (Right Foot),-0.3230297,0.06947398,0.4877642,-0.515302,0.04791226,0.01269136,0.8555742
1751960824356,10.63821,SteamVR Tracker (Left Foot),-0.4741236,-0.00739336,0.5463199,-0.5733963,-0.05136097,0.01893204,0.8174475
1751960824356,10.63821,SteamVR Tracker (Waist),-0.5780314,0.7616118,1.227033,-0.4973948,0.4939832,0.5016723,0.506857
1751960824392,10.67172,SteamVR Tracker (Right Foot),-0.323135,0.06950426,0.4876394,-0.5153775,0.04786168,0.01268732,0.8555316
1751960824392,10.67172,SteamVR Tracker (Left Foot),-0.4742039,-0.007381916,0.5461134,-0.5734418,-0.05137221,0.01895007,0.8174144
1751960824392,10.67172,SteamVR Tracker (Waist),-0.5781577,0.7616247,1.226896,-0.4974369,0.4939734,0.5017692,0.5067292
1751960824427,10.70553,SteamVR Tracker (Right Foot),-0.3232954,0.06939864,0.4874336,-0.5154129,0.04790385,0.01267751,0.855508
1751960824428,10.70553,SteamVR Tracker (Left Foot),-0.4742242,-0.007464409,0.5460723,-0.5733964,-0.05131951,0.01902506,0.8174478
1751960824428,10.70553,SteamVR Tracker (Waist),-0.5781418,0.7616957,1.22692,-0.4974707,0.4939325,0.5016487,0.5068552
1751960824458,10.739,SteamVR Tracker (Right Foot),-0.3230612,0.06943536,0.4877005,-0.5152237,0.04790871,0.01262032,0.8556226
1751960824458,10.739,SteamVR Tracker (Left Foot),-0.4741053,-0.007472754,0.5462567,-0.5732014,-0.05136103,0.01899954,0.8175826
1751960824458,10.739,SteamVR Tracker (Waist),-0.5779483,0.7615273,1.227074,-0.497539,0.49387,0.5017256,0.506773
1751960824513,10.79284,SteamVR Tracker (Right Foot),-0.3230681,0.06969333,0.4878252,-0.515147,0.04791244,0.01274051,0.8556668
1751960824513,10.79284,SteamVR Tracker (Left Foot),-0.4741317,-0.007218361,0.5464059,-0.5732344,-0.05125258,0.01882977,0.8175701
1751960824513,10.79284,SteamVR Tracker (Waist),-0.5780113,0.7616174,1.227183,-0.4974424,0.493993,0.5017097,0.5067636
1751960824526,10.80808,SteamVR Tracker (Right Foot),-0.3229985,0.06971383,0.487743,-0.5151247,0.04787919,0.01267543,0.855683
1751960824527,10.80808,SteamVR Tracker (Left Foot),-0.474109,-0.007160425,0.5464596,-0.5732097,-0.05133048,0.01890698,0.8175809
1751960824527,10.80808,SteamVR Tracker (Waist),-0.5780137,0.7616185,1.227081,-0.4975744,0.4939409,0.5016403,0.5067536
1751960824561,10.8414,SteamVR Tracker (Right Foot),-0.3230214,0.06960297,0.487606,-0.5152587,0.04796695,0.01266336,0.8555976
1751960824561,10.8414,SteamVR Tracker (Left Foot),-0.4740063,-0.007462978,0.5462812,-0.5731807,-0.05121684,0.01894898,0.8176073
1751960824561,10.8414,SteamVR Tracker (Waist),-0.5780945,0.7617913,1.227026,-0.4975039,0.4939263,0.5016835,0.5067942
1751960824596,10.87653,SteamVR Tracker (Right Foot),-0.3231602,0.06945992,0.4876289,-0.5151412,0.04789669,0.01269245,0.8556719
1751960824597,10.87653,SteamVR Tracker (Left Foot),-0.4741464,-0.007507324,0.5461732,-0.5731562,-0.05132548,0.01893541,0.817618
1751960824597,10.87653,SteamVR Tracker (Waist),-0.5782764,0.7619934,1.226944,-0.4976059,0.4938918,0.501706,0.5067054
1751960824630,10.90991,SteamVR Tracker (Right Foot),-0.3230816,0.06958866,0.4875359,-0.5151699,0.04798245,0.01265513,0.8556504
1751960824630,10.90991,SteamVR Tracker (Left Foot),-0.4741399,-0.007609129,0.5461156,-0.5732273,-0.05135262,0.01897186,0.8175656
1751960824630,10.90991,SteamVR Tracker (Waist),-0.5782205,0.7618366,1.226957,-0.4976301,0.4939171,0.5016718,0.5066909
1751960824684,10.96385,SteamVR Tracker (Right Foot),-0.3231871,0.06952929,0.4878607,-0.5150512,0.04785924,0.01264152,0.855729
1751960824684,10.96385,SteamVR Tracker (Left Foot),-0.4741499,-0.007404566,0.5464877,-0.5731707,-0.05145415,0.01905466,0.817597
1751960824685,10.96385,SteamVR Tracker (Waist),-0.578218,0.7619616,1.227052,-0.4974874,0.4940224,0.501701,0.5066995
1751960824700,10.98128,SteamVR Tracker (Right Foot),-0.3232086,0.06961226,0.4879014,-0.5150612,0.04790812,0.01267246,0.8557197
1751960824700,10.98128,SteamVR Tracker (Left Foot),-0.4741854,-0.007336378,0.5463436,-0.5731327,-0.05148295,0.01895671,0.817624
1751960824700,10.98128,SteamVR Tracker (Waist),-0.578238,0.7618961,1.227027,-0.4974844,0.494048,0.5016329,0.5067448
1751960824730,11.01191,SteamVR Tracker (Right Foot),-0.3231118,0.06963897,0.4877124,-0.5150768,0.04793802,0.01262882,0.8557093
1751960824730,11.01191,SteamVR Tracker (Left Foot),-0.4742192,-0.007411718,0.5461132,-0.5731485,-0.05148297,0.01900935,0.8176118
1751960824730,11.01191,SteamVR Tracker (Waist),-0.5782009,0.7618285,1.226891,-0.4975134,0.494218,0.501574,0.5066088
1751960824766,11.04732,SteamVR Tracker (Right Foot),-0.3231281,0.06962657,0.4877725,-0.5148982,0.04785303,0.0127091,0.8558204
1751960824766,11.04732,SteamVR Tracker (Left Foot),-0.474228,-0.007308483,0.5464159,-0.5729402,-0.05153242,0.01898404,0.8177552
1751960824766,11.04732,SteamVR Tracker (Waist),-0.5781684,0.7619635,1.226932,-0.4974363,0.4940592,0.501614,0.5067999
1751960824797,11.07974,SteamVR Tracker (Right Foot),-0.3231042,0.06965995,0.4877627,-0.5148565,0.04794559,0.01263313,0.8558414
1751960824797,11.07974,SteamVR Tracker (Left Foot),-0.474074,-0.007351398,0.5463112,-0.5728627,-0.05149357,0.01902096,0.8178111
1751960824797,11.07974,SteamVR Tracker (Waist),-0.5781568,0.7620529,1.226969,-0.4974972,0.4939418,0.5016387,0.50683
1751960824850,11.12962,SteamVR Tracker (Right Foot),-0.3229709,0.06963396,0.487595,-0.5149192,0.04791009,0.012663,0.8558052
1751960824850,11.12962,SteamVR Tracker (Left Foot),-0.4740583,-0.007415056,0.5461861,-0.5728001,-0.05158186,0.0191029,0.8178475
1751960824850,11.12962,SteamVR Tracker (Waist),-0.5781198,0.7619113,1.227045,-0.4974514,0.4939995,0.5016307,0.5068269
1751960824863,11.1457,SteamVR Tracker (Right Foot),-0.3230377,0.0695467,0.4875295,-0.5149319,0.04777896,0.01276037,0.8558034
1751960824864,11.1457,SteamVR Tracker (Left Foot),-0.474066,-0.007527828,0.5462613,-0.5727787,-0.05173389,0.01912705,0.8178523
1751960824864,11.1457,SteamVR Tracker (Waist),-0.5782192,0.7620922,1.227099,-0.4973999,0.4939622,0.5016257,0.5069185
1751960824901,11.18065,SteamVR Tracker (Right Foot),-0.3231528,0.06966376,0.4876986,-0.5147557,0.04783165,0.01274159,0.8559067
1751960824901,11.18065,SteamVR Tracker (Left Foot),-0.4742662,-0.007357121,0.5463294,-0.572583,-0.05166294,0.01922626,0.8179915
1751960824901,11.18065,SteamVR Tracker (Waist),-0.5782593,0.7619932,1.226976,-0.4974574,0.4939942,0.5017118,0.5067457
1751960824935,11.21495,SteamVR Tracker (Right Foot),-0.3232363,0.0694797,0.4876766,-0.5147755,0.04773508,0.01261782,0.8559021
1751960824935,11.21495,SteamVR Tracker (Left Foot),-0.4742314,-0.007588387,0.5463189,-0.5725884,-0.05172842,0.01914009,0.8179855
1751960824935,11.21495,SteamVR Tracker (Waist),-0.5782032,0.7619658,1.226962,-0.497508,0.4940913,0.501582,0.5067298
1751960824968,11.24829,SteamVR Tracker (Right Foot),-0.3230602,0.06948709,0.4876302,-0.5147519,0.0478041,0.01276605,0.8559103
1751960824969,11.24829,SteamVR Tracker (Left Foot),-0.474158,-0.007489681,0.5462809,-0.5724934,-0.05184861,0.01912923,0.8180447
1751960824969,11.24829,SteamVR Tracker (Waist),-0.578127,0.7617959,1.226879,-0.4976067,0.4940898,0.5016262,0.5065905
1751960825020,11.30084,SteamVR Tracker (Right Foot),-0.3230796,0.06941867,0.4876623,-0.5146457,0.04779682,0.01280114,0.855974
1751960825020,11.30084,SteamVR Tracker (Left Foot),-0.4741062,-0.007523775,0.54634,-0.5724655,-0.05184286,0.01910875,0.818065
1751960825021,11.30084,SteamVR Tracker (Waist),-0.5780289,0.7615227,1.227037,-0.4975492,0.4940318,0.5015759,0.5067534
1751960825034,11.31696,SteamVR Tracker (Right Foot),-0.3231105,0.06940222,0.4876761,-0.514598,0.04773636,0.0127429,0.8560069
1751960825034,11.31696,SteamVR Tracker (Left Foot),-0.4741049,-0.007528067,0.5463335,-0.5722212,-0.05195852,0.01901145,0.8182309
1751960825034,11.31696,SteamVR Tracker (Waist),-0.5780382,0.7615057,1.227059,-0.4975784,0.4939976,0.5015426,0.5067911
1751960825067,11.34786,SteamVR Tracker (Right Foot),-0.3231185,0.06945181,0.4876749,-0.5145969,0.04766374,0.01269485,0.8560123
1751960825067,11.34786,SteamVR Tracker (Left Foot),-0.4741703,-0.007602453,0.546243,-0.5722568,-0.0520785,0.01915636,0.818195
1751960825067,11.34786,SteamVR Tracker (Waist),-0.5781223,0.7612897,1.226973,-0.4975381,0.4941224,0.5015146,0.5067366
1751960825102,11.38221,SteamVR Tracker (Right Foot),-0.3230783,0.06951404,0.4877972,-0.5145634,0.04770195,0.01260375,0.8560317
1751960825102,11.38221,SteamVR Tracker (Left Foot),-0.4740904,-0.00747633,0.5464182,-0.572273,-0.05208051,0.01904201,0.8181862
1751960825102,11.38221,SteamVR Tracker (Waist),-0.5780733,0.7612901,1.226982,-0.4974439,0.4941131,0.5015924,0.5067613
1751960825136,11.41753,SteamVR Tracker (Right Foot),-0.3230595,0.06968641,0.487783,-0.514576,0.04764506,0.01263408,0.8560268
1751960825137,11.41753,SteamVR Tracker (Left Foot),-0.4740289,-0.007444382,0.5464475,-0.5721051,-0.05214211,0.01907433,0.8182989
1751960825137,11.41753,SteamVR Tracker (Waist),-0.5778313,0.7610612,1.226983,-0.4975127,0.4940613,0.5015991,0.5067376
1751960825196,11.47468,SteamVR Tracker (Right Foot),-0.3229337,0.06964064,0.4876586,-0.5146102,0.04779414,0.01254845,0.8559992
1751960825196,11.47468,SteamVR Tracker (Left Foot),-0.4741093,-0.007441282,0.5463291,-0.572161,-0.05195901,0.01908868,0.8182712
1751960825196,11.47468,SteamVR Tracker (Waist),-0.5778792,0.7611099,1.227082,-0.4975101,0.4940325,0.501588,0.506779
1751960825211,11.49291,SteamVR Tracker (Right Foot),-0.3228135,0.06962585,0.4878525,-0.5145361,0.04785951,0.01256204,0.8560399
1751960825211,11.49291,SteamVR Tracker (Left Foot),-0.4739287,-0.007439375,0.5464401,-0.5721014,-0.05198711,0.01900271,0.8183131
1751960825211,11.49291,SteamVR Tracker (Waist),-0.5779204,0.7612195,1.227271,-0.4975628,0.4940939,0.5015646,0.5066907
1751960825248,11.52633,SteamVR Tracker (Right Foot),-0.3230939,0.06943941,0.4878375,-0.5145205,0.04776475,0.01261014,0.8560539
1751960825248,11.52633,SteamVR Tracker (Left Foot),-0.4740933,-0.00754571,0.5465183,-0.5720106,-0.05204008,0.01904204,0.8183722
1751960825248,11.52633,SteamVR Tracker (Waist),-0.5780958,0.7614651,1.227013,-0.4975924,0.4940182,0.5016338,0.506667
1751960825277,11.55873,SteamVR Tracker (Right Foot),-0.3230712,0.0695529,0.4876555,-0.5145312,0.04776006,0.01250822,0.8560492
1751960825277,11.55873,SteamVR Tracker (Left Foot),-0.4741598,-0.007509947,0.5463125,-0.5720086,-0.05214697,0.01904234,0.8183669
1751960825277,11.55873,SteamVR Tracker (Waist),-0.5781325,0.7615325,1.226832,-0.4975876,0.4939419,0.5016598,0.5067204
1751960825313,11.59384,SteamVR Tracker (Right Foot),-0.3230892,0.06974196,0.4877841,-0.5145864,0.04783506,0.01245525,0.8560125
1751960825314,11.59384,SteamVR Tracker (Left Foot),-0.4741454,-0.007682323,0.5462853,-0.5719954,-0.05208665,0.01902101,0.8183804
1751960825314,11.59384,SteamVR Tracker (Waist),-0.5782764,0.7620522,1.226909,-0.4977067,0.4938225,0.5015198,0.5068583
1751960825374,11.65278,SteamVR Tracker (Right Foot),-0.3229941,0.06958842,0.4878018,-0.5145373,0.04785277,0.01253841,0.8560399
1751960825374,11.65278,SteamVR Tracker (Left Foot),-0.4739984,-0.007512808,0.5464364,-0.572053,-0.05196666,0.0189794,0.8183488
1751960825374,11.65278,SteamVR Tracker (Waist),-0.5782754,0.7620033,1.227004,-0.4977627,0.4937153,0.5015665,0.5068614
1751960825386,11.66703,SteamVR Tracker (Right Foot),-0.3229741,0.06967402,0.4877728,-0.5145577,0.04787948,0.01252638,0.8560264
1751960825386,11.66703,SteamVR Tracker (Left Foot),-0.4739644,-0.007637739,0.5463614,-0.5721127,-0.051959,0.01888174,0.8183097
1751960825387,11.66703,SteamVR Tracker (Waist),-0.5781986,0.7619804,1.227046,-0.4978009,0.4937248,0.5015832,0.5067982
1751960825421,11.70211,SteamVR Tracker (Right Foot),-0.3230553,0.06960082,0.4876073,-0.5147396,0.04796575,0.01248049,0.8559128
1751960825421,11.70211,SteamVR Tracker (Left Foot),-0.4741375,-0.007694006,0.5461834,-0.5723046,-0.05192655,0.01894704,0.8181761
1751960825421,11.70211,SteamVR Tracker (Waist),-0.5781623,0.7620229,1.226942,-0.4977895,0.4937822,0.5015002,0.5068356
1751960825454,11.73618,SteamVR Tracker (Right Foot),-0.3231633,0.06962609,0.4878361,-0.5147011,0.04775593,0.01253701,0.8559468
1751960825454,11.73618,SteamVR Tracker (Left Foot),-0.474172,-0.007591486,0.5463275,-0.5723825,-0.05190022,0.01895757,0.818123
1751960825454,11.73618,SteamVR Tracker (Waist),-0.5781504,0.761829,1.227069,-0.4977579,0.4937392,0.5015997,0.50681
1751960825488,11.7685,SteamVR Tracker (Right Foot),-0.3230884,0.06966352,0.4877189,-0.5147226,0.0477606,0.01235166,0.8559364
1751960825488,11.7685,SteamVR Tracker (Left Foot),-0.4742199,-0.007440329,0.5462447,-0.5723634,-0.05191212,0.01888734,0.8181372
1751960825488,11.7685,SteamVR Tracker (Waist),-0.5783063,0.7619574,1.226843,-0.4977693,0.4938168,0.5016239,0.5066994
1751960825543,11.82256,SteamVR Tracker (Right Foot),-0.3229972,0.06963205,0.4877709,-0.5146779,0.04776556,0.01241335,0.8559621
1751960825543,11.82256,SteamVR Tracker (Left Foot),-0.4739556,-0.007298708,0.5464092,-0.5722722,-0.051838,0.01886289,0.8182064
1751960825543,11.82256,SteamVR Tracker (Waist),-0.5782962,0.7622246,1.227022,-0.4976612,0.4938235,0.5016553,0.5067679
1751960825555,11.83856,SteamVR Tracker (Right Foot),-0.3229837,0.06962442,0.4876816,-0.5146509,0.04787157,0.01236162,0.8559731
1751960825556,11.83856,SteamVR Tracker (Left Foot),-0.4739297,-0.007305145,0.5462875,-0.5723671,-0.05176748,0.01878938,0.8181461
1751960825556,11.83856,SteamVR Tracker (Waist),-0.5781945,0.7619735,1.226977,-0.4977105,0.493766,0.5016795,0.5067515
1751960825592,11.87197,SteamVR Tracker (Right Foot),-0.3229737,0.0696435,0.4879121,-0.5146776,0.04785315,0.01238286,0.8559577
1751960825592,11.87197,SteamVR Tracker (Left Foot),-0.4738449,-0.007129192,0.5465567,-0.5722315,-0.05173143,0.0186485,0.8182464
1751960825592,11.87197,SteamVR Tracker (Waist),-0.5783041,0.7623799,1.227063,-0.4975317,0.4939041,0.5016732,0.5067987
1751960825625,11.90462,SteamVR Tracker (Right Foot),-0.3230936,0.06976748,0.4879503,-0.5145694,0.04790741,0.01239953,0.8560195
1751960825625,11.90462,SteamVR Tracker (Left Foot),-0.4741158,-0.007399321,0.5465005,-0.5721588,-0.05180875,0.01878002,0.8182894
1751960825625,11.90462,SteamVR Tracker (Waist),-0.5781869,0.7620209,1.22697,-0.4975369,0.4938976,0.501757,0.5067171
1751960825655,11.93517,SteamVR Tracker (Right Foot),-0.3229969,0.06954193,0.4876186,-0.5145373,0.04794954,0.01241831,0.8560362
1751960825655,11.93517,SteamVR Tracker (Left Foot),-0.4741322,-0.00747633,0.5463414,-0.5721724,-0.05172621,0.01881744,0.8182842
1751960825656,11.93517,SteamVR Tracker (Waist),-0.5783412,0.7623771,1.226954,-0.4975224,0.4938641,0.5018417,0.50668
1751960825703,11.98317,SteamVR Tracker (Right Foot),-0.3230315,0.06939888,0.4876595,-0.5145574,0.04795952,0.01243393,0.8560234
1751960825703,11.98317,SteamVR Tracker (Left Foot),-0.4741128,-0.007323742,0.546232,-0.5722498,-0.05177644,0.01878854,0.8182276
1751960825703,11.98317,SteamVR Tracker (Waist),-0.578284,0.76204,1.226855,-0.4974742,0.4939671,0.5018174,0.5066512
1751960825715,11.99706,SteamVR Tracker (Right Foot),-0.3228987,0.06943774,0.4877159,-0.5145349,0.04802512,0.01243351,0.8560332
1751960825715,11.99706,SteamVR Tracker (Left Foot),-0.474096,-0.0072577,0.546339,-0.5721606,-0.05174202,0.01870699,0.818294
1751960825715,11.99706,SteamVR Tracker (Waist),-0.5781932,0.7619663,1.22688,-0.4975066,0.4939666,0.5017817,0.506655
1751960825750,12.03114,SteamVR Tracker (Right Foot),-0.3228382,0.06953287,0.4878544,-0.5144778,0.04796565,0.01243969,0.8560708
1751960825750,12.03114,SteamVR Tracker (Left Foot),-0.4740516,-0.007327318,0.546398,-0.5721084,-0.05169731,0.01865564,0.8183345
1751960825750,12.03114,SteamVR Tracker (Waist),-0.5780716,0.7618791,1.227037,-0.4974059,0.4940583,0.5017696,0.5066766
1751960825781,12.06104,SteamVR Tracker (Right Foot),-0.3229001,0.0695734,0.4877813,-0.5145695,0.04792082,0.01254252,0.8560167
1751960825781,12.06104,SteamVR Tracker (Left Foot),-0.4741474,-0.007307291,0.546353,-0.5721361,-0.05182276,0.01867828,0.8183067
1751960825781,12.06104,SteamVR Tracker (Waist),-0.5781618,0.761888,1.22702,-0.4973504,0.4940821,0.5018018,0.506676
1751960825811,12.09296,SteamVR Tracker (Right Foot),-0.322978,0.06966591,0.4879037,-0.5144827,0.04793704,0.01230468,0.8560714
1751960825811,12.09296,SteamVR Tracker (Left Foot),-0.474034,-0.007272959,0.5463769,-0.5721737,-0.05175499,0.01862221,0.818286
1751960825811,12.09296,SteamVR Tracker (Waist),-0.5782665,0.7621256,1.226989,-0.4973364,0.4940292,0.5018808,0.506663
1751960825870,12.1497,SteamVR Tracker (Right Foot),-0.3229079,0.06966734,0.4878265,-0.5144849,0.04787895,0.0122662,0.8560739
1751960825870,12.1497,SteamVR Tracker (Left Foot),-0.4740598,-0.007485151,0.5463215,-0.5721613,-0.05177264,0.01867428,0.8182923
1751960825870,12.1497,SteamVR Tracker (Waist),-0.5780666,0.7617296,1.226968,-0.4973958,0.4940242,0.5018117,0.506678
1751960825884,12.16599,SteamVR Tracker (Right Foot),-0.322908,0.06961536,0.4875812,-0.5145321,0.04783299,0.01227548,0.8560479
1751960825884,12.16599,SteamVR Tracker (Left Foot),-0.4741452,-0.007448435,0.5462167,-0.5722132,-0.05182438,0.01858412,0.8182548
1751960825884,12.16599,SteamVR Tracker (Waist),-0.5780413,0.7616918,1.226898,-0.497485,0.493997,0.5017393,0.5066886
1751960825916,12.19866,SteamVR Tracker (Right Foot),-0.3228961,0.06964612,0.4878245,-0.5145217,0.04792146,0.01237168,0.8560479
1751960825917,12.19866,SteamVR Tracker (Left Foot),-0.4740764,-0.00746417,0.5463739,-0.5720716,-0.05180541,0.01861961,0.8183542
1751960825917,12.19866,SteamVR Tracker (Waist),-0.5780852,0.7615039,1.226958,-0.4974872,0.4939532,0.501722,0.5067462
1751960825954,12.23306,SteamVR Tracker (Right Foot),-0.3229321,0.0697546,0.4877211,-0.5146577,0.04790394,0.01232698,0.8559678
1751960825954,12.23306,SteamVR Tracker (Left Foot),-0.4740451,-0.007633209,0.5463774,-0.5720938,-0.05179835,0.01858384,0.8183399
1751960825954,12.23306,SteamVR Tracker (Waist),-0.5780433,0.7615018,1.227025,-0.4974579,0.4939647,0.5017974,0.5066893
1751960825985,12.26411,SteamVR Tracker (Right Foot),-0.3227903,0.06975722,0.4879048,-0.5145724,0.04795811,0.01233235,0.8560159
1751960825985,12.26411,SteamVR Tracker (Left Foot),-0.4739099,-0.007501364,0.5465326,-0.5721428,-0.05165344,0.01860155,0.8183145
1751960825985,12.26411,SteamVR Tracker (Waist),-0.5779401,0.761346,1.227118,-0.4974429,0.4940268,0.5016518,0.5067875
1751960826044,12.32288,SteamVR Tracker (Right Foot),-0.3227659,0.06976175,0.4878154,-0.5145332,0.04800525,0.01221717,0.8560385
1751960826044,12.32288,SteamVR Tracker (Left Foot),-0.4740402,-0.007388115,0.5463933,-0.5722493,-0.05164653,0.01857732,0.818241
1751960826044,12.32288,SteamVR Tracker (Waist),-0.5781096,0.7616899,1.22709,-0.4975417,0.493899,0.5017243,0.5067434
1751960826060,12.34136,SteamVR Tracker (Right Foot),-0.3228379,0.06972861,0.4877575,-0.5144499,0.04802308,0.01228834,0.8560865
1751960826060,12.34136,SteamVR Tracker (Left Foot),-0.4740945,-0.007418871,0.5462951,-0.5722889,-0.05176969,0.01858099,0.8182054
1751960826060,12.34136,SteamVR Tracker (Waist),-0.57813,0.761551,1.226995,-0.4976656,0.4938826,0.5015821,0.5067784
1751960826096,12.37686,SteamVR Tracker (Right Foot),-0.3228954,0.0696857,0.4877902,-0.5144913,0.04803926,0.01228581,0.8560608
1751960826096,12.37686,SteamVR Tracker (Left Foot),-0.4740719,-0.007521629,0.5463205,-0.5723943,-0.05147508,0.01833773,0.8181558
1751960826096,12.37686,SteamVR Tracker (Waist),-0.578228,0.7617364,1.226961,-0.4976267,0.4938504,0.5015937,0.5068365
1751960826129,12.40883,SteamVR Tracker (Right Foot),-0.3229192,0.06975269,0.4877606,-0.5145956,0.04795751,0.01223825,0.8560033
1751960826129,12.40883,SteamVR Tracker (Left Foot),-0.4740686,-0.007445574,0.5463091,-0.5722845,-0.05151973,0.01838469,0.8182287
1751960826129,12.40883,SteamVR Tracker (Waist),-0.5781881,0.7616391,1.226966,-0.497607,0.4939398,0.5015451,0.5068169
1751960826160,12.44178,SteamVR Tracker (Right Foot),-0.3229269,0.06971622,0.4878913,-0.5144832,0.04798846,0.01222052,0.8560694
1751960826160,12.44178,SteamVR Tracker (Left Foot),-0.473999,-0.007512808,0.5463503,-0.5722567,-0.05166318,0.01833125,0.8182403
1751960826160,12.44178,SteamVR Tracker (Waist),-0.5780971,0.7616396,1.226965,-0.4975701,0.4939666,0.5015423,0.5068297
1751960826217,12.49835,SteamVR Tracker (Right Foot),-0.3228823,0.06965828,0.4878169,-0.5145901,0.04803116,0.01216472,0.8560036
1751960826217,12.49835,SteamVR Tracker (Left Foot),-0.4740269,-0.007480145,0.54637,-0.5722036,-0.05164878,0.0183683,0.8182775
1751960826217,12.49835,SteamVR Tracker (Waist),-0.578168,0.7617635,1.227003,-0.4975533,0.4939982,0.5015659,0.5067921
1751960826228,12.51066,SteamVR Tracker (Right Foot),-0.3228502,0.06959629,0.4877705,-0.514619,0.04805817,0.01216362,0.8559847
1751960826228,12.51066,SteamVR Tracker (Left Foot),-0.4739818,-0.007541895,0.5462837,-0.5722619,-0.05160581,0.01821342,0.8182429
1751960826228,12.51066,SteamVR Tracker (Waist),-0.5781956,0.7617283,1.227034,-0.4975344,0.4940021,0.5015971,0.5067759
1751960826267,12.54568,SteamVR Tracker (Right Foot),-0.3226856,0.0696559,0.4879004,-0.5145398,0.04807681,0.01215394,0.8560314
1751960826267,12.54568,SteamVR Tracker (Left Foot),-0.4738914,-0.007517815,0.5464075,-0.5722329,-0.05167139,0.01837219,0.8182555
1751960826267,12.54568,SteamVR Tracker (Waist),-0.5780487,0.7614397,1.227232,-0.4974999,0.4940161,0.5016284,0.5067652
1751960826297,12.57915,SteamVR Tracker (Right Foot),-0.3228557,0.06966734,0.4876991,-0.5145521,0.04803241,0.01212856,0.8560268
1751960826297,12.57915,SteamVR Tracker (Left Foot),-0.4739759,-0.007589579,0.5462149,-0.5721782,-0.05158626,0.01834907,0.8182995
1751960826297,12.57915,SteamVR Tracker (Waist),-0.5781109,0.7614099,1.226889,-0.4975725,0.4940068,0.5015692,0.5067614
1751960826333,12.61384,SteamVR Tracker (Right Foot),-0.3228118,0.06965971,0.4877157,-0.5145543,0.04799792,0.0122199,0.8560262
1751960826333,12.61384,SteamVR Tracker (Left Foot),-0.4739897,-0.007737875,0.5462647,-0.5722069,-0.05166641,0.01837499,0.818274
1751960826333,12.61384,SteamVR Tracker (Waist),-0.5780512,0.7615079,1.227089,-0.4975376,0.4939805,0.5016056,0.5067853
1751960826385,12.66489,SteamVR Tracker (Right Foot),-0.3227654,0.06970286,0.4877279,-0.5145288,0.04792264,0.01217499,0.8560463
1751960826385,12.66489,SteamVR Tracker (Left Foot),-0.4739126,-0.007620573,0.5462764,-0.5722103,-0.05171717,0.01837934,0.8182683
1751960826385,12.66489,SteamVR Tracker (Waist),-0.5779939,0.7613989,1.226939,-0.497566,0.4940341,0.5015736,0.506737
1751960826398,12.68066,SteamVR Tracker (Right Foot),-0.3228012,0.06968236,0.4877558,-0.5144824,0.04798383,0.01210201,0.8560719
1751960826398,12.68066,SteamVR Tracker (Left Foot),-0.4739752,-0.007558584,0.5463272,-0.5721874,-0.05173,0.01844126,0.8182821
1751960826398,12.68066,SteamVR Tracker (Waist),-0.5779482,0.7613289,1.226919,-0.4975488,0.4939981,0.5016056,0.5067573
1751960826433,12.71371,SteamVR Tracker (Right Foot),-0.322785,0.06972861,0.4877566,-0.5144888,0.04791545,0.01213638,0.8560713
1751960826433,12.71371,SteamVR Tracker (Left Foot),-0.4740357,-0.007492781,0.5463536,-0.5720188,-0.05175844,0.01853404,0.818396
1751960826433,12.71371,SteamVR Tracker (Waist),-0.5779049,0.7613106,1.227117,-0.4976005,0.4939989,0.5015101,0.5068002
1751960826468,12.74742,SteamVR Tracker (Right Foot),-0.3228531,0.06970763,0.4878889,-0.5145295,0.04784011,0.01209561,0.8560516
1751960826468,12.74742,SteamVR Tracker (Left Foot),-0.4740739,-0.007431746,0.5464178,-0.5720754,-0.05167415,0.01840451,0.8183648
1751960826468,12.74742,SteamVR Tracker (Waist),-0.5779848,0.7612083,1.227006,-0.497617,0.4939649,0.501511,0.5068163
1751960826504,12.78325,SteamVR Tracker (Right Foot),-0.3227783,0.06966114,0.4879881,-0.5145066,0.04788476,0.01209848,0.8560629
1751960826504,12.78325,SteamVR Tracker (Left Foot),-0.4739687,-0.007349014,0.546481,-0.572144,-0.05177395,0.01843564,0.8183097
1751960826504,12.78325,SteamVR Tracker (Waist),-0.5779377,0.7613354,1.227067,-0.497591,0.4938939,0.5015644,0.5068582
1751960826556,12.83697,SteamVR Tracker (Right Foot),-0.3228703,0.06969929,0.4877737,-0.514431,0.04784054,0.01211534,0.8561105
1751960826556,12.83697,SteamVR Tracker (Left Foot),-0.4739743,-0.007581949,0.5463108,-0.5720852,-0.05178897,0.0184043,0.8183507
1751960826556,12.83697,SteamVR Tracker (Waist),-0.5781047,0.7616979,1.226876,-0.4976483,0.4939282,0.5015495,0.5067834
1751960826570,12.85223,SteamVR Tracker (Right Foot),-0.3229502,0.06975484,0.4878545,-0.5144483,0.04790998,0.01217865,0.8560954
1751960826570,12.85223,SteamVR Tracker (Left Foot),-0.4740182,-0.007465363,0.5463732,-0.5720998,-0.05183961,0.01842893,0.8183366
1751960826570,12.85223,SteamVR Tracker (Waist),-0.5780982,0.7618673,1.226924,-0.4975739,0.4938834,0.5015072,0.5069419
1751960826606,12.8865,SteamVR Tracker (Right Foot),-0.3228374,0.0697155,0.4878668,-0.5144114,0.04787394,0.01212409,0.8561203
1751960826606,12.8865,SteamVR Tracker (Left Foot),-0.4739537,-0.007406473,0.5463559,-0.5721311,-0.05172163,0.01844325,0.8183219
1751960826606,12.8865,SteamVR Tracker (Waist),-0.5781813,0.7619468,1.22696,-0.4976647,0.493869,0.5015392,0.506835
1751960826638,12.91937,SteamVR Tracker (Right Foot),-0.3227386,0.069731,0.4877002,-0.5144531,0.04795697,0.01221244,0.8560895
1751960826638,12.91937,SteamVR Tracker (Left Foot),-0.4739015,-0.007540464,0.5462615,-0.572129,-0.05176244,0.01844784,0.8183207
1751960826638,12.91937,SteamVR Tracker (Waist),-0.5781673,0.7618756,1.227085,-0.4977284,0.4938785,0.5015517,0.5067509
1751960826674,12.95328,SteamVR Tracker (Right Foot),-0.3226598,0.06969142,0.4878562,-0.5143743,0.04775609,0.01223685,0.8561476
1751960826674,12.95328,SteamVR Tracker (Left Foot),-0.4738363,-0.007608652,0.5464168,-0.572142,-0.05175235,0.01847121,0.8183117
1751960826674,12.95328,SteamVR Tracker (Waist),-0.5781803,0.7618589,1.227035,-0.4975778,0.4939692,0.5015315,0.5068304
1751960826734,13.01426,SteamVR Tracker (Right Foot),-0.3227346,0.06964016,0.4878435,-0.5144519,0.04791886,0.01214219,0.8560932
1751960826734,13.01426,SteamVR Tracker (Left Foot),-0.4739295,-0.007465124,0.5464062,-0.572156,-0.05187988,0.01857722,0.8182914
1751960826734,13.01426,SteamVR Tracker (Waist),-0.5782194,0.7620989,1.227046,-0.497522,0.4939421,0.5016023,0.5068415
1751960826748,13.02963,SteamVR Tracker (Right Foot),-0.322684,0.06963062,0.4877599,-0.5143577,0.04806802,0.01199984,0.8561435
1751960826748,13.02963,SteamVR Tracker (Left Foot),-0.4738895,-0.007384777,0.546437,-0.5721329,-0.05179569,0.01856631,0.8183132
1751960826748,13.02963,SteamVR Tracker (Waist),-0.5782435,0.7621922,1.227099,-0.4975916,0.4939748,0.5015638,0.5067793
1751960826783,13.06317,SteamVR Tracker (Right Foot),-0.322742,0.06959772,0.4879131,-0.5142978,0.04798806,0.01202347,0.8561836
1751960826783,13.06317,SteamVR Tracker (Left Foot),-0.4738102,-0.007471561,0.5464951,-0.5721498,-0.05188448,0.01853518,0.8182964
1751960826783,13.06317,SteamVR Tracker (Waist),-0.5784066,0.7625805,1.22707,-0.497583,0.494022,0.5015586,0.5067469
1751960826816,13.09717,SteamVR Tracker (Right Foot),-0.3228076,0.06964755,0.4877432,-0.5143893,0.04814437,0.01199536,0.8561203
1751960826816,13.09717,SteamVR Tracker (Left Foot),-0.4740181,-0.007558584,0.5463534,-0.5720779,-0.05181593,0.01863568,0.8183488
1751960826816,13.09717,SteamVR Tracker (Waist),-0.5782712,0.7624624,1.226862,-0.4975215,0.4939459,0.5015852,0.5068551
1751960826851,13.13028,SteamVR Tracker (Right Foot),-0.3228518,0.06962729,0.487718,-0.514433,0.04805854,0.01221993,0.8560957
1751960826851,13.13028,SteamVR Tracker (Left Foot),-0.4738395,-0.00749588,0.5462289,-0.5721393,-0.05182659,0.01864694,0.8183049
1751960826851,13.13028,SteamVR Tracker (Waist),-0.5783675,0.7625115,1.226956,-0.497329,0.4939918,0.5017221,0.5068639
1751960826898,13.17848,SteamVR Tracker (Right Foot),-0.322773,0.06959224,0.4876809,-0.5142804,0.04815286,0.01204721,0.8561845
1751960826898,13.17848,SteamVR Tracker (Left Foot),-0.4739607,-0.007533312,0.5463101,-0.5720258,-0.05186432,0.01867022,0.8183814
1751960826898,13.17848,SteamVR Tracker (Waist),-0.5781382,0.7618841,1.226895,-0.497425,0.4940484,0.501631,0.5068048
1751960826915,13.19618,SteamVR Tracker (Right Foot),-0.3228295,0.06962276,0.4877471,-0.5143456,0.04814171,0.01203298,0.8561462
1751960826915,13.19618,SteamVR Tracker (Left Foot),-0.4740671,-0.007483006,0.5463194,-0.5720546,-0.05179389,0.01860468,0.8183672
1751960826915,13.19618,SteamVR Tracker (Waist),-0.5781039,0.7616881,1.226841,-0.497532,0.4939982,0.5016692,0.5067108
1751960826952,13.23114,SteamVR Tracker (Right Foot),-0.3229244,0.06960464,0.4876984,-0.5142854,0.04796067,0.01209854,0.8561915
1751960826953,13.23114,SteamVR Tracker (Left Foot),-0.4738982,-0.007593632,0.5463341,-0.5719036,-0.0517646,0.01857346,0.8184753
1751960826953,13.23114,SteamVR Tracker (Waist),-0.5782453,0.76208,1.226897,-0.4975015,0.4939268,0.5016517,0.5068277
1751960826984,13.26346,SteamVR Tracker (Right Foot),-0.3227121,0.06974959,0.4878241,-0.5142978,0.04815512,0.01198726,0.8561747
1751960826985,13.26346,SteamVR Tracker (Left Foot),-0.4738686,-0.007718086,0.5462913,-0.5719336,-0.05176579,0.01856882,0.8184544
1751960826985,13.26346,SteamVR Tracker (Waist),-0.5779988,0.7614409,1.226994,-0.4974545,0.4940805,0.5016304,0.5067451
1751960827016,13.29711,SteamVR Tracker (Right Foot),-0.3227319,0.06977606,0.4878873,-0.5142586,0.04809394,0.0120878,0.8562003
1751960827016,13.29711,SteamVR Tracker (Left Foot),-0.4737764,-0.007615805,0.5463304,-0.5719064,-0.05180259,0.01852035,0.8184721
1751960827016,13.29711,SteamVR Tracker (Waist),-0.5780724,0.7615038,1.227137,-0.4974919,0.4939648,0.5016363,0.5068153
1751960827078,13.35687,SteamVR Tracker (Right Foot),-0.3228079,0.06964827,0.487774,-0.5143152,0.04800191,0.01213869,0.8561707
1751960827078,13.35687,SteamVR Tracker (Left Foot),-0.4740585,-0.007571459,0.5462011,-0.5719772,-0.05196452,0.01867381,0.8184088
1751960827078,13.35687,SteamVR Tracker (Waist),-0.5781468,0.7617023,1.226866,-0.4976093,0.4940335,0.5015803,0.5066884
1751960827091,13.37223,SteamVR Tracker (Right Foot),-0.3226878,0.06976128,0.487812,-0.5143278,0.04805929,0.01207567,0.8561609
1751960827091,13.37223,SteamVR Tracker (Left Foot),-0.4739959,-0.007508993,0.5463005,-0.5720053,-0.0518802,0.01856321,0.8183971
1751960827091,13.37223,SteamVR Tracker (Waist),-0.578285,0.7619938,1.22684,-0.4976112,0.4939722,0.5015453,0.5067809
1751960827127,13.40711,SteamVR Tracker (Right Foot),-0.322626,0.06975651,0.4879714,-0.5141105,0.04804185,0.01175449,0.8562968
1751960827127,13.40711,SteamVR Tracker (Left Foot),-0.473819,-0.007577419,0.546419,-0.5721422,-0.05183907,0.01842708,0.818307
1751960827127,13.40711,SteamVR Tracker (Waist),-0.5781155,0.7616689,1.227109,-0.4974881,0.4940018,0.501605,0.5068139
1751960827158,13.4396,SteamVR Tracker (Right Foot),-0.3226649,0.06977749,0.4880162,-0.5140676,0.04798963,0.01194663,0.8563229
1751960827158,13.4396,SteamVR Tracker (Left Foot),-0.4737368,-0.007439852,0.5465844,-0.5718998,-0.05200854,0.01852867,0.8184635
1751960827158,13.4396,SteamVR Tracker (Waist),-0.5780411,0.7615286,1.227191,-0.4975114,0.4940621,0.5015359,0.5068006
1751960827194,13.47278,SteamVR Tracker (Right Foot),-0.3227395,0.06984925,0.4878351,-0.5142759,0.04807333,0.0119956,0.8561924
1751960827194,13.47278,SteamVR Tracker (Left Foot),-0.4738837,-0.007405758,0.5464451,-0.5718237,-0.05186114,0.01840101,0.8185288
1751960827194,13.47278,SteamVR Tracker (Waist),-0.5781133,0.761809,1.22706,-0.497527,0.4940588,0.501612,0.5067132
1751960827244,13.52353,SteamVR Tracker (Right Foot),-0.3228039,0.0697217,0.4878214,-0.5141454,0.04810393,0.01188759,0.8562706
1751960827244,13.52353,SteamVR Tracker (Left Foot),-0.4739644,-0.007464409,0.5463153,-0.5716842,-0.05172048,0.01835788,0.8186361
1751960827244,13.52353,SteamVR Tracker (Waist),-0.5781525,0.7617351,1.22694,-0.4975857,0.4940766,0.5015647,0.5066851
1751960827256,13.5386,SteamVR Tracker (Right Foot),-0.3228308,0.06971002,0.4877754,-0.5141618,0.04817577,0.01185131,0.8562571
1751960827256,13.5386,SteamVR Tracker (Left Foot),-0.473996,-0.007460833,0.5462726,-0.5716425,-0.05177367,0.0182798,0.8186637
1751960827256,13.5386,SteamVR Tracker (Waist),-0.5781614,0.761843,1.226888,-0.4976171,0.4940418,0.5015544,0.5066984
1751960827293,13.57311,SteamVR Tracker (Right Foot),-0.3227001,0.06971693,0.4879525,-0.5140782,0.048326,0.01178815,0.8562998
1751960827294,13.57311,SteamVR Tracker (Left Foot),-0.4738527,-0.007579565,0.5464951,-0.5716407,-0.05183184,0.018336,0.8186601
1751960827294,13.57311,SteamVR Tracker (Waist),-0.5780786,0.7617904,1.227015,-0.4974955,0.4940035,0.5016599,0.5067506
1751960827330,13.60934,SteamVR Tracker (Right Foot),-0.3227023,0.06974339,0.4879044,-0.5141794,0.04809747,0.0118921,0.8562504
1751960827330,13.60934,SteamVR Tracker (Left Foot),-0.473903,-0.007636309,0.5463558,-0.5718293,-0.05184906,0.01830829,0.8185278
1751960827330,13.60934,SteamVR Tracker (Waist),-0.5780783,0.7619188,1.226948,-0.4974477,0.4940661,0.5016062,0.5067897
1751960827360,13.64112,SteamVR Tracker (Right Foot),-0.3227926,0.06967807,0.4878557,-0.51418,0.04809718,0.01183706,0.8562509
1751960827360,13.64112,SteamVR Tracker (Left Foot),-0.4739012,-0.007782221,0.5462565,-0.5719653,-0.05172795,0.01837055,0.8184391
1751960827360,13.64112,SteamVR Tracker (Waist),-0.5780848,0.7618334,1.226868,-0.4975259,0.4940313,0.5015833,0.5067694
1751960827413,13.69372,SteamVR Tracker (Right Foot),-0.3227412,0.06981063,0.4879915,-0.5140857,0.04809674,0.01183044,0.8563076
1751960827413,13.69372,SteamVR Tracker (Left Foot),-0.4739138,-0.007580996,0.546361,-0.5719658,-0.05181774,0.01839459,0.8184325
1751960827413,13.69372,SteamVR Tracker (Waist),-0.5781794,0.7620835,1.227013,-0.4974777,0.4939231,0.5017268,0.5067801
1751960827425,13.70741,SteamVR Tracker (Right Foot),-0.3226552,0.06970382,0.48795,-0.5141802,0.04803295,0.01180475,0.8562548
1751960827425,13.70741,SteamVR Tracker (Left Foot),-0.4738949,-0.007603884,0.5463061,-0.5719457,-0.05171853,0.01839952,0.8184527
1751960827425,13.70741,SteamVR Tracker (Waist),-0.578198,0.7622119,1.227038,-0.4975839,0.4938406,0.5017214,0.5067616
1751960827459,13.74014,SteamVR Tracker (Right Foot),-0.3227262,0.06973934,0.4880063,-0.5142961,0.04805695,0.01170743,0.8561852
1751960827459,13.74014,SteamVR Tracker (Left Foot),-0.473882,-0.00748229,0.5463664,-0.5720052,-0.05178277,0.01843155,0.8184063
1751960827459,13.74014,SteamVR Tracker (Waist),-0.578251,0.7624406,1.227005,-0.4974531,0.4938759,0.5017336,0.5068436
1751960827494,13.77607,SteamVR Tracker (Right Foot),-0.3225862,0.06983113,0.487851,-0.5143924,0.04814528,0.01184367,0.8561205
1751960827495,13.77607,SteamVR Tracker (Left Foot),-0.4738775,-0.007348537,0.5463623,-0.5721567,-0.05178984,0.01830354,0.8183029
1751960827495,13.77607,SteamVR Tracker (Waist),-0.5783182,0.7623035,1.227088,-0.4974917,0.493924,0.501689,0.5068029
1751960827529,13.80812,SteamVR Tracker (Right Foot),-0.3227051,0.06988478,0.4880529,-0.5142902,0.04821313,0.01165131,0.8561807
1751960827529,13.80812,SteamVR Tracker (Left Foot),-0.4738901,-0.007394552,0.5464131,-0.5721396,-0.05157413,0.01823328,0.81833
1751960827529,13.80812,SteamVR Tracker (Waist),-0.5783616,0.76236,1.227129,-0.4973527,0.4940618,0.5017011,0.5067932
1751960827593,13.87392,SteamVR Tracker (Right Foot),-0.3227968,0.0697422,0.4876977,-0.5144948,0.04816648,0.01181649,0.8560581
1751960827593,13.87392,SteamVR Tracker (Left Foot),-0.4739334,-0.007552385,0.5461467,-0.5721924,-0.05159748,0.01834651,0.8182891
1751960827593,13.87392,SteamVR Tracker (Waist),-0.5780162,0.7614537,1.226887,-0.4974964,0.4939974,0.5016563,0.5067593
1751960827606,13.88729,SteamVR Tracker (Right Foot),-0.3228569,0.0697031,0.4876923,-0.5145534,0.04816074,0.01168631,0.856025
1751960827606,13.88729,SteamVR Tracker (Left Foot),-0.4739965,-0.007543325,0.5461147,-0.5722879,-0.05159433,0.01844838,0.8182202
1751960827606,13.88729,SteamVR Tracker (Waist),-0.5779996,0.7614341,1.226795,-0.4974698,0.4940146,0.5016268,0.5067979
1751960827639,13.92011,SteamVR Tracker (Right Foot),-0.3226967,0.06973433,0.4880288,-0.5143959,0.04813914,0.01176092,0.8561198
1751960827639,13.92011,SteamVR Tracker (Left Foot),-0.4738655,-0.007563591,0.5463989,-0.5723243,-0.05148718,0.01835197,0.8182036
1751960827639,13.92011,SteamVR Tracker (Waist),-0.5781428,0.7618958,1.226975,-0.497432,0.4939418,0.5017087,0.5068248
1751960827674,13.95549,SteamVR Tracker (Right Foot),-0.3227352,0.0696702,0.4878295,-0.5145056,0.04827604,0.01179933,0.8560457
1751960827675,13.95549,SteamVR Tracker (Left Foot),-0.4740599,-0.007541656,0.5462838,-0.5723563,-0.05156507,0.01849623,0.8181731
1751960827675,13.95549,SteamVR Tracker (Waist),-0.5782065,0.7619908,1.226875,-0.4974403,0.4940967,0.501566,0.5068068
1751960827712,13.9925,SteamVR Tracker (Right Foot),-0.3225786,0.06966281,0.4878271,-0.5145465,0.04808528,0.01183848,0.8560314
1751960827712,13.9925,SteamVR Tracker (Left Foot),-0.4738984,-0.007544756,0.5462658,-0.5723985,-0.05148287,0.01838519,0.8181513
1751960827712,13.9925,SteamVR Tracker (Waist),-0.5780489,0.7616315,1.227136,-0.4974485,0.4939903,0.5016614,0.5068082
1751960827757,14.0387,SteamVR Tracker (Right Foot),-0.3226778,0.06978488,0.4878287,-0.5144985,0.04815016,0.01183105,0.8560566
1751960827758,14.0387,SteamVR Tracker (Left Foot),-0.4738469,-0.007580042,0.5463091,-0.5725098,-0.05141867,0.01836117,0.818078
1751960827758,14.0387,SteamVR Tracker (Waist),-0.5780485,0.7616392,1.227047,-0.4974263,0.4940961,0.5015554,0.5068317
1751960827774,14.0562,SteamVR Tracker (Right Foot),-0.3227907,0.06980896,0.4878208,-0.5145517,0.04808072,0.01184748,0.8560283
1751960827774,14.0562,SteamVR Tracker (Left Foot),-0.4740119,-0.0076406,0.5462067,-0.5725583,-0.05149462,0.01842601,0.8180377
1751960827774,14.0562,SteamVR Tracker (Waist),-0.578171,0.7616985,1.227005,-0.4974818,0.4940286,0.5015044,0.5068936
1751960827808,14.08905,SteamVR Tracker (Right Foot),-0.3228795,0.06965327,0.4877691,-0.5144371,0.04817249,0.01178961,0.8560928
1751960827808,14.08905,SteamVR Tracker (Left Foot),-0.4739994,-0.007609844,0.5460725,-0.5726086,-0.05146139,0.01847987,0.8180034
1751960827808,14.08905,SteamVR Tracker (Waist),-0.5781403,0.7618824,1.226848,-0.4974408,0.4940817,0.5015258,0.5068607
1751960827842,14.12225,SteamVR Tracker (Right Foot),-0.3226919,0.06970286,0.4876806,-0.5145559,0.0480871,0.0118408,0.8560256
1751960827842,14.12225,SteamVR Tracker (Left Foot),-0.4738895,-0.007624388,0.5462171,-0.5726426,-0.05132891,0.01836907,0.8179905
1751960827842,14.12225,SteamVR Tracker (Waist),-0.578191,0.7619852,1.226987,-0.4974086,0.4940236,0.5015442,0.5069308
1751960827873,14.15443,SteamVR Tracker (Right Foot),-0.3226535,0.06967974,0.4877966,-0.5146105,0.04821672,0.01182348,0.8559856
1751960827873,14.15443,SteamVR Tracker (Left Foot),-0.4738849,-0.007580996,0.546243,-0.5728952,-0.05131697,0.01837634,0.8178142
1751960827873,14.15443,SteamVR Tracker (Waist),-0.5781128,0.7618285,1.227037,-0.4974865,0.4939766,0.501569,0.5068757
1751960827933,14.21241,SteamVR Tracker (Right Foot),-0.3227102,0.06970525,0.4877862,-0.5146801,0.0481626,0.01185457,0.8559464
1751960827934,14.21241,SteamVR Tracker (Left Foot),-0.4738958,-0.00751543,0.5461188,-0.5727999,-0.05131803,0.01845291,0.8178791
1751960827934,14.21241,SteamVR Tracker (Waist),-0.5781462,0.7619689,1.226968,-0.4974664,0.4939895,0.501586,0.506866
1751960827948,14.22857,SteamVR Tracker (Right Foot),-0.3227015,0.06967759,0.4878305,-0.5145928,0.04810775,0.01186794,0.8560019
1751960827948,14.22857,SteamVR Tracker (Left Foot),-0.4739136,-0.007530451,0.5461858,-0.572865,-0.05132468,0.01842817,0.8178337
1751960827948,14.22857,SteamVR Tracker (Waist),-0.5782883,0.7624618,1.227037,-0.4974035,0.493917,0.5016921,0.5068932
1751960827981,14.26208,SteamVR Tracker (Right Foot),-0.322847,0.06970024,0.4877183,-0.5146788,0.04808889,0.01173576,0.855953
1751960827981,14.26208,SteamVR Tracker (Left Foot),-0.4739897,-0.007597685,0.5461298,-0.5728928,-0.05136564,0.01845135,0.8178111
1751960827982,14.26208,SteamVR Tracker (Waist),-0.5784637,0.7627934,1.226888,-0.4974417,0.4939381,0.5017359,0.5067919
1751960828015,14.29646,SteamVR Tracker (Right Foot),-0.3227619,0.06980586,0.4877132,-0.5146658,0.04800564,0.01181441,0.8559644
1751960828016,14.29646,SteamVR Tracker (Left Foot),-0.4739403,-0.007455111,0.5461593,-0.5728726,-0.05138505,0.01843346,0.8178244
1751960828016,14.29646,SteamVR Tracker (Waist),-0.5782588,0.7624518,1.226883,-0.4975106,0.4938184,0.5016392,0.5069366
1751960828052,14.33098,SteamVR Tracker (Right Foot),-0.3226547,0.06976342,0.4877729,-0.5146229,0.04815308,0.01179475,0.8559822
1751960828052,14.33098,SteamVR Tracker (Left Foot),-0.4738848,-0.007478714,0.5461957,-0.5728363,-0.05128863,0.01849212,0.8178546
1751960828052,14.33098,SteamVR Tracker (Waist),-0.5781674,0.7621224,1.226931,-0.4975158,0.4938617,0.5015581,0.5069696
1751960828099,14.37983,SteamVR Tracker (Right Foot),-0.3227108,0.0697546,0.4877941,-0.5147662,0.04810416,0.01177458,0.855899
1751960828099,14.37983,SteamVR Tracker (Left Foot),-0.473893,-0.007516623,0.5461846,-0.5727515,-0.05135534,0.01846174,0.8179105
1751960828099,14.37983,SteamVR Tracker (Waist),-0.5782182,0.7618202,1.226963,-0.4975887,0.4938212,0.501622,0.5068743
1751960828114,14.3949,SteamVR Tracker (Right Foot),-0.3226889,0.06983232,0.487808,-0.5148509,0.0480534,0.01177164,0.8558509
1751960828114,14.3949,SteamVR Tracker (Left Foot),-0.4738054,-0.007485151,0.5461854,-0.5727119,-0.05134543,0.01846035,0.8179389
1751960828114,14.3949,SteamVR Tracker (Waist),-0.5780342,0.7616237,1.226919,-0.4974749,0.4939779,0.50155,0.5069045
1751960828149,14.4292,SteamVR Tracker (Right Foot),-0.3227052,0.06983256,0.4878951,-0.514689,0.04811715,0.01169845,0.8559458
1751960828150,14.4292,SteamVR Tracker (Left Foot),-0.4738552,-0.007612944,0.5462874,-0.5726033,-0.05141788,0.01845453,0.8180105
1751960828150,14.4292,SteamVR Tracker (Waist),-0.5779394,0.7612853,1.227087,-0.4975166,0.4939899,0.5015004,0.5069009
1751960828183,14.46288,SteamVR Tracker (Right Foot),-0.3226338,0.06989336,0.4877952,-0.5146967,0.04811058,0.01170629,0.8559415
1751960828183,14.46288,SteamVR Tracker (Left Foot),-0.4737988,-0.007530212,0.5461538,-0.5726256,-0.05132972,0.0183927,0.8180019
1751960828183,14.46288,SteamVR Tracker (Waist),-0.5780363,0.7614617,1.226985,-0.4975109,0.4939638,0.5015777,0.5068556
1751960828216,14.49796,SteamVR Tracker (Right Foot),-0.3227046,0.06984973,0.4876879,-0.514676,0.04818867,0.01160346,0.8559508
1751960828216,14.49796,SteamVR Tracker (Left Foot),-0.4739613,-0.007470131,0.5461405,-0.5725561,-0.05136351,0.01835639,0.8180492
1751960828216,14.49796,SteamVR Tracker (Waist),-0.5780903,0.7616429,1.226986,-0.4974809,0.4940748,0.5015709,0.5067834
1751960828266,14.54611,SteamVR Tracker (Right Foot),-0.3226964,0.06963325,0.4876363,-0.5145288,0.04810255,0.01165194,0.8560435
1751960828266,14.54611,SteamVR Tracker (Left Foot),-0.4739831,-0.007554531,0.546034,-0.5725213,-0.05139596,0.01834101,0.8180717
1751960828266,14.54611,SteamVR Tracker (Waist),-0.5781672,0.761703,1.226938,-0.4974518,0.4939482,0.5016771,0.5068303
1751960828281,14.56246,SteamVR Tracker (Right Foot),-0.322742,0.06963778,0.4878154,-0.5143816,0.04811101,0.01149994,0.8561336
1751960828281,14.56246,SteamVR Tracker (Left Foot),-0.4739719,-0.007592201,0.5461262,-0.5724734,-0.05136256,0.01829442,0.8181085
1751960828281,14.56246,SteamVR Tracker (Waist),-0.578104,0.7616794,1.226835,-0.4974582,0.4940667,0.501628,0.5067571
1751960828315,14.59778,SteamVR Tracker (Right Foot),-0.3227068,0.06979537,0.4879919,-0.514415,0.04815095,0.01160588,0.8561099
1751960828315,14.59778,SteamVR Tracker (Left Foot),-0.4738047,-0.007520199,0.5462894,-0.572454,-0.0515196,0.01825422,0.8181131
1751960828315,14.59778,SteamVR Tracker (Waist),-0.5781008,0.761646,1.227045,-0.4973139,0.4939926,0.5016975,0.5069022
1751960828351,14.63139,SteamVR Tracker (Right Foot),-0.3226209,0.06975484,0.4878647,-0.514438,0.04822471,0.01153887,0.8560928
1751960828351,14.63139,SteamVR Tracker (Left Foot),-0.473862,-0.007515669,0.5461709,-0.5724822,-0.0514085,0.01831353,0.818099
1751960828351,14.63139,SteamVR Tracker (Waist),-0.5781447,0.7616929,1.227014,-0.4974349,0.4938859,0.5017862,0.5067997
1751960828382,14.6627,SteamVR Tracker (Right Foot),-0.3226621,0.06974244,0.487864,-0.514464,0.04826025,0.01149216,0.8560757
1751960828382,14.6627,SteamVR Tracker (Left Foot),-0.4739033,-0.007557631,0.5460939,-0.572388,-0.05139707,0.01834137,0.8181649
1751960828382,14.6627,SteamVR Tracker (Waist),-0.5780778,0.7614769,1.227004,-0.497509,0.4940164,0.5016821,0.5067028
1751960828434,14.71519,SteamVR Tracker (Right Foot),-0.3226984,0.06978679,0.4878169,-0.5144933,0.04812599,0.01161901,0.856064
1751960828434,14.71519,SteamVR Tracker (Left Foot),-0.4740032,-0.007560968,0.5461548,-0.5723214,-0.05150037,0.01848138,0.818202
1751960828435,14.71519,SteamVR Tracker (Waist),-0.5780749,0.7613939,1.226983,-0.4975439,0.4939351,0.5016072,0.5068218
1751960828448,14.72955,SteamVR Tracker (Right Foot),-0.322706,0.06978226,0.4878296,-0.514406,0.04812432,0.01162581,0.8561165
1751960828448,14.72955,SteamVR Tracker (Left Foot),-0.4739716,-0.007501602,0.5461455,-0.5722917,-0.05160447,0.01855228,0.8182145
1751960828448,14.72955,SteamVR Tracker (Waist),-0.5780591,0.7615196,1.226983,-0.4975267,0.4939487,0.5016358,0.5067971
1751960828485,14.76447,SteamVR Tracker (Right Foot),-0.3226289,0.06973863,0.4877194,-0.5143885,0.04820286,0.0115165,0.856124
1751960828485,14.76447,SteamVR Tracker (Left Foot),-0.4739595,-0.007561684,0.5461228,-0.5720664,-0.05160932,0.0184811,0.8183734
1751960828485,14.76447,SteamVR Tracker (Waist),-0.5781244,0.7616864,1.227021,-0.497484,0.4938884,0.5016414,0.5068924
1751960828518,14.79909,SteamVR Tracker (Right Foot),-0.3226019,0.06971145,0.4879044,-0.514252,0.04831593,0.01150171,0.8561999
1751960828518,14.79909,SteamVR Tracker (Left Foot),-0.4739008,-0.007647991,0.5462856,-0.5720035,-0.05169866,0.01853172,0.8184106
1751960828518,14.79909,SteamVR Tracker (Waist),-0.5780993,0.7618427,1.226878,-0.4975547,0.4938534,0.5016828,0.5068161
1751960828549,14.83004,SteamVR Tracker (Right Foot),-0.3226211,0.06979728,0.4879416,-0.5142208,0.04831513,0.01151857,0.8562184
1751960828549,14.83004,SteamVR Tracker (Left Foot),-0.4738724,-0.00774169,0.5462797,-0.571959,-0.05172962,0.01851647,0.81844
1751960828549,14.83004,SteamVR Tracker (Waist),-0.5780982,0.7616178,1.227017,-0.4975853,0.4936708,0.5017131,0.5069339
1751960828610,14.89076,SteamVR Tracker (Right Foot),-0.3226703,0.06973338,0.4876552,-0.5140995,0.04827027,0.01141814,0.8562952
1751960828610,14.89076,SteamVR Tracker (Left Foot),-0.4739464,-0.007743597,0.5462245,-0.5716833,-0.05165233,0.01852909,0.8186372
1751960828610,14.89076,SteamVR Tracker (Waist),-0.5780939,0.7614926,1.226944,-0.4976169,0.4938332,0.501698,0.5067596
1751960828623,14.90384,SteamVR Tracker (Right Foot),-0.3227446,0.06975269,0.4878495,-0.5140322,0.04823738,0.01131831,0.8563387
1751960828623,14.90384,SteamVR Tracker (Left Foot),-0.4739792,-0.007747412,0.5462615,-0.5716351,-0.05170733,0.01846027,0.818669
1751960828623,14.90384,SteamVR Tracker (Waist),-0.5781338,0.7615308,1.226925,-0.4975656,0.4938515,0.5016602,0.5068296
1751960828656,14.93758,SteamVR Tracker (Right Foot),-0.3226377,0.0697763,0.4881068,-0.5140169,0.04830957,0.01140507,0.8563427
1751960828656,14.93758,SteamVR Tracker (Left Foot),-0.4739324,-0.007687807,0.5464059,-0.5715049,-0.05180677,0.01837036,0.8187556
1751960828656,14.93758,SteamVR Tracker (Waist),-0.5781229,0.7617986,1.227124,-0.49744,0.4938986,0.5017768,0.5067917
1751960828690,14.9693,SteamVR Tracker (Right Foot),-0.3225677,0.06971359,0.4879794,-0.5139384,0.04830092,0.01129762,0.8563917
1751960828690,14.9693,SteamVR Tracker (Left Foot),-0.4737539,-0.007586479,0.5465335,-0.5715135,-0.05180679,0.01840064,0.8187489
1751960828690,14.9693,SteamVR Tracker (Waist),-0.5782214,0.7621506,1.227126,-0.4974491,0.493886,0.5018263,0.5067459
1751960828722,15.00187,SteamVR Tracker (Right Foot),-0.3225598,0.0698545,0.4878504,-0.5139713,0.0482433,0.01129166,0.8563753
1751960828722,15.00187,SteamVR Tracker (Left Foot),-0.4737547,-0.00764966,0.5463439,-0.5715092,-0.05187085,0.01835907,0.8187488
1751960828722,15.00187,SteamVR Tracker (Waist),-0.578123,0.7620059,1.226964,-0.4974623,0.4938615,0.5017756,0.5068071
1751960828773,15.05299,SteamVR Tracker (Right Foot),-0.322626,0.06972241,0.48765,-0.5139688,0.04818747,0.01131502,0.8563797
1751960828773,15.05299,SteamVR Tracker (Left Foot),-0.4740057,-0.007564545,0.5461733,-0.5715926,-0.05181927,0.01833843,0.8186944
1751960828773,15.05299,SteamVR Tracker (Waist),-0.5782211,0.762027,1.226788,-0.4976741,0.4937876,0.5016828,0.506763
1751960828785,15.06721,SteamVR Tracker (Right Foot),-0.3225924,0.06957102,0.487696,-0.5139023,0.04816416,0.01132149,0.8564208
1751960828786,15.06721,SteamVR Tracker (Left Foot),-0.4739355,-0.007497311,0.5461903,-0.571573,-0.05183398,0.01839818,0.8187058
1751960828786,15.06721,SteamVR Tracker (Waist),-0.5781776,0.7618136,1.226872,-0.4976047,0.4938585,0.5016037,0.5068403
1751960828822,15.10249,SteamVR Tracker (Right Foot),-0.3224972,0.06958771,0.4878889,-0.513789,0.04816456,0.0112863,0.8564892
1751960828822,15.10249,SteamVR Tracker (Left Foot),-0.4736725,-0.007668495,0.5463094,-0.5715545,-0.05175469,0.01819571,0.8187283
1751960828822,15.10249,SteamVR Tracker (Waist),-0.5780733,0.7619464,1.226995,-0.497591,0.4938993,0.5016394,0.5067787
1751960828856,15.13754,SteamVR Tracker (Right Foot),-0.3226222,0.06969523,0.4879846,-0.5136946,0.04813538,0.01127406,0.8565476
1751960828856,15.13754,SteamVR Tracker (Left Foot),-0.4736099,-0.0077281,0.5463347,-0.5714933,-0.05172907,0.01803082,0.8187762
1751960828856,15.13754,SteamVR Tracker (Waist),-0.5781152,0.761762,1.227046,-0.4975327,0.4938109,0.5016995,0.5068626
1751960828887,15.16712,SteamVR Tracker (Right Foot),-0.322696,0.06988788,0.4879932,-0.5137672,0.04812271,0.01125585,0.856505
1751960828887,15.16712,SteamVR Tracker (Left Foot),-0.4736532,-0.007731676,0.5462673,-0.5715477,-0.05178652,0.01796302,0.818736
1751960828887,15.16712,SteamVR Tracker (Waist),-0.5781147,0.7615414,1.226977,-0.4976644,0.4938279,0.5016999,0.5067163
1751960828937,15.21826,SteamVR Tracker (Right Foot),-0.3226716,0.06987405,0.4879168,-0.513712,0.04819115,0.01126476,0.8565341
1751960828937,15.21826,SteamVR Tracker (Left Foot),-0.4739411,-0.0076859,0.5463206,-0.5715684,-0.05172465,0.01813821,0.8187217
1751960828937,15.21826,SteamVR Tracker (Waist),-0.5782182,0.7619213,1.227037,-0.4976184,0.4937589,0.5017548,0.5067744
1751960828956,15.23727,SteamVR Tracker (Right Foot),-0.3227194,0.06988597,0.4879259,-0.5138002,0.0482238,0.01124804,0.8564796
1751960828957,15.23727,SteamVR Tracker (Left Foot),-0.4739417,-0.007768393,0.5462095,-0.5716854,-0.05169557,0.01816109,0.8186413
1751960828957,15.23727,SteamVR Tracker (Waist),-0.5782132,0.7618421,1.227096,-0.4975436,0.4938306,0.5016848,0.5068472
1751960828989,15.26958,SteamVR Tracker (Right Foot),-0.3226394,0.06978822,0.4878703,-0.5138472,0.04831992,0.01126972,0.8564457
1751960828990,15.26958,SteamVR Tracker (Left Foot),-0.4739008,-0.007678032,0.5462808,-0.5717195,-0.05171555,0.01812166,0.818617
1751960828990,15.26958,SteamVR Tracker (Waist),-0.5779443,0.7614179,1.226975,-0.4974796,0.4938621,0.5017701,0.5067949
1751960829022,15.30143,SteamVR Tracker (Right Foot),-0.3225571,0.0697751,0.4880056,-0.5137842,0.04827421,0.01123821,0.8564865
1751960829022,15.30143,SteamVR Tracker (Left Foot),-0.4738785,-0.007617712,0.5463342,-0.5715871,-0.05168168,0.0181019,0.8187121
1751960829022,15.30143,SteamVR Tracker (Waist),-0.5781293,0.7616019,1.227033,-0.4975325,0.4937849,0.5018515,0.5067377
1751960829057,15.33803,SteamVR Tracker (Right Foot),-0.3225228,0.06974578,0.4878425,-0.5137505,0.04825249,0.01124235,0.8565079
1751960829057,15.33803,SteamVR Tracker (Left Foot),-0.4737776,-0.007747412,0.5461536,-0.5716745,-0.0518132,0.0180918,0.818643
1751960829057,15.33803,SteamVR Tracker (Waist),-0.5781618,0.7617095,1.227163,-0.497538,0.4937627,0.5018637,0.5067417
1751960829097,15.3781,SteamVR Tracker (Right Foot),-0.3225802,0.06974816,0.4879596,-0.5137706,0.04832941,0.01121309,0.8564919
1751960829097,15.3781,SteamVR Tracker (Left Foot),-0.4738773,-0.007652521,0.5463812,-0.5716875,-0.05174527,0.01822334,0.8186354
1751960829097,15.3781,SteamVR Tracker (Waist),-0.5779814,0.7614675,1.227037,-0.4974432,0.4939049,0.5018616,0.5066983
1751960829119,15.40163,SteamVR Tracker (Right Foot),-0.3226457,0.06984687,0.4879057,-0.5138689,0.04827209,0.01125439,0.8564356
1751960829120,15.40163,SteamVR Tracker (Left Foot),-0.4738412,-0.007688046,0.5463522,-0.5717008,-0.05179979,0.01823232,0.8186224
1751960829120,15.40163,SteamVR Tracker (Waist),-0.5780092,0.7614571,1.226982,-0.4973963,0.4939754,0.5018812,0.5066562
1751960829153,15.43411,SteamVR Tracker (Right Foot),-0.3226041,0.06982708,0.4878148,-0.513748,0.0483185,0.0111174,0.8565074
1751960829153,15.43411,SteamVR Tracker (Left Foot),-0.4737343,-0.007821321,0.5461456,-0.5716056,-0.05187945,0.01823386,0.8186838
1751960829153,15.43411,SteamVR Tracker (Waist),-0.5780505,0.761382,1.227082,-0.4973825,0.4939799,0.5018787,0.5066679
1751960829190,15.46866,SteamVR Tracker (Right Foot),-0.3226219,0.06989098,0.488064,-0.5136653,0.0482173,0.01125591,0.8565608
1751960829190,15.46866,SteamVR Tracker (Left Foot),-0.4738007,-0.007579327,0.5464734,-0.5714982,-0.05185587,0.01822002,0.8187606
1751960829190,15.46866,SteamVR Tracker (Waist),-0.5780311,0.7612671,1.227128,-0.497365,0.4940848,0.5017412,0.5067189
1751960829220,15.49944,SteamVR Tracker (Right Foot),-0.3226806,0.06991315,0.4880928,-0.5135227,0.04832749,0.01117729,0.8566411
1751960829220,15.49944,SteamVR Tracker (Left Foot),-0.4739106,-0.007613897,0.5463905,-0.5714098,-0.05196886,0.01809435,0.8188179
1751960829220,15.49944,SteamVR Tracker (Waist),-0.5780559,0.7613604,1.227054,-0.4974728,0.4940683,0.5016921,0.5066778
1751960829271,15.5512,SteamVR Tracker (Right Foot),-0.322619,0.06976581,0.4879217,-0.5135152,0.04836323,0.01109384,0.8566447
1751960829271,15.5512,SteamVR Tracker (Left Foot),-0.4737304,-0.007656813,0.5462866,-0.5712919,-0.051946,0.01807119,0.8189021
1751960829271,15.5512,SteamVR Tracker (Waist),-0.57796,0.7610782,1.2271,-0.4974431,0.4940286,0.501775,0.5066637
1751960829288,15.56907,SteamVR Tracker (Right Foot),-0.3225402,0.06972122,0.4880678,-0.5133184,0.04851333,0.01103001,0.856755
1751960829288,15.56907,SteamVR Tracker (Left Foot),-0.4737184,-0.007791758,0.546364,-0.5711777,-0.05195522,0.01809292,0.8189808
1751960829288,15.56907,SteamVR Tracker (Waist),-0.5779229,0.761135,1.227138,-0.4974546,0.4939502,0.5017947,0.5067093
1751960829319,15.60006,SteamVR Tracker (Right Foot),-0.3226101,0.06961489,0.4880715,-0.5133659,0.04854384,0.01106726,0.8567243
1751960829319,15.60006,SteamVR Tracker (Left Foot),-0.473875,-0.007827997,0.5462059,-0.5710912,-0.0520179,0.01801039,0.8190389
1751960829319,15.60006,SteamVR Tracker (Waist),-0.5780677,0.761344,1.227078,-0.497557,0.4939012,0.5017387,0.506712
1751960829352,15.63514,SteamVR Tracker (Right Foot),-0.3226016,0.06962538,0.4879375,-0.5134704,0.04844076,0.01099425,0.8566685
1751960829352,15.63514,SteamVR Tracker (Left Foot),-0.4738794,-0.007766247,0.5462463,-0.5712854,-0.05206505,0.01803559,0.8188998
1751960829352,15.63514,SteamVR Tracker (Waist),-0.578115,0.7616743,1.22689,-0.4976025,0.4939527,0.5015994,0.5067548
1751960829384,15.66497,SteamVR Tracker (Right Foot),-0.3225393,0.06969595,0.4879876,-0.5134139,0.04848361,0.01101564,0.8566996
1751960829384,15.66497,SteamVR Tracker (Left Foot),-0.4737972,-0.007814169,0.5463646,-0.5713174,-0.05202966,0.0179689,0.8188813
1751960829384,15.66497,SteamVR Tracker (Waist),-0.5782132,0.7619539,1.227139,-0.4975128,0.4939768,0.5016589,0.5067607
1751960829442,15.72213,SteamVR Tracker (Right Foot),-0.3225584,0.06962252,0.4879274,-0.5134381,0.04851195,0.01090306,0.8566849
1751960829442,15.72213,SteamVR Tracker (Left Foot),-0.4737074,-0.007758856,0.5464036,-0.5713401,-0.05197334,0.01796687,0.8188691
1751960829442,15.72213,SteamVR Tracker (Waist),-0.5782719,0.7623112,1.227025,-0.4976104,0.4939806,0.5016508,0.5066692
1751960829455,15.73847,SteamVR Tracker (Right Foot),-0.3225062,0.06961703,0.488002,-0.5134366,0.04857391,0.01082995,0.8566833
1751960829455,15.73847,SteamVR Tracker (Left Foot),-0.4736387,-0.007681131,0.5463722,-0.5712987,-0.05194313,0.01779635,0.8189036
1751960829455,15.73847,SteamVR Tracker (Waist),-0.5781734,0.7622815,1.226968,-0.4975249,0.4940193,0.5016745,0.5066918
1751960829489,15.76966,SteamVR Tracker (Right Foot),-0.3225981,0.06960273,0.4878971,-0.5133211,0.04847342,0.01083675,0.8567581
1751960829489,15.76966,SteamVR Tracker (Left Foot),-0.4738866,-0.007735729,0.5462483,-0.5713009,-0.05197905,0.01777966,0.8189001
1751960829489,15.76966,SteamVR Tracker (Waist),-0.5781752,0.7618542,1.227,-0.4975882,0.4938952,0.5017112,0.5067143
1751960829520,15.79993,SteamVR Tracker (Right Foot),-0.3226548,0.06963587,0.487841,-0.5133575,0.04853448,0.01080548,0.8567332
1751960829521,15.79993,SteamVR Tracker (Left Foot),-0.473777,-0.007828474,0.5462942,-0.5713676,-0.05189544,0.01788064,0.8188567
1751960829521,15.79993,SteamVR Tracker (Waist),-0.5781535,0.7617167,1.226927,-0.4975927,0.4939251,0.5016277,0.5067634
1751960829548,15.82757,SteamVR Tracker (Right Foot),-0.3225634,0.06975675,0.487843,-0.5134344,0.04848817,0.01085276,0.8566892
1751960829548,15.82757,SteamVR Tracker (Left Foot),-0.473816,-0.007877588,0.5462357,-0.5713729,-0.05185427,0.01783738,0.8188566
1751960829549,15.82757,SteamVR Tracker (Waist),-0.5780144,0.7613945,1.227008,-0.4975396,0.4939649,0.5016095,0.5067947
1751960829604,15.88389,SteamVR Tracker (Right Foot),-0.3226219,0.06973147,0.487992,-0.5134084,0.04851874,0.01085889,0.8567029
1751960829604,15.88389,SteamVR Tracker (Left Foot),-0.47379,-0.007890463,0.5462534,-0.5715052,-0.05184104,0.01787385,0.8187642
1751960829604,15.88389,SteamVR Tracker (Waist),-0.5782034,0.7617378,1.227019,-0.4975723,0.4938564,0.5017974,0.5066825
1751960829618,15.89978,SteamVR Tracker (Right Foot),-0.3226724,0.06967282,0.4879801,-0.513432,0.04852204,0.01088505,0.8566882
1751960829618,15.89978,SteamVR Tracker (Left Foot),-0.4737574,-0.007897377,0.546323,-0.5716067,-0.05180675,0.01787589,0.8186955
1751960829619,15.89978,SteamVR Tracker (Waist),-0.5782484,0.7617962,1.227017,-0.4975727,0.4938628,0.501766,0.5067068
1751960829653,15.93341,SteamVR Tracker (Right Foot),-0.3226618,0.06971383,0.4877364,-0.5135375,0.0485373,0.01079335,0.8566254
1751960829653,15.93341,SteamVR Tracker (Left Foot),-0.473908,-0.007920027,0.5460379,-0.571679,-0.05179858,0.01787584,0.8186455
1751960829653,15.93341,SteamVR Tracker (Waist),-0.5781274,0.7617655,1.226926,-0.4974931,0.4938258,0.5017678,0.5068194
1751960829689,15.96861,SteamVR Tracker (Right Foot),-0.3225579,0.06973052,0.4879804,-0.5135195,0.04866458,0.01074223,0.8566296
1751960829689,15.96861,SteamVR Tracker (Left Foot),-0.4737808,-0.007810831,0.5462585,-0.571683,-0.05181453,0.01774085,0.8186446
1751960829689,15.96861,SteamVR Tracker (Waist),-0.5781709,0.7619135,1.227032,-0.4975516,0.4937615,0.501838,0.5067551
1751960829723,16.00161,SteamVR Tracker (Right Foot),-0.3224315,0.06972957,0.4879459,-0.5135769,0.04867345,0.01066313,0.8565956
1751960829723,16.00161,SteamVR Tracker (Left Foot),-0.4737338,-0.007810831,0.5462365,-0.5717764,-0.05178873,0.01780125,0.8185797
1751960829723,16.00161,SteamVR Tracker (Waist),-0.5781194,0.7617731,1.227027,-0.4975954,0.4937532,0.5017446,0.5068126
1751960829774,16.05548,SteamVR Tracker (Right Foot),-0.3225908,0.06959844,0.4878526,-0.5134962,0.04869717,0.01071245,0.8566421
1751960829774,16.05548,SteamVR Tracker (Left Foot),-0.4737737,-0.007924795,0.5461642,-0.5717922,-0.05191737,0.01781076,0.8185604
1751960829774,16.05548,SteamVR Tracker (Waist),-0.5781859,0.7619901,1.226966,-0.4975645,0.4938037,0.5017394,0.506799
1751960829789,16.07119,SteamVR Tracker (Right Foot),-0.3224926,0.06954432,0.4878518,-0.5133238,0.04871659,0.01063749,0.8567451
1751960829790,16.07119,SteamVR Tracker (Left Foot),-0.4737168,-0.007939339,0.5462211,-0.5717485,-0.05191647,0.01772508,0.8185928
1751960829790,16.07119,SteamVR Tracker (Waist),-0.5781502,0.7618847,1.226964,-0.4975688,0.493681,0.5017165,0.5069368
1751960829825,16.10395,SteamVR Tracker (Right Foot),-0.3225332,0.06960154,0.4880798,-0.5134787,0.04875996,0.01050353,0.8566515
1751960829825,16.10395,SteamVR Tracker (Left Foot),-0.4737671,-0.00783968,0.5462105,-0.5718169,-0.05197442,0.01780317,0.8185396
1751960829825,16.10395,SteamVR Tracker (Waist),-0.5781717,0.7621725,1.226936,-0.4975826,0.4937791,0.5015947,0.5069484
1751960829858,16.1392,SteamVR Tracker (Right Foot),-0.3224784,0.06980538,0.4878474,-0.5133145,0.04873545,0.01042831,0.8567522
1751960829858,16.1392,SteamVR Tracker (Left Foot),-0.4737786,-0.007694006,0.5462402,-0.5717553,-0.05187023,0.0177806,0.8185897
1751960829858,16.1392,SteamVR Tracker (Waist),-0.5782043,0.7620381,1.226945,-0.4975453,0.4938543,0.5016169,0.5068896
1751960829892,16.17227,SteamVR Tracker (Right Foot),-0.3224927,0.06973338,0.4878624,-0.5134403,0.04872971,0.01050502,0.8566762
1751960829892,16.17227,SteamVR Tracker (Left Foot),-0.4737568,-0.007753372,0.5461944,-0.5718381,-0.05186304,0.0178659,0.8185305
1751960829892,16.17227,SteamVR Tracker (Waist),-0.5782292,0.7621777,1.226866,-0.4975919,0.4939113,0.5016118,0.5067934
1751960829943,16.22318,SteamVR Tracker (Right Foot),-0.3224616,0.06978416,0.4879782,-0.513427,0.0487924,0.01053927,0.8566802
1751960829943,16.22318,SteamVR Tracker (Left Foot),-0.4736759,-0.007860184,0.5462838,-0.5718063,-0.05185051,0.01783955,0.8185542
1751960829943,16.22318,SteamVR Tracker (Waist),-0.578203,0.7621455,1.227032,-0.4975413,0.4939001,0.501559,0.5069062
1751960829955,16.23808,SteamVR Tracker (Right Foot),-0.3224926,0.06977272,0.4879956,-0.5136083,0.0487467,0.01053406,0.8565742
1751960829955,16.23808,SteamVR Tracker (Left Foot),-0.4736114,-0.007865667,0.546294,-0.5717736,-0.05191852,0.01787372,0.8185719
1751960829955,16.23808,SteamVR Tracker (Waist),-0.5781052,0.7620407,1.227082,-0.4975141,0.4939023,0.5016684,0.5068226
1751960829990,16.27058,SteamVR Tracker (Right Foot),-0.322568,0.0696981,0.4879852,-0.5134697,0.04879866,0.0105646,0.8566539
1751960829990,16.27058,SteamVR Tracker (Left Foot),-0.4737031,-0.007708311,0.5462857,-0.5718418,-0.05177848,0.01781977,0.8185344
1751960829990,16.27058,SteamVR Tracker (Waist),-0.5780662,0.7618351,1.226909,-0.4975968,0.4938498,0.5016637,0.5067971
1751960830025,16.30442,SteamVR Tracker (Right Foot),-0.3226399,0.06958675,0.4879219,-0.5135176,0.0487012,0.01062909,0.85663
1751960830026,16.30442,SteamVR Tracker (Left Foot),-0.4736899,-0.007684231,0.5462289,-0.5718071,-0.05180492,0.01785181,0.8185561
1751960830026,16.30442,SteamVR Tracker (Waist),-0.5781163,0.7617615,1.227046,-0.4974888,0.4939601,0.5015259,0.5069323
1751960830057,16.33806,SteamVR Tracker (Right Foot),-0.322531,0.06972837,0.4878965,-0.5135686,0.04879162,0.0105141,0.8565956
1751960830057,16.33806,SteamVR Tracker (Left Foot),-0.4737026,-0.007655144,0.5462474,-0.5718397,-0.05190693,0.01802325,0.8185232
1751960830057,16.33806,SteamVR Tracker (Waist),-0.5779519,0.7612647,1.226882,-0.4976236,0.4939631,0.5015751,0.5067482
1751960830118,16.39642,SteamVR Tracker (Right Foot),-0.3226497,0.06963754,0.487951,-0.5135657,0.04882695,0.01059735,0.8565944
1751960830119,16.39642,SteamVR Tracker (Left Foot),-0.4738067,-0.007840157,0.5461056,-0.5718497,-0.05178276,0.01803011,0.8185239
1751960830119,16.39642,SteamVR Tracker (Waist),-0.5781443,0.7614564,1.226926,-0.4976043,0.4939431,0.5016559,0.5067065
1751960830134,16.41509,SteamVR Tracker (Right Foot),-0.322561,0.06960249,0.4878895,-0.5135285,0.04885537,0.01054662,0.8566157
1751960830134,16.41509,SteamVR Tracker (Left Foot),-0.4737994,-0.007790089,0.5461048,-0.5719154,-0.05179594,0.01802957,0.8184772
1751960830134,16.41509,SteamVR Tracker (Waist),-0.5780026,0.7614551,1.226954,-0.4975452,0.4939503,0.5015905,0.5068223
1751960830169,16.44939,SteamVR Tracker (Right Foot),-0.3224683,0.06970811,0.4878632,-0.5135084,0.04866021,0.01056346,0.8566386
1751960830169,16.44939,SteamVR Tracker (Left Foot),-0.4736965,-0.007802963,0.5462485,-0.5718488,-0.05181904,0.01811201,0.8185205
1751960830169,16.44939,SteamVR Tracker (Waist),-0.5779141,0.7612225,1.226933,-0.4975397,0.4938578,0.5016579,0.5068512
1751960830200,16.48067,SteamVR Tracker (Right Foot),-0.3224138,0.06976533,0.4878443,-0.5135403,0.04859001,0.01057849,0.8566234
1751960830200,16.48067,SteamVR Tracker (Left Foot),-0.4736657,-0.007783651,0.5461319,-0.5719704,-0.05183861,0.01801366,0.8184364
1751960830200,16.48067,SteamVR Tracker (Waist),-0.577876,0.7608944,1.227031,-0.4974955,0.4939741,0.5016881,0.5067515
1751960830234,16.51535,SteamVR Tracker (Right Foot),-0.3224055,0.06976986,0.4878333,-0.5136284,0.04862365,0.01056856,0.8565687
1751960830234,16.51535,SteamVR Tracker (Left Foot),-0.4736595,-0.007716894,0.5461342,-0.5720381,-0.05172793,0.01792895,0.818398
1751960830234,16.51535,SteamVR Tracker (Waist),-0.5779446,0.7611221,1.227065,-0.4976009,0.4938969,0.5016075,0.5068029
1751960830284,16.56463,SteamVR Tracker (Right Foot),-0.3225373,0.0696311,0.4879553,-0.5135753,0.04856436,0.01058527,0.8566037
1751960830284,16.56463,SteamVR Tracker (Left Foot),-0.4736669,-0.007615805,0.5462165,-0.5721241,-0.05179292,0.01781941,0.8183361
1751960830284,16.56463,SteamVR Tracker (Waist),-0.5779552,0.7609656,1.22705,-0.4975673,0.4939242,0.501612,0.5068048
1751960830296,16.57892,SteamVR Tracker (Right Foot),-0.3225385,0.06964207,0.4879652,-0.5135587,0.04860053,0.01044537,0.8566133
1751960830296,16.57892,SteamVR Tracker (Left Foot),-0.4736372,-0.007594585,0.5462283,-0.5721268,-0.05165512,0.01783488,0.8183426
1751960830296,16.57892,SteamVR Tracker (Waist),-0.5779428,0.7608995,1.22705,-0.4975292,0.4939907,0.5015481,0.5068407
1751960830333,16.61311,SteamVR Tracker (Right Foot),-0.3224743,0.06973028,0.4879306,-0.5136461,0.04862237,0.01039856,0.8565602
1751960830333,16.61311,SteamVR Tracker (Left Foot),-0.4736002,-0.007560492,0.5462834,-0.5719234,-0.05170479,0.01780587,0.8184822
1751960830333,16.61311,SteamVR Tracker (Waist),-0.5777204,0.7604618,1.227142,-0.4975164,0.4939189,0.5015826,0.506889
1751960830364,16.64417,SteamVR Tracker (Right Foot),-0.3225742,0.06970549,0.4878444,-0.5134516,0.04858902,0.01050193,0.8566775
1751960830364,16.64417,SteamVR Tracker (Left Foot),-0.4737321,-0.007712603,0.546132,-0.5718979,-0.05161758,0.01785981,0.8185044
1751960830364,16.64417,SteamVR Tracker (Waist),-0.5778248,0.7606686,1.227059,-0.4976006,0.4938676,0.5016668,0.5067731
1751960830395,16.67642,SteamVR Tracker (Right Foot),-0.3225515,0.06973481,0.4878911,-0.5135458,0.04867554,0.01063552,0.8566145
1751960830395,16.67642,SteamVR Tracker (Left Foot),-0.473742,-0.007738352,0.5461759,-0.5718844,-0.05167859,0.0180872,0.818505
1751960830395,16.67642,SteamVR Tracker (Waist),-0.5777098,0.7603929,1.227121,-0.4976623,0.493885,0.5015892,0.5067724
1751960830442,16.72127,SteamVR Tracker (Right Foot),-0.3225131,0.06975389,0.4880165,-0.5135522,0.04871328,0.01056379,0.8566093
1751960830442,16.72127,SteamVR Tracker (Left Foot),-0.4737175,-0.007752895,0.5463113,-0.5718307,-0.05152835,0.0180987,0.8185517
1751960830442,16.72127,SteamVR Tracker (Waist),-0.5778316,0.7608346,1.227079,-0.4976108,0.4938123,0.5016081,0.5068751
1751960830454,16.7367,SteamVR Tracker (Right Foot),-0.3224981,0.06977558,0.4880558,-0.5136873,0.04877981,0.010524,0.8565251
1751960830454,16.7367,SteamVR Tracker (Left Foot),-0.4736992,-0.007775784,0.5463822,-0.5717198,-0.05167757,0.01811408,0.8186195
1751960830454,16.7367,SteamVR Tracker (Waist),-0.5778155,0.7607585,1.227078,-0.4975694,0.4938869,0.5015316,0.5069187
1751960830486,16.76779,SteamVR Tracker (Right Foot),-0.3225855,0.06976891,0.487859,-0.5136651,0.04876753,0.01060759,0.856538
1751960830486,16.76779,SteamVR Tracker (Left Foot),-0.4737558,-0.007739305,0.5461532,-0.5718611,-0.05165011,0.01812851,0.8185221
1751960830486,16.76779,SteamVR Tracker (Waist),-0.5779903,0.7609707,1.227089,-0.4976124,0.4938084,0.5016875,0.5067987
1751960830522,16.80228,SteamVR Tracker (Right Foot),-0.3225709,0.0696497,0.4878572,-0.513494,0.04877779,0.01052439,0.8566411
1751960830522,16.80228,SteamVR Tracker (Left Foot),-0.473688,-0.007782459,0.5462278,-0.5716766,-0.05164488,0.01813177,0.8186513
1751960830522,16.80228,SteamVR Tracker (Waist),-0.5778737,0.7607975,1.227029,-0.4976297,0.4937769,0.5016875,0.5068123
1751960830555,16.83646,SteamVR Tracker (Right Foot),-0.3225594,0.06975722,0.4878842,-0.5135795,0.04865316,0.01048929,0.8565973
1751960830556,16.83646,SteamVR Tracker (Left Foot),-0.4738435,-0.007810116,0.5461933,-0.5716605,-0.05175613,0.0182111,0.8186537
1751960830556,16.83646,SteamVR Tracker (Waist),-0.5779313,0.761025,1.226965,-0.4976117,0.4937825,0.5016313,0.5068802
1751960830615,16.89429,SteamVR Tracker (Right Foot),-0.3225622,0.06959009,0.4878646,-0.5136066,0.04873798,0.01053909,0.8565756
1751960830615,16.89429,SteamVR Tracker (Left Foot),-0.4737911,-0.007836103,0.5461574,-0.5717991,-0.05176242,0.01819986,0.8185568
1751960830615,16.89429,SteamVR Tracker (Waist),-0.5780854,0.7618793,1.227009,-0.4975192,0.4938109,0.5016199,0.5069547
1751960830627,16.90984,SteamVR Tracker (Right Foot),-0.3224918,0.06953788,0.4879438,-0.5134583,0.04871787,0.010525,0.8566658
1751960830628,16.90984,SteamVR Tracker (Left Foot),-0.4737247,-0.007854223,0.5462181,-0.5716193,-0.05181982,0.01810973,0.8186808
1751960830628,16.90984,SteamVR Tracker (Waist),-0.5781358,0.7618371,1.226944,-0.4975639,0.4937834,0.501626,0.5069315
1751960830666,16.94588,SteamVR Tracker (Right Foot),-0.3225271,0.06953478,0.4878462,-0.5134763,0.04875323,0.01061484,0.856652
1751960830666,16.94588,SteamVR Tracker (Left Foot),-0.4737414,-0.00786829,0.5461755,-0.5716661,-0.0517396,0.01813637,0.8186526
1751960830666,16.94588,SteamVR Tracker (Waist),-0.5780638,0.7613746,1.226939,-0.4975144,0.4938575,0.5017141,0.5068207
1751960830697,16.97781,SteamVR Tracker (Right Foot),-0.3226573,0.06949329,0.4878481,-0.5136217,0.04871997,0.01061209,0.8565668
1751960830697,16.97781,SteamVR Tracker (Left Foot),-0.4737693,-0.007856131,0.546129,-0.5716031,-0.05176301,0.01795793,0.8186991
1751960830697,16.97781,SteamVR Tracker (Waist),-0.5780196,0.7611591,1.226958,-0.4975766,0.4938585,0.501605,0.5068668
1751960830730,17.01085,SteamVR Tracker (Right Foot),-0.3226089,0.06962514,0.4878485,-0.5136846,0.04878309,0.01075214,0.8565237
1751960830730,17.01085,SteamVR Tracker (Left Foot),-0.4737996,-0.007867575,0.5461313,-0.5717945,-0.05175071,0.01815145,0.8185619
1751960830730,17.01085,SteamVR Tracker (Waist),-0.5780292,0.7612078,1.226886,-0.4975294,0.4938878,0.5015879,0.5069013
1751960830784,17.06359,SteamVR Tracker (Right Foot),-0.3225695,0.06975007,0.4879619,-0.5134981,0.04875152,0.01072248,0.8566377
1751960830784,17.06359,SteamVR Tracker (Left Foot),-0.4737236,-0.007818937,0.5461797,-0.5718116,-0.05177953,0.01812066,0.8185487
1751960830784,17.06359,SteamVR Tracker (Waist),-0.5781124,0.7616218,1.227034,-0.4975784,0.4938983,0.5015767,0.5068542
1751960830798,17.0803,SteamVR Tracker (Right Foot),-0.3225123,0.06975889,0.4879019,-0.513485,0.0486923,0.01083971,0.8566474
1751960830798,17.0803,SteamVR Tracker (Left Foot),-0.4736924,-0.007812977,0.5461317,-0.5718611,-0.05169928,0.01825365,0.8185163
1751960830798,17.0803,SteamVR Tracker (Waist),-0.5781143,0.7618262,1.226979,-0.4976693,0.4938534,0.5015502,0.5068349
1751960830832,17.11303,SteamVR Tracker (Right Foot),-0.3226077,0.06968141,0.4878893,-0.5135209,0.04872885,0.01074403,0.856625
1751960830832,17.11303,SteamVR Tracker (Left Foot),-0.4737132,-0.007710695,0.5460441,-0.5718861,-0.0516559,0.01808314,0.8185053
1751960830832,17.11303,SteamVR Tracker (Waist),-0.5781164,0.7620825,1.227035,-0.4976391,0.4938013,0.5015266,0.5069387
1751960830866,17.14642,SteamVR Tracker (Right Foot),-0.3226268,0.0697341,0.4879423,-0.5134841,0.04871466,0.01078235,0.8566474
1751960830866,17.14642,SteamVR Tracker (Left Foot),-0.4736648,-0.007710695,0.5461769,-0.571827,-0.05166776,0.01799633,0.8185478
1751960830866,17.14642,SteamVR Tracker (Waist),-0.5782738,0.7624129,1.227004,-0.4977056,0.4937649,0.501502,0.506933
1751960830897,17.17723,SteamVR Tracker (Right Foot),-0.3226183,0.0697546,0.4878631,-0.5134984,0.04867184,0.01085834,0.8566403
1751960830897,17.17723,SteamVR Tracker (Left Foot),-0.4737991,-0.007861853,0.5461231,-0.5719017,-0.05168968,0.01815847,0.8184907
1751960830897,17.17723,SteamVR Tracker (Waist),-0.5782993,0.7622216,1.2269,-0.4976326,0.4939047,0.5014657,0.5069045
1751960830954,17.23303,SteamVR Tracker (Right Foot),-0.3226237,0.069695,0.4880225,-0.5134532,0.04869174,0.01080478,0.856667
1751960830954,17.23303,SteamVR Tracker (Left Foot),-0.4737467,-0.007818222,0.546313,-0.571873,-0.05164057,0.01817529,0.8185134
1751960830954,17.23303,SteamVR Tracker (Waist),-0.5782673,0.7620645,1.227024,-0.4975735,0.4938847,0.5015509,0.5068977
1751960830969,17.25098,SteamVR Tracker (Right Foot),-0.3225324,0.0698266,0.4879648,-0.5134363,0.04870157,0.01074443,0.8566772
1751960830969,17.25098,SteamVR Tracker (Left Foot),-0.4737856,-0.007824898,0.5463656,-0.5718253,-0.05168615,0.01825402,0.8185421
1751960830969,17.25098,SteamVR Tracker (Waist),-0.5783279,0.7621577,1.227042,-0.4975281,0.4939686,0.5015234,0.5068877
1751960831003,17.28281,SteamVR Tracker (Right Foot),-0.3225365,0.06979632,0.4879276,-0.5133151,0.0486231,0.0108971,0.8567524
1751960831003,17.28281,SteamVR Tracker (Left Foot),-0.4737419,-0.007874966,0.5462529,-0.5717171,-0.05174756,0.01830844,0.8186126
1751960831003,17.28281,SteamVR Tracker (Waist),-0.5781183,0.7617271,1.22695,-0.4974821,0.494036,0.5015174,0.5068732
1751960831036,17.31758,SteamVR Tracker (Right Foot),-0.3225856,0.0696826,0.4879773,-0.5134244,0.04859855,0.01092155,0.856688
1751960831036,17.31758,SteamVR Tracker (Left Foot),-0.4736479,-0.007882833,0.5462436,-0.5717573,-0.05165689,0.01820948,0.8185925
1751960831036,17.31758,SteamVR Tracker (Waist),-0.5781353,0.7618948,1.226962,-0.4974712,0.4939785,0.501588,0.50687
1751960831069,17.34954,SteamVR Tracker (Right Foot),-0.3224698,0.06965375,0.4877958,-0.5134596,0.0487023,0.01075883,0.856663
1751960831069,17.34954,SteamVR Tracker (Left Foot),-0.4736435,-0.007879972,0.5460904,-0.5718126,-0.05167102,0.01825911,0.8185518
1751960831069,17.34954,SteamVR Tracker (Waist),-0.5781041,0.7620702,1.227047,-0.4974678,0.4939376,0.5015339,0.5069667
1751960831148,17.42573,SteamVR Tracker (Right Foot),-0.3226802,0.06966686,0.4878957,-0.5134334,0.04853664,0.01094763,0.8566858
1751960831148,17.42573,SteamVR Tracker (Left Foot),-0.4738285,-0.00786829,0.5461525,-0.5718057,-0.05180217,0.01825038,0.8185486
1751960831148,17.42573,SteamVR Tracker (Waist),-0.5781369,0.7616154,1.22699,-0.4975756,0.4939314,0.5015949,0.5068065
1751960831166,17.4466,SteamVR Tracker (Right Foot),-0.3228121,0.06956077,0.4878028,-0.5133708,0.04846559,0.01094519,0.8567274
1751960831166,17.4466,SteamVR Tracker (Left Foot),-0.4738959,-0.007998705,0.5459407,-0.571803,-0.05179894,0.01847904,0.8185455
1751960831167,17.4466,SteamVR Tracker (Waist),-0.5781494,0.7616341,1.226939,-0.4975398,0.4939386,0.5015872,0.5068422
1751960831198,17.47945,SteamVR Tracker (Right Foot),-0.3226043,0.06963325,0.487793,-0.5134807,0.04856506,0.01095579,0.8566558
1751960831198,17.47945,SteamVR Tracker (Left Foot),-0.4738106,-0.007870197,0.5460904,-0.5716814,-0.05184598,0.01843785,0.8186284
1751960831198,17.47945,SteamVR Tracker (Waist),-0.5780846,0.7618047,1.227026,-0.4975839,0.4938923,0.5015454,0.5068856
1751960831229,17.50982,SteamVR Tracker (Right Foot),-0.3225103,0.06978989,0.4879001,-0.5134346,0.04849123,0.01105711,0.8566863
1751960831229,17.50982,SteamVR Tracker (Left Foot),-0.4738556,-0.007717133,0.5461614,-0.571646,-0.05186921,0.01840878,0.8186523
1751960831229,17.50982,SteamVR Tracker (Waist),-0.5781965,0.7616377,1.226826,-0.4976213,0.4939661,0.5016155,0.5067075
1751960831281,17.56082,SteamVR Tracker (Right Foot),-0.3226708,0.06968427,0.4879227,-0.5133821,0.04847199,0.01114027,0.8567177
1751960831281,17.56082,SteamVR Tracker (Left Foot),-0.4737574,-0.007889986,0.5461605,-0.5715957,-0.05196424,0.01860734,0.8186769
1751960831281,17.56082,SteamVR Tracker (Waist),-0.5782735,0.7620165,1.227011,-0.497472,0.4940188,0.5016924,0.5067266
1751960831294,17.5771,SteamVR Tracker (Right Foot),-0.3227001,0.06962609,0.4881224,-0.5133937,0.04840508,0.01118931,0.856714
1751960831294,17.5771,SteamVR Tracker (Left Foot),-0.4737877,-0.007838964,0.5463127,-0.5715068,-0.05190914,0.0185648,0.8187434
1751960831294,17.5771,SteamVR Tracker (Waist),-0.5783105,0.7620797,1.227013,-0.4974678,0.4940494,0.5017125,0.506681
1751960831330,17.61228,SteamVR Tracker (Right Foot),-0.3228547,0.06965089,0.4879056,-0.513395,0.04836683,0.01103253,0.8567173
1751960831330,17.61228,SteamVR Tracker (Left Foot),-0.47395,-0.00783062,0.5462103,-0.5716762,-0.05198879,0.01873273,0.8186163
1751960831330,17.61228,SteamVR Tracker (Waist),-0.5782175,0.7620312,1.226921,-0.497382,0.4940944,0.5016592,0.5067741
1751960831364,17.64495,SteamVR Tracker (Right Foot),-0.3226659,0.06966567,0.4879116,-0.513319,0.04859227,0.01109294,0.8567494
1751960831364,17.64495,SteamVR Tracker (Left Foot),-0.4738729,-0.007852077,0.5461764,-0.5714149,-0.05204033,0.01866203,0.8187969
1751960831364,17.64495,SteamVR Tracker (Waist),-0.5781766,0.7620051,1.227006,-0.4974577,0.4941149,0.5015845,0.5067539
1751960831398,17.67791,SteamVR Tracker (Right Foot),-0.322578,0.06960392,0.4879026,-0.5134047,0.04849967,0.01109137,0.8567032
1751960831398,17.67791,SteamVR Tracker (Left Foot),-0.4737377,-0.00787425,0.5461841,-0.5713548,-0.0521462,0.01873992,0.8188304
1751960831398,17.67791,SteamVR Tracker (Waist),-0.5781065,0.761853,1.227005,-0.4974452,0.4941338,0.501592,0.5067403
1751960831438,17.71939,SteamVR Tracker (Right Foot),-0.3226792,0.06953239,0.4877983,-0.5133865,0.04856727,0.01123769,0.8567083
1751960831438,17.71939,SteamVR Tracker (Left Foot),-0.4739197,-0.007855654,0.545994,-0.5714145,-0.05216813,0.01877828,0.8187866
1751960831438,17.71939,SteamVR Tracker (Waist),-0.5781711,0.7618384,1.227014,-0.4974985,0.4941255,0.5015936,0.5066943
1751960831451,17.73417,SteamVR Tracker (Right Foot),-0.3227045,0.06954694,0.4878789,-0.5135073,0.04852057,0.01120872,0.856639
1751960831451,17.73417,SteamVR Tracker (Left Foot),-0.4739966,-0.007809162,0.5460225,-0.5713928,-0.05206041,0.01884963,0.8188069
1751960831451,17.73417,SteamVR Tracker (Waist),-0.5780811,0.7614609,1.226841,-0.4974631,0.4942463,0.5014851,0.5067186
1751960831488,17.76774,SteamVR Tracker (Right Foot),-0.3226758,0.06962132,0.488025,-0.5133046,0.04852881,0.01128031,0.8567591
1751960831488,17.76774,SteamVR Tracker (Left Foot),-0.4739099,-0.007730246,0.5462373,-0.5713029,-0.05205044,0.01875263,0.8188725
1751960831488,17.76774,SteamVR Tracker (Waist),-0.578086,0.7617399,1.227087,-0.4975253,0.4941141,0.50148,0.5067916
1751960831511,17.7936,SteamVR Tracker (Right Foot),-0.3226522,0.06973886,0.4880343,-0.513355,0.04855608,0.01120437,0.8567283
1751960831511,17.7936,SteamVR Tracker (Left Foot),-0.4737605,-0.007788181,0.5461946,-0.5712202,-0.05213204,0.01873625,0.8189254
1751960831512,17.7936,SteamVR Tracker (Waist),-0.5779281,0.761453,1.227036,-0.4975259,0.4941108,0.5015491,0.5067259
1751960831546,17.82586,SteamVR Tracker (Right Foot),-0.3227887,0.06970215,0.4878944,-0.5134414,0.04854924,0.01128141,0.8566759
1751960831546,17.82586,SteamVR Tracker (Left Foot),-0.4739544,-0.007919312,0.5460123,-0.5712867,-0.05228828,0.01878095,0.8188679
1751960831546,17.82586,SteamVR Tracker (Waist),-0.5780748,0.7612774,1.226919,-0.4976569,0.4940507,0.5015148,0.5066898
1751960831574,17.8555,SteamVR Tracker (Right Foot),-0.3228477,0.0696249,0.4880729,-0.5133833,0.04849659,0.01121679,0.8567146
1751960831574,17.8555,SteamVR Tracker (Left Foot),-0.4739175,-0.007830858,0.5462406,-0.571265,-0.05219644,0.01872694,0.8188903
1751960831574,17.8555,SteamVR Tracker (Waist),-0.5781754,0.7617874,1.226812,-0.4976319,0.4940427,0.5015865,0.5066512
1751960831634,17.9137,SteamVR Tracker (Right Foot),-0.3227126,0.06964803,0.48801,-0.5133541,0.04849226,0.01134179,0.8567307
1751960831634,17.9137,SteamVR Tracker (Left Foot),-0.473764,-0.007769585,0.5462247,-0.5713375,-0.0521723,0.0187382,0.818841
1751960831634,17.9137,SteamVR Tracker (Waist),-0.5780557,0.7616481,1.227044,-0.4975415,0.4940445,0.5016,0.5067249
1751960831650,17.93016,SteamVR Tracker (Right Foot),-0.3227556,0.06969023,0.4880311,-0.5133993,0.04849331,0.01129939,0.8567041
1751960831650,17.93016,SteamVR Tracker (Left Foot),-0.4737526,-0.007705927,0.5462474,-0.5714693,-0.0522336,0.01879762,0.8187437
1751960831650,17.93016,SteamVR Tracker (Waist),-0.5781815,0.7618465,1.227153,-0.4975766,0.4940077,0.5016772,0.5066497
1751960831684,17.96427,SteamVR Tracker (Right Foot),-0.3227791,0.06975031,0.4879604,-0.5134349,0.0484854,0.01130578,0.8566831
1751960831684,17.96427,SteamVR Tracker (Left Foot),-0.4739033,-0.007735729,0.546279,-0.571408,-0.05217938,0.0188181,0.8187894
1751960831684,17.96427,SteamVR Tracker (Waist),-0.5781195,0.7618603,1.227086,-0.4975755,0.4940243,0.5016042,0.506707
1751960831716,17.99773,SteamVR Tracker (Right Foot),-0.32273,0.06969047,0.4877936,-0.5134505,0.04840044,0.01127055,0.8566791
1751960831717,17.99773,SteamVR Tracker (Left Foot),-0.4738544,-0.007810593,0.5460636,-0.571392,-0.05221058,0.01874827,0.8188002
1751960831717,17.99773,SteamVR Tracker (Waist),-0.5782731,0.7619246,1.22694,-0.4974565,0.4940759,0.5015786,0.5067989
1751960831749,18.02884,SteamVR Tracker (Right Foot),-0.3228202,0.06959105,0.4879157,-0.5133843,0.04830902,0.01142104,0.8567219
1751960831749,18.02884,SteamVR Tracker (Left Foot),-0.4739277,-0.007884026,0.5462219,-0.571344,-0.05209013,0.01878674,0.8188405
1751960831749,18.02884,SteamVR Tracker (Waist),-0.5781616,0.7619033,1.226868,-0.4976293,0.4939294,0.5016294,0.5067217
1751960831812,18.09205,SteamVR Tracker (Right Foot),-0.3227684,0.06970024,0.4880241,-0.5133377,0.04838243,0.01138055,0.8567463
1751960831812,18.09205,SteamVR Tracker (Left Foot),-0.4738273,-0.007879496,0.5462443,-0.5713466,-0.05213437,0.01878437,0.818836
1751960831812,18.09205,SteamVR Tracker (Waist),-0.5780151,0.7612606,1.22703,-0.497666,0.4939618,0.501531,0.5067515
1751960831826,18.10699,SteamVR Tracker (Right Foot),-0.322728,0.06978726,0.4880418,-0.5132789,0.0484603,0.01139841,0.8567768
1751960831827,18.10699,SteamVR Tracker (Left Foot),-0.4738705,-0.007950783,0.5461491,-0.5712079,-0.05208156,0.01884196,0.8189347
1751960831827,18.10699,SteamVR Tracker (Waist),-0.5780438,0.7611926,1.226949,-0.4977402,0.4939418,0.5015042,0.5067245
1751960831861,18.14135,SteamVR Tracker (Right Foot),-0.3227977,0.06959248,0.4878965,-0.5133211,0.04846333,0.01151275,0.8567498
1751960831861,18.14135,SteamVR Tracker (Left Foot),-0.4738767,-0.00796032,0.546101,-0.5712674,-0.05214214,0.0189217,0.8188875
1751960831861,18.14135,SteamVR Tracker (Waist),-0.5779617,0.7612306,1.226911,-0.497665,0.4939166,0.5015966,0.5067315
1751960831892,18.1734,SteamVR Tracker (Right Foot),-0.3227241,0.06965256,0.4881203,-0.5133632,0.04852122,0.01139074,0.8567229
1751960831892,18.1734,SteamVR Tracker (Left Foot),-0.4738776,-0.007812738,0.5463297,-0.5711668,-0.05216087,0.01881861,0.8189589
1751960831892,18.1734,SteamVR Tracker (Waist),-0.5779232,0.7612007,1.227043,-0.497684,0.4939493,0.5015973,0.5066803
1751960831928,18.20812,SteamVR Tracker (Right Foot),-0.3226318,0.06953764,0.487844,-0.5132822,0.04840031,0.01128732,0.8567798
1751960831928,18.20812,SteamVR Tracker (Left Foot),-0.4738391,-0.007858038,0.5460709,-0.5711578,-0.05214518,0.01878789,0.8189669
1751960831928,18.20812,SteamVR Tracker (Waist),-0.5780821,0.7614282,1.227082,-0.4976786,0.4938771,0.5016471,0.5067067
1751960831991,18.27085,SteamVR Tracker (Right Foot),-0.3227802,0.06959009,0.4879124,-0.5133131,0.04839941,0.0113516,0.8567604
1751960831991,18.27085,SteamVR Tracker (Left Foot),-0.4738224,-0.007967234,0.5461146,-0.5711523,-0.05230686,0.01895294,0.8189566
1751960831991,18.27085,SteamVR Tracker (Waist),-0.5780568,0.7615315,1.226922,-0.4975739,0.494028,0.5015796,0.5067293
1751960832006,18.2877,SteamVR Tracker (Right Foot),-0.3228199,0.06963325,0.4878836,-0.513209,0.04849568,0.01120697,0.8568192
1751960832006,18.2877,SteamVR Tracker (Left Foot),-0.4739061,-0.007908344,0.5461455,-0.5709742,-0.05242023,0.01899616,0.8190725
1751960832006,18.2877,SteamVR Tracker (Waist),-0.5780984,0.7615626,1.226926,-0.4975259,0.4939991,0.5016368,0.506748
1751960832040,18.32043,SteamVR Tracker (Right Foot),-0.3226805,0.06972075,0.4878989,-0.5130333,0.04846972,0.01125869,0.8569252
1751960832040,18.32043,SteamVR Tracker (Left Foot),-0.4737397,-0.007924557,0.5462191,-0.5707952,-0.05246032,0.01890135,0.8191969
1751960832040,18.32043,SteamVR Tracker (Waist),-0.5781418,0.7616941,1.22701,-0.4975206,0.4939703,0.5016603,0.506758
1751960832075,18.35509,SteamVR Tracker (Right Foot),-0.3227877,0.06963038,0.4881063,-0.5129688,0.04845861,0.01121284,0.856965
1751960832075,18.35509,SteamVR Tracker (Left Foot),-0.4738355,-0.00783515,0.5463304,-0.5706874,-0.05267014,0.0188294,0.8192601
1751960832075,18.35509,SteamVR Tracker (Waist),-0.5781035,0.7617569,1.22698,-0.4974553,0.4940602,0.5016099,0.5067842
1751960832109,18.3871,SteamVR Tracker (Right Foot),-0.3228116,0.06962538,0.4880413,-0.5129116,0.04848259,0.01129823,0.8569968
1751960832109,18.3871,SteamVR Tracker (Left Foot),-0.4739545,-0.00792408,0.5462204,-0.5706134,-0.05265778,0.0189188,0.8193105
1751960832109,18.3871,SteamVR Tracker (Waist),-0.5781324,0.7618542,1.226855,-0.4975873,0.494038,0.5015835,0.5067025
1751960832155,18.43659,SteamVR Tracker (Right Foot),-0.3226505,0.06964421,0.488077,-0.5128179,0.04866667,0.01119867,0.8570438
1751960832155,18.43659,SteamVR Tracker (Left Foot),-0.4737175,-0.007947683,0.546285,-0.5704526,-0.05263184,0.01899509,0.8194223
1751960832155,18.43659,SteamVR Tracker (Waist),-0.5781674,0.7620872,1.226966,-0.4975595,0.4939172,0.5016384,0.5067932
1751960832172,18.4529,SteamVR Tracker (Right Foot),-0.3226136,0.06962395,0.487978,-0.5127379,0.04865759,0.01122953,0.8570917
1751960832172,18.4529,SteamVR Tracker (Left Foot),-0.473693,-0.007931232,0.546338,-0.5702074,-0.05279815,0.01890869,0.8195844
1751960832172,18.4529,SteamVR Tracker (Waist),-0.5781796,0.7621851,1.226964,-0.4975993,0.4938806,0.5016659,0.5067626
1751960832209,18.48877,SteamVR Tracker (Right Foot),-0.3226784,0.06965137,0.4881389,-0.5126948,0.04860576,0.0111616,0.8571213
1751960832209,18.48877,SteamVR Tracker (Left Foot),-0.4737345,-0.007844925,0.5465176,-0.5700445,-0.05279416,0.01889543,0.8196982
1751960832209,18.48877,SteamVR Tracker (Waist),-0.5783279,0.76253,1.226989,-0.4976204,0.493847,0.5016955,0.5067453
1751960832239,18.52033,SteamVR Tracker (Right Foot),-0.3228991,0.06967568,0.4880083,-0.5126121,0.04857151,0.01123364,0.8571718
1751960832240,18.52033,SteamVR Tracker (Left Foot),-0.473891,-0.007887602,0.5463666,-0.5700606,-0.05287704,0.01903612,0.8196784
1751960832240,18.52033,SteamVR Tracker (Waist),-0.5783957,0.7627064,1.226953,-0.4976462,0.4938724,0.5016282,0.5067618
1751960832272,18.55372,SteamVR Tracker (Right Foot),-0.3227753,0.06956792,0.4880466,-0.5126215,0.04857082,0.0111469,0.8571674
1751960832272,18.55372,SteamVR Tracker (Left Foot),-0.4738429,-0.007944345,0.5463744,-0.5699751,-0.05283405,0.01887799,0.8197442
1751960832273,18.55372,SteamVR Tracker (Waist),-0.5784457,0.76299,1.226944,-0.4975432,0.4938977,0.5016298,0.5068368
1751960832331,18.61127,SteamVR Tracker (Right Foot),-0.3227431,0.06951332,0.4880311,-0.5124859,0.04867767,0.01106627,0.8572434
1751960832332,18.61127,SteamVR Tracker (Left Foot),-0.4739196,-0.007939816,0.5463335,-0.5699328,-0.05298692,0.01891986,0.8197629
1751960832332,18.61127,SteamVR Tracker (Waist),-0.5784678,0.7627417,1.226913,-0.4975314,0.4939548,0.5016434,0.5067793
1751960832344,18.62634,SteamVR Tracker (Right Foot),-0.3226523,0.06948113,0.4879549,-0.5124929,0.04866777,0.0109521,0.8572413
1751960832344,18.62634,SteamVR Tracker (Left Foot),-0.473876,-0.008017778,0.5463405,-0.5699218,-0.052983,0.01883426,0.8197727
1751960832345,18.62634,SteamVR Tracker (Waist),-0.5784206,0.7628148,1.226985,-0.4974588,0.4939566,0.5016838,0.5068087
1751960832378,18.65998,SteamVR Tracker (Right Foot),-0.3227588,0.06952596,0.4880583,-0.5124701,0.04862981,0.01100712,0.8572563
1751960832378,18.65998,SteamVR Tracker (Left Foot),-0.4738744,-0.008098602,0.5464342,-0.5698145,-0.05308109,0.01899486,0.8198373
1751960832378,18.65998,SteamVR Tracker (Waist),-0.5782627,0.7624007,1.226926,-0.4974102,0.4940392,0.5016611,0.5067983
1751960832413,18.69353,SteamVR Tracker (Right Foot),-0.3227054,0.06957173,0.4880753,-0.5124271,0.04864476,0.01106758,0.8572804
1751960832413,18.69353,SteamVR Tracker (Left Foot),-0.4738391,-0.008063793,0.5463769,-0.5697596,-0.05305766,0.01896747,0.8198775
1751960832413,18.69353,SteamVR Tracker (Waist),-0.5780795,0.7621063,1.226848,-0.4974951,0.4939764,0.5017037,0.5067341
1751960832444,18.72541,SteamVR Tracker (Right Foot),-0.3227408,0.06965423,0.4880349,-0.5124395,0.04861334,0.01099162,0.8572757
1751960832444,18.72541,SteamVR Tracker (Left Foot),-0.4737876,-0.008012295,0.5464295,-0.5697903,-0.05295986,0.01883532,0.8198655
1751960832444,18.72541,SteamVR Tracker (Waist),-0.5782791,0.7621561,1.226947,-0.4973814,0.4940356,0.5017005,0.5067911
1751960832490,18.77117,SteamVR Tracker (Right Foot),-0.3227697,0.06963801,0.4880438,-0.5124163,0.04873236,0.01104076,0.8572823
1751960832490,18.77117,SteamVR Tracker (Left Foot),-0.4739144,-0.007966042,0.5463695,-0.5697737,-0.05302373,0.01878039,0.8198742
1751960832490,18.77117,SteamVR Tracker (Waist),-0.5782787,0.7622392,1.22693,-0.4973967,0.4940434,0.5017455,0.5067241
1751960832510,18.79268,SteamVR Tracker (Right Foot),-0.3227272,0.06969476,0.4880945,-0.5124655,0.04873077,0.01106652,0.8572525
1751960832511,18.79268,SteamVR Tracker (Left Foot),-0.4737845,-0.00776577,0.546498,-0.5697085,-0.05303559,0.0188522,0.8199171
1751960832511,18.79268,SteamVR Tracker (Waist),-0.578257,0.7623378,1.226965,-0.4973815,0.4940308,0.5017447,0.5067519
1751960832546,18.82679,SteamVR Tracker (Right Foot),-0.3226124,0.0696938,0.4881242,-0.5125824,0.04867767,0.01104093,0.857186
1751960832546,18.82679,SteamVR Tracker (Left Foot),-0.4737311,-0.007825613,0.546479,-0.5697124,-0.05298268,0.01869175,0.8199216
1751960832546,18.82679,SteamVR Tracker (Waist),-0.5782145,0.7623446,1.227053,-0.4973589,0.4939918,0.5017351,0.5068215
1751960832582,18.86149,SteamVR Tracker (Right Foot),-0.322654,0.06974888,0.4879523,-0.5125426,0.0486567,0.01105085,0.8572109
1751960832582,18.86149,SteamVR Tracker (Left Foot),-0.4737898,-0.007874966,0.546303,-0.5698056,-0.0530828,0.01874769,0.819849
1751960832582,18.86149,SteamVR Tracker (Waist),-0.5782963,0.7622317,1.226923,-0.4974515,0.4938998,0.5017312,0.5068244
1751960832612,18.89319,SteamVR Tracker (Right Foot),-0.3226858,0.06966257,0.4880055,-0.5124793,0.04869499,0.01104792,0.8572466
1751960832612,18.89319,SteamVR Tracker (Left Foot),-0.4737489,-0.007910013,0.5463225,-0.5698153,-0.05307427,0.01869564,0.819844
1751960832612,18.89319,SteamVR Tracker (Waist),-0.5782238,0.7620536,1.227048,-0.4974126,0.4939309,0.5017774,0.5067864
1751960832671,18.95182,SteamVR Tracker (Right Foot),-0.3227459,0.06955934,0.4881629,-0.5125033,0.04865105,0.0109214,0.8572363
1751960832671,18.95182,SteamVR Tracker (Left Foot),-0.4738826,-0.007813454,0.5464529,-0.5696757,-0.05307747,0.01870486,0.8199406
1751960832671,18.95182,SteamVR Tracker (Waist),-0.578184,0.7619959,1.226983,-0.4974571,0.4939021,0.5017241,0.5068237
1751960832685,18.96585,SteamVR Tracker (Right Foot),-0.3226998,0.06956673,0.4881093,-0.5124699,0.04870271,0.0109696,0.8572528
1751960832685,18.96585,SteamVR Tracker (Left Foot),-0.4738471,-0.007809401,0.5464028,-0.5696606,-0.0530963,0.01859754,0.8199522
1751960832685,18.96585,SteamVR Tracker (Waist),-0.5780177,0.7617553,1.227069,-0.4974771,0.4938428,0.5018034,0.5067832
1751960832719,19.00008,SteamVR Tracker (Right Foot),-0.3227734,0.06959271,0.4880722,-0.5124086,0.04874281,0.0109632,0.8572872
1751960832719,19.00008,SteamVR Tracker (Left Foot),-0.4738952,-0.007829189,0.5464512,-0.5697088,-0.0532819,0.01877044,0.8199028
1751960832720,19.00008,SteamVR Tracker (Waist),-0.5779485,0.7611979,1.227098,-0.49749,0.4938866,0.5017279,0.5068026
1751960832752,19.0331,SteamVR Tracker (Right Foot),-0.322654,0.06961298,0.4878963,-0.5124354,0.04873423,0.01082598,0.8572734
1751960832752,19.0331,SteamVR Tracker (Left Foot),-0.4738289,-0.007813454,0.5462958,-0.5696864,-0.05323148,0.01862013,0.8199251
1751960832752,19.0331,SteamVR Tracker (Waist),-0.5779133,0.7610226,1.226986,-0.4973789,0.4938833,0.5017552,0.5068878
1751960832785,19.06558,SteamVR Tracker (Right Foot),-0.3227612,0.06957698,0.4878618,-0.5123886,0.04877252,0.01080824,0.8572994
1751960832785,19.06558,SteamVR Tracker (Left Foot),-0.4738346,-0.007989168,0.5462649,-0.5696432,-0.05320407,0.01853461,0.8199588
1751960832785,19.06558,SteamVR Tracker (Waist),-0.5778698,0.7609047,1.226954,-0.4975186,0.4938105,0.5016178,0.5069577
1751960832835,19.11521,SteamVR Tracker (Right Foot),-0.322686,0.06956649,0.4880092,-0.5123802,0.04886373,0.01077081,0.8572997
1751960832835,19.11521,SteamVR Tracker (Left Foot),-0.4738194,-0.007827759,0.5465161,-0.5696859,-0.05320157,0.01869322,0.8199258
1751960832835,19.11521,SteamVR Tracker (Waist),-0.5780038,0.7610668,1.22706,-0.4974949,0.4938719,0.5015644,0.5069739
1751960832850,19.13203,SteamVR Tracker (Right Foot),-0.3226643,0.06955934,0.488113,-0.51234,0.04886587,0.01065701,0.8573251
1751960832850,19.13203,SteamVR Tracker (Left Foot),-0.4738677,-0.007751226,0.5465407,-0.5696849,-0.05313123,0.01858047,0.8199335
1751960832850,19.13203,SteamVR Tracker (Waist),-0.5779767,0.7609302,1.227065,-0.4975466,0.4939272,0.501613,0.5068213
1751960832886,19.16568,SteamVR Tracker (Right Foot),-0.3226547,0.06954646,0.4880759,-0.5123174,0.04890705,0.01061848,0.8573368
1751960832886,19.16568,SteamVR Tracker (Left Foot),-0.4738147,-0.007810116,0.5463973,-0.569654,-0.05311785,0.01865123,0.8199542
1751960832886,19.16568,SteamVR Tracker (Waist),-0.5779719,0.7610741,1.22696,-0.4974537,0.4939818,0.501538,0.5069334
1751960832918,19.19785,SteamVR Tracker (Right Foot),-0.3226158,0.06947041,0.4880877,-0.5122321,0.04881707,0.01063636,0.8573926
1751960832918,19.19785,SteamVR Tracker (Left Foot),-0.4737913,-0.007691383,0.5465953,-0.5695353,-0.05326258,0.01871121,0.820026
1751960832918,19.19785,SteamVR Tracker (Waist),-0.5778311,0.761041,1.227113,-0.4975141,0.493878,0.501537,0.5069763
1751960832953,19.23271,SteamVR Tracker (Right Foot),-0.3225596,0.06948876,0.4879996,-0.512243,0.04888808,0.01058196,0.8573828
1751960832953,19.23271,SteamVR Tracker (Left Foot),-0.4737597,-0.007712126,0.5464867,-0.5696543,-0.05324415,0.01864783,0.8199459
1751960832954,19.23271,SteamVR Tracker (Waist),-0.5779428,0.761194,1.227027,-0.4974089,0.4937663,0.5015781,0.5071476
1751960833001,19.28196,SteamVR Tracker (Right Foot),-0.3226815,0.06948256,0.4879683,-0.5122926,0.04886652,0.01063286,0.8573536
1751960833001,19.28196,SteamVR Tracker (Left Foot),-0.473774,-0.007837057,0.5463281,-0.5696453,-0.05322598,0.01856463,0.8199552
1751960833001,19.28196,SteamVR Tracker (Waist),-0.5779446,0.7613074,1.227013,-0.4975044,0.4938242,0.5014994,0.5070754
1751960833013,19.29588,SteamVR Tracker (Right Foot),-0.3227095,0.06947589,0.4879367,-0.512289,0.04897296,0.01059434,0.8573503
1751960833013,19.29588,SteamVR Tracker (Left Foot),-0.4738406,-0.007898569,0.5462618,-0.5695819,-0.05321314,0.01861707,0.819999
1751960833013,19.29588,SteamVR Tracker (Waist),-0.5780534,0.7614499,1.226923,-0.4975904,0.4936964,0.501475,0.5071395
1751960833049,19.32928,SteamVR Tracker (Right Foot),-0.3227519,0.06949806,0.4879723,-0.5122507,0.04897267,0.01053439,0.8573738
1751960833050,19.32928,SteamVR Tracker (Left Foot),-0.4737322,-0.007749081,0.5463817,-0.5695791,-0.0532851,0.01848087,0.8199993
1751960833050,19.32928,SteamVR Tracker (Waist),-0.5781018,0.7615988,1.226938,-0.4975763,0.4937071,0.5015136,0.5071048
1751960833080,19.36069,SteamVR Tracker (Right Foot),-0.3226512,0.0695312,0.4879912,-0.5121214,0.04900253,0.01042406,0.8574508
1751960833080,19.36069,SteamVR Tracker (Left Foot),-0.473762,-0.00773859,0.5465085,-0.5694638,-0.05330015,0.01844622,0.8200792
1751960833080,19.36069,SteamVR Tracker (Waist),-0.5781615,0.7619505,1.227035,-0.4974714,0.4936702,0.501597,0.5071611
1751960833112,19.39414,SteamVR Tracker (Right Foot),-0.3227829,0.06958342,0.4879952,-0.5120149,0.04899719,0.01038055,0.8575152
1751960833112,19.39414,SteamVR Tracker (Left Foot),-0.4737976,-0.007567883,0.5466266,-0.5694548,-0.0533402,0.01842092,0.8200834
1751960833113,19.39414,SteamVR Tracker (Waist),-0.5781217,0.7618198,1.226901,-0.4973924,0.4937554,0.5016606,0.5070928
1751960833166,19.44693,SteamVR Tracker (Right Foot),-0.3226185,0.06959414,0.4880436,-0.5120568,0.04904193,0.01044723,0.8574868
1751960833166,19.44693,SteamVR Tracker (Left Foot),-0.4737234,-0.007634401,0.546547,-0.5695376,-0.05330947,0.01836021,0.8200293
1751960833166,19.44693,SteamVR Tracker (Waist),-0.5782557,0.7622113,1.226917,-0.4974944,0.4937276,0.5016388,0.5070415
1751960833180,19.46236,SteamVR Tracker (Right Foot),-0.3227752,0.06949186,0.4880384,-0.5121713,0.04904639,0.01048133,0.8574178
1751960833181,19.46236,SteamVR Tracker (Left Foot),-0.4736686,-0.007713318,0.5465127,-0.5695788,-0.05315184,0.01836742,0.8200107
1751960833181,19.46236,SteamVR Tracker (Waist),-0.5783697,0.7623371,1.226855,-0.4975546,0.4938072,0.5015372,0.5070052
1751960833214,19.49576,SteamVR Tracker (Right Foot),-0.3226776,0.06962633,0.4880994,-0.5122529,0.04900692,0.01041189,0.8573721
1751960833214,19.49576,SteamVR Tracker (Left Foot),-0.4738206,-0.00762248,0.546529,-0.5696309,-0.05330699,0.01834356,0.819965
1751960833214,19.49576,SteamVR Tracker (Waist),-0.5783726,0.7624316,1.226842,-0.4976892,0.4937557,0.5015909,0.5068702
1751960833250,19.52986,SteamVR Tracker (Right Foot),-0.322529,0.06956959,0.4879548,-0.5121283,0.04904903,0.01032501,0.8574452
1751960833250,19.52986,SteamVR Tracker (Left Foot),-0.4737913,-0.007693052,0.5465638,-0.5696346,-0.05339259,0.01828212,0.8199582
1751960833250,19.52986,SteamVR Tracker (Waist),-0.5781913,0.7622528,1.226943,-0.4976182,0.4937867,0.5016179,0.506883
1751960833280,19.56104,SteamVR Tracker (Right Foot),-0.322682,0.06939578,0.4879658,-0.5121867,0.04905664,0.01040268,0.8574089
1751960833280,19.56104,SteamVR Tracker (Left Foot),-0.4737724,-0.007742167,0.5464701,-0.5695106,-0.05322084,0.01821311,0.820057
1751960833280,19.56104,SteamVR Tracker (Waist),-0.5782459,0.7623159,1.226897,-0.4977094,0.4937613,0.5015573,0.5068783
1751960833336,19.61832,SteamVR Tracker (Right Foot),-0.3226697,0.06959963,0.4881263,-0.5121826,0.04909737,0.01029756,0.8574103
1751960833336,19.61832,SteamVR Tracker (Left Foot),-0.4736598,-0.007609129,0.5465464,-0.5696492,-0.05311401,0.01821023,0.8199677
1751960833336,19.61832,SteamVR Tracker (Waist),-0.5782751,0.7621218,1.227052,-0.4975869,0.4938247,0.501604,0.5068905
1751960833350,19.63143,SteamVR Tracker (Right Foot),-0.322645,0.06953025,0.4879863,-0.5122746,0.04911796,0.01033035,0.8573538
1751960833350,19.63143,SteamVR Tracker (Left Foot),-0.4737773,-0.007613897,0.5464383,-0.569638,-0.05322554,0.01813657,0.81997
1751960833350,19.63143,SteamVR Tracker (Waist),-0.5782822,0.7622582,1.226988,-0.497651,0.4937107,0.501622,0.5069206
1751960833385,19.666,SteamVR Tracker (Right Foot),-0.3227966,0.06942391,0.4878845,-0.5122806,0.04909657,0.01028777,0.8573519
1751960833386,19.666,SteamVR Tracker (Left Foot),-0.4738086,-0.007683992,0.546383,-0.5697135,-0.05313119,0.01814203,0.8199235
1751960833386,19.666,SteamVR Tracker (Waist),-0.5783718,0.7623529,1.226865,-0.4976763,0.4937845,0.5016148,0.506831
1751960833417,19.6994,SteamVR Tracker (Right Foot),-0.322602,0.06948376,0.4880202,-0.5123192,0.04916565,0.01025948,0.8573252
1751960833417,19.6994,SteamVR Tracker (Left Foot),-0.4737216,-0.007678747,0.5464105,-0.5697582,-0.05304589,0.01814692,0.8198978
1751960833417,19.6994,SteamVR Tracker (Waist),-0.5784086,0.7625724,1.226913,-0.4974647,0.4938415,0.5017129,0.5068862
1751960833455,19.73405,SteamVR Tracker (Right Foot),-0.3225915,0.06953168,0.4881578,-0.5123044,0.04913717,0.01021941,0.8573362
1751960833455,19.73405,SteamVR Tracker (Left Foot),-0.4735088,-0.007849455,0.5465419,-0.5697442,-0.0530632,0.01812253,0.819907
1751960833455,19.73405,SteamVR Tracker (Waist),-0.5783892,0.7627777,1.226963,-0.4975657,0.4938475,0.5017554,0.5067392
1751960833509,19.78961,SteamVR Tracker (Right Foot),-0.3224949,0.06942368,0.4879459,-0.5122967,0.04914432,0.01005799,0.8573423
1751960833509,19.78961,SteamVR Tracker (Left Foot),-0.473728,-0.007855892,0.5464965,-0.56989,-0.05304105,0.01814429,0.8198066
1751960833509,19.78961,SteamVR Tracker (Waist),-0.5782788,0.7625054,1.226958,-0.4973887,0.4940536,0.5017528,0.5067146
1751960833525,19.80683,SteamVR Tracker (Right Foot),-0.3224452,0.06941199,0.4879323,-0.5122992,0.04914368,0.009978125,0.8573418
1751960833525,19.80683,SteamVR Tracker (Left Foot),-0.4737371,-0.007928371,0.5464233,-0.5699624,-0.05292479,0.01803321,0.8197662
1751960833525,19.80683,SteamVR Tracker (Waist),-0.5781993,0.762228,1.226979,-0.4974183,0.4941113,0.5017884,0.5065941
1751960833558,19.83987,SteamVR Tracker (Right Foot),-0.3224838,0.06942129,0.4879354,-0.5122592,0.04911208,0.009975962,0.8573675
1751960833558,19.83987,SteamVR Tracker (Left Foot),-0.4735249,-0.007735968,0.5462644,-0.5702211,-0.05293992,0.01797741,0.8195865
1751960833558,19.83987,SteamVR Tracker (Waist),-0.578146,0.7619827,1.226974,-0.4974851,0.4940207,0.5017567,0.5066483
1751960833594,19.87384,SteamVR Tracker (Right Foot),-0.3226912,0.06965494,0.4879635,-0.5124761,0.0490937,0.009844484,0.8572404
1751960833595,19.87384,SteamVR Tracker (Left Foot),-0.4735077,-0.007796526,0.5462598,-0.5702983,-0.05292653,0.01786174,0.8195363
1751960833595,19.87384,SteamVR Tracker (Waist),-0.5781107,0.7616549,1.22693,-0.497491,0.4940566,0.5017457,0.5066183
1751960833628,19.90901,SteamVR Tracker (Right Foot),-0.3225747,0.06964159,0.4882242,-0.5121636,0.04908011,0.009640088,0.8574303
1751960833628,19.90901,SteamVR Tracker (Left Foot),-0.4735531,-0.007598877,0.5465215,-0.5704604,-0.05274884,0.01771527,0.8194381
1751960833629,19.90901,SteamVR Tracker (Waist),-0.578127,0.7617141,1.227114,-0.4973875,0.4940143,0.5017614,0.5067456
1751960833688,19.96709,SteamVR Tracker (Right Foot),-0.3224646,0.06958985,0.4880372,-0.5123188,0.0491798,0.009471439,0.8573337
1751960833688,19.96709,SteamVR Tracker (Left Foot),-0.4736852,-0.007642269,0.5463483,-0.5707458,-0.05272868,0.01758714,0.8192434
1751960833688,19.96709,SteamVR Tracker (Waist),-0.5779694,0.761531,1.226923,-0.4974014,0.4940768,0.5017476,0.5066847
1751960833703,19.98424,SteamVR Tracker (Right Foot),-0.3225093,0.0695765,0.4880829,-0.5123788,0.04917796,0.009365759,0.8572991
1751960833703,19.98424,SteamVR Tracker (Left Foot),-0.4737197,-0.007631779,0.5463057,-0.5709363,-0.05259478,0.01749838,0.8191211
1751960833703,19.98424,SteamVR Tracker (Waist),-0.5779791,0.7614067,1.227022,-0.4972638,0.4941054,0.5017629,0.5067768
1751960833739,20.01983,SteamVR Tracker (Right Foot),-0.3224826,0.06949186,0.4879189,-0.5122484,0.04914138,0.009150026,0.8573815
1751960833739,20.01983,SteamVR Tracker (Left Foot),-0.4736128,-0.007622242,0.5462157,-0.5710861,-0.05253944,0.01755716,0.819019
1751960833739,20.01983,SteamVR Tracker (Waist),-0.5781047,0.76143,1.22709,-0.4973797,0.4940234,0.5017281,0.5067774
1751960833772,20.05224,SteamVR Tracker (Right Foot),-0.3223928,0.06944036,0.4878939,-0.5121737,0.04925453,0.008821059,0.8574231
1751960833772,20.05224,SteamVR Tracker (Left Foot),-0.47349,-0.00761342,0.5462531,-0.5711385,-0.05245353,0.01738877,0.8189915
1751960833772,20.05224,SteamVR Tracker (Waist),-0.5780096,0.7612777,1.226964,-0.4974075,0.4940685,0.5016236,0.5068097
1751960833805,20.08636,SteamVR Tracker (Right Foot),-0.3223648,0.06946707,0.487989,-0.5121496,0.049248,0.008798208,0.857438
1751960833805,20.08636,SteamVR Tracker (Left Foot),-0.4735186,-0.007485628,0.5463404,-0.5710767,-0.05237876,0.01736074,0.81904
1751960833805,20.08636,SteamVR Tracker (Waist),-0.5779092,0.7609781,1.227075,-0.4974608,0.4940299,0.5016237,0.5067947
1751960833863,20.14308,SteamVR Tracker (Right Foot),-0.3223933,0.06950235,0.4880039,-0.5122796,0.04933033,0.008768915,0.857356
1751960833863,20.14308,SteamVR Tracker (Left Foot),-0.4735018,-0.007642746,0.5461974,-0.5711411,-0.05231318,0.01731841,0.8190002
1751960833864,20.14308,SteamVR Tracker (Waist),-0.5780146,0.7610923,1.227093,-0.4973846,0.4941114,0.5016857,0.5067286
1751960833877,20.15982,SteamVR Tracker (Right Foot),-0.3223666,0.06954074,0.4879888,-0.5123495,0.04938681,0.008687938,0.8573118
1751960833877,20.15982,SteamVR Tracker (Left Foot),-0.4735756,-0.007789612,0.546222,-0.5712821,-0.05241024,0.0174172,0.8188935
1751960833877,20.15982,SteamVR Tracker (Waist),-0.5780967,0.7612321,1.227033,-0.4974228,0.4940948,0.5016634,0.5067295
1751960833913,20.19363,SteamVR Tracker (Right Foot),-0.3224032,0.06958032,0.4880899,-0.5123377,0.04927666,0.008779607,0.8573242
1751960833913,20.19363,SteamVR Tracker (Left Foot),-0.4735855,-0.007738352,0.5462369,-0.5711954,-0.0522118,0.01746858,0.8189656
1751960833913,20.19363,SteamVR Tracker (Waist),-0.5781738,0.7616599,1.22701,-0.4973596,0.4940548,0.5017282,0.5067664
1751960833947,20.22734,SteamVR Tracker (Right Foot),-0.3224247,0.06958055,0.4879025,-0.512387,0.04940252,0.008790038,0.8572874
1751960833947,20.22734,SteamVR Tracker (Left Foot),-0.4735488,-0.007668495,0.5460779,-0.5713465,-0.05224273,0.01735467,0.8188607
1751960833947,20.22734,SteamVR Tracker (Waist),-0.5778189,0.7609642,1.226967,-0.4973762,0.4941598,0.5016241,0.5067507
1751960833980,20.26025,SteamVR Tracker (Right Foot),-0.3223332,0.0695684,0.4879943,-0.5124503,0.04935097,0.008894871,0.8572515
1751960833980,20.26025,SteamVR Tracker (Left Foot),-0.4735354,-0.007606268,0.5461912,-0.5713866,-0.05220174,0.0175002,0.8188322
1751960833980,20.26025,SteamVR Tracker (Waist),-0.5777508,0.7608348,1.226942,-0.4973505,0.4942684,0.5015495,0.5067438
1751960834037,20.31784,SteamVR Tracker (Right Foot),-0.3223316,0.06948209,0.4878826,-0.5126527,0.04938857,0.008819069,0.8571291
1751960834037,20.31784,SteamVR Tracker (Left Foot),-0.4734784,-0.007571459,0.5461606,-0.5713938,-0.05208029,0.01747056,0.8188356
1751960834037,20.31784,SteamVR Tracker (Waist),-0.5778842,0.7608358,1.226989,-0.4974684,0.4939954,0.5015918,0.5068526
1751960834052,20.3317,SteamVR Tracker (Right Foot),-0.3224155,0.06950831,0.487967,-0.5126768,0.04927962,0.008945515,0.8571196
1751960834052,20.3317,SteamVR Tracker (Left Foot),-0.4734464,-0.007460594,0.5462396,-0.5715064,-0.05206698,0.01744498,0.8187584
1751960834052,20.3317,SteamVR Tracker (Waist),-0.5778881,0.7609358,1.227069,-0.4973478,0.4940121,0.5015863,0.5069601
1751960834088,20.36714,SteamVR Tracker (Right Foot),-0.3225051,0.06944585,0.4880298,-0.5126871,0.04922404,0.008931311,0.8571168
1751960834088,20.36714,SteamVR Tracker (Left Foot),-0.4734986,-0.00762558,0.5461422,-0.5713943,-0.05207406,0.01748413,0.8188353
1751960834088,20.36714,SteamVR Tracker (Waist),-0.577897,0.7609597,1.226992,-0.4974189,0.4939382,0.5015485,0.5069997
1751960834118,20.39904,SteamVR Tracker (Right Foot),-0.3223783,0.0695219,0.4879609,-0.5127182,0.04928505,0.008944473,0.8570945
1751960834118,20.39904,SteamVR Tracker (Left Foot),-0.473497,-0.007532358,0.5462844,-0.5712034,-0.05214282,0.01753039,0.8189631
1751960834118,20.39904,SteamVR Tracker (Waist),-0.5778776,0.7610737,1.227051,-0.4974786,0.4938063,0.5015474,0.5070707
1751960834153,20.43244,SteamVR Tracker (Right Foot),-0.3224853,0.06953573,0.4878853,-0.5125528,0.04938672,0.008978325,0.8571873
1751960834153,20.43244,SteamVR Tracker (Left Foot),-0.4735099,-0.007659197,0.5461021,-0.5712966,-0.05215745,0.0175546,0.8188966
1751960834153,20.43244,SteamVR Tracker (Waist),-0.5778906,0.7607579,1.22696,-0.4975428,0.4938304,0.5016072,0.5069249
1751960834207,20.48729,SteamVR Tracker (Right Foot),-0.3223557,0.06949806,0.4878691,-0.5125394,0.04939645,0.008906901,0.8571954
1751960834208,20.48729,SteamVR Tracker (Left Foot),-0.4734738,-0.007703543,0.5462143,-0.5710838,-0.05216124,0.01762681,0.8190432
1751960834208,20.48729,SteamVR Tracker (Waist),-0.5780441,0.7614548,1.227043,-0.497566,0.4937037,0.5016588,0.5069746
1751960834220,20.50076,SteamVR Tracker (Right Foot),-0.3224319,0.06947088,0.487874,-0.5124046,0.04928351,0.008998054,0.8572816
1751960834220,20.50076,SteamVR Tracker (Left Foot),-0.4734571,-0.007686377,0.5462036,-0.5709614,-0.05232998,0.01763703,0.8191176
1751960834220,20.50076,SteamVR Tracker (Waist),-0.5780497,0.7614859,1.227061,-0.4975628,0.493724,0.5017109,0.5069064
1751960834256,20.53594,SteamVR Tracker (Right Foot),-0.3225996,0.0694108,0.487942,-0.512419,0.04927835,0.008990801,0.8572734
1751960834256,20.53594,SteamVR Tracker (Left Foot),-0.4735323,-0.007793903,0.5461653,-0.5709004,-0.05237107,0.01776816,0.8191547
1751960834256,20.53594,SteamVR Tracker (Waist),-0.5782274,0.7617531,1.2269,-0.4976347,0.4936461,0.5017328,0.5068901
1751960834286,20.56807,SteamVR Tracker (Right Foot),-0.3225646,0.06963444,0.4881253,-0.5123728,0.0493261,0.008995223,0.8572982
1751960834287,20.56807,SteamVR Tracker (Left Foot),-0.4736514,-0.007656813,0.546308,-0.5706092,-0.0523731,0.01801387,0.8193521
1751960834287,20.56807,SteamVR Tracker (Waist),-0.5782424,0.7620229,1.227002,-0.4974484,0.4938138,0.5017974,0.5068455
1751960834318,20.59968,SteamVR Tracker (Right Foot),-0.3224224,0.06956911,0.4879062,-0.5123195,0.04935547,0.009015946,0.8573281
1751960834319,20.59968,SteamVR Tracker (Left Foot),-0.473698,-0.007616043,0.5462422,-0.5704528,-0.05241479,0.0180455,0.8194575
1751960834319,20.59968,SteamVR Tracker (Waist),-0.5782554,0.7624186,1.226932,-0.4973846,0.4938807,0.5018375,0.5068032
1751960834378,20.6587,SteamVR Tracker (Right Foot),-0.3224274,0.06941557,0.4879876,-0.5123277,0.04930389,0.008979907,0.8573266
1751960834379,20.6587,SteamVR Tracker (Left Foot),-0.4736098,-0.007660866,0.5462964,-0.5704538,-0.05246206,0.01792343,0.8194566
1751960834379,20.6587,SteamVR Tracker (Waist),-0.5781226,0.7618518,1.22703,-0.4974684,0.4938687,0.501686,0.5068829
1751960834394,20.676,SteamVR Tracker (Right Foot),-0.3224556,0.06939244,0.4879698,-0.5123386,0.04942262,0.009013074,0.8573129
1751960834395,20.676,SteamVR Tracker (Left Foot),-0.4736623,-0.007725954,0.5462918,-0.5703662,-0.05254344,0.01793782,0.819512
1751960834395,20.676,SteamVR Tracker (Waist),-0.5781693,0.7619299,1.226927,-0.4974327,0.4938882,0.5017292,0.5068561
1751960834428,20.7086,SteamVR Tracker (Right Foot),-0.3226098,0.06950068,0.487888,-0.5123633,0.04925114,0.009076052,0.8573073
1751960834428,20.7086,SteamVR Tracker (Left Foot),-0.4737984,-0.007870436,0.5462171,-0.5703633,-0.05248158,0.01793523,0.819518
1751960834428,20.7086,SteamVR Tracker (Waist),-0.5783687,0.7621734,1.226861,-0.4974994,0.49385,0.5017457,0.5068115
1751960834463,20.74344,SteamVR Tracker (Right Foot),-0.322402,0.06952691,0.4879349,-0.5122505,0.04929832,0.008967523,0.8573732
1751960834463,20.74344,SteamVR Tracker (Left Foot),-0.4736007,-0.007812738,0.5461883,-0.5702816,-0.05257862,0.01801685,0.8195669
1751960834463,20.74344,SteamVR Tracker (Waist),-0.5782678,0.7621522,1.226912,-0.4975944,0.4937497,0.5017989,0.5067631
1751960834494,20.77576,SteamVR Tracker (Right Foot),-0.3226057,0.06928444,0.4880636,-0.5121753,0.04940344,0.00901013,0.8574116
1751960834495,20.77576,SteamVR Tracker (Left Foot),-0.4736955,-0.00780344,0.546241,-0.5702247,-0.05255204,0.01793988,0.8196098
1751960834495,20.77576,SteamVR Tracker (Waist),-0.5782336,0.7620125,1.226941,-0.4974765,0.4937962,0.5018132,0.5068195
1751960834543,20.82407,SteamVR Tracker (Right Foot),-0.3223515,0.06931114,0.48805,-0.5122645,0.04943231,0.009011275,0.8573565
1751960834543,20.82407,SteamVR Tracker (Left Foot),-0.4735273,-0.007673025,0.5461318,-0.5702969,-0.05277457,0.0179335,0.8195454
1751960834544,20.82407,SteamVR Tracker (Waist),-0.5783259,0.7623218,1.22706,-0.4974033,0.493902,0.5018175,0.506784
1751960834560,20.84131,SteamVR Tracker (Right Foot),-0.3223333,0.06938028,0.48793,-0.5122377,0.0494477,0.009100086,0.8573709
1751960834560,20.84131,SteamVR Tracker (Left Foot),-0.4735002,-0.007748127,0.5462177,-0.5702908,-0.05280301,0.01807131,0.8195449
1751960834560,20.84131,SteamVR Tracker (Waist),-0.5782876,0.7623041,1.227031,-0.4973485,0.4940356,0.501774,0.5067506
1751960834593,20.87516,SteamVR Tracker (Right Foot),-0.3225102,0.06938434,0.4880216,-0.512265,0.04942726,0.009091453,0.8573557
1751960834593,20.87516,SteamVR Tracker (Left Foot),-0.4736069,-0.007767916,0.5463286,-0.5701458,-0.05289032,0.01804719,0.8196406
1751960834593,20.87516,SteamVR Tracker (Waist),-0.5782359,0.7622126,1.226972,-0.497393,0.493997,0.5017262,0.5067919
1751960834628,20.90854,SteamVR Tracker (Right Foot),-0.3225027,0.06949043,0.4880835,-0.5122901,0.04932957,0.009011248,0.8573473
1751960834628,20.90854,SteamVR Tracker (Left Foot),-0.4735532,-0.007738113,0.546463,-0.5701473,-0.05286469,0.01804163,0.8196413
1751960834628,20.90854,SteamVR Tracker (Waist),-0.5782595,0.7622628,1.226962,-0.4973949,0.4940557,0.501715,0.5067438
1751960834663,20.94206,SteamVR Tracker (Right Foot),-0.3225907,0.06941533,0.4880632,-0.5122765,0.04938696,0.009185916,0.8573502
1751960834663,20.94206,SteamVR Tracker (Left Foot),-0.4737103,-0.007656336,0.5462711,-0.5701677,-0.05298423,0.01807008,0.8196189
1751960834663,20.94206,SteamVR Tracker (Waist),-0.5782663,0.7623596,1.226898,-0.4974163,0.4939997,0.5017169,0.5067756
1751960834709,20.98926,SteamVR Tracker (Right Foot),-0.322534,0.06941867,0.4879851,-0.5123496,0.04924359,0.009257398,0.8573141
1751960834709,20.98926,SteamVR Tracker (Left Foot),-0.4736302,-0.007635355,0.5463098,-0.5701346,-0.05292474,0.01812395,0.8196445
1751960834709,20.98926,SteamVR Tracker (Waist),-0.5782803,0.7622272,1.226902,-0.4974803,0.4939101,0.501687,0.5068297
1751960834727,21.00821,SteamVR Tracker (Right Foot),-0.3225549,0.06945443,0.4881205,-0.5122675,0.04916685,0.009314667,0.8573668
1751960834727,21.00821,SteamVR Tracker (Left Foot),-0.473631,-0.007705212,0.5463925,-0.5701315,-0.05289064,0.01803919,0.8196507
1751960834727,21.00821,SteamVR Tracker (Waist),-0.5782374,0.7621679,1.226981,-0.4974374,0.4938808,0.5016931,0.5068943
1751960834762,21.04288,SteamVR Tracker (Right Foot),-0.3224855,0.0694623,0.4880664,-0.5122835,0.0492936,0.009147841,0.8573518
1751960834762,21.04288,SteamVR Tracker (Left Foot),-0.4736173,-0.007748842,0.5462957,-0.5701205,-0.05292313,0.0180518,0.819656
1751960834762,21.04288,SteamVR Tracker (Waist),-0.5782108,0.7619758,1.227056,-0.4974003,0.4939362,0.5016832,0.5068867
1751960834794,21.0752,SteamVR Tracker (Right Foot),-0.3223396,0.06935167,0.4881526,-0.5122883,0.04921202,0.009135627,0.8573537
1751960834794,21.0752,SteamVR Tracker (Left Foot),-0.4735295,-0.007686138,0.5463474,-0.5701429,-0.05288342,0.01809524,0.8196419
1751960834794,21.0752,SteamVR Tracker (Waist),-0.5781994,0.7620652,1.227074,-0.4974313,0.4940093,0.5015465,0.5069202
1751960834824,21.1056,SteamVR Tracker (Right Foot),-0.3224568,0.0693984,0.4879873,-0.512327,0.04925659,0.009164457,0.8573277
1751960834824,21.1056,SteamVR Tracker (Left Foot),-0.4736518,-0.0076015,0.5463369,-0.5702246,-0.0528811,0.01808641,0.8195855
1751960834824,21.1056,SteamVR Tracker (Waist),-0.5781678,0.76195,1.227032,-0.4975205,0.4940389,0.5016201,0.5067309
1751960834875,21.15621,SteamVR Tracker (Right Foot),-0.3224216,0.06941128,0.4880863,-0.5123758,0.04912589,0.009148755,0.8573063
1751960834875,21.15621,SteamVR Tracker (Left Foot),-0.4735553,-0.007657528,0.5463498,-0.5701822,-0.05295829,0.01798856,0.8196121
1751960834875,21.15621,SteamVR Tracker (Waist),-0.5780003,0.7615774,1.226964,-0.4975588,0.4939363,0.5016235,0.50679
1751960834890,21.17178,SteamVR Tracker (Right Foot),-0.322528,0.06939578,0.4880547,-0.5122732,0.04905527,0.009179548,0.8573713
1751960834890,21.17178,SteamVR Tracker (Left Foot),-0.4736111,-0.007658005,0.5463391,-0.5702255,-0.05291873,0.01799316,0.8195845
1751960834890,21.17178,SteamVR Tracker (Waist),-0.5780449,0.7616873,1.226905,-0.4975853,0.4939328,0.5016025,0.5067882
1751960834925,21.20557,SteamVR Tracker (Right Foot),-0.3224953,0.06931353,0.4879099,-0.5124593,0.04904844,0.009245926,0.8572598
1751960834926,21.20557,SteamVR Tracker (Left Foot),-0.47359,-0.007715225,0.5462133,-0.570303,-0.05298185,0.01795644,0.8195273
1751960834926,21.20557,SteamVR Tracker (Waist),-0.5782336,0.7620261,1.226961,-0.4975791,0.4938706,0.5016651,0.506793
1751960834958,21.23959,SteamVR Tracker (Right Foot),-0.3224618,0.06932139,0.4878995,-0.5124269,0.04897376,0.009259471,0.8572832
1751960834958,21.23959,SteamVR Tracker (Left Foot),-0.4736584,-0.007749319,0.5461504,-0.5702858,-0.05294146,0.01802092,0.8195405
1751960834958,21.23959,SteamVR Tracker (Waist),-0.5782102,0.7620401,1.226971,-0.4975066,0.4939508,0.5016207,0.5068299
1751960834994,21.27349,SteamVR Tracker (Right Foot),-0.3225729,0.06943512,0.4878832,-0.5124962,0.0489153,0.009226623,0.8572456
1751960834994,21.27349,SteamVR Tracker (Left Foot),-0.4738009,-0.007753611,0.5461629,-0.5703525,-0.05290473,0.01803492,0.8194962
1751960834994,21.27349,SteamVR Tracker (Waist),-0.5783819,0.7622482,1.226811,-0.4975742,0.4938435,0.5016912,0.5067982
1751960835056,21.33501,SteamVR Tracker (Right Foot),-0.3226877,0.06941891,0.4880068,-0.5124872,0.04892991,0.009382048,0.8572484
1751960835056,21.33501,SteamVR Tracker (Left Foot),-0.4735449,-0.007662773,0.546304,-0.5702431,-0.05280801,0.0179469,0.8195804
1751960835056,21.33501,SteamVR Tracker (Waist),-0.5781738,0.7619013,1.22697,-0.4975215,0.4938574,0.5017331,0.506795
1751960835069,21.35028,SteamVR Tracker (Right Foot),-0.3226458,0.06939936,0.4879569,-0.512395,0.04903114,0.009372958,0.8572978
1751960835069,21.35028,SteamVR Tracker (Left Foot),-0.4734656,-0.007727623,0.5462636,-0.5702942,-0.05281474,0.01787935,0.8195459
1751960835069,21.35028,SteamVR Tracker (Waist),-0.5780509,0.7618024,1.226917,-0.4974763,0.4939237,0.5016602,0.5068469
1751960835105,21.38511,SteamVR Tracker (Right Foot),-0.3225135,0.06937671,0.4880363,-0.512372,0.04905639,0.009308923,0.8573108
1751960835105,21.38511,SteamVR Tracker (Left Foot),-0.4735905,-0.007856131,0.5463275,-0.5702003,-0.05277774,0.01797989,0.8196114
1751960835105,21.38511,SteamVR Tracker (Waist),-0.5780925,0.761664,1.227061,-0.4975358,0.4939163,0.5016324,0.5068234
1751960835135,21.41697,SteamVR Tracker (Right Foot),-0.3224981,0.06941938,0.4880161,-0.5123865,0.04907221,0.00947484,0.8572994
1751960835135,21.41697,SteamVR Tracker (Left Foot),-0.4735378,-0.007735252,0.5462266,-0.5702451,-0.05287094,0.0178956,0.819576
1751960835135,21.41697,SteamVR Tracker (Waist),-0.578177,0.7617195,1.227,-0.4975828,0.4938322,0.5016652,0.5068266
1751960835171,21.45129,SteamVR Tracker (Right Foot),-0.3225379,0.0695014,0.4879954,-0.5123671,0.04904267,0.009461224,0.8573129
1751960835171,21.45129,SteamVR Tracker (Left Foot),-0.4735556,-0.007856131,0.5462005,-0.5701931,-0.0528832,0.01786923,0.8196121
1751960835171,21.45129,SteamVR Tracker (Waist),-0.5782245,0.7619312,1.227041,-0.4975105,0.4938582,0.5017335,0.5068045
1751960835232,21.51102,SteamVR Tracker (Right Foot),-0.3227053,0.06943011,0.4880385,-0.5123474,0.04903612,0.009513388,0.8573244
1751960835232,21.51102,SteamVR Tracker (Left Foot),-0.4736789,-0.007735729,0.5462644,-0.5702127,-0.05298997,0.01795169,0.8195897
1751960835232,21.51102,SteamVR Tracker (Waist),-0.5783017,0.7621274,1.226828,-0.4975876,0.4936803,0.5017235,0.5069122
1751960835244,21.5266,SteamVR Tracker (Right Foot),-0.3227319,0.06953812,0.4881126,-0.512347,0.04904419,0.00950977,0.8573242
1751960835245,21.5266,SteamVR Tracker (Left Foot),-0.4737769,-0.007638693,0.5463178,-0.5701284,-0.05296336,0.0180333,0.8196483
1751960835245,21.5266,SteamVR Tracker (Waist),-0.5782785,0.7622354,1.226897,-0.4975589,0.4937277,0.5017619,0.5068561
1751960835281,21.56147,SteamVR Tracker (Right Foot),-0.3225678,0.06938505,0.4880664,-0.5124543,0.04904068,0.009592327,0.8572594
1751960835282,21.56147,SteamVR Tracker (Left Foot),-0.4737184,-0.007575035,0.5462756,-0.5702392,-0.05292626,0.0180263,0.8195738
1751960835282,21.56147,SteamVR Tracker (Waist),-0.5782776,0.7623074,1.22704,-0.4974617,0.4937871,0.5018167,0.5068395
1751960835314,21.59555,SteamVR Tracker (Right Foot),-0.3226331,0.06950903,0.4879552,-0.5124766,0.04907213,0.009543715,0.8572448
1751960835315,21.59555,SteamVR Tracker (Left Foot),-0.4737586,-0.007626534,0.5462304,-0.5703312,-0.05289917,0.01806658,0.8195106
1751960835315,21.59555,SteamVR Tracker (Waist),-0.5781871,0.7618674,1.226917,-0.4974905,0.4938324,0.5017599,0.5068232
1751960835350,21.62989,SteamVR Tracker (Right Foot),-0.3225833,0.0694437,0.4881275,-0.5123553,0.04904123,0.009514936,0.8573194
1751960835350,21.62989,SteamVR Tracker (Left Foot),-0.4735932,-0.007601738,0.546428,-0.5701794,-0.05280367,0.01810203,0.8196216
1751960835350,21.62989,SteamVR Tracker (Waist),-0.5779065,0.761434,1.226956,-0.4974797,0.4939173,0.5016901,0.5068201
1751960835409,21.68836,SteamVR Tracker (Right Foot),-0.3226705,0.06945515,0.4880177,-0.5125056,0.04907253,0.009604402,0.8572267
1751960835409,21.68836,SteamVR Tracker (Left Foot),-0.4735887,-0.007513762,0.5463554,-0.5702955,-0.05277579,0.01796492,0.8195456
1751960835409,21.68836,SteamVR Tracker (Waist),-0.5781102,0.7615075,1.22707,-0.4973932,0.4939375,0.501843,0.506734
1751960835423,21.70488,SteamVR Tracker (Right Foot),-0.3225701,0.06942105,0.4879382,-0.5124935,0.04880467,0.009821,0.8572469
1751960835423,21.70488,SteamVR Tracker (Left Foot),-0.4736207,-0.007692575,0.5462187,-0.5703052,-0.05293491,0.01811156,0.8195254
1751960835423,21.70488,SteamVR Tracker (Waist),-0.5781137,0.7614902,1.227104,-0.4973145,0.4939924,0.5018913,0.5067101
1751960835456,21.73774,SteamVR Tracker (Right Foot),-0.3225771,0.06952429,0.4879183,-0.5124432,0.04894917,0.009799826,0.8572689
1751960835456,21.73774,SteamVR Tracker (Left Foot),-0.4735883,-0.007725477,0.5461718,-0.570278,-0.05299359,0.0181285,0.8195401
1751960835456,21.73774,SteamVR Tracker (Waist),-0.5780795,0.7615272,1.226941,-0.4973138,0.4939227,0.5019023,0.5067677
1751960835491,21.77112,SteamVR Tracker (Right Foot),-0.322703,0.06938267,0.4878293,-0.5125939,0.04885347,0.009922263,0.8571828
1751960835491,21.77112,SteamVR Tracker (Left Foot),-0.4738227,-0.007590532,0.5461969,-0.5703009,-0.05288917,0.01806991,0.8195322
1751960835491,21.77112,SteamVR Tracker (Waist),-0.5780481,0.7612277,1.226886,-0.4974104,0.4938545,0.5017844,0.5068561
1751960835523,21.80348,SteamVR Tracker (Right Foot),-0.3227944,0.06944776,0.4880059,-0.512575,0.04880758,0.010003,0.8571959
1751960835523,21.80348,SteamVR Tracker (Left Foot),-0.4737208,-0.007529259,0.5464036,-0.5703076,-0.05281759,0.01818143,0.8195298
1751960835523,21.80348,SteamVR Tracker (Waist),-0.5781217,0.7615362,1.226931,-0.4974338,0.4938169,0.5017257,0.506928
1751960835576,21.85658,SteamVR Tracker (Right Foot),-0.3226909,0.06940985,0.4881229,-0.5126135,0.04886806,0.01007364,0.8571684
1751960835576,21.85658,SteamVR Tracker (Left Foot),-0.4736739,-0.007632494,0.5463795,-0.5702491,-0.05284709,0.01824557,0.8195671
1751960835576,21.85658,SteamVR Tracker (Waist),-0.5779769,0.7612866,1.227015,-0.4973638,0.4939979,0.5017426,0.5068035
1751960835591,21.87195,SteamVR Tracker (Right Foot),-0.3226427,0.06957507,0.4881267,-0.5126743,0.04884869,0.0101958,0.8571318
1751960835591,21.87195,SteamVR Tracker (Left Foot),-0.4736447,-0.00743556,0.5463634,-0.570242,-0.05288479,0.0182751,0.819569
1751960835591,21.87195,SteamVR Tracker (Waist),-0.5779608,0.7611436,1.227013,-0.497386,0.4939416,0.5017588,0.5068206
1751960835625,21.90682,SteamVR Tracker (Right Foot),-0.3226345,0.06949663,0.4880735,-0.5126244,0.04887881,0.01001866,0.8571621
1751960835625,21.90682,SteamVR Tracker (Left Foot),-0.4736465,-0.007452488,0.5463569,-0.5702378,-0.05284165,0.01831342,0.8195739
1751960835625,21.90682,SteamVR Tracker (Waist),-0.5779068,0.761058,1.227068,-0.4973477,0.4940377,0.5016884,0.5068341
1751960835658,21.93944,SteamVR Tracker (Right Foot),-0.322682,0.06944132,0.4879726,-0.5126293,0.04876148,0.01011886,0.8571646
1751960835658,21.93944,SteamVR Tracker (Left Foot),-0.4736036,-0.007488489,0.5463082,-0.5702579,-0.05280044,0.01820871,0.8195648
1751960835658,21.93944,SteamVR Tracker (Waist),-0.5779073,0.761196,1.22698,-0.4974441,0.4939604,0.5016717,0.5068313
1751960835693,21.97314,SteamVR Tracker (Right Foot),-0.32263,0.06940341,0.4879614,-0.512672,0.04878275,0.01008201,0.8571383
1751960835693,21.97314,SteamVR Tracker (Left Foot),-0.4736764,-0.007581949,0.5462574,-0.5702036,-0.05286321,0.01831459,0.8195962
1751960835693,21.97314,SteamVR Tracker (Waist),-0.5779759,0.7613014,1.227066,-0.4974262,0.4939571,0.501738,0.5067866
1751960835758,22.03791,SteamVR Tracker (Right Foot),-0.3227066,0.06949878,0.4880205,-0.512551,0.04880632,0.01008536,0.8572093
1751960835759,22.03791,SteamVR Tracker (Left Foot),-0.4736352,-0.007538319,0.5463335,-0.570181,-0.05286903,0.01828413,0.8196122
1751960835759,22.03791,SteamVR Tracker (Waist),-0.578019,0.7614752,1.227017,-0.4974425,0.4938868,0.5017211,0.5068558
1751960835774,22.05486,SteamVR Tracker (Right Foot),-0.3226923,0.06939626,0.4880514,-0.5126033,0.04881391,0.01009936,0.8571774
1751960835774,22.05486,SteamVR Tracker (Left Foot),-0.473633,-0.00757432,0.5463685,-0.5701008,-0.05290968,0.01823153,0.8196666
1751960835774,22.05486,SteamVR Tracker (Waist),-0.5780317,0.7614193,1.226985,-0.4974765,0.4939073,0.5016814,0.5068417
1751960835807,22.08798,SteamVR Tracker (Right Foot),-0.3227206,0.06937885,0.4879074,-0.5125472,0.04885626,0.01012648,0.8572083
1751960835807,22.08798,SteamVR Tracker (Left Foot),-0.4736794,-0.007583618,0.5462728,-0.5700666,-0.05300847,0.01828978,0.8196826
1751960835807,22.08798,SteamVR Tracker (Waist),-0.5780705,0.7616289,1.226989,-0.4974165,0.4938856,0.5018474,0.5067574
1751960835844,22.12389,SteamVR Tracker (Right Foot),-0.3229019,0.06938934,0.4878003,-0.5125887,0.04874544,0.01017157,0.8571892
1751960835844,22.12389,SteamVR Tracker (Left Foot),-0.4738149,-0.007704258,0.5462009,-0.5701081,-0.05286277,0.01820152,0.8196653
1751960835844,22.12389,SteamVR Tracker (Waist),-0.5780736,0.7614529,1.226836,-0.4974981,0.4938862,0.5016429,0.5068792
1751960835918,22.19567,SteamVR Tracker (Right Foot),-0.3227713,0.06929564,0.4880053,-0.5125684,0.04886929,0.01010251,0.8571951
1751960835918,22.19567,SteamVR Tracker (Left Foot),-0.4736556,-0.007548571,0.5463228,-0.5701806,-0.05286132,0.01818625,0.8196152
1751960835918,22.19567,SteamVR Tracker (Waist),-0.5780517,0.7614392,1.226939,-0.4975299,0.4939004,0.5016955,0.5067822
1751960835936,22.21663,SteamVR Tracker (Right Foot),-0.3227385,0.06928182,0.4880239,-0.5126106,0.04886388,0.01007608,0.8571705
1751960835936,22.21663,SteamVR Tracker (Left Foot),-0.4735402,-0.007548571,0.5463119,-0.5701216,-0.05282023,0.01809775,0.8196608
1751960835936,22.21663,SteamVR Tracker (Waist),-0.5779328,0.761179,1.227046,-0.4974917,0.4938821,0.5016775,0.5068552
1751960835966,22.2472,SteamVR Tracker (Right Foot),-0.3226975,0.06931758,0.4880276,-0.5125883,0.0488354,0.01013365,0.8571847
1751960835967,22.2472,SteamVR Tracker (Left Foot),-0.4736166,-0.007506371,0.5464179,-0.5701511,-0.05276488,0.01816188,0.8196424
1751960835967,22.2472,SteamVR Tracker (Waist),-0.5779599,0.7612448,1.227093,-0.4974578,0.4938617,0.5016943,0.5068918
1751960836000,22.28136,SteamVR Tracker (Right Foot),-0.3227113,0.06939435,0.4879972,-0.5126925,0.04882292,0.01011532,0.8571234
1751960836000,22.28136,SteamVR Tracker (Left Foot),-0.4736507,-0.007459402,0.5463119,-0.5701559,-0.05283039,0.0180916,0.8196365
1751960836000,22.28136,SteamVR Tracker (Waist),-0.577949,0.7611628,1.227127,-0.4975553,0.4937981,0.501682,0.5068702
1751960836058,22.33771,SteamVR Tracker (Right Foot),-0.3228435,0.06945229,0.4879782,-0.5128226,0.04882162,0.01015152,0.8570452
1751960836058,22.33771,SteamVR Tracker (Left Foot),-0.4736703,-0.00748992,0.5463684,-0.5703489,-0.05268992,0.01805557,0.819512
1751960836058,22.33771,SteamVR Tracker (Waist),-0.5779675,0.7612606,1.226946,-0.4975871,0.4937544,0.5015821,0.5069804
1751960836071,22.35312,SteamVR Tracker (Right Foot),-0.3227594,0.06943202,0.488064,-0.5128089,0.04886468,0.01012186,0.8570513
1751960836071,22.35312,SteamVR Tracker (Left Foot),-0.4736432,-0.00748229,0.5464033,-0.5703549,-0.05275005,0.01809806,0.819503
1751960836071,22.35312,SteamVR Tracker (Waist),-0.5780112,0.7613705,1.226952,-0.4977019,0.4936574,0.5016763,0.5068691
1751960836108,22.38839,SteamVR Tracker (Right Foot),-0.3225925,0.06937981,0.4881465,-0.5126079,0.0488892,0.01002159,0.8571713
1751960836109,22.38839,SteamVR Tracker (Left Foot),-0.4735667,-0.007461786,0.5465389,-0.5703667,-0.05278527,0.01805643,0.8194935
1751960836109,22.38839,SteamVR Tracker (Waist),-0.5781493,0.761947,1.227075,-0.4977055,0.4936912,0.5016662,0.5068424
1751960836140,22.42034,SteamVR Tracker (Right Foot),-0.3226939,0.06925464,0.4881151,-0.5127396,0.04873289,0.01006703,0.8571009
1751960836140,22.42034,SteamVR Tracker (Left Foot),-0.4736352,-0.007426023,0.5464001,-0.5704101,-0.05282364,0.01808565,0.8194601
1751960836140,22.42034,SteamVR Tracker (Waist),-0.578326,0.7621328,1.227082,-0.4976019,0.4938023,0.501785,0.5067185
1751960836171,22.45343,SteamVR Tracker (Right Foot),-0.322761,0.06930685,0.4880334,-0.5126042,0.04888802,0.0101564,0.857172
1751960836171,22.45343,SteamVR Tracker (Left Foot),-0.4736381,-0.00749445,0.5463522,-0.5703232,-0.05282545,0.01820815,0.8195177
1751960836171,22.45343,SteamVR Tracker (Waist),-0.5782102,0.7619635,1.226867,-0.497553,0.493864,0.5017779,0.5067133
1751960836227,22.50798,SteamVR Tracker (Right Foot),-0.3227094,0.06934857,0.4880306,-0.5127196,0.04887748,0.01009596,0.8571043
1751960836227,22.50798,SteamVR Tracker (Left Foot),-0.4735905,-0.007442474,0.5463619,-0.5703206,-0.05279828,0.01820398,0.8195214
1751960836228,22.50798,SteamVR Tracker (Waist),-0.5782149,0.7620219,1.226984,-0.4975808,0.4937942,0.5018001,0.5067321
1751960836240,22.52214,SteamVR Tracker (Right Foot),-0.3227026,0.06929016,0.487914,-0.512706,0.04885234,0.01016757,0.8571129
1751960836240,22.52214,SteamVR Tracker (Left Foot),-0.4735852,-0.00743103,0.546259,-0.5703798,-0.05290118,0.01814342,0.819475
1751960836240,22.52214,SteamVR Tracker (Waist),-0.5782398,0.7620945,1.227001,-0.4976383,0.493687,0.5018201,0.5067602
1751960836276,22.55716,SteamVR Tracker (Right Foot),-0.3227393,0.06930137,0.4879339,-0.5127044,0.04892102,0.01009262,0.8571109
1751960836276,22.55716,SteamVR Tracker (Left Foot),-0.4736611,-0.007409573,0.5462721,-0.5704212,-0.05288562,0.01818701,0.8194462
1751960836276,22.55716,SteamVR Tracker (Waist),-0.5781845,0.7621439,1.226917,-0.4975593,0.4938521,0.5017485,0.5067478
1751960836310,22.59034,SteamVR Tracker (Right Foot),-0.3225857,0.06935239,0.487973,-0.5126737,0.04884969,0.009955575,0.8571349
1751960836310,22.59034,SteamVR Tracker (Left Foot),-0.4736311,-0.007454872,0.5462916,-0.5703206,-0.05285214,0.0180945,0.8195204
1751960836310,22.59034,SteamVR Tracker (Waist),-0.5781329,0.7619541,1.22696,-0.4975959,0.4937916,0.5017222,0.506797
1751960836344,22.62304,SteamVR Tracker (Right Foot),-0.3227291,0.06938171,0.4879428,-0.5126076,0.04885475,0.01000009,0.8571737
1751960836344,22.62304,SteamVR Tracker (Left Foot),-0.4736484,-0.007471323,0.5462969,-0.5703276,-0.05284145,0.01816474,0.8195147
1751960836344,22.62304,SteamVR Tracker (Waist),-0.5781391,0.7618456,1.227038,-0.497535,0.4938346,0.5016667,0.5068698
1751960836394,22.67387,SteamVR Tracker (Right Foot),-0.3227055,0.0694015,0.4880645,-0.5126542,0.04883503,0.009879284,0.8571483
1751960836394,22.67387,SteamVR Tracker (Left Foot),-0.4735965,-0.007390738,0.5464436,-0.5703142,-0.05289625,0.01813096,0.8195212
1751960836394,22.67387,SteamVR Tracker (Waist),-0.5780729,0.7615801,1.227026,-0.4976117,0.4937746,0.5016438,0.5068755
1751960836410,22.69095,SteamVR Tracker (Right Foot),-0.3226416,0.0694077,0.4880213,-0.5126605,0.04888949,0.009741912,0.857143
1751960836410,22.69095,SteamVR Tracker (Left Foot),-0.4735429,-0.007432699,0.5462533,-0.5703906,-0.05284186,0.01805015,0.8194733
1751960836410,22.69095,SteamVR Tracker (Waist),-0.5780241,0.7614734,1.226822,-0.4976426,0.493837,0.5016073,0.5068206
1751960836445,22.72452,SteamVR Tracker (Right Foot),-0.3226649,0.06927991,0.4879882,-0.5126144,0.04894267,0.009773548,0.8571672
1751960836445,22.72452,SteamVR Tracker (Left Foot),-0.4734625,-0.007481813,0.5462824,-0.5703266,-0.052871,0.01802141,0.8195166
1751960836445,22.72452,SteamVR Tracker (Waist),-0.5781844,0.7617314,1.227103,-0.4975339,0.4937443,0.5016969,0.5069287
1751960836475,22.75666,SteamVR Tracker (Right Foot),-0.3227614,0.06936336,0.4878923,-0.5126305,0.04883749,0.00989307,0.8571622
1751960836475,22.75666,SteamVR Tracker (Left Foot),-0.4736072,-0.007386684,0.546362,-0.5703158,-0.05288019,0.01792281,0.8195257
1751960836475,22.75666,SteamVR Tracker (Waist),-0.5781513,0.7615755,1.226907,-0.4976797,0.4937669,0.5017005,0.5067602
1751960836509,22.79013,SteamVR Tracker (Right Foot),-0.3227424,0.06941032,0.4880213,-0.51261,0.04891492,0.009684671,0.8571724
1751960836509,22.79013,SteamVR Tracker (Left Foot),-0.4735915,-0.007262945,0.5463863,-0.5703113,-0.05283859,0.01804525,0.8195289
1751960836509,22.79013,SteamVR Tracker (Waist),-0.5781846,0.7615848,1.226836,-0.4975436,0.4938151,0.5017508,0.506797
1751960836556,22.83744,SteamVR Tracker (Right Foot),-0.3227588,0.06939864,0.4879275,-0.5126479,0.04898375,0.009695608,0.8571457
1751960836556,22.83744,SteamVR Tracker (Left Foot),-0.4736165,-0.007479906,0.5462911,-0.5704501,-0.05282691,0.01795882,0.8194349
1751960836556,22.83744,SteamVR Tracker (Waist),-0.57814,0.7617496,1.226846,-0.4975,0.4939221,0.5016886,0.5067971
1751960836572,22.85435,SteamVR Tracker (Right Foot),-0.3228342,0.06937242,0.4879685,-0.512638,0.04899859,0.009661792,0.8571512
1751960836572,22.85435,SteamVR Tracker (Left Foot),-0.4735447,-0.007495165,0.5463116,-0.5704846,-0.05275352,0.0178584,0.8194178
1751960836572,22.85435,SteamVR Tracker (Waist),-0.5781476,0.7616737,1.226967,-0.4974788,0.4939148,0.5016962,0.5068175
1751960836608,22.88897,SteamVR Tracker (Right Foot),-0.3227844,0.06927347,0.4880552,-0.5125613,0.04900672,0.009602415,0.8571973
1751960836608,22.88897,SteamVR Tracker (Left Foot),-0.4735955,-0.007446051,0.5463108,-0.5705283,-0.05272284,0.01794039,0.8193876
1751960836609,22.88897,SteamVR Tracker (Waist),-0.5780215,0.7615563,1.227032,-0.4974322,0.4939028,0.5016831,0.5068879
1751960836644,22.92463,SteamVR Tracker (Right Foot),-0.3226024,0.06940174,0.4880553,-0.5127853,0.04904047,0.009642938,0.8570609
1751960836644,22.92463,SteamVR Tracker (Left Foot),-0.4734645,-0.007492304,0.5463355,-0.570601,-0.05274791,0.01797358,0.8193345
1751960836644,22.92463,SteamVR Tracker (Waist),-0.5781918,0.761875,1.227088,-0.4973572,0.4938862,0.5017678,0.5068939
1751960836675,22.95632,SteamVR Tracker (Right Foot),-0.3227097,0.06947279,0.4881534,-0.5127644,0.04905054,0.00957789,0.8570735
1751960836675,22.95632,SteamVR Tracker (Left Foot),-0.4734902,-0.007472515,0.5464186,-0.5705923,-0.05277988,0.01801786,0.8193376
1751960836675,22.95632,SteamVR Tracker (Waist),-0.5780808,0.7617763,1.227009,-0.4975088,0.4938672,0.5016603,0.50687
1751960836738,23.01625,SteamVR Tracker (Right Foot),-0.3226815,0.06934118,0.4879302,-0.5127425,0.04907248,0.009568051,0.8570855
1751960836738,23.01625,SteamVR Tracker (Left Foot),-0.4736054,-0.007464409,0.5462812,-0.5706846,-0.05265485,0.01809586,0.8192796
1751960836738,23.01625,SteamVR Tracker (Waist),-0.5781649,0.7618936,1.226974,-0.497485,0.4939025,0.5016791,0.5068404
1751960836752,23.03307,SteamVR Tracker (Right Foot),-0.3225951,0.06938386,0.4877298,-0.512751,0.04910164,0.009448592,0.85708
1751960836752,23.03307,SteamVR Tracker (Left Foot),-0.4734919,-0.007504225,0.5461747,-0.5707433,-0.05261541,0.01807136,0.8192418
1751960836752,23.03307,SteamVR Tracker (Waist),-0.5780677,0.7616335,1.226939,-0.4976189,0.4939646,0.5015184,0.5068075
1751960836786,23.06745,SteamVR Tracker (Right Foot),-0.3226724,0.06929636,0.4877464,-0.5129417,0.04915113,0.009445343,0.8569631
1751960836787,23.06745,SteamVR Tracker (Left Foot),-0.4735941,-0.007679224,0.5461012,-0.5708305,-0.05261176,0.01814895,0.8191797
1751960836787,23.06745,SteamVR Tracker (Waist),-0.5781858,0.761754,1.226933,-0.4975931,0.4939193,0.5016156,0.5067807
1751960836818,23.09911,SteamVR Tracker (Right Foot),-0.3226513,0.06933236,0.4878573,-0.5129461,0.04913845,0.009554519,0.8569599
1751960836818,23.09911,SteamVR Tracker (Left Foot),-0.4736762,-0.007499933,0.5462587,-0.5708557,-0.05252768,0.01797576,0.8191712
1751960836818,23.09911,SteamVR Tracker (Waist),-0.5781775,0.76164,1.22696,-0.4976127,0.4938781,0.5015884,0.5068285
1751960836854,23.13312,SteamVR Tracker (Right Foot),-0.3225844,0.06941652,0.4878297,-0.5130177,0.04917007,0.009458111,0.8569165
1751960836854,23.13312,SteamVR Tracker (Left Foot),-0.4735356,-0.007520199,0.5461851,-0.5709614,-0.05240378,0.01796897,0.8191056
1751960836854,23.13312,SteamVR Tracker (Waist),-0.5781989,0.7620676,1.226949,-0.4975551,0.4939654,0.501585,0.5068033
1751960836907,23.18672,SteamVR Tracker (Right Foot),-0.3226663,0.06927776,0.4878728,-0.5130677,0.0491219,0.009406817,0.8568898
1751960836907,23.18672,SteamVR Tracker (Left Foot),-0.473562,-0.007507086,0.5462118,-0.5710601,-0.05246932,0.01794446,0.8190332
1751960836907,23.18672,SteamVR Tracker (Waist),-0.5780467,0.7615299,1.226959,-0.4976806,0.4939084,0.5015719,0.5067486
1751960836919,23.20126,SteamVR Tracker (Right Foot),-0.3226695,0.0692904,0.4878452,-0.5130107,0.04915078,0.009417756,0.8569221
1751960836919,23.20126,SteamVR Tracker (Left Foot),-0.4735138,-0.007517338,0.5462372,-0.571205,-0.05235574,0.01795885,0.8189391
1751960836919,23.20126,SteamVR Tracker (Waist),-0.5780414,0.7615604,1.227011,-0.497632,0.4938784,0.5015055,0.5068914
1751960836955,23.23737,SteamVR Tracker (Right Foot),-0.3226361,0.06933928,0.4877939,-0.5131882,0.04911255,0.009433677,0.8568179
1751960836956,23.23737,SteamVR Tracker (Left Foot),-0.4734083,-0.007550001,0.546149,-0.5712467,-0.05230156,0.01788617,0.818915
1751960836956,23.23737,SteamVR Tracker (Waist),-0.5781524,0.7618898,1.226997,-0.4976794,0.4938694,0.501599,0.5067611
1751960836989,23.2693,SteamVR Tracker (Right Foot),-0.3225563,0.06934381,0.4877741,-0.5132185,0.04918549,0.009363002,0.8567963
1751960836989,23.2693,SteamVR Tracker (Left Foot),-0.4734953,-0.007564545,0.5461522,-0.571441,-0.05233752,0.01799711,0.8187748
1751960836989,23.2693,SteamVR Tracker (Waist),-0.5781561,0.761851,1.227046,-0.497689,0.4938392,0.5016125,0.5067678
1751960837024,23.30419,SteamVR Tracker (Right Foot),-0.322573,0.06938696,0.4878414,-0.5133198,0.04915035,0.009411708,0.8567371
1751960837025,23.30419,SteamVR Tracker (Left Foot),-0.4735021,-0.007514715,0.5461566,-0.5714819,-0.05231424,0.01794939,0.8187487
1751960837025,23.30419,SteamVR Tracker (Waist),-0.577974,0.7614943,1.226965,-0.4978089,0.4938681,0.5016191,0.5066151
1751960837071,23.35198,SteamVR Tracker (Right Foot),-0.3226656,0.0693562,0.48784,-0.5133674,0.0491339,0.009417603,0.8567094
1751960837071,23.35198,SteamVR Tracker (Left Foot),-0.4735753,-0.007414579,0.5460479,-0.5715374,-0.05221302,0.01790266,0.8187175
1751960837071,23.35198,SteamVR Tracker (Waist),-0.5779997,0.7615552,1.226985,-0.4977561,0.4938394,0.5015599,0.5067536
1751960837089,23.36941,SteamVR Tracker (Right Foot),-0.322618,0.06938839,0.4879333,-0.5133718,0.04915147,0.009343105,0.8567066
1751960837089,23.36941,SteamVR Tracker (Left Foot),-0.4734815,-0.007399559,0.5460338,-0.5717578,-0.05210194,0.01789861,0.8185707
1751960837089,23.36941,SteamVR Tracker (Waist),-0.5781044,0.7618704,1.227008,-0.4977394,0.4938722,0.501486,0.5068112
1751960837119,23.39995,SteamVR Tracker (Right Foot),-0.3227104,0.06936598,0.4877283,-0.5135056,0.04907523,0.00944246,0.8566297
1751960837119,23.39995,SteamVR Tracker (Left Foot),-0.4735582,-0.007513523,0.5459926,-0.571727,-0.05211626,0.0179157,0.8185911
1751960837119,23.39995,SteamVR Tracker (Waist),-0.5782316,0.7621068,1.226867,-0.4978316,0.4938402,0.5015928,0.5066462
1751960837156,23.43691,SteamVR Tracker (Right Foot),-0.3227707,0.06933355,0.4878615,-0.5135244,0.04908817,0.009484854,0.8566173
1751960837156,23.43691,SteamVR Tracker (Left Foot),-0.4735443,-0.007590055,0.5459796,-0.5718552,-0.05201499,0.0178696,0.8185089
1751960837156,23.43691,SteamVR Tracker (Waist),-0.5781401,0.7617581,1.226909,-0.4977838,0.4938224,0.5015303,0.5067723
1751960837187,23.46799,SteamVR Tracker (Right Foot),-0.3227168,0.06934118,0.4877562,-0.5134966,0.04912392,0.009413772,0.8566326
1751960837187,23.46799,SteamVR Tracker (Left Foot),-0.4735398,-0.007577419,0.5460081,-0.5719888,-0.05194904,0.01790063,0.818419
1751960837187,23.46799,SteamVR Tracker (Waist),-0.5781882,0.7617463,1.226895,-0.4979947,0.4936132,0.5015047,0.5067942
1751960837246,23.52732,SteamVR Tracker (Right Foot),-0.3227187,0.06932354,0.4878386,-0.5134969,0.04910289,0.009364233,0.8566342
1751960837246,23.52732,SteamVR Tracker (Left Foot),-0.4736229,-0.007543087,0.5460891,-0.5720063,-0.05185275,0.01796617,0.8184115
1751960837246,23.52732,SteamVR Tracker (Waist),-0.5781338,0.7618279,1.226926,-0.4977434,0.4936992,0.5014526,0.5070089
1751960837260,23.54196,SteamVR Tracker (Right Foot),-0.3227173,0.06935358,0.48781,-0.5134556,0.04918251,0.009300248,0.8566551
1751960837260,23.54196,SteamVR Tracker (Left Foot),-0.4736392,-0.007568359,0.5460392,-0.5720508,-0.05183021,0.01798561,0.8183814
1751960837260,23.54196,SteamVR Tracker (Waist),-0.5782012,0.7619718,1.22689,-0.4978131,0.493691,0.5015624,0.5068398
1751960837292,23.57407,SteamVR Tracker (Right Foot),-0.3227353,0.06930685,0.4878144,-0.5134142,0.04922198,0.009369927,0.8566769
1751960837293,23.57407,SteamVR Tracker (Left Foot),-0.4734753,-0.007585764,0.5459364,-0.5720375,-0.05190968,0.01788429,0.8183879
1751960837293,23.57407,SteamVR Tracker (Waist),-0.5781982,0.7621064,1.22695,-0.4976255,0.4937921,0.5015768,0.5069112
1751960837324,23.60512,SteamVR Tracker (Right Foot),-0.3227211,0.06931496,0.4877998,-0.5133926,0.04909288,0.009200179,0.856699
1751960837324,23.60512,SteamVR Tracker (Left Foot),-0.4736019,-0.00758028,0.5459998,-0.5719516,-0.05178753,0.01803935,0.8184522
1751960837324,23.60512,SteamVR Tracker (Waist),-0.5783837,0.7625184,1.226889,-0.497565,0.4938433,0.5016317,0.5068665
1751960837353,23.63343,SteamVR Tracker (Right Foot),-0.3226418,0.06930518,0.4880157,-0.5134634,0.04913365,0.009263781,0.8566536
1751960837354,23.63343,SteamVR Tracker (Left Foot),-0.473511,-0.007636309,0.5461931,-0.5718958,-0.05193916,0.01806417,0.818481
1751960837354,23.63343,SteamVR Tracker (Waist),-0.5781552,0.7623494,1.226949,-0.4976593,0.4937328,0.5016862,0.5068276
1751960837404,23.68424,SteamVR Tracker (Right Foot),-0.3225791,0.06939578,0.4879896,-0.5135698,0.04910779,0.009246312,0.8565915
1751960837405,23.68424,SteamVR Tracker (Left Foot),-0.4735471,-0.007357836,0.5461715,-0.5719611,-0.05177819,0.01801127,0.8184468
1751960837405,23.68424,SteamVR Tracker (Waist),-0.5781769,0.7619139,1.226999,-0.4975802,0.4938348,0.5016618,0.5068299
1751960837416,23.69713,SteamVR Tracker (Right Foot),-0.3225694,0.06933522,0.4878152,-0.5136721,0.04909916,0.009381318,0.8565292
1751960837416,23.69713,SteamVR Tracker (Left Foot),-0.4735313,-0.007370949,0.5459699,-0.5720233,-0.05170951,0.01796379,0.8184088
1751960837416,23.69713,SteamVR Tracker (Waist),-0.5781881,0.7619443,1.227009,-0.4976056,0.4937919,0.5017217,0.5067876
1751960837447,23.72858,SteamVR Tracker (Right Foot),-0.3226385,0.0692296,0.4877447,-0.5136617,0.04919167,0.00941926,0.8565297
1751960837447,23.72858,SteamVR Tracker (Left Foot),-0.4736585,-0.007498264,0.545837,-0.5720178,-0.05163131,0.01801739,0.8184163
1751960837447,23.72858,SteamVR Tracker (Waist),-0.5780053,0.7616433,1.226797,-0.4975891,0.4938948,0.5016219,0.5068024
1751960837475,23.75612,SteamVR Tracker (Right Foot),-0.3225783,0.06927609,0.4877493,-0.5136858,0.04903883,0.009298839,0.8565254
1751960837475,23.75612,SteamVR Tracker (Left Foot),-0.4735656,-0.007610321,0.5458725,-0.5720931,-0.0516064,0.01811447,0.8183631
1751960837475,23.75612,SteamVR Tracker (Waist),-0.5780584,0.7615831,1.227034,-0.4976143,0.4938284,0.5016802,0.5067846
1751960837502,23.78271,SteamVR Tracker (Right Foot),-0.3226468,0.06925178,0.487668,-0.513686,0.04919653,0.009284452,0.8565164
1751960837502,23.78271,SteamVR Tracker (Left Foot),-0.4736387,-0.007666111,0.5457819,-0.5722317,-0.05156773,0.0181312,0.8182683
1751960837502,23.78271,SteamVR Tracker (Waist),-0.578117,0.7614888,1.226846,-0.4977186,0.4936967,0.501635,0.5068551
1751960837529,23.81112,SteamVR Tracker (Right Foot),-0.3226287,0.06932545,0.4877946,-0.5137468,0.04912152,0.009408726,0.8564829
1751960837529,23.81112,SteamVR Tracker (Left Foot),-0.4735366,-0.007664204,0.5459785,-0.572313,-0.05164081,0.018183,0.8182057
1751960837529,23.81112,SteamVR Tracker (Waist),-0.5780185,0.7614163,1.226954,-0.4975903,0.4937961,0.5016044,0.5069147
1751960837577,23.85836,SteamVR Tracker (Right Foot),-0.3226751,0.06935811,0.4878802,-0.5138691,0.04902847,0.009464643,0.8564142
1751960837577,23.85836,SteamVR Tracker (Left Foot),-0.4734713,-0.007404327,0.5460075,-0.5724718,-0.0514438,0.01818769,0.8181068
1751960837577,23.85836,SteamVR Tracker (Waist),-0.5780152,0.7611703,1.227144,-0.4977176,0.4937354,0.5016493,0.5068043
1751960837588,23.87046,SteamVR Tracker (Right Foot),-0.3226877,0.06944227,0.4878327,-0.5138235,0.04906294,0.00943166,0.8564399
1751960837588,23.87046,SteamVR Tracker (Left Foot),-0.4736731,-0.007323027,0.5459892,-0.5724203,-0.05149822,0.01820618,0.8181391
1751960837588,23.87046,SteamVR Tracker (Waist),-0.5780413,0.7612277,1.227123,-0.4976183,0.4937221,0.5017614,0.5068039
1751960837616,23.89658,SteamVR Tracker (Right Foot),-0.3225572,0.06941915,0.4878015,-0.5140053,0.04910912,0.009427659,0.8563282
1751960837616,23.89658,SteamVR Tracker (Left Foot),-0.4735578,-0.007343769,0.5459068,-0.5726383,-0.05138842,0.01811462,0.8179954
1751960837616,23.89658,SteamVR Tracker (Waist),-0.5779206,0.761129,1.227082,-0.4977181,0.4937438,0.5017156,0.5067299
1751960837642,23.92317,SteamVR Tracker (Right Foot),-0.3226178,0.06936049,0.4877434,-0.5141221,0.04907163,0.009488732,0.8562595
1751960837642,23.92317,SteamVR Tracker (Left Foot),-0.4735313,-0.007395506,0.5458339,-0.5726374,-0.05143765,0.01816022,0.817992
1751960837642,23.92317,SteamVR Tracker (Waist),-0.5779644,0.7610829,1.227042,-0.4976994,0.4937625,0.501678,0.5067674
1751960837666,23.94924,SteamVR Tracker (Right Foot),-0.3226307,0.06943345,0.4877816,-0.5141847,0.04909791,0.009400674,0.8562215
1751960837666,23.94924,SteamVR Tracker (Left Foot),-0.4736355,-0.007372141,0.5458505,-0.5727032,-0.05136172,0.01824586,0.8179488
1751960837666,23.94924,SteamVR Tracker (Waist),-0.5778775,0.7610724,1.227068,-0.4976891,0.4938037,0.5016589,0.5067562
1751960837688,23.97096,SteamVR Tracker (Right Foot),-0.3226552,0.06932211,0.4877895,-0.5141191,0.0490275,0.009462958,0.8562642
1751960837689,23.97096,SteamVR Tracker (Left Foot),-0.4737061,-0.007527828,0.5458596,-0.5727262,-0.05131875,0.01824016,0.8179355
1751960837689,23.97096,SteamVR Tracker (Waist),-0.5779762,0.7611185,1.226973,-0.4977775,0.4936895,0.5017208,0.5067194
1751960837732,24.01349,SteamVR Tracker (Right Foot),-0.3226466,0.06940269,0.4876691,-0.5141142,0.04903476,0.009448214,0.8562669
1751960837732,24.01349,SteamVR Tracker (Left Foot),-0.4736293,-0.007495642,0.5457532,-0.5728309,-0.05136493,0.01824598,0.8178591
1751960837732,24.01349,SteamVR Tracker (Waist),-0.5782276,0.7618843,1.226965,-0.4977809,0.4936769,0.5018022,0.5066478
1751960837744,24.02616,SteamVR Tracker (Right Foot),-0.3226775,0.06936526,0.4877048,-0.5140699,0.04910982,0.009368344,0.8562901
1751960837744,24.02616,SteamVR Tracker (Left Foot),-0.4735868,-0.007530689,0.5458177,-0.5729823,-0.05121545,0.01834235,0.8177602
1751960837744,24.02616,SteamVR Tracker (Waist),-0.5782146,0.7618147,1.227113,-0.4976212,0.4937238,0.5018187,0.5067425
1751960837769,24.05079,SteamVR Tracker (Right Foot),-0.3226341,0.06936121,0.4879481,-0.5141319,0.04895674,0.009383382,0.8562614
1751960837769,24.05079,SteamVR Tracker (Left Foot),-0.4734682,-0.007514954,0.5460215,-0.5730357,-0.05126582,0.01827542,0.8177212
1751960837769,24.05079,SteamVR Tracker (Waist),-0.5781609,0.7619368,1.227051,-0.4976891,0.4937226,0.5018123,0.5066833
1751960837793,24.07452,SteamVR Tracker (Right Foot),-0.3227864,0.06942677,0.4878595,-0.5141447,0.04904585,0.009359575,0.8562489
1751960837793,24.07452,SteamVR Tracker (Left Foot),-0.4737557,-0.007391691,0.5460581,-0.5730121,-0.05130222,0.01839217,0.8177329
1751960837793,24.07452,SteamVR Tracker (Waist),-0.5783417,0.762185,1.226792,-0.497854,0.4935368,0.5017503,0.5067636
1751960837815,24.09615,SteamVR Tracker (Right Foot),-0.3227008,0.06947803,0.4877967,-0.5141476,0.04896117,0.009331324,0.8562523
1751960837815,24.09615,SteamVR Tracker (Left Foot),-0.4737538,-0.007324457,0.54594,-0.5730671,-0.0512232,0.0185036,0.8176967
1751960837815,24.09615,SteamVR Tracker (Waist),-0.5784593,0.7624453,1.226936,-0.4977981,0.493471,0.5018466,0.5067875
1751960837840,24.121,SteamVR Tracker (Right Foot),-0.3226807,0.06943417,0.4876595,-0.5144149,0.04893084,0.00945391,0.8560921
1751960837841,24.121,SteamVR Tracker (Left Foot),-0.4736769,-0.00742197,0.5457726,-0.5730624,-0.05119582,0.01851953,0.8177014
1751960837841,24.121,SteamVR Tracker (Waist),-0.5782402,0.762167,1.226939,-0.4977369,0.4936617,0.5018401,0.5066682
1751960837861,24.14239,SteamVR Tracker (Right Foot),-0.3228104,0.06942964,0.4875368,-0.5143221,0.04897234,0.009275435,0.8561475
1751960837861,24.14239,SteamVR Tracker (Left Foot),-0.4737379,-0.007414103,0.5457366,-0.5731816,-0.05113927,0.01847656,0.8176224
1751960837861,24.14239,SteamVR Tracker (Waist),-0.578184,0.7619866,1.226842,-0.4977541,0.4937732,0.5018086,0.5065739
1751960837900,24.18156,SteamVR Tracker (Right Foot),-0.3225523,0.06925583,0.4878669,-0.5142367,0.04904898,0.009276677,0.8561944
1751960837901,24.18156,SteamVR Tracker (Left Foot),-0.473581,-0.007400751,0.5458714,-0.5731469,-0.05114282,0.01845552,0.8176469
1751960837901,24.18156,SteamVR Tracker (Waist),-0.5781248,0.761922,1.227021,-0.4976494,0.4937988,0.5018328,0.5066278
1751960837915,24.19934,SteamVR Tracker (Right Foot),-0.3225409,0.06941104,0.4878307,-0.5142327,0.04910816,0.009295574,0.8561932
1751960837916,24.19934,SteamVR Tracker (Left Foot),-0.4735614,-0.007445097,0.5458522,-0.5731055,-0.05102888,0.01851684,0.8176817
1751960837916,24.19934,SteamVR Tracker (Waist),-0.5781833,0.7621516,1.227015,-0.4975857,0.4938866,0.5017666,0.5066703
1751960837940,24.22138,SteamVR Tracker (Right Foot),-0.3225423,0.06934929,0.4877563,-0.5142076,0.04903015,0.009221015,0.8562135
1751960837940,24.22138,SteamVR Tracker (Left Foot),-0.4736163,-0.007542133,0.5456601,-0.5731381,-0.0510818,0.01848897,0.8176561
1751960837940,24.22138,SteamVR Tracker (Waist),-0.5782949,0.7622707,1.226858,-0.4977761,0.4938122,0.501693,0.5066288
1751960837972,24.2531,SteamVR Tracker (Right Foot),-0.3225884,0.06934166,0.4876049,-0.514315,0.04898392,0.009282283,0.856151
1751960837972,24.2531,SteamVR Tracker (Left Foot),-0.4735962,-0.007575512,0.5456238,-0.5731595,-0.05109707,0.01845652,0.8176409
1751960837972,24.2531,SteamVR Tracker (Waist),-0.5781456,0.7616481,1.226889,-0.4976805,0.4938906,0.5017523,0.5065876
1751960838007,24.28676,SteamVR Tracker (Right Foot),-0.3225823,0.06930327,0.4877254,-0.514333,0.04906285,0.009327333,0.8561352
1751960838007,24.28676,SteamVR Tracker (Left Foot),-0.4735884,-0.007288456,0.5458956,-0.5731361,-0.05097886,0.01853917,0.8176628
1751960838007,24.28676,SteamVR Tracker (Waist),-0.578186,0.761883,1.227,-0.4977638,0.4938044,0.5017162,0.5066253
1751960838038,24.3192,SteamVR Tracker (Right Foot),-0.322666,0.06930256,0.4876681,-0.5143754,0.04895325,0.00931918,0.8561161
1751960838038,24.3192,SteamVR Tracker (Left Foot),-0.4735712,-0.007403851,0.5458738,-0.5731686,-0.0508918,0.01858737,0.8176444
1751960838038,24.3192,SteamVR Tracker (Waist),-0.578199,0.7620134,1.226945,-0.4977073,0.4937549,0.5016615,0.5067832
1751960838100,24.37988,SteamVR Tracker (Right Foot),-0.3227082,0.06943297,0.4877513,-0.5143152,0.04893004,0.009180497,0.856155
1751960838100,24.37988,SteamVR Tracker (Left Foot),-0.4736389,-0.007388115,0.5458468,-0.5732802,-0.05084372,0.01857646,0.8175693
1751960838100,24.37988,SteamVR Tracker (Waist),-0.5781517,0.7618295,1.226975,-0.4976757,0.4938147,0.501638,0.5067793
1751960838114,24.39657,SteamVR Tracker (Right Foot),-0.322689,0.06957102,0.4878091,-0.5144245,0.04893031,0.00909949,0.8560902
1751960838115,24.39657,SteamVR Tracker (Left Foot),-0.4736259,-0.007419109,0.5458402,-0.57341,-0.05087708,0.01860457,0.8174756
1751960838115,24.39657,SteamVR Tracker (Waist),-0.5781571,0.7617766,1.226983,-0.4976715,0.4937881,0.5016488,0.5067987
1751960838152,24.43155,SteamVR Tracker (Right Foot),-0.3226187,0.06958675,0.4876669,-0.5145676,0.04885261,0.009169408,0.8560079
1751960838152,24.43155,SteamVR Tracker (Left Foot),-0.4736574,-0.007266521,0.5457413,-0.5733354,-0.0508603,0.01863796,0.8175282
1751960838152,24.43155,SteamVR Tracker (Waist),-0.5780835,0.7616014,1.227064,-0.4976274,0.4937813,0.5016305,0.5068667
1751960838181,24.46212,SteamVR Tracker (Right Foot),-0.3226529,0.06955433,0.487647,-0.5143223,0.0488647,0.009086396,0.8561556
1751960838181,24.46212,SteamVR Tracker (Left Foot),-0.4737673,-0.007365942,0.5457001,-0.573292,-0.05081939,0.01862991,0.8175613
1751960838181,24.46212,SteamVR Tracker (Waist),-0.5779705,0.7612134,1.226931,-0.497685,0.4937203,0.5016069,0.506893
1751960838216,24.49697,SteamVR Tracker (Right Foot),-0.3225918,0.06938052,0.487595,-0.5147255,0.048859,0.009060595,0.8559138
1751960838216,24.49697,SteamVR Tracker (Left Foot),-0.4736023,-0.007410526,0.5457347,-0.5735305,-0.05070538,0.01893291,0.8173943
1751960838216,24.49697,SteamVR Tracker (Waist),-0.577935,0.7610304,1.226891,-0.4976628,0.4937809,0.5015806,0.5068817
1751960838279,24.55881,SteamVR Tracker (Right Foot),-0.3225185,0.06927323,0.4874956,-0.5150022,0.04866045,0.009212832,0.855757
1751960838279,24.55881,SteamVR Tracker (Left Foot),-0.4736901,-0.007409573,0.5456408,-0.5738729,-0.05059319,0.01896897,0.81716
1751960838279,24.55881,SteamVR Tracker (Waist),-0.5779463,0.761206,1.227021,-0.4976718,0.4935792,0.5015863,0.5070637
1751960838292,24.57388,SteamVR Tracker (Right Foot),-0.322493,0.0692699,0.4875875,-0.5152785,0.0485301,0.009380509,0.8555963
1751960838292,24.57388,SteamVR Tracker (Left Foot),-0.4735982,-0.007406473,0.5456652,-0.574333,-0.05038431,0.01908964,0.8168468
1751960838292,24.57388,SteamVR Tracker (Waist),-0.5778896,0.7610532,1.227049,-0.4976319,0.4934991,0.5016543,0.5071135
1751960838323,24.60441,SteamVR Tracker (Right Foot),-0.3225694,0.06947708,0.4875959,-0.5158635,0.04840859,0.009645388,0.8552476
1751960838323,24.60441,SteamVR Tracker (Left Foot),-0.4735123,-0.007373095,0.5455262,-0.5747287,-0.05028684,0.01918545,0.8165722
1751960838323,24.60441,SteamVR Tracker (Waist),-0.5780315,0.7611324,1.227098,-0.4975927,0.4936729,0.5016354,0.5070015
1751960838360,24.64121,SteamVR Tracker (Right Foot),-0.322753,0.06967926,0.4875606,-0.5163301,0.04806919,0.01023463,0.8549783
1751960838360,24.64121,SteamVR Tracker (Left Foot),-0.4737091,-0.007208347,0.5454656,-0.5752009,-0.04995044,0.01936942,0.816256
1751960838360,24.64121,SteamVR Tracker (Waist),-0.5780494,0.761544,1.226962,-0.4976926,0.4936413,0.5015945,0.5069748
1751960838392,24.6741,SteamVR Tracker (Right Foot),-0.3228276,0.0696249,0.487425,-0.5171773,0.0480105,0.01075641,0.854463
1751960838392,24.6741,SteamVR Tracker (Left Foot),-0.4739464,-0.00716567,0.5452836,-0.5757841,-0.04984153,0.01974619,0.8158423
1751960838392,24.6741,SteamVR Tracker (Waist),-0.5781549,0.7617664,1.22693,-0.4976526,0.4937004,0.5016136,0.5069375
1751960838437,24.71827,SteamVR Tracker (Right Foot),-0.3229055,0.06965542,0.4873402,-0.5174543,0.04771158,0.01090732,0.8543101
1751960838437,24.71827,SteamVR Tracker (Left Foot),-0.4739705,-0.00696826,0.5452331,-0.5765483,-0.04965367,0.01985268,0.8153113
1751960838439,24.71827,SteamVR Tracker (Waist),-0.5781975,0.7618737,1.226856,-0.4976748,0.4936864,0.5016118,0.5069311
1751960838456,24.73839,SteamVR Tracker (Right Foot),-0.3228354,0.06957793,0.4872072,-0.5178995,0.04748715,0.01098292,0.8540518
1751960838456,24.73839,SteamVR Tracker (Left Foot),-0.4741169,-0.007050514,0.5450241,-0.5773481,-0.049624,0.02004532,0.8147422
1751960838457,24.73839,SteamVR Tracker (Waist),-0.57813,0.7618604,1.226943,-0.4975919,0.4936856,0.5016006,0.5070245
1751960838488,24.76918,SteamVR Tracker (Right Foot),-0.3227133,0.06969428,0.487089,-0.5180911,0.04764599,0.010745,0.8539298
1751960838488,24.76918,SteamVR Tracker (Left Foot),-0.4740606,-0.006897688,0.5450291,-0.5779397,-0.04937815,0.0202536,0.8143325
1751960838488,24.76918,SteamVR Tracker (Waist),-0.5782231,0.7619185,1.227028,-0.4976545,0.493621,0.5016838,0.5069435
1751960838517,24.79925,SteamVR Tracker (Right Foot),-0.3226706,0.06968451,0.4869649,-0.5185916,0.04757487,0.01069814,0.8536304
1751960838517,24.79925,SteamVR Tracker (Left Foot),-0.4740969,-0.006994486,0.544781,-0.5784432,-0.04930717,0.02059276,0.8139706
1751960838517,24.79925,SteamVR Tracker (Waist),-0.5782652,0.7621816,1.227026,-0.4976055,0.493704,0.5018029,0.5067929
1751960838547,24.82794,SteamVR Tracker (Right Foot),-0.3225327,0.06979728,0.4869077,-0.5190281,0.0474685,0.01044549,0.8533741
1751960838547,24.82794,SteamVR Tracker (Left Foot),-0.4741301,-0.00692153,0.5447456,-0.579036,-0.04924465,0.02088055,0.8135455
1751960838547,24.82794,SteamVR Tracker (Waist),-0.5781302,0.7619773,1.227062,-0.497552,0.4938018,0.5017095,0.5068427
1751960838589,24.87123,SteamVR Tracker (Right Foot),-0.3224858,0.06984878,0.4869393,-0.5193694,0.04749969,0.01054374,0.8531635
1751960838589,24.87123,SteamVR Tracker (Left Foot),-0.4742405,-0.006844282,0.5446967,-0.5788711,-0.04929148,0.02126317,0.8136501
1751960838589,24.87123,SteamVR Tracker (Waist),-0.5781373,0.761692,1.226947,-0.4975985,0.4938554,0.5016384,0.5068153
1751960838603,24.88418,SteamVR Tracker (Right Foot),-0.3226722,0.06976247,0.4868092,-0.5197765,0.04761155,0.01058134,0.8529089
1751960838603,24.88418,SteamVR Tracker (Left Foot),-0.4743555,-0.006688833,0.5445175,-0.5789688,-0.0491012,0.02138328,0.813589
1751960838603,24.88418,SteamVR Tracker (Waist),-0.5781015,0.7613865,1.226884,-0.4976699,0.4937928,0.5016657,0.506779
1751960838632,24.91483,SteamVR Tracker (Right Foot),-0.3225435,0.06983972,0.4867445,-0.5195474,0.04797277,0.0103507,0.853031
1751960838632,24.91483,SteamVR Tracker (Left Foot),-0.4742823,-0.00666666,0.5445593,-0.57912,-0.04928686,0.02136672,0.8134705
1751960838632,24.91483,SteamVR Tracker (Waist),-0.5779028,0.7610542,1.226919,-0.497657,0.4939004,0.5016906,0.5066622
1751960838661,24.9425,SteamVR Tracker (Right Foot),-0.322424,0.07000852,0.4867244,-0.5199176,0.04795837,0.01046335,0.8528049
1751960838662,24.9425,SteamVR Tracker (Left Foot),-0.4743273,-0.006647587,0.5446923,-0.5794392,-0.04932249,0.02136114,0.8132412
1751960838662,24.9425,SteamVR Tracker (Waist),-0.577988,0.7610621,1.227018,-0.4975485,0.493992,0.5016336,0.5067358
1751960838688,24.96959,SteamVR Tracker (Right Foot),-0.3225288,0.07008529,0.4867573,-0.5198728,0.04822294,0.01004041,0.8528224
1751960838688,24.96959,SteamVR Tracker (Left Foot),-0.4744364,-0.006579638,0.5445548,-0.5793872,-0.04930321,0.02151489,0.8132753
1751960838688,24.96959,SteamVR Tracker (Waist),-0.5779973,0.7609887,1.227019,-0.4975739,0.4938669,0.5017211,0.5067461
1751960838717,24.99644,SteamVR Tracker (Right Foot),-0.3222538,0.07016993,0.4866903,-0.519827,0.04827602,0.009546814,0.8528529
1751960838717,24.99644,SteamVR Tracker (Left Foot),-0.4743704,-0.006532192,0.5445723,-0.5794002,-0.04937665,0.02155345,0.8132606
1751960838717,24.99644,SteamVR Tracker (Waist),-0.5781188,0.7615554,1.227038,-0.4975582,0.4938498,0.5017813,0.5067186
1751960838758,25.0393,SteamVR Tracker (Right Foot),-0.3221218,0.07014465,0.4865627,-0.5197438,0.04840463,0.009145118,0.8529009
1751960838758,25.0393,SteamVR Tracker (Left Foot),-0.4743098,-0.006464481,0.5444457,-0.5800306,-0.04938681,0.02164308,0.8128082
1751960838758,25.0393,SteamVR Tracker (Waist),-0.5780524,0.761297,1.227036,-0.4975552,0.4938623,0.5017467,0.5067436
1751960838768,25.05072,SteamVR Tracker (Right Foot),-0.3220478,0.07013297,0.4865487,-0.5196909,0.04873176,0.008801169,0.852918
1751960838768,25.05072,SteamVR Tracker (Left Foot),-0.4742818,-0.006430626,0.5444365,-0.5804473,-0.04949024,0.02173072,0.812502
1751960838768,25.05072,SteamVR Tracker (Waist),-0.5780599,0.7612567,1.227053,-0.4975257,0.4938916,0.501722,0.5067686
1751960838803,25.08441,SteamVR Tracker (Right Foot),-0.3220946,0.07033205,0.4865306,-0.5200551,0.04858322,0.008739596,0.8527051
1751960838803,25.08441,SteamVR Tracker (Left Foot),-0.4743854,-0.006437778,0.5443187,-0.580284,-0.04962296,0.02191381,0.8126056
1751960838803,25.08441,SteamVR Tracker (Waist),-0.5779427,0.7612065,1.227,-0.49764,0.4938634,0.5016317,0.5067732
1751960838835,25.11694,SteamVR Tracker (Right Foot),-0.321945,0.07029223,0.4865261,-0.5199979,0.04866939,0.008255241,0.8527399
1751960838835,25.11694,SteamVR Tracker (Left Foot),-0.4744519,-0.006310463,0.5443649,-0.5801466,-0.04946838,0.02202179,0.8127102
1751960838835,25.11694,SteamVR Tracker (Waist),-0.5779942,0.7612191,1.227102,-0.4976137,0.4938418,0.5016767,0.5067755
1751960838870,25.15035,SteamVR Tracker (Right Foot),-0.3219829,0.07032132,0.4863561,-0.5201126,0.04866511,0.008082205,0.8526719
1751960838870,25.15035,SteamVR Tracker (Left Foot),-0.4745456,-0.006203413,0.5442222,-0.5809871,-0.04945843,0.02194133,0.8121123
1751960838870,25.15035,SteamVR Tracker (Waist),-0.5780789,0.7613583,1.227026,-0.4976175,0.4939034,0.5015815,0.5068061
1751960838924,25.20406,SteamVR Tracker (Right Foot),-0.3220152,0.07028198,0.4863967,-0.5204886,0.04868715,0.007957021,0.8524423
1751960838925,25.20406,SteamVR Tracker (Left Foot),-0.4744517,-0.006268024,0.5441019,-0.5814753,-0.04948455,0.0217928,0.8117653
1751960838925,25.20406,SteamVR Tracker (Waist),-0.5782478,0.7618202,1.226937,-0.497705,0.4937983,0.501646,0.5067585
1751960838938,25.22091,SteamVR Tracker (Right Foot),-0.3218962,0.07043266,0.4863344,-0.5207138,0.0487432,0.007922892,0.8523019
1751960838939,25.22091,SteamVR Tracker (Left Foot),-0.474374,-0.006212711,0.5439454,-0.582107,-0.04949255,0.02177534,0.8113124
1751960838939,25.22091,SteamVR Tracker (Waist),-0.5782093,0.7619219,1.226989,-0.497646,0.4937717,0.5016743,0.5068145
1751960838972,25.2533,SteamVR Tracker (Right Foot),-0.3218713,0.07046342,0.4862767,-0.520999,0.04879084,0.007892403,0.8521252
1751960838972,25.2533,SteamVR Tracker (Left Foot),-0.4742956,-0.006174088,0.5439287,-0.5822456,-0.04938535,0.02160499,0.811224
1751960838972,25.2533,SteamVR Tracker (Waist),-0.5783857,0.7626002,1.22697,-0.4975796,0.4938607,0.5016866,0.5067808
1751960839007,25.28841,SteamVR Tracker (Right Foot),-0.3218168,0.0703299,0.4864331,-0.5207932,0.04871646,0.007919397,0.852255
1751960839007,25.28841,SteamVR Tracker (Left Foot),-0.474351,-0.006159782,0.5439307,-0.5824085,-0.04926324,0.02158538,0.811115
1751960839008,25.28841,SteamVR Tracker (Waist),-0.5783108,0.7625222,1.226963,-0.4974845,0.4939178,0.5017437,0.5067619
1751960839041,25.32122,SteamVR Tracker (Right Foot),-0.3220874,0.07025886,0.4861117,-0.520877,0.04870608,0.007976664,0.8522038
1751960839041,25.32122,SteamVR Tracker (Left Foot),-0.4745684,-0.006115437,0.5436236,-0.5826975,-0.04902704,0.02152644,0.8109233
1751960839042,25.32122,SteamVR Tracker (Waist),-0.5782586,0.761921,1.226795,-0.4975455,0.4938733,0.5017896,0.5067001
1751960839095,25.37522,SteamVR Tracker (Right Foot),-0.3217033,0.07031703,0.4863127,-0.5207014,0.04855117,0.007515062,0.8523241
1751960839095,25.37522,SteamVR Tracker (Left Foot),-0.4742437,-0.00609827,0.5439294,-0.5825464,-0.0489494,0.02146768,0.8110381
1751960839095,25.37522,SteamVR Tracker (Waist),-0.5780089,0.7615495,1.227083,-0.4974529,0.4938367,0.5017482,0.5068676
1751960839110,25.39213,SteamVR Tracker (Right Foot),-0.3215671,0.07020879,0.4863682,-0.5197851,0.0484218,0.007127213,0.8528939
1751960839110,25.39213,SteamVR Tracker (Left Foot),-0.4741824,-0.006078005,0.543981,-0.582494,-0.04885813,0.02138261,0.8110835
1751960839110,25.39213,SteamVR Tracker (Waist),-0.5779308,0.7614261,1.227036,-0.4974851,0.4937465,0.5018008,0.5068718
1751960839146,25.42614,SteamVR Tracker (Right Foot),-0.32173,0.07025051,0.4864643,-0.5188681,0.04881076,0.006122962,0.8534377
1751960839146,25.42614,SteamVR Tracker (Left Foot),-0.4744214,-0.006034851,0.5438631,-0.5825574,-0.04887261,0.02140238,0.8110365
1751960839146,25.42614,SteamVR Tracker (Waist),-0.5779206,0.7610807,1.226798,-0.4975524,0.4938733,0.5017592,0.5067235
1751960839177,25.4588,SteamVR Tracker (Right Foot),-0.3214076,0.0703156,0.4865441,-0.5185831,0.04860134,0.005307266,0.8536284
1751960839177,25.4588,SteamVR Tracker (Left Foot),-0.4742293,-0.006142616,0.5439526,-0.582466,-0.04865269,0.02104653,0.8111247
1751960839177,25.4588,SteamVR Tracker (Waist),-0.578096,0.7612424,1.227063,-0.4974846,0.4937757,0.5017502,0.5068939
1751960839215,25.49472,SteamVR Tracker (Right Foot),-0.3213382,0.07027721,0.4865928,-0.5181481,0.04859677,0.005081931,0.8538941
1751960839215,25.49472,SteamVR Tracker (Left Foot),-0.4740162,-0.006182432,0.5440921,-0.5821629,-0.04869552,0.0201925,0.8113614
1751960839215,25.49472,SteamVR Tracker (Waist),-0.5780118,0.761235,1.227098,-0.4974931,0.4937854,0.5017803,0.5068464
1751960839266,25.54589,SteamVR Tracker (Right Foot),-0.3214632,0.07014251,0.4866409,-0.5180483,0.04880565,0.005246198,0.8539417
1751960839266,25.54589,SteamVR Tracker (Left Foot),-0.4739645,-0.006262302,0.5441479,-0.5821039,-0.04857969,0.01977703,0.8114209
1751960839266,25.54589,SteamVR Tracker (Waist),-0.5780553,0.7612623,1.22698,-0.497503,0.4938492,0.5017871,0.5067676
1751960839284,25.56352,SteamVR Tracker (Right Foot),-0.3213083,0.07006145,0.4866334,-0.5181274,0.04890779,0.005136318,0.8538886
1751960839284,25.56352,SteamVR Tracker (Left Foot),-0.4737106,-0.006305695,0.5441589,-0.5826253,-0.04859941,0.01910195,0.8110616
1751960839284,25.56352,SteamVR Tracker (Waist),-0.5781288,0.7614906,1.226995,-0.4975227,0.4937964,0.5017195,0.5068668
1751960839310,25.5919,SteamVR Tracker (Right Foot),-0.3212102,0.07013607,0.4865244,-0.51824,0.04885287,0.004997987,0.8538241
1751960839310,25.5919,SteamVR Tracker (Left Foot),-0.4737425,-0.006313086,0.5441472,-0.5826437,-0.04863849,0.0187729,0.8110538
1751960839310,25.5919,SteamVR Tracker (Waist),-0.5779964,0.7612784,1.227052,-0.4975782,0.4937299,0.5017735,0.5068236
1751960839347,25.62782,SteamVR Tracker (Right Foot),-0.3213207,0.07012153,0.4864113,-0.5184801,0.04894276,0.005198302,0.8536721
1751960839348,25.62782,SteamVR Tracker (Left Foot),-0.473961,-0.006270885,0.5440319,-0.5822036,-0.04868387,0.01891539,0.8113637
1751960839348,25.62782,SteamVR Tracker (Waist),-0.5780364,0.7613895,1.226934,-0.4976092,0.4937845,0.5017402,0.5067728
1751960839366,25.64808,SteamVR Tracker (Right Foot),-0.3214047,0.07019997,0.4863957,-0.5183801,0.04886352,0.00547954,0.8537356
1751960839366,25.64808,SteamVR Tracker (Left Foot),-0.4738888,-0.006237984,0.5441971,-0.5817654,-0.04873147,0.01880095,0.8116778
1751960839366,25.64808,SteamVR Tracker (Waist),-0.5779656,0.7613636,1.22695,-0.4975351,0.493818,0.5017272,0.5068259
1751960839425,25.70457,SteamVR Tracker (Right Foot),-0.3213243,0.07054043,0.4863862,-0.5190201,0.04920502,0.005529162,0.8533267
1751960839425,25.70457,SteamVR Tracker (Left Foot),-0.4737634,-0.006138563,0.544359,-0.582305,-0.04890554,0.01866824,0.8112833
1751960839425,25.70457,SteamVR Tracker (Waist),-0.5779647,0.7612333,1.226979,-0.4976456,0.4937295,0.5017009,0.5068297
1751960839448,25.72962,SteamVR Tracker (Right Foot),-0.3209787,0.07126784,0.4861206,-0.5205873,0.05156602,0.004548158,0.8522378
1751960839448,25.72962,SteamVR Tracker (Left Foot),-0.473947,-0.00618124,0.5444402,-0.5820845,-0.04962945,0.01871797,0.8113964
1751960839448,25.72962,SteamVR Tracker (Waist),-0.5779502,0.7610569,1.226959,-0.4976596,0.4937232,0.5017071,0.5068159
1751960839482,25.7629,SteamVR Tracker (Right Foot),-0.319822,0.07218528,0.4858199,-0.5222179,0.05660409,0.005654824,0.8509127
1751960839482,25.7629,SteamVR Tracker (Left Foot),-0.473961,-0.006362438,0.5441861,-0.5828061,-0.05001188,0.01904627,0.8108472
1751960839482,25.7629,SteamVR Tracker (Waist),-0.5779788,0.7612234,1.227165,-0.4975201,0.4937427,0.5018316,0.5068106
1751960839515,25.79659,SteamVR Tracker (Right Foot),-0.3183611,0.07342815,0.4850854,-0.525631,0.06221794,0.008923999,0.8483875
1751960839516,25.79659,SteamVR Tracker (Left Foot),-0.4741095,-0.006618261,0.5444328,-0.5832658,-0.05001498,0.01824833,0.8105347
1751960839516,25.79659,SteamVR Tracker (Waist),-0.5780728,0.761559,1.227101,-0.497446,0.4937992,0.5017713,0.506888
1751960839551,25.83197,SteamVR Tracker (Right Foot),-0.3144964,0.07544136,0.4837881,-0.5311311,0.07399058,0.01539231,0.8439124
1751960839551,25.83197,SteamVR Tracker (Left Foot),-0.4739926,-0.006725788,0.5444812,-0.5831501,-0.04981571,0.01764396,0.8106437
1751960839552,25.83197,SteamVR Tracker (Waist),-0.5779446,0.7612212,1.226981,-0.4975038,0.4938802,0.5017113,0.5068118
1751960839606,25.88523,SteamVR Tracker (Right Foot),-0.26963,0.05834866,0.5135227,-0.5360125,0.1206127,0.06313892,0.8331606
1751960839606,25.88523,SteamVR Tracker (Left Foot),-0.4741867,-0.006683588,0.5443663,-0.5833802,-0.04919146,0.01779438,0.8105129
1751960839606,25.88523,SteamVR Tracker (Waist),-0.577981,0.7611241,1.227008,-0.497514,0.4938939,0.5017226,0.5067772
1751960839625,25.90777,SteamVR Tracker (Right Foot),-0.2473113,0.06239414,0.5061566,-0.5362231,0.1897543,0.121037,0.8135159
1751960839625,25.90777,SteamVR Tracker (Left Foot),-0.4740313,-0.006847382,0.5444911,-0.5837728,-0.04892967,0.01708009,0.8102614
1751960839625,25.90777,SteamVR Tracker (Waist),-0.5779092,0.7610354,1.226984,-0.4974391,0.4938665,0.5016767,0.5069229
1751960839657,25.93839,SteamVR Tracker (Right Foot),-0.2245311,0.06536388,0.4923033,-0.5293866,0.2656921,0.1747169,0.7865313
1751960839657,25.93839,SteamVR Tracker (Left Foot),-0.4738251,-0.006852388,0.5444593,-0.5838245,-0.04914674,0.01636447,0.8102258
1751960839657,25.93839,SteamVR Tracker (Waist),-0.5779507,0.7609549,1.226957,-0.4975344,0.4939583,0.5016042,0.5068116
1751960839693,25.97361,SteamVR Tracker (Right Foot),-0.2000801,0.06725287,0.4727286,-0.5095925,0.3414013,0.2265985,0.7565803
1751960839694,25.97361,SteamVR Tracker (Left Foot),-0.4735483,-0.006740093,0.5445057,-0.5841737,-0.04921436,0.01631246,0.809971
1751960839694,25.97361,SteamVR Tracker (Waist),-0.5780026,0.7612036,1.226977,-0.4975297,0.4938463,0.5016913,0.5068391
1751960839728,26.00701,SteamVR Tracker (Right Foot),-0.179617,0.06757665,0.4484888,-0.4876957,0.4099635,0.2645001,0.7239631
1751960839728,26.00701,SteamVR Tracker (Left Foot),-0.4733836,-0.006665945,0.5444307,-0.5844677,-0.04892284,0.01601856,0.8097824
1751960839728,26.00701,SteamVR Tracker (Waist),-0.5780014,0.7611464,1.226974,-0.4975118,0.4938595,0.501712,0.5068234
1751960839775,26.05384,SteamVR Tracker (Right Foot),-0.1680849,0.06917429,0.4243463,-0.4666927,0.4197551,0.3011374,0.7178578
1751960839775,26.05384,SteamVR Tracker (Left Foot),-0.4730964,-0.00652051,0.5443482,-0.584824,-0.04872963,0.01577247,0.8095416
1751960839775,26.05384,SteamVR Tracker (Waist),-0.578027,0.761295,1.227046,-0.4975237,0.4938432,0.5016652,0.5068739
1751960839793,26.07443,SteamVR Tracker (Right Foot),-0.1531818,0.07065439,0.3992659,-0.4503247,0.443787,0.3184255,0.7063045
1751960839793,26.07443,SteamVR Tracker (Left Foot),-0.4728841,-0.006509781,0.5442547,-0.5855016,-0.04858554,0.01548785,0.8090658
1751960839793,26.07443,SteamVR Tracker (Waist),-0.5779631,0.7614505,1.227082,-0.4975733,0.4936655,0.5017835,0.5068812
1751960839831,26.11078,SteamVR Tracker (Right Foot),-0.1423497,0.07205558,0.3723662,-0.4402256,0.4599464,0.3329921,0.6955336
1751960839831,26.11078,SteamVR Tracker (Left Foot),-0.4728292,-0.006700516,0.5443369,-0.5844602,-0.04830537,0.01486236,0.8098469
1751960839833,26.11078,SteamVR Tracker (Waist),-0.5780252,0.7616625,1.227095,-0.4975535,0.49369,0.5017272,0.5069325
1751960839863,26.14334,SteamVR Tracker (Right Foot),-0.1317597,0.07325387,0.3459726,-0.4199,0.4688312,0.3550177,0.6912625
1751960839864,26.14334,SteamVR Tracker (Left Foot),-0.4726951,-0.006688118,0.5443094,-0.5848404,-0.04828645,0.01452485,0.8095797
1751960839864,26.14334,SteamVR Tracker (Waist),-0.5783106,0.7619604,1.22691,-0.4976039,0.4937977,0.5017999,0.5067061
1751960839897,26.17767,SteamVR Tracker (Right Foot),-0.1218153,0.07499957,0.3205294,-0.4045556,0.47485,0.3760655,0.6851475
1751960839897,26.17767,SteamVR Tracker (Left Foot),-0.4724902,-0.006740808,0.5442637,-0.5849428,-0.04812589,0.01412315,0.8095223
1751960839897,26.17767,SteamVR Tracker (Waist),-0.5781572,0.7619112,1.22701,-0.4975913,0.4937972,0.5017762,0.5067424
1751960839954,26.23377,SteamVR Tracker (Right Foot),-0.1144038,0.07666993,0.2966946,-0.3988024,0.4841379,0.3890862,0.6746697
1751960839954,26.23377,SteamVR Tracker (Left Foot),-0.4723121,-0.006778479,0.5442681,-0.5844153,-0.04828129,0.01341068,0.8099061
1751960839955,26.23377,SteamVR Tracker (Waist),-0.5781363,0.7618136,1.226907,-0.4975885,0.4937387,0.5017022,0.5068755
1751960839973,26.25439,SteamVR Tracker (Right Foot),-0.1024008,0.07888222,0.2610516,-0.3816608,0.4961267,0.4125782,0.6617951
1751960839973,26.25439,SteamVR Tracker (Left Foot),-0.4718594,-0.006760359,0.5444461,-0.5843987,-0.04842624,0.0125538,0.8099231
1751960839973,26.25439,SteamVR Tracker (Waist),-0.5781281,0.7618133,1.226826,-0.4977001,0.4936752,0.5017449,0.5067855
1751960840009,26.28851,SteamVR Tracker (Right Foot),-0.09999898,0.07864738,0.2479815,-0.3775696,0.5048843,0.4209703,0.6521633
1751960840009,26.28851,SteamVR Tracker (Left Foot),-0.4717585,-0.006791592,0.5446132,-0.5842747,-0.04862225,0.0120538,0.8100085
1751960840009,26.28851,SteamVR Tracker (Waist),-0.5780715,0.7615545,1.227139,-0.4975878,0.4937456,0.5017512,0.5068209
1751960840045,26.32421,SteamVR Tracker (Right Foot),-0.09892556,0.07682467,0.2321663,-0.3661742,0.5208514,0.4303754,0.6398495
1751960840045,26.32421,SteamVR Tracker (Left Foot),-0.4716468,-0.006796122,0.5445452,-0.5842927,-0.0483903,0.01131981,0.8100199
1751960840045,26.32421,SteamVR Tracker (Waist),-0.577968,0.7611134,1.226886,-0.4976107,0.493848,0.5017086,0.5067409
1751960840073,26.35543,SteamVR Tracker (Right Foot),-0.1009203,0.07364655,0.2220907,-0.359288,0.5420955,0.4341258,0.6233613
1751960840074,26.35543,SteamVR Tracker (Left Foot),-0.4714079,-0.006722212,0.5445688,-0.5844558,-0.04843126,0.01094944,0.8099049
1751960840074,26.35543,SteamVR Tracker (Waist),-0.5779471,0.761122,1.227025,-0.4977134,0.4938016,0.5016657,0.5067276
1751960840135,26.4138,SteamVR Tracker (Right Foot),-0.1046444,0.06829762,0.2241136,-0.3550895,0.5553618,0.4346372,0.6136573
1751960840135,26.4138,SteamVR Tracker (Left Foot),-0.4712669,-0.00665617,0.5446435,-0.5847055,-0.04791977,0.01045839,0.8097615
1751960840135,26.4138,SteamVR Tracker (Waist),-0.577988,0.7612334,1.227101,-0.4977116,0.4937889,0.5016046,0.5068023
1751960840165,26.44379,SteamVR Tracker (Right Foot),-0.1043597,0.06048679,0.2266808,-0.3384815,0.5484126,0.4424091,0.6236572
1751960840165,26.44379,SteamVR Tracker (Left Foot),-0.4708181,-0.00658679,0.5446619,-0.5848999,-0.04770016,0.009544247,0.8096454
1751960840165,26.44379,SteamVR Tracker (Waist),-0.5780557,0.7610652,1.227068,-0.4976523,0.4938149,0.501609,0.5068308
1751960840192,26.47289,SteamVR Tracker (Right Foot),-0.09908691,0.05363941,0.2311923,-0.3443159,0.5450891,0.4070788,0.6470018
1751960840192,26.47289,SteamVR Tracker (Left Foot),-0.4705227,-0.006477594,0.5445145,-0.585262,-0.04698125,0.008566231,0.8094367
1751960840192,26.47289,SteamVR Tracker (Waist),-0.5781692,0.7615105,1.226977,-0.4975884,0.4938165,0.5016825,0.5068195
1751960840227,26.50661,SteamVR Tracker (Right Foot),-0.09886022,0.05103993,0.2311251,-0.3414275,0.5464482,0.3947043,0.6550039
1751960840227,26.50661,SteamVR Tracker (Left Foot),-0.470245,-0.006196499,0.5445746,-0.5853465,-0.04615761,0.007078053,0.8094374
1751960840227,26.50661,SteamVR Tracker (Waist),-0.5781274,0.7614406,1.226879,-0.4976679,0.4938802,0.5016128,0.5067479
1751960840290,26.56808,SteamVR Tracker (Right Foot),-0.09906009,0.0560801,0.2281888,-0.3584791,0.5582198,0.4033176,0.6302526
1751960840290,26.56808,SteamVR Tracker (Left Foot),-0.4703096,-0.006277323,0.5445228,-0.584873,-0.04625215,0.007318366,0.8097721
1751960840290,26.56808,SteamVR Tracker (Waist),-0.5781834,0.761942,1.226997,-0.4976985,0.4937789,0.5016423,0.5067877
1751960840338,26.6176,SteamVR Tracker (Right Foot),-0.09727949,0.05250716,0.2257224,-0.3709441,0.5713509,0.3859704,0.6220815
1751960840338,26.6176,SteamVR Tracker (Left Foot),-0.468934,-0.005368948,0.5441969,-0.5877918,-0.04076328,-0.0004968367,0.8079845
1751960840338,26.6176,SteamVR Tracker (Waist),-0.5780184,0.7614419,1.226947,-0.497723,0.4937777,0.5015543,0.5068517
1751960840364,26.64417,SteamVR Tracker (Right Foot),-0.09651276,0.05084991,0.223453,-0.3772697,0.5784806,0.3747187,0.6185578
1751960840364,26.64417,SteamVR Tracker (Left Foot),-0.4681706,-0.004767895,0.544067,-0.5883664,-0.03743972,-0.004403157,0.8077153
1751960840364,26.64417,SteamVR Tracker (Waist),-0.5779613,0.76117,1.22686,-0.4977246,0.4937468,0.5015653,0.5068695
1751960840404,26.68392,SteamVR Tracker (Right Foot),-0.09594056,0.04977965,0.2213188,-0.384673,0.5831682,0.3659796,0.6148175
1751960840405,26.68392,SteamVR Tracker (Left Foot),-0.4667329,-0.003435373,0.5435625,-0.5911901,-0.02940495,-0.01270574,0.8058959
1751960840405,26.68392,SteamVR Tracker (Waist),-0.5780489,0.7611715,1.227,-0.4976425,0.4937885,0.5016623,0.5068134
1751960840466,26.74413,SteamVR Tracker (Right Foot),-0.09550345,0.04918003,0.2227724,-0.3771609,0.5793167,0.3694887,0.6209831
1751960840466,26.74413,SteamVR Tracker (Left Foot),-0.461213,9.560585E-05,0.5418547,-0.5965182,-0.003721497,-0.03828592,0.8016773
1751960840466,26.74413,SteamVR Tracker (Waist),-0.5779761,0.7614206,1.227034,-0.4976313,0.4938108,0.5015758,0.5068884
1751960840476,26.75916,SteamVR Tracker (Right Foot),-0.09504223,0.04803753,0.2233804,-0.3755659,0.5783073,0.3699315,0.6226249
1751960840477,26.75916,SteamVR Tracker (Left Foot),-0.4539159,0.003655672,0.5402058,-0.6020459,0.02725319,-0.05881981,0.7958256
1751960840477,26.75916,SteamVR Tracker (Waist),-0.5780331,0.7614663,1.22708,-0.4976057,0.4938045,0.5016977,0.5067989
1751960840509,26.78868,SteamVR Tracker (Right Foot),-0.09504531,0.04861045,0.2230663,-0.3758041,0.5775868,0.3722673,0.6217571
1751960840509,26.78868,SteamVR Tracker (Left Foot),-0.4369889,0.006487846,0.53975,-0.6057616,0.08099389,-0.04495656,0.7902353
1751960840509,26.78868,SteamVR Tracker (Waist),-0.5779583,0.7612237,1.226956,-0.4975812,0.4938489,0.5016704,0.5068067
1751960840543,26.82191,SteamVR Tracker (Right Foot),-0.0952608,0.04885674,0.2244431,-0.3719549,0.574883,0.3776238,0.6233453
1751960840543,26.82191,SteamVR Tracker (Left Foot),-0.4033118,0.007978201,0.5401654,-0.6086116,0.1647605,0.02135616,0.7758801
1751960840543,26.82191,SteamVR Tracker (Waist),-0.5778911,0.7610556,1.227035,-0.4976167,0.4938152,0.5017124,0.5067632
1751960840589,26.8696,SteamVR Tracker (Right Foot),-0.09612052,0.04885244,0.2256401,-0.3681363,0.5720602,0.3831561,0.6248314
1751960840589,26.8696,SteamVR Tracker (Left Foot),-0.3529269,0.008885622,0.5285839,-0.5919465,0.2915191,0.1160425,0.7423949
1751960840589,26.8696,SteamVR Tracker (Waist),-0.5778506,0.760722,1.227052,-0.4975947,0.4939807,0.5016068,0.5067279
1751960840650,26.92939,SteamVR Tracker (Right Foot),-0.0964658,0.0494709,0.2266021,-0.3614248,0.5671657,0.3911501,0.6282491
1751960840650,26.92939,SteamVR Tracker (Left Foot),-0.3121008,0.005594254,0.5036653,-0.5569944,0.3018758,0.2168312,0.7427062
1751960840650,26.92939,SteamVR Tracker (Waist),-0.5779732,0.7610127,1.226999,-0.4976198,0.493876,0.5017146,0.5066986
1751960840676,26.95716,SteamVR Tracker (Right Foot),-0.09674066,0.04978395,0.2274953,-0.3575609,0.5650477,0.3950846,0.6299044
1751960840676,26.95716,SteamVR Tracker (Left Foot),-0.2707471,0.005448103,0.4840391,-0.5129369,0.3637168,0.2625808,0.7318861
1751960840676,26.95716,SteamVR Tracker (Waist),-0.5780056,0.7611469,1.22694,-0.4975918,0.493876,0.5016487,0.5067915
1751960840723,27.00073,SteamVR Tracker (Right Foot),-0.09685409,0.05024099,0.2282694,-0.3546656,0.5635544,0.3982049,0.6309134
1751960840723,27.00073,SteamVR Tracker (Left Foot),-0.2360353,0.007986307,0.4733391,-0.5009345,0.3611313,0.289505,0.7313246
1751960840723,27.00073,SteamVR Tracker (Waist),-0.5779444,0.7611787,1.22696,-0.4976304,0.4938024,0.5016974,0.506777
1751960840770,27.05124,SteamVR Tracker (Right Foot),-0.09680878,0.05041599,0.2280939,-0.3535585,0.5616733,0.4011844,0.6313246
1751960840770,27.05124,SteamVR Tracker (Left Foot),-0.185845,0.01006746,0.4586834,-0.4881688,0.3628832,0.330667,0.7215722
1751960840771,27.05124,SteamVR Tracker (Waist),-0.5780745,0.7615073,1.227089,-0.4976347,0.4937046,0.5017213,0.5068445
1751960840831,27.11174,SteamVR Tracker (Right Foot),-0.09733076,0.05044246,0.2283137,-0.3524214,0.5606571,0.4035647,0.6313465
1751960840831,27.11174,SteamVR Tracker (Left Foot),-0.1392853,0.01472807,0.4482359,-0.4826703,0.3870601,0.3713689,0.6923143
1751960840831,27.11174,SteamVR Tracker (Waist),-0.5779576,0.7611345,1.226923,-0.4976371,0.4937478,0.5016089,0.5069112
1751960840856,27.137,SteamVR Tracker (Right Foot),-0.09751424,0.05043721,0.2285014,-0.3520083,0.5599209,0.4047922,0.6314443
1751960840856,27.137,SteamVR Tracker (Left Foot),-0.09367433,0.01845431,0.43757,-0.4700739,0.4108783,0.4097183,0.6650868
1751960840856,27.137,SteamVR Tracker (Waist),-0.5781742,0.7614738,1.226916,-0.4975949,0.4937395,0.5016713,0.5068989
1751960840892,27.17067,SteamVR Tracker (Right Foot),-0.09727064,0.05045176,0.2285461,-0.351357,0.559276,0.4053922,0.6319935
1751960840892,27.17067,SteamVR Tracker (Left Foot),-0.06548893,0.02111912,0.4317794,-0.4620533,0.4302206,0.4324486,0.6437432
1751960840893,27.17067,SteamVR Tracker (Waist),-0.5780784,0.7614013,1.226968,-0.4974968,0.4939488,0.501619,0.5068431
1751960840931,27.21165,SteamVR Tracker (Right Foot),-0.09788668,0.05084229,0.2285965,-0.3490928,0.5574163,0.4099645,0.6319419
1751960840931,27.21165,SteamVR Tracker (Left Foot),-0.03886031,0.02407336,0.4281773,-0.4510774,0.4489111,0.4531723,0.6242138
1751960840931,27.21165,SteamVR Tracker (Waist),-0.5781752,0.7616726,1.227024,-0.4975266,0.4938692,0.5017106,0.5068008
1751960840982,27.26198,SteamVR Tracker (Right Foot),-0.09743679,0.05049706,0.2278866,-0.3504772,0.5601197,0.4063645,0.6311098
1751960840983,27.26198,SteamVR Tracker (Left Foot),-0.0286437,0.01954556,0.4280383,-0.4404859,0.4733051,0.4428449,0.6211626
1751960840983,27.26198,SteamVR Tracker (Waist),-0.5781417,0.7616303,1.227054,-0.4975272,0.4938905,0.5016788,0.5068109
1751960841005,27.28712,SteamVR Tracker (Right Foot),-0.09721237,0.05025959,0.226667,-0.3535508,0.563935,0.4027695,0.628296
1751960841005,27.28712,SteamVR Tracker (Left Foot),-0.02131349,0.01059604,0.4235581,-0.4218441,0.4827162,0.446256,0.6244103
1751960841005,27.28712,SteamVR Tracker (Waist),-0.5782427,0.7619075,1.226999,-0.4974065,0.4939668,0.5017323,0.506802
1751960841035,27.31733,SteamVR Tracker (Right Foot),-0.09697855,0.05019808,0.2257212,-0.3577746,0.5678912,0.3967423,0.6261729
1751960841035,27.31733,SteamVR Tracker (Left Foot),-0.03146739,0.006814718,0.4253238,-0.4342804,0.4739329,0.4374399,0.6288359
1751960841035,27.31733,SteamVR Tracker (Waist),-0.5780371,0.7615802,1.226704,-0.4976105,0.4939109,0.5015885,0.5067986
1751960841070,27.35064,SteamVR Tracker (Right Foot),-0.09665571,0.05024672,0.2252523,-0.3590583,0.569781,0.3942091,0.6253207
1751960841070,27.35064,SteamVR Tracker (Left Foot),-0.02832402,0.002016783,0.4279758,-0.4139189,0.4686286,0.4276035,0.6528505
1751960841071,27.35064,SteamVR Tracker (Waist),-0.5781593,0.7617059,1.226983,-0.4975597,0.493857,0.5016632,0.5068271
1751960841110,27.38995,SteamVR Tracker (Right Foot),-0.09597772,0.04959559,0.2237844,-0.3651042,0.5754443,0.384384,0.6227453
1751960841110,27.38995,SteamVR Tracker (Left Foot),-0.02722763,0.001268864,0.4235589,-0.4427713,0.5150305,0.3855656,0.6245288
1751960841110,27.38995,SteamVR Tracker (Waist),-0.5782787,0.7620871,1.226966,-0.497517,0.4937569,0.5017139,0.5069163
1751960841168,27.44726,SteamVR Tracker (Right Foot),-0.09476161,0.04885578,0.2205499,-0.3757216,0.5865943,0.366288,0.6169064
1751960841168,27.44726,SteamVR Tracker (Left Foot),-0.03100747,0.001966953,0.4255093,-0.4368766,0.4995158,0.4020513,0.6308545
1751960841168,27.44726,SteamVR Tracker (Waist),-0.5778178,0.7616171,1.226794,-0.4973322,0.4939861,0.5018391,0.5067505
1751960841183,27.4637,SteamVR Tracker (Right Foot),-0.09409612,0.04873753,0.218569,-0.3801322,0.5962476,0.3503366,0.6142089
1751960841183,27.4637,SteamVR Tracker (Left Foot),-0.0312029,0.001216888,0.4251673,-0.4408588,0.4976353,0.404109,0.6282504
1751960841183,27.4637,SteamVR Tracker (Waist),-0.5776802,0.7615476,1.226919,-0.4973937,0.494084,0.5018391,0.5065945
1751960841212,27.49353,SteamVR Tracker (Right Foot),-0.09321913,0.04940128,0.2186764,-0.3735745,0.5962405,0.3481616,0.6194537
1751960841212,27.49353,SteamVR Tracker (Left Foot),-0.03021857,0.0005698204,0.4256923,-0.4368596,0.4987342,0.4036385,0.6304712
1751960841212,27.49353,SteamVR Tracker (Waist),-0.5777415,0.7615726,1.227032,-0.4972636,0.49407,0.5018502,0.506725
1751960841247,27.52775,SteamVR Tracker (Right Foot),-0.09089234,0.05001116,0.2180145,-0.3646104,0.6021256,0.3401643,0.6235321
1751960841247,27.52775,SteamVR Tracker (Left Foot),-0.03043191,0.0006847382,0.4258144,-0.4379742,0.4984966,0.4052813,0.6288298
1751960841247,27.52775,SteamVR Tracker (Waist),-0.5777408,0.7619681,1.227023,-0.4973204,0.4940094,0.5019636,0.506616
1751960841282,27.56223,SteamVR Tracker (Right Foot),-0.08708555,0.05178618,0.217364,-0.3488345,0.6181014,0.326057,0.6244614
1751960841283,27.56223,SteamVR Tracker (Left Foot),-0.03028452,0.0006392002,0.425559,-0.4365329,0.501708,0.4009518,0.6300521
1751960841283,27.56223,SteamVR Tracker (Waist),-0.5776014,0.7618995,1.226922,-0.4973761,0.4940724,0.5018865,0.5065762
1751960841343,27.62144,SteamVR Tracker (Right Foot),-0.07156567,0.05780673,0.2126064,-0.3321616,0.6312395,0.3397677,0.6129953
1751960841343,27.62144,SteamVR Tracker (Left Foot),-0.02996507,0.0007243156,0.425366,-0.4376263,0.5005407,0.3996857,0.6310259
1751960841343,27.62144,SteamVR Tracker (Waist),-0.5777773,0.7619489,1.226792,-0.4975405,0.4939517,0.5019143,0.506505
1751960841357,27.63936,SteamVR Tracker (Right Foot),-0.04799697,0.06348658,0.2065926,-0.3302945,0.6361963,0.3554433,0.5998499
1751960841357,27.63936,SteamVR Tracker (Left Foot),-0.02977921,0.0005471706,0.425132,-0.4376602,0.5008072,0.3982191,0.6317179
1751960841357,27.63936,SteamVR Tracker (Waist),-0.5777987,0.7619578,1.226954,-0.4974576,0.4940391,0.5019084,0.5065069
1751960841391,27.67167,SteamVR Tracker (Right Foot),-0.01930594,0.06405807,0.1992978,-0.3330702,0.6304963,0.3740042,0.5930089
1751960841391,27.67167,SteamVR Tracker (Left Foot),-0.02123705,0.002216816,0.4277439,-0.4383042,0.5005187,0.3967467,0.6324259
1751960841391,27.67167,SteamVR Tracker (Waist),-0.5777442,0.7616198,1.227128,-0.4975633,0.4940208,0.5018682,0.5064608
1751960841428,27.70707,SteamVR Tracker (Right Foot),0.01262373,0.06451297,0.1899327,-0.3359026,0.623457,0.3959297,0.5845602
1751960841428,27.70707,SteamVR Tracker (Left Foot),-0.02100144,0.002258301,0.4278669,-0.4381756,0.4993399,0.3957902,0.6340442
1751960841429,27.70707,SteamVR Tracker (Waist),-0.5775709,0.7615749,1.227176,-0.4976585,0.4939068,0.5018377,0.5065088
1751960841456,27.73837,SteamVR Tracker (Right Foot),0.04848024,0.066571,0.1790859,-0.3428742,0.6186352,0.4175072,0.570452
1751960841456,27.73837,SteamVR Tracker (Left Foot),-0.02085407,0.001983643,0.4278422,-0.4387565,0.4988055,0.3952013,0.6344303
1751960841456,27.73837,SteamVR Tracker (Waist),-0.5775827,0.7615163,1.227065,-0.4976377,0.4939934,0.5018438,0.5064387
1751960841515,27.79428,SteamVR Tracker (Right Foot),0.08605984,0.06906605,0.1670237,-0.3459802,0.6108149,0.4357282,0.5633327
1751960841515,27.79428,SteamVR Tracker (Left Foot),-0.02076013,0.001528502,0.4277844,-0.4380818,0.4979947,0.3940986,0.6362169
1751960841515,27.79428,SteamVR Tracker (Waist),-0.5777683,0.7617064,1.226954,-0.497659,0.4939301,0.5018219,0.5065012
1751960841534,27.8157,SteamVR Tracker (Right Foot),0.136515,0.07547951,0.1489952,-0.3573001,0.602924,0.4645536,0.5413033
1751960841534,27.8157,SteamVR Tracker (Left Foot),-0.02052611,0.00113678,0.4274581,-0.4383529,0.497159,0.3928186,0.6374741
1751960841534,27.8157,SteamVR Tracker (Waist),-0.5777611,0.7618208,1.226877,-0.497736,0.4938323,0.5018259,0.5065168
1751960841566,27.84667,SteamVR Tracker (Right Foot),0.1641208,0.07868075,0.1373932,-0.3548779,0.6025641,0.4797849,0.5298913
1751960841566,27.84667,SteamVR Tracker (Left Foot),-0.02022636,0.001030684,0.4275519,-0.4386131,0.4965008,0.3929914,0.6377015
1751960841566,27.84667,SteamVR Tracker (Waist),-0.5778207,0.7619939,1.227123,-0.4976743,0.4938588,0.5018146,0.5065629
1751960841605,27.88305,SteamVR Tracker (Right Foot),0.191331,0.0837431,0.125028,-0.3449558,0.6044938,0.4981167,0.5171775
1751960841605,27.88305,SteamVR Tracker (Left Foot),-0.02010432,0.001025915,0.4275337,-0.4395793,0.4962537,0.3931822,0.6371107
1751960841605,27.88305,SteamVR Tracker (Waist),-0.5776229,0.7617888,1.227084,-0.4977947,0.4937402,0.5018613,0.506514
1751960841637,27.91816,SteamVR Tracker (Right Foot),0.21118,0.09124851,0.1121703,-0.3537405,0.6079237,0.5184992,0.4862664
1751960841638,27.91816,SteamVR Tracker (Left Foot),-0.02019183,0.000762701,0.4278069,-0.439926,0.49562,0.3929207,0.637526
1751960841638,27.91816,SteamVR Tracker (Waist),-0.5776782,0.7617518,1.227115,-0.4976616,0.4938223,0.5019001,0.5065263
1751960841689,27.96835,SteamVR Tracker (Right Foot),0.2230463,0.09154725,0.1033281,-0.3475048,0.6144344,0.524763,0.4757465
1751960841689,27.96835,SteamVR Tracker (Left Foot),-0.02009146,0.0009438992,0.4276947,-0.4405348,0.4954788,0.3930066,0.6371622
1751960841689,27.96835,SteamVR Tracker (Waist),-0.577758,0.7617965,1.226982,-0.4975828,0.4940092,0.5019386,0.5063832
1751960841737,28.01719,SteamVR Tracker (Right Foot),0.2426354,0.09057236,0.09168184,-0.3510537,0.6155704,0.5326538,0.462725
1751960841737,28.01719,SteamVR Tracker (Left Foot),-0.02025828,0.0005795956,0.4275448,-0.4415358,0.4949847,0.3926414,0.6370786
1751960841737,28.01719,SteamVR Tracker (Waist),-0.5778428,0.7618808,1.226803,-0.4976255,0.4940088,0.5019275,0.5063527
1751960841771,28.05085,SteamVR Tracker (Right Foot),0.2456518,0.08379531,0.09262639,-0.3568345,0.6138746,0.5197948,0.4750163
1751960841771,28.05085,SteamVR Tracker (Left Foot),-0.02001974,0.000641346,0.4277111,-0.4416203,0.4946652,0.3928355,0.6371484
1751960841771,28.05085,SteamVR Tracker (Waist),-0.5778812,0.7617921,1.227138,-0.4975936,0.4940092,0.5019119,0.5063989
1751960841804,28.08372,SteamVR Tracker (Right Foot),0.2443351,0.07229781,0.09658986,-0.364445,0.6269979,0.4838186,0.4898705
1751960841804,28.08372,SteamVR Tracker (Left Foot),-0.01981923,0.0004713535,0.4276969,-0.4415748,0.4941859,0.3933397,0.6372409
1751960841804,28.08372,SteamVR Tracker (Waist),-0.5777485,0.7617712,1.227069,-0.4976873,0.4940789,0.5018581,0.5062924
1751960841865,28.14495,SteamVR Tracker (Right Foot),0.2498595,0.06729841,0.1005489,-0.3715161,0.6222916,0.4626176,0.5106014
1751960841865,28.14495,SteamVR Tracker (Left Foot),-0.01959728,0.0003833771,0.4278391,-0.4398735,0.4938866,0.3922416,0.639323
1751960841865,28.14495,SteamVR Tracker (Waist),-0.5776509,0.7616143,1.227031,-0.497773,0.4940097,0.5017721,0.5063608
1751960841881,28.16176,SteamVR Tracker (Right Foot),0.25627,0.05787611,0.1001281,-0.3624661,0.6367831,0.4274916,0.529506
1751960841881,28.16176,SteamVR Tracker (Left Foot),-0.01947914,-9.417534E-05,0.4278039,-0.437672,0.4938097,0.3906555,0.6418595
1751960841881,28.16176,SteamVR Tracker (Waist),-0.5777121,0.7614597,1.226951,-0.4977398,0.4940481,0.5017248,0.506403
1751960841910,28.19081,SteamVR Tracker (Right Foot),0.2542107,0.05788612,0.09557259,-0.3602061,0.6455166,0.4396948,0.5101259
1751960841910,28.19081,SteamVR Tracker (Left Foot),-0.01927808,-0.0002264977,0.4277154,-0.4358668,0.4940963,0.3888148,0.6439815
1751960841910,28.19081,SteamVR Tracker (Waist),-0.5777811,0.7615552,1.227048,-0.4977483,0.4940469,0.5017368,0.5063838
1751960841949,28.22836,SteamVR Tracker (Right Foot),0.2567495,0.05380487,0.09580046,-0.3612831,0.6507097,0.425422,0.5148471
1751960841949,28.22836,SteamVR Tracker (Left Foot),-0.01810156,0.0003199577,0.4279358,-0.4317791,0.4957202,0.38427,0.6482012
1751960841949,28.22836,SteamVR Tracker (Waist),-0.5777828,0.7616746,1.227066,-0.4978639,0.4939929,0.5016541,0.5064046
1751960841982,28.26192,SteamVR Tracker (Right Foot),0.2591067,0.04893303,0.09389734,-0.3599232,0.6622405,0.4049941,0.5175642
1751960841982,28.26192,SteamVR Tracker (Left Foot),-0.01701485,0.0001542568,0.4280967,-0.4257292,0.4995098,0.3783631,0.6527526
1751960841982,28.26192,SteamVR Tracker (Waist),-0.5778774,0.7616831,1.227151,-0.497861,0.4939656,0.5016156,0.5064723
1751960842048,28.3281,SteamVR Tracker (Right Foot),0.2581398,0.05068707,0.09403741,-0.3635911,0.6587246,0.4105017,0.5151426
1751960842049,28.3281,SteamVR Tracker (Left Foot),-0.01483898,0.0003120899,0.4288099,-0.4122154,0.5072858,0.3661704,0.6623133
1751960842049,28.3281,SteamVR Tracker (Waist),-0.5778136,0.7615583,1.227095,-0.4977649,0.4940622,0.5017235,0.5063657
1751960842071,28.35247,SteamVR Tracker (Right Foot),0.2584477,0.04980135,0.09357607,-0.3671128,0.6599212,0.4035004,0.5166427
1751960842071,28.35247,SteamVR Tracker (Left Foot),-0.01141547,0.0004136562,0.4294973,-0.3899781,0.5198729,0.342776,0.6783465
1751960842071,28.35247,SteamVR Tracker (Waist),-0.5778266,0.7617258,1.227101,-0.4978151,0.4939328,0.5017744,0.5063922
1751960842098,28.37827,SteamVR Tracker (Right Foot),0.2582638,0.05014658,0.09302837,-0.3714628,0.6601775,0.4016829,0.5146183
1751960842098,28.37827,SteamVR Tracker (Left Foot),-0.008128732,0.000415802,0.4291496,-0.3755705,0.5297841,0.3193525,0.6901374
1751960842098,28.37827,SteamVR Tracker (Waist),-0.5777185,0.7615111,1.227215,-0.4977719,0.493952,0.5017139,0.5064759
1751960842132,28.41316,SteamVR Tracker (Right Foot),0.2582343,0.04970622,0.09328169,-0.3718722,0.6597963,0.4017734,0.5147408
1751960842132,28.41316,SteamVR Tracker (Left Foot),-0.003553942,0.002183437,0.4279036,-0.3610905,0.5461919,0.2831662,0.7007888
1751960842132,28.41316,SteamVR Tracker (Waist),-0.5778149,0.7616731,1.227074,-0.497822,0.4939454,0.5016925,0.5064542
1751960842188,28.46813,SteamVR Tracker (Right Foot),0.2588887,0.04812098,0.09437215,-0.3585391,0.6583872,0.405937,0.522677
1751960842188,28.46813,SteamVR Tracker (Left Foot),0.00430508,0.008465052,0.4237877,-0.3546442,0.573542,0.2257888,0.7030622
1751960842188,28.46813,SteamVR Tracker (Waist),-0.5778028,0.761515,1.227091,-0.4978029,0.4939691,0.5017236,0.5064191
1751960842222,28.5017,SteamVR Tracker (Right Foot),0.2601806,0.04703999,0.09615403,-0.3416158,0.6568323,0.4139698,0.5296216
1751960842222,28.5017,SteamVR Tracker (Left Foot),0.02154841,0.01953578,0.4142163,-0.3490103,0.6026807,0.1490494,0.7019629
1751960842222,28.5017,SteamVR Tracker (Waist),-0.5777278,0.7614959,1.227189,-0.4978718,0.4939048,0.50174,0.5063978
1751960842266,28.5441,SteamVR Tracker (Right Foot),0.2612169,0.04662704,0.09783536,-0.3352048,0.6544427,0.4233066,0.5292957
1751960842266,28.5441,SteamVR Tracker (Left Foot),0.06327717,0.02640319,0.3992327,-0.3748201,0.5769158,0.2198506,0.6916241
1751960842266,28.5441,SteamVR Tracker (Waist),-0.5778184,0.7615553,1.22727,-0.4978409,0.4938849,0.5017586,0.5064292
1751960842312,28.59201,SteamVR Tracker (Right Foot),0.2612218,0.04580498,0.09581798,-0.3423997,0.6602197,0.4070257,0.5302852
1751960842312,28.59201,SteamVR Tracker (Left Foot),0.1273853,0.01997662,0.3811719,-0.3907453,0.5599121,0.2696221,0.6790586
1751960842312,28.59201,SteamVR Tracker (Waist),-0.5778613,0.7615677,1.227177,-0.4978643,0.4940864,0.5016262,0.5063408
1751960842365,28.64486,SteamVR Tracker (Right Foot),0.2605522,0.04569221,0.0963788,-0.3430186,0.6587391,0.4101649,0.5293069
1751960842365,28.64486,SteamVR Tracker (Left Foot),0.2003569,0.01710486,0.3665344,-0.4142087,0.5352575,0.3222532,0.6618789
1751960842365,28.64486,SteamVR Tracker (Waist),-0.5779577,0.761866,1.2272,-0.4978546,0.4942523,0.5015926,0.5062217
1751960842400,28.68093,SteamVR Tracker (Right Foot),0.26325,0.04304075,0.09552187,-0.3394575,0.6627089,0.4011594,0.5335323
1751960842400,28.68093,SteamVR Tracker (Left Foot),0.2691474,0.01855874,0.3541394,-0.4338257,0.5134736,0.3719677,0.6401407
1751960842400,28.68093,SteamVR Tracker (Waist),-0.5776958,0.7616546,1.227213,-0.4978651,0.4943206,0.5015742,0.5061629
1751960842445,28.72474,SteamVR Tracker (Right Foot),0.2628572,0.04414988,0.09473133,-0.3452244,0.6653092,0.3984283,0.5286198
1751960842445,28.72474,SteamVR Tracker (Left Foot),0.3290287,0.02543163,0.3463308,-0.4508654,0.4934902,0.4062766,0.6229987
1751960842445,28.72474,SteamVR Tracker (Waist),-0.5776103,0.7614142,1.227382,-0.4979082,0.494309,0.5015864,0.5061197
1751960842489,28.76844,SteamVR Tracker (Right Foot),0.2627257,0.04390907,0.09457606,-0.3492526,0.6667231,0.3967568,0.5254399
1751960842489,28.76844,SteamVR Tracker (Left Foot),0.3850147,0.03566074,0.3383391,-0.4584637,0.4841483,0.4443614,0.5982929
1751960842489,28.76844,SteamVR Tracker (Waist),-0.5775443,0.7612581,1.227388,-0.4979471,0.494327,0.5015461,0.5061039
1751960842565,28.84416,SteamVR Tracker (Right Foot),0.2624491,0.04291034,0.09416479,-0.3483219,0.6671454,0.3963008,0.5258656
1751960842565,28.84416,SteamVR Tracker (Left Foot),0.4305628,0.04857183,0.33067,-0.4646393,0.4959865,0.4611833,0.570454
1751960842565,28.84416,SteamVR Tracker (Waist),-0.5777947,0.7615774,1.227118,-0.498011,0.4942279,0.5015341,0.5061496
1751960842586,28.86799,SteamVR Tracker (Right Foot),0.262771,0.04277492,0.09441727,-0.3460055,0.6680379,0.3958643,0.52659
1751960842586,28.86799,SteamVR Tracker (Left Foot),0.4739591,0.0567286,0.3255677,-0.4694036,0.4910315,0.4780401,0.5567998
1751960842586,28.86799,SteamVR Tracker (Waist),-0.5777082,0.7614973,1.227163,-0.4978958,0.4943943,0.5016168,0.5060183
1751960842618,28.89925,SteamVR Tracker (Right Foot),0.2626796,0.0426054,0.09492588,-0.3434718,0.6667391,0.399358,0.5272565
1751960842618,28.89925,SteamVR Tracker (Left Foot),0.4849977,0.06197381,0.3267614,-0.4640527,0.4962831,0.4721371,0.5616447
1751960842618,28.89925,SteamVR Tracker (Waist),-0.5778259,0.7614946,1.227217,-0.4979878,0.4942617,0.5015894,0.5060846
1751960842651,28.93123,SteamVR Tracker (Right Foot),0.2626011,0.04264188,0.09612709,-0.3408921,0.6640956,0.406528,0.5267872
1751960842651,28.93123,SteamVR Tracker (Left Foot),0.4986071,0.06156468,0.3202251,-0.4659341,0.4934869,0.4785828,0.5570769
1751960842652,28.93123,SteamVR Tracker (Waist),-0.5779247,0.7616968,1.227328,-0.4979663,0.4943645,0.5015147,0.5060795
1751960842715,28.99524,SteamVR Tracker (Right Foot),0.2625501,0.04227114,0.09695429,-0.3381643,0.6616696,0.4108163,0.5282691
1751960842715,28.99524,SteamVR Tracker (Left Foot),0.5051606,0.05982089,0.3177489,-0.4608716,0.501362,0.4762391,0.5562643
1751960842715,28.99524,SteamVR Tracker (Waist),-0.5778694,0.7615588,1.227236,-0.4978932,0.4943694,0.5015514,0.5061101
1751960842734,29.0157,SteamVR Tracker (Right Foot),0.2623803,0.04231691,0.09777451,-0.3355561,0.6585775,0.4158737,0.5298367
1751960842734,29.0157,SteamVR Tracker (Left Foot),0.5252575,0.05987883,0.3127334,-0.4502126,0.513639,0.4788488,0.5515319
1751960842734,29.0157,SteamVR Tracker (Waist),-0.5777241,0.7614429,1.2272,-0.4979347,0.4943992,0.5015203,0.5060711
1751960842769,29.04847,SteamVR Tracker (Right Foot),0.2624529,0.04228926,0.09843653,-0.3338642,0.6582071,0.4161204,0.5311705
1751960842769,29.04847,SteamVR Tracker (Left Foot),0.5308329,0.05969262,0.3102508,-0.4529778,0.518039,0.4828787,0.5415486
1751960842769,29.04847,SteamVR Tracker (Waist),-0.5777749,0.7613893,1.227241,-0.4979679,0.4943426,0.5015557,0.5060585
1751960842803,29.0829,SteamVR Tracker (Right Foot),0.2624221,0.04216456,0.09817123,-0.3338142,0.6578582,0.4165008,0.5313359
1751960842803,29.0829,SteamVR Tracker (Left Foot),0.5366492,0.05652428,0.3093563,-0.4465793,0.5160078,0.479793,0.5514541
1751960842803,29.0829,SteamVR Tracker (Waist),-0.577769,0.7614413,1.227254,-0.498075,0.494189,0.5015361,0.5061226
1751960842860,29.13943,SteamVR Tracker (Right Foot),0.2623162,0.04197454,0.09812468,-0.3349088,0.6588634,0.414941,0.5306215
1751960842860,29.13943,SteamVR Tracker (Left Foot),0.5382736,0.04669428,0.3090943,-0.4309713,0.5129451,0.4680013,0.5763037
1751960842860,29.13943,SteamVR Tracker (Waist),-0.5779377,0.7615678,1.227275,-0.498076,0.4941712,0.5015295,0.5061455
1751960842877,29.15876,SteamVR Tracker (Right Foot),0.2623934,0.04196548,0.09818172,-0.3347933,0.6590463,0.414796,0.5305806
1751960842878,29.15876,SteamVR Tracker (Left Foot),0.5430392,0.03871274,0.3055868,-0.4117956,0.5241074,0.4509099,0.5936465
1751960842878,29.15876,SteamVR Tracker (Waist),-0.5779794,0.7616524,1.227443,-0.4981063,0.494104,0.5015569,0.5061542
1751960842909,29.18978,SteamVR Tracker (Right Foot),0.2622499,0.04181957,0.09828967,-0.3347636,0.6582886,0.4157473,0.5307954
1751960842909,29.18978,SteamVR Tracker (Left Foot),0.5427901,0.04117036,0.3021712,-0.4324026,0.5254733,0.4639843,0.5671195
1751960842909,29.18978,SteamVR Tracker (Waist),-0.57785,0.7616069,1.227345,-0.4980763,0.4941035,0.5016607,0.5060813
1751960842945,29.22406,SteamVR Tracker (Right Foot),0.2625298,0.04167008,0.09771174,-0.3369709,0.6595275,0.4134264,0.5296724
1751960842945,29.22406,SteamVR Tracker (Left Foot),0.5451374,0.03501248,0.2995378,-0.4172302,0.5272355,0.4631713,0.5774201
1751960842945,29.22406,SteamVR Tracker (Waist),-0.5777911,0.7614566,1.2272,-0.498013,0.4940717,0.501738,0.506098
1751960842981,29.26121,SteamVR Tracker (Right Foot),0.2623588,0.04154897,0.09714139,-0.340254,0.6612493,0.4104183,0.5277627
1751960842981,29.26121,SteamVR Tracker (Left Foot),0.5477034,0.03014374,0.2964708,-0.4161925,0.5379401,0.4590566,0.5715517
1751960842981,29.26121,SteamVR Tracker (Waist),-0.5777043,0.7614502,1.22709,-0.4979976,0.4941429,0.5017213,0.5060603
1751960843035,29.31592,SteamVR Tracker (Right Foot),0.262361,0.04145288,0.09723228,-0.3384234,0.6602895,0.4123193,0.5286588
1751960843035,29.31592,SteamVR Tracker (Left Foot),0.5493309,0.02482104,0.2978442,-0.4051985,0.5510133,0.4433165,0.5793695
1751960843035,29.31592,SteamVR Tracker (Waist),-0.5777198,0.7613674,1.227325,-0.4979659,0.4941349,0.5016751,0.5061451
1751960843083,29.36171,SteamVR Tracker (Right Foot),0.2625673,0.04120398,0.0970211,-0.3409443,0.6615282,0.4100035,0.52729
1751960843083,29.36171,SteamVR Tracker (Left Foot),0.553416,0.01903892,0.2957962,-0.3859617,0.5715331,0.4046902,0.6005076
1751960843083,29.36171,SteamVR Tracker (Waist),-0.5777409,0.7611643,1.227264,-0.4981224,0.4939698,0.5015795,0.506247
1751960843112,29.39271,SteamVR Tracker (Right Foot),0.2625112,0.04121113,0.09673601,-0.3403684,0.6629984,0.4074962,0.5277589
1751960843112,29.39271,SteamVR Tracker (Left Foot),0.5501102,0.02080059,0.2963083,-0.4036836,0.5564883,0.4327586,0.5831642
1751960843112,29.39271,SteamVR Tracker (Waist),-0.5778723,0.7614019,1.227314,-0.4981362,0.493912,0.5017752,0.5060958
1751960843148,29.42887,SteamVR Tracker (Right Foot),0.2625396,0.04119372,0.09691447,-0.3400057,0.6634422,0.4072022,0.5276619
1751960843148,29.42887,SteamVR Tracker (Left Foot),0.552179,0.01923966,0.2960815,-0.4015985,0.5546302,0.4315583,0.587249
1751960843148,29.42887,SteamVR Tracker (Waist),-0.5778677,0.7616822,1.227384,-0.4980906,0.4939844,0.5017431,0.5061018
1751960843209,29.48742,SteamVR Tracker (Right Foot),0.2627821,0.04121828,0.09648365,-0.3405851,0.664702,0.40523,0.5272208
1751960843209,29.48742,SteamVR Tracker (Left Foot),0.5515937,0.01836991,0.2967932,-0.401083,0.5534028,0.4324119,0.5881308
1751960843209,29.48742,SteamVR Tracker (Waist),-0.5778071,0.7615736,1.227228,-0.4980644,0.493973,0.501732,0.5061498
1751960843228,29.50815,SteamVR Tracker (Right Foot),0.2630921,0.04100299,0.09616929,-0.3406468,0.6673262,0.4007521,0.5272887
1751960843228,29.50815,SteamVR Tracker (Left Foot),0.5523145,0.01741219,0.296705,-0.4017884,0.5513837,0.4332545,0.5889251
1751960843228,29.50815,SteamVR Tracker (Waist),-0.5778109,0.7615899,1.227202,-0.4980855,0.4938596,0.5016975,0.5062739
1751960843252,29.53431,SteamVR Tracker (Right Foot),0.2631527,0.04107666,0.09579086,-0.3395086,0.6688388,0.3978745,0.5282846
1751960843252,29.53431,SteamVR Tracker (Left Foot),0.5523345,0.01733088,0.296642,-0.4033806,0.5503337,0.4333116,0.5887766
1751960843252,29.53431,SteamVR Tracker (Waist),-0.5778204,0.7615889,1.227186,-0.4981215,0.4938374,0.5017473,0.5062106
1751960843292,29.57263,SteamVR Tracker (Right Foot),0.2636834,0.04130054,0.09541458,-0.3380575,0.6709235,0.3946956,0.5289558
1751960843292,29.57263,SteamVR Tracker (Left Foot),0.5520415,0.01803041,0.2966159,-0.404779,0.5492329,0.4349366,0.5876456
1751960843292,29.57263,SteamVR Tracker (Waist),-0.5777717,0.7615013,1.227254,-0.4981593,0.4937262,0.5016956,0.5063332
1751960843315,29.59617,SteamVR Tracker (Right Foot),0.263987,0.04133534,0.09536731,-0.3362951,0.672537,0.3921484,0.5299239
1751960843315,29.59617,SteamVR Tracker (Left Foot),0.5521771,0.01814723,0.2963575,-0.4032466,0.5503583,0.4330982,0.5890024
1751960843315,29.59617,SteamVR Tracker (Waist),-0.5779221,0.761481,1.227382,-0.4980618,0.4938759,0.5017411,0.5062379
1751960843362,29.64225,SteamVR Tracker (Right Foot),0.2643598,0.04113746,0.0948028,-0.3330526,0.6763546,0.385688,0.5318508
1751960843362,29.64225,SteamVR Tracker (Left Foot),0.5515806,0.01823616,0.2963104,-0.4047652,0.5487295,0.4345554,0.588407
1751960843362,29.64225,SteamVR Tracker (Waist),-0.5779716,0.7616912,1.227117,-0.498011,0.4938946,0.501781,0.5062304
1751960843378,29.66046,SteamVR Tracker (Right Foot),0.2651935,0.04116488,0.09415293,-0.3290343,0.6808031,0.378117,0.5341079
1751960843378,29.66046,SteamVR Tracker (Left Foot),0.5516741,0.01799989,0.2961734,-0.4053907,0.548906,0.4341052,0.5881439
1751960843378,29.66046,SteamVR Tracker (Waist),-0.5780412,0.7617054,1.227114,-0.498023,0.4939497,0.5017753,0.5061703
1751960843412,29.69381,SteamVR Tracker (Right Foot),0.2673917,0.04125142,0.0931747,-0.31979,0.6901054,0.3638292,0.5376962
1751960843412,29.69381,SteamVR Tracker (Left Foot),0.5517156,0.01786423,0.2964284,-0.4052599,0.5494051,0.4339471,0.5878847
1751960843412,29.69381,SteamVR Tracker (Waist),-0.5778841,0.7615905,1.227311,-0.4977766,0.4940954,0.5017059,0.5063392
1751960843454,29.73305,SteamVR Tracker (Right Foot),0.2704739,0.0417521,0.09143931,-0.3034513,0.7046946,0.337193,0.5455491
1751960843454,29.73305,SteamVR Tracker (Left Foot),0.5520402,0.01779389,0.2968646,-0.4015332,0.5507436,0.4343635,0.5888811
1751960843454,29.73305,SteamVR Tracker (Waist),-0.5777504,0.7614189,1.227302,-0.4977524,0.4941748,0.5017675,0.5062245
1751960843485,29.76597,SteamVR Tracker (Right Foot),0.2747849,0.04252648,0.08871025,-0.2855597,0.7206836,0.3013556,0.5552077
1751960843485,29.76597,SteamVR Tracker (Left Foot),0.5518985,0.01796293,0.2966837,-0.401716,0.5511318,0.4341897,0.5885212
1751960843485,29.76597,SteamVR Tracker (Waist),-0.5777674,0.7613122,1.226975,-0.4977182,0.4940952,0.5018854,0.5062189
1751960843537,29.81703,SteamVR Tracker (Right Foot),0.282688,0.04562402,0.08533531,-0.2575417,0.7410062,0.2520168,0.5666302
1751960843537,29.81703,SteamVR Tracker (Left Foot),0.5516132,0.0175333,0.2967486,-0.4036724,0.5502909,0.4349408,0.5874139
1751960843537,29.81703,SteamVR Tracker (Waist),-0.5779485,0.761608,1.227109,-0.497788,0.4940458,0.5017889,0.5062943
1751960843563,29.84255,SteamVR Tracker (Right Foot),0.2916491,0.0547657,0.08132839,-0.23625,0.7532067,0.2152314,0.5749271
1751960843563,29.84255,SteamVR Tracker (Left Foot),0.5518649,0.01712847,0.2967554,-0.4044301,0.5507115,0.4339757,0.5872124
1751960843563,29.84255,SteamVR Tracker (Waist),-0.5778831,0.7617414,1.227023,-0.4977859,0.4940158,0.5016016,0.5065112
1751960843598,29.87843,SteamVR Tracker (Right Foot),0.3117201,0.06420326,0.0769707,-0.256225,0.7230537,0.2437674,0.5933966
1751960843598,29.87843,SteamVR Tracker (Left Foot),0.5518,0.01734686,0.2966615,-0.4042735,0.5505576,0.4339079,0.5875145
1751960843598,29.87843,SteamVR Tracker (Waist),-0.5778595,0.761642,1.227236,-0.4978909,0.4939807,0.5017285,0.5063164
1751960843632,29.91152,SteamVR Tracker (Right Foot),0.3473025,0.06462908,0.06399,-0.2913167,0.7134167,0.2746735,0.5750875
1751960843632,29.91152,SteamVR Tracker (Left Foot),0.5521128,0.01758575,0.2965252,-0.4037034,0.550662,0.4336315,0.5880125
1751960843632,29.91152,SteamVR Tracker (Waist),-0.5776441,0.7612799,1.227161,-0.4978476,0.4939372,0.5017495,0.5063806
1751960843665,29.94451,SteamVR Tracker (Right Foot),0.3879676,0.0621419,0.0464651,-0.3031451,0.6913428,0.3401253,0.56077
1751960843665,29.94451,SteamVR Tracker (Left Foot),0.5523204,0.01764727,0.2962325,-0.4045184,0.5504734,0.4339236,0.5874133
1751960843665,29.94451,SteamVR Tracker (Waist),-0.5778893,0.7613899,1.227206,-0.4978901,0.4938748,0.5017824,0.5063671
1751960843707,29.98751,SteamVR Tracker (Right Foot),0.4353771,0.06074047,0.0282796,-0.3183976,0.6709813,0.3894112,0.5447623
1751960843707,29.98751,SteamVR Tracker (Left Foot),0.5517435,0.01751161,0.2963081,-0.4049829,0.5506079,0.4338005,0.5870579
1751960843707,29.98751,SteamVR Tracker (Waist),-0.5778713,0.7615913,1.227082,-0.4979376,0.4938386,0.501738,0.5063995
1751960843728,30.00963,SteamVR Tracker (Right Foot),0.4785186,0.06031346,0.0150128,-0.332923,0.6486535,0.4196982,0.5406148
1751960843728,30.00963,SteamVR Tracker (Left Foot),0.5520247,0.01743793,0.2960469,-0.405575,0.5507604,0.4333112,0.5868675
1751960843728,30.00963,SteamVR Tracker (Waist),-0.5778531,0.7615625,1.227159,-0.4980034,0.4937758,0.5017421,0.5063922
1751960843762,30.04284,SteamVR Tracker (Right Foot),0.5181634,0.0639205,0.00680393,-0.3554848,0.6279308,0.4354293,0.5382702
1751960843762,30.04284,SteamVR Tracker (Left Foot),0.5521147,0.01715755,0.2960156,-0.4063914,0.5512649,0.4326546,0.5863131
1751960843762,30.04284,SteamVR Tracker (Waist),-0.5778638,0.7616068,1.227082,-0.4979912,0.4938553,0.5017998,0.5062695
1751960843796,30.07715,SteamVR Tracker (Right Foot),0.546087,0.06896663,-0.0002371073,-0.3685634,0.6176611,0.4525968,0.5270787
1751960843796,30.07715,SteamVR Tracker (Left Foot),0.5520868,0.01728892,0.2962266,-0.4066414,0.5502158,0.4340458,0.5860969
1751960843796,30.07715,SteamVR Tracker (Waist),-0.5779375,0.7617519,1.227171,-0.4980443,0.493897,0.5016607,0.5063144
1751960843826,30.10684,SteamVR Tracker (Right Foot),0.5655413,0.07089877,-0.008062899,-0.3644122,0.6153858,0.467645,0.5194345
1751960843826,30.10684,SteamVR Tracker (Left Foot),0.5518671,0.01778746,0.2965302,-0.4051945,0.5493824,0.4353234,0.5869328
1751960843826,30.10684,SteamVR Tracker (Waist),-0.5779859,0.761766,1.227142,-0.4980595,0.4938076,0.5016896,0.506358
1751960843884,30.16332,SteamVR Tracker (Right Foot),0.5731761,0.07233143,-0.01336133,-0.3592679,0.6170653,0.4816059,0.5081463
1751960843884,30.16332,SteamVR Tracker (Left Foot),0.5510497,0.01842403,0.2974279,-0.4036674,0.5468568,0.439169,0.5874785
1751960843884,30.16332,SteamVR Tracker (Waist),-0.5778044,0.7614875,1.227165,-0.4980542,0.4938348,0.5016517,0.5063742
1751960843900,30.18222,SteamVR Tracker (Right Foot),0.593255,0.07181525,-0.01924133,-0.3618844,0.6144739,0.4886473,0.5026782
1751960843900,30.18222,SteamVR Tracker (Left Foot),0.5504736,0.01894903,0.298115,-0.4030699,0.5412317,0.4444205,0.5891463
1751960843900,30.18222,SteamVR Tracker (Waist),-0.5778797,0.7613981,1.227021,-0.4981194,0.4938483,0.5015761,0.5063719
1751960843937,30.2189,SteamVR Tracker (Right Foot),0.6017389,0.0611186,-0.01327014,-0.3445254,0.6055533,0.4623134,0.5485197
1751960843937,30.2189,SteamVR Tracker (Left Foot),0.5510621,0.01869774,0.2979721,-0.4030813,0.5437576,0.4413955,0.5890868
1751960843937,30.2189,SteamVR Tracker (Waist),-0.5776073,0.7613947,1.227306,-0.4980679,0.4939074,0.5017198,0.5062225
1751960843975,30.25414,SteamVR Tracker (Right Foot),0.5965685,0.05847216,-0.008232772,-0.3736107,0.607197,0.441114,0.5451103
1751960843975,30.25414,SteamVR Tracker (Left Foot),0.5512565,0.01820445,0.2975295,-0.4042419,0.5465512,0.4380112,0.5882316
1751960843975,30.25414,SteamVR Tracker (Waist),-0.5778534,0.7613995,1.22715,-0.4981285,0.4939343,0.5016148,0.5062407
1751960844008,30.28905,SteamVR Tracker (Right Foot),0.5951043,0.05646133,-0.006570935,-0.3651511,0.5987264,0.4508632,0.5521899
1751960844008,30.28905,SteamVR Tracker (Left Foot),0.5507619,0.01864624,0.2979226,-0.4051117,0.5439469,0.4408647,0.5879157
1751960844008,30.28905,SteamVR Tracker (Waist),-0.5779378,0.7615849,1.227267,-0.4980339,0.4940004,0.5016692,0.5062153
1751960844057,30.33819,SteamVR Tracker (Right Foot),0.5967115,0.0511446,-0.01131207,-0.3529783,0.6200511,0.4392372,0.5459064
1751960844057,30.33819,SteamVR Tracker (Left Foot),0.5504701,0.01929784,0.297641,-0.4064952,0.5421566,0.4417858,0.5879228
1751960844057,30.33819,SteamVR Tracker (Waist),-0.5779053,0.7616464,1.227139,-0.4980505,0.4940636,0.5015973,0.5062086
1751960844085,30.36557,SteamVR Tracker (Right Foot),0.5982012,0.04715848,-0.01111013,-0.3504903,0.6264922,0.426557,0.5501939
1751960844085,30.36557,SteamVR Tracker (Left Foot),0.5502914,0.02037048,0.2979338,-0.4078037,0.5417794,0.4416154,0.5874923
1751960844085,30.36557,SteamVR Tracker (Waist),-0.577711,0.7615874,1.227186,-0.4980884,0.4941202,0.5016112,0.5061023
1751960844120,30.40018,SteamVR Tracker (Right Foot),0.5985031,0.04593825,-0.01229089,-0.3480097,0.6300643,0.4257816,0.5482867
1751960844120,30.40018,SteamVR Tracker (Left Foot),0.549651,0.02128077,0.2983845,-0.4103267,0.5376003,0.4453129,0.5867832
1751960844120,30.40018,SteamVR Tracker (Waist),-0.5778613,0.7615713,1.227328,-0.4979725,0.494049,0.5016606,0.5062368
1751960844151,30.43258,SteamVR Tracker (Right Foot),0.5993853,0.04488301,-0.01163971,-0.3495334,0.6308298,0.4202532,0.5506972
1751960844151,30.43258,SteamVR Tracker (Left Foot),0.5495677,0.02145314,0.2977394,-0.4107366,0.5367169,0.4462709,0.5865771
1751960844151,30.43258,SteamVR Tracker (Waist),-0.5777295,0.7610329,1.22723,-0.4980853,0.4940665,0.5015699,0.5061985
1751960844187,30.46706,SteamVR Tracker (Right Foot),0.5989389,0.04509354,-0.01187265,-0.3522897,0.6316057,0.4205252,0.5478364
1751960844187,30.46706,SteamVR Tracker (Left Foot),0.5493678,0.02158952,0.2969055,-0.4139982,0.5392056,0.4438547,0.5838286
1751960844187,30.46706,SteamVR Tracker (Waist),-0.5778625,0.7615067,1.22708,-0.4980222,0.4941044,0.5016031,0.506191
1751960844246,30.52494,SteamVR Tracker (Right Foot),0.5989486,0.0452373,-0.01226705,-0.3562641,0.630699,0.4215374,0.5455282
1751960844246,30.52494,SteamVR Tracker (Left Foot),0.5493294,0.02188158,0.2974699,-0.4140191,0.538155,0.4449801,0.5839266
1751960844246,30.52494,SteamVR Tracker (Waist),-0.5778024,0.7616218,1.227237,-0.4979905,0.494118,0.5015153,0.5062957
1751960844262,30.54366,SteamVR Tracker (Right Foot),0.5993181,0.04464698,-0.0124234,-0.359708,0.6325826,0.4168953,0.5446538
1751960844262,30.54366,SteamVR Tracker (Left Foot),0.5494123,0.02172971,0.2972738,-0.4139653,0.5383548,0.4447561,0.5839512
1751960844262,30.54366,SteamVR Tracker (Waist),-0.5778195,0.7616061,1.227184,-0.4979436,0.4941429,0.5015224,0.5063105
1751960844296,30.57699,SteamVR Tracker (Right Foot),0.5989515,0.04474449,-0.01377821,-0.367198,0.6339399,0.413581,0.5405892
1751960844296,30.57699,SteamVR Tracker (Left Foot),0.5501097,0.02004623,0.2970249,-0.4117416,0.5429562,0.4398915,0.5849469
1751960844296,30.57699,SteamVR Tracker (Waist),-0.5778279,0.7615374,1.227114,-0.4980074,0.4941372,0.5014925,0.5062829
1751960844331,30.61067,SteamVR Tracker (Right Foot),0.5992824,0.04346132,-0.01481587,-0.3732314,0.6378115,0.4063438,0.5373822
1751960844331,30.61067,SteamVR Tracker (Left Foot),0.5504729,0.01974916,0.2971377,-0.4069582,0.5466897,0.4361493,0.5876132
1751960844331,30.61067,SteamVR Tracker (Waist),-0.5778091,0.7613395,1.227174,-0.4979474,0.4942414,0.5015221,0.506211
1751960844361,30.64105,SteamVR Tracker (Right Foot),0.5993656,0.04279137,-0.01591396,-0.3763725,0.6402031,0.3975913,0.5388924
1751960844361,30.64105,SteamVR Tracker (Left Foot),0.5502135,0.02073741,0.297832,-0.4058609,0.5414336,0.4415421,0.5892089
1751960844361,30.64105,SteamVR Tracker (Waist),-0.5779537,0.761622,1.227388,-0.497861,0.4943129,0.5016389,0.5061103
1751960844418,30.69895,SteamVR Tracker (Right Foot),0.5994706,0.04316187,-0.01565671,-0.374464,0.6393196,0.3989637,0.5402547
1751960844418,30.69895,SteamVR Tracker (Left Foot),0.5525105,0.02028847,0.296443,-0.4014813,0.5510273,0.4262541,0.5945496
1751960844418,30.69895,SteamVR Tracker (Waist),-0.5777617,0.7614357,1.227103,-0.4978959,0.4941379,0.5016658,0.5062203
1751960844443,30.72165,SteamVR Tracker (Right Foot),0.5997063,0.04307723,-0.01608372,-0.3741239,0.6398878,0.3969591,0.5412932
1751960844443,30.72165,SteamVR Tracker (Left Foot),0.5579177,0.02111149,0.295393,-0.404982,0.553664,0.421331,0.5932335
1751960844443,30.72165,SteamVR Tracker (Waist),-0.5777385,0.7614725,1.227105,-0.4979231,0.4942236,0.5016858,0.50609
1751960844472,30.75334,SteamVR Tracker (Right Foot),0.6001987,0.04244542,-0.01602298,-0.3727953,0.6399873,0.3960319,0.5427695
1751960844472,30.75334,SteamVR Tracker (Left Foot),0.5719161,0.02051735,0.2948972,-0.4019985,0.541047,0.4307387,0.600108
1751960844473,30.75334,SteamVR Tracker (Waist),-0.5778388,0.7615793,1.227275,-0.4979726,0.494068,0.5017073,0.5061718
1751960844507,30.78654,SteamVR Tracker (Right Foot),0.600009,0.04233456,-0.01627666,-0.3717953,0.6412085,0.393834,0.5436127
1751960844507,30.78654,SteamVR Tracker (Left Foot),0.5816419,0.02190709,0.2967569,-0.4002608,0.5424164,0.4192683,0.6081035
1751960844507,30.78654,SteamVR Tracker (Waist),-0.5778923,0.7615159,1.227142,-0.4978752,0.4940876,0.5016668,0.5062886
1751960844541,30.82026,SteamVR Tracker (Right Foot),0.5993119,0.04335213,-0.01631308,-0.3792562,0.6388477,0.3978808,0.5382652
1751960844541,30.82026,SteamVR Tracker (Left Foot),0.5887274,0.02261066,0.2969744,-0.4049207,0.5341856,0.4298956,0.6048758
1751960844541,30.82026,SteamVR Tracker (Waist),-0.5778911,0.7616905,1.22722,-0.4978287,0.4940966,0.5016977,0.506295
1751960844597,30.87665,SteamVR Tracker (Right Foot),0.5990491,0.04404378,-0.01638806,-0.3834364,0.6381997,0.3985509,0.5355697
1751960844597,30.87665,SteamVR Tracker (Left Foot),0.5850688,0.02040982,0.2961233,-0.4054771,0.5451804,0.4200929,0.6015717
1751960844597,30.87665,SteamVR Tracker (Waist),-0.5777668,0.7614269,1.227173,-0.497784,0.4941087,0.5017349,0.5062903
1751960844615,30.89529,SteamVR Tracker (Right Foot),0.5985873,0.04422545,-0.0163902,-0.3867066,0.6369938,0.3983044,0.5348369
1751960844615,30.89529,SteamVR Tracker (Left Foot),0.5852525,0.0207634,0.2952321,-0.410983,0.5437758,0.4202222,0.5990111
1751960844615,30.89529,SteamVR Tracker (Waist),-0.5779147,0.7614369,1.227279,-0.49781,0.4940671,0.5017756,0.5062649
1751960844649,30.92924,SteamVR Tracker (Right Foot),0.5993732,0.04303718,-0.01538891,-0.3789908,0.637476,0.3957036,0.5416725
1751960844649,30.92924,SteamVR Tracker (Left Foot),0.5858654,0.02140999,0.2956294,-0.409641,0.5427096,0.4219928,0.599652
1751960844649,30.92924,SteamVR Tracker (Waist),-0.5778811,0.7614323,1.22716,-0.4977014,0.494174,0.5018169,0.5062264
1751960844682,30.96227,SteamVR Tracker (Right Foot),0.6007319,0.04046774,-0.01403719,-0.364837,0.6364707,0.3952991,0.5527546
1751960844682,30.96227,SteamVR Tracker (Left Foot),0.5855608,0.02058554,0.2952883,-0.4101402,0.5432125,0.4203874,0.5999831
1751960844682,30.96227,SteamVR Tracker (Waist),-0.577687,0.7611494,1.227204,-0.4978026,0.4941111,0.5018128,0.5061924
1751960844717,30.99683,SteamVR Tracker (Right Foot),0.601513,0.03839064,-0.01330477,-0.3488057,0.6346236,0.3918997,0.5674524
1751960844717,30.99683,SteamVR Tracker (Left Foot),0.5848885,0.01965356,0.2956563,-0.4122288,0.5415033,0.422875,0.5983464
1751960844717,30.99683,SteamVR Tracker (Waist),-0.5778124,0.7612772,1.227325,-0.4977306,0.4941523,0.5018232,0.5062127
1751960844763,31.04264,SteamVR Tracker (Right Foot),0.6005965,0.04039931,-0.01413202,-0.362176,0.6375324,0.3924856,0.5552803
1751960844763,31.04264,SteamVR Tracker (Left Foot),0.5845836,0.01921368,0.2960759,-0.4124163,0.5398819,0.4249906,0.5981834
1751960844763,31.04264,SteamVR Tracker (Waist),-0.5778371,0.7613246,1.227191,-0.4977924,0.4940158,0.5018778,0.506231
1751960844781,31.06248,SteamVR Tracker (Right Foot),0.6009227,0.04021287,-0.01385701,-0.3606695,0.6380991,0.3917895,0.5561008
1751960844781,31.06248,SteamVR Tracker (Left Foot),0.5843449,0.01855516,0.2968342,-0.4133444,0.5377758,0.4288086,0.5967134
1751960844781,31.06248,SteamVR Tracker (Waist),-0.5778006,0.7614191,1.227161,-0.4978329,0.4940607,0.5017828,0.5062416
1751960844814,31.09541,SteamVR Tracker (Right Foot),0.6011643,0.0405941,-0.01384062,-0.3600519,0.6387646,0.3918245,0.5557122
1751960844814,31.09541,SteamVR Tracker (Left Foot),0.5843651,0.01790142,0.2978551,-0.4146954,0.5329739,0.435751,0.5950527
1751960844814,31.09541,SteamVR Tracker (Waist),-0.5777287,0.7616302,1.227337,-0.4978086,0.4941554,0.5018166,0.5061395
1751960844849,31.12851,SteamVR Tracker (Right Foot),0.6005272,0.04176426,-0.01417685,-0.3613766,0.6397253,0.3937156,0.5524008
1751960844849,31.12851,SteamVR Tracker (Left Foot),0.5837779,0.01790428,0.2983137,-0.4173502,0.5296537,0.4410013,0.5922868
1751960844849,31.12851,SteamVR Tracker (Waist),-0.5778121,0.7614373,1.227186,-0.4978912,0.4941189,0.5017897,0.5061206
1751960844882,31.16269,SteamVR Tracker (Right Foot),0.5993984,0.0432291,-0.01519889,-0.3643811,0.6411818,0.3951269,0.5477108
1751960844882,31.16269,SteamVR Tracker (Left Foot),0.5841398,0.01794815,0.2981364,-0.4165623,0.5342279,0.4358186,0.5925695
1751960844882,31.16269,SteamVR Tracker (Waist),-0.5777357,0.761381,1.227319,-0.4978167,0.494151,0.5017583,0.5061936
1751960844928,31.20854,SteamVR Tracker (Right Foot),0.5981009,0.04477549,-0.01484829,-0.3630629,0.6402102,0.4016542,0.5449681
1751960844928,31.20854,SteamVR Tracker (Left Foot),0.5840309,0.01792264,0.2985486,-0.4155695,0.5337096,0.4365326,0.5932077
1751960844928,31.20854,SteamVR Tracker (Waist),-0.5779017,0.7615529,1.227299,-0.4979588,0.4941937,0.5016929,0.5060769
1751960844946,31.22816,SteamVR Tracker (Right Foot),0.5965855,0.04569483,-0.01468951,-0.3567802,0.6401561,0.4051845,0.5465653
1751960844946,31.22816,SteamVR Tracker (Left Foot),0.5838736,0.01798129,0.298508,-0.4157787,0.5334617,0.4370939,0.5928706
1751960844946,31.22816,SteamVR Tracker (Waist),-0.5779135,0.7616398,1.227304,-0.4979231,0.494264,0.5017492,0.5059877
1751960844986,31.26584,SteamVR Tracker (Right Foot),0.5831771,0.04216528,-0.01595479,-0.337997,0.6481597,0.3987792,0.5537347
1751960844987,31.26584,SteamVR Tracker (Left Foot),0.5838541,0.01782346,0.2979758,-0.4158114,0.5343744,0.4357098,0.5930447
1751960844987,31.26584,SteamVR Tracker (Waist),-0.5779024,0.7614518,1.227211,-0.4978793,0.4943503,0.5017511,0.5059444
1751960845017,31.29844,SteamVR Tracker (Right Foot),0.5685335,0.04285526,-0.01591069,-0.3357584,0.6540443,0.4007379,0.546719
1751960845017,31.29844,SteamVR Tracker (Left Foot),0.5842575,0.01767993,0.298221,-0.4149753,0.534647,0.4355936,0.5934697
1751960845017,31.29844,SteamVR Tracker (Waist),-0.5777711,0.7613143,1.227254,-0.4980045,0.4942856,0.5017069,0.5059283
1751960845051,31.33163,SteamVR Tracker (Right Foot),0.5535319,0.04125977,-0.0130856,-0.3359183,0.6521078,0.3981369,0.5508189
1751960845051,31.33163,SteamVR Tracker (Left Foot),0.58418,0.01779246,0.2983311,-0.4145071,0.534745,0.4361068,0.5933318
1751960845051,31.33163,SteamVR Tracker (Waist),-0.577848,0.7614838,1.227432,-0.4979587,0.4942884,0.5017035,0.5059741
1751960845111,31.39034,SteamVR Tracker (Right Foot),0.557075,0.04204893,-0.01252198,-0.3534491,0.638898,0.3952958,0.5573369
1751960845111,31.39034,SteamVR Tracker (Left Foot),0.584026,0.01784015,0.2979503,-0.4155414,0.5346663,0.4354359,0.5931718
1751960845111,31.39034,SteamVR Tracker (Waist),-0.5777164,0.7612438,1.227256,-0.4979308,0.4943671,0.5016298,0.5059978
1751960845129,31.4101,SteamVR Tracker (Right Foot),0.5581077,0.04006004,-0.0148654,-0.3528732,0.6479077,0.3873999,0.5528268
1751960845129,31.4101,SteamVR Tracker (Left Foot),0.5839227,0.01807904,0.2978523,-0.4160169,0.5343986,0.4356364,0.5929325
1751960845129,31.4101,SteamVR Tracker (Waist),-0.5778929,0.7613745,1.22724,-0.4980112,0.4942996,0.5016128,0.5060015
1751960845161,31.4414,SteamVR Tracker (Right Foot),0.5566839,0.0393734,-0.01268059,-0.3487456,0.6451464,0.391695,0.5556417
1751960845161,31.4414,SteamVR Tracker (Left Foot),0.5837697,0.01806927,0.2979952,-0.4155118,0.5343667,0.4367816,0.5924729
1751960845162,31.4414,SteamVR Tracker (Waist),-0.5779364,0.7616104,1.227173,-0.4979594,0.4942857,0.501538,0.5061401
1751960845196,31.47551,SteamVR Tracker (Right Foot),0.5576736,0.03921294,-0.01362574,-0.3515038,0.6454241,0.3929444,0.5526912
1751960845196,31.47551,SteamVR Tracker (Left Foot),0.5839664,0.01814508,0.2975737,-0.4147799,0.5347721,0.4358672,0.5932928
1751960845196,31.47551,SteamVR Tracker (Waist),-0.5778579,0.7614541,1.227169,-0.4979744,0.494225,0.5016224,0.506101
1751960845230,31.50813,SteamVR Tracker (Right Foot),0.5583836,0.03906345,-0.01393563,-0.3511578,0.6456947,0.392045,0.5532336
1751960845230,31.50813,SteamVR Tracker (Left Foot),0.5840966,0.01816773,0.2973971,-0.4151932,0.5352486,0.4346561,0.5934625
1751960845230,31.50813,SteamVR Tracker (Waist),-0.5777451,0.7612492,1.227371,-0.497986,0.4941971,0.5016799,0.5060598
1751960845281,31.56055,SteamVR Tracker (Right Foot),0.5589231,0.03921485,-0.01358408,-0.3501825,0.6453954,0.3932951,0.5533137
1751960845281,31.56055,SteamVR Tracker (Left Foot),0.5841759,0.01826835,0.2974546,-0.4148261,0.5359825,0.4339992,0.5935376
1751960845281,31.56055,SteamVR Tracker (Waist),-0.5777742,0.7614212,1.227316,-0.4980251,0.4940485,0.5017461,0.5061008
1751960845296,31.57938,SteamVR Tracker (Right Foot),0.5591941,0.03905797,-0.01357794,-0.3495676,0.6469409,0.3925633,0.5524166
1751960845297,31.57938,SteamVR Tracker (Left Foot),0.5841663,0.01825833,0.2973569,-0.4144428,0.5362548,0.4337017,0.5937768
1751960845297,31.57938,SteamVR Tracker (Waist),-0.5777329,0.7612939,1.227225,-0.4981634,0.4939663,0.5017128,0.506078
1751960845330,31.61073,SteamVR Tracker (Right Foot),0.559036,0.03912735,-0.01378286,-0.3495131,0.6477084,0.392522,0.5515805
1751960845330,31.61073,SteamVR Tracker (Left Foot),0.5840855,0.01838541,0.2973292,-0.4139536,0.5367714,0.4339343,0.5934812
1751960845330,31.61073,SteamVR Tracker (Waist),-0.5778688,0.7614568,1.227284,-0.4980025,0.494091,0.5017796,0.5060484
1751960845368,31.64844,SteamVR Tracker (Right Foot),0.5586684,0.03942204,-0.01422971,-0.3508368,0.6485046,0.3929322,0.5495087
1751960845368,31.64844,SteamVR Tracker (Left Foot),0.5840514,0.01859212,0.2970942,-0.414133,0.537412,0.4335765,0.5930377
1751960845368,31.64844,SteamVR Tracker (Waist),-0.5778433,0.7614713,1.227223,-0.4981434,0.4939816,0.5017887,0.5060074
1751960845406,31.686,SteamVR Tracker (Right Foot),0.5584409,0.03978324,-0.01462632,-0.3532479,0.6481128,0.3941042,0.5475835
1751960845406,31.686,SteamVR Tracker (Left Foot),0.5836881,0.0190258,0.2968283,-0.4134974,0.5380548,0.4326366,0.5935845
1751960845406,31.686,SteamVR Tracker (Waist),-0.5777124,0.7613556,1.227262,-0.4980154,0.4940766,0.5018156,0.5060139
1751960845456,31.73683,SteamVR Tracker (Right Foot),0.558422,0.0395143,-0.01478487,-0.3536448,0.647407,0.3939233,0.5482919
1751960845456,31.73683,SteamVR Tracker (Left Foot),0.5836387,0.01924849,0.2968487,-0.4138531,0.5377373,0.433695,0.5928515
1751960845456,31.73683,SteamVR Tracker (Waist),-0.5777665,0.7614074,1.227306,-0.4980189,0.4941475,0.5017884,0.5059682
1751960845470,31.75201,SteamVR Tracker (Right Foot),0.5585084,0.03946996,-0.01476318,-0.3540198,0.6470656,0.3941197,0.5483118
1751960845470,31.75201,SteamVR Tracker (Left Foot),0.5835813,0.01919556,0.2965428,-0.4142303,0.5384237,0.432994,0.5924774
1751960845470,31.75201,SteamVR Tracker (Waist),-0.5778387,0.7613628,1.227302,-0.4981249,0.4940561,0.5017507,0.5059906
1751960845506,31.78596,SteamVR Tracker (Right Foot),0.5582018,0.03914618,-0.0148775,-0.3536727,0.6473948,0.3932025,0.5488055
1751960845506,31.78596,SteamVR Tracker (Left Foot),0.5837082,0.01881456,0.2967123,-0.4138743,0.5394354,0.4319637,0.592558
1751960845506,31.78596,SteamVR Tracker (Waist),-0.5779949,0.7614911,1.227306,-0.498119,0.4940785,0.501767,0.5059583
1751960845540,31.82011,SteamVR Tracker (Right Foot),0.5587188,0.03918362,-0.01480603,-0.3517418,0.6484221,0.3910378,0.5503781
1751960845540,31.82011,SteamVR Tracker (Left Foot),0.5835816,0.01837683,0.2967075,-0.4146087,0.5410938,0.4318347,0.5906234
1751960845540,31.82011,SteamVR Tracker (Waist),-0.5778979,0.7614667,1.227251,-0.4980866,0.4941945,0.5017347,0.505909
1751960845575,31.85501,SteamVR Tracker (Right Foot),0.559028,0.0401144,-0.01502788,-0.3506128,0.6509291,0.3863569,0.5514439
1751960845575,31.85501,SteamVR Tracker (Left Foot),0.5835299,0.01800466,0.2970858,-0.4157336,0.5407155,0.4344624,0.5882472
1751960845576,31.85501,SteamVR Tracker (Waist),-0.5778283,0.7614237,1.227323,-0.4980024,0.4943833,0.5016754,0.5058662
1751960845627,31.90661,SteamVR Tracker (Right Foot),0.5607914,0.04106665,-0.01411772,-0.3450276,0.6533551,0.3817985,0.5552594
1751960845627,31.90661,SteamVR Tracker (Left Foot),0.5837856,0.01819372,0.296885,-0.415199,0.5403798,0.4344143,0.5889684
1751960845627,31.90661,SteamVR Tracker (Waist),-0.5778596,0.7613279,1.227269,-0.4980066,0.4944748,0.5016674,0.5057805
1751960845651,31.93221,SteamVR Tracker (Right Foot),0.5638573,0.04190397,-0.01519555,-0.3420806,0.6542934,0.3825124,0.5554867
1751960845651,31.93221,SteamVR Tracker (Left Foot),0.5839097,0.01836753,0.2972376,-0.4148333,0.5398433,0.4354544,0.58895
1751960845651,31.93221,SteamVR Tracker (Waist),-0.5779246,0.7613595,1.227135,-0.4980142,0.4944992,0.5016568,0.5057597
1751960845686,31.96623,SteamVR Tracker (Right Foot),0.5792201,0.04418492,-0.0213756,-0.3500542,0.6512493,0.4008635,0.5409666
1751960845687,31.96623,SteamVR Tracker (Left Foot),0.5834714,0.01809144,0.2971794,-0.4150144,0.5389757,0.436269,0.5890143
1751960845687,31.96623,SteamVR Tracker (Waist),-0.5777451,0.7612972,1.227201,-0.4981167,0.4945092,0.5016174,0.5056881
1751960845718,31.99921,SteamVR Tracker (Right Foot),0.5825921,0.04228401,-0.02389133,-0.3365018,0.6582882,0.4046092,0.5382515
1751960845718,31.99921,SteamVR Tracker (Left Foot),0.5835803,0.01806545,0.2971683,-0.4153999,0.5394346,0.4352468,0.5890785
1751960845718,31.99921,SteamVR Tracker (Waist),-0.5778776,0.7614579,1.227335,-0.4981164,0.4943825,0.501635,0.5057948
1751960845750,32.0313,SteamVR Tracker (Right Foot),0.5746524,0.04126477,-0.01939207,-0.339383,0.6565878,0.4026498,0.539986
1751960845750,32.0313,SteamVR Tracker (Left Foot),0.5836319,0.018116,0.2970611,-0.414639,0.5400121,0.4345151,0.5896254
1751960845750,32.0313,SteamVR Tracker (Waist),-0.5778136,0.7613769,1.227261,-0.498087,0.4943045,0.5016498,0.5058854
1751960845808,32.08757,SteamVR Tracker (Right Foot),0.5767372,0.0402658,-0.02089363,-0.3393946,0.6526164,0.4028564,0.544619
1751960845808,32.08757,SteamVR Tracker (Left Foot),0.5840377,0.01806426,0.2967169,-0.4141027,0.5406545,0.4328174,0.5906613
1751960845808,32.08757,SteamVR Tracker (Waist),-0.5779248,0.7614626,1.227409,-0.4981648,0.4942471,0.5015959,0.5059184
1751960845827,32.10894,SteamVR Tracker (Right Foot),0.5764503,0.03966618,-0.02157712,-0.3435486,0.6529331,0.4003708,0.5434667
1751960845827,32.10894,SteamVR Tracker (Left Foot),0.5841733,0.01773047,0.2962651,-0.4138015,0.5412561,0.4310025,0.5916478
1751960845828,32.10894,SteamVR Tracker (Waist),-0.5780704,0.7615144,1.227276,-0.4982644,0.4941889,0.5015556,0.5059168
1751960845860,32.14053,SteamVR Tracker (Right Foot),0.576333,0.03926492,-0.02102798,-0.3441762,0.6515658,0.4014764,0.5438948
1751960845860,32.14053,SteamVR Tracker (Left Foot),0.584355,0.01786232,0.2964718,-0.4131941,0.5419543,0.4305416,0.5917687
1751960845861,32.14053,SteamVR Tracker (Waist),-0.577862,0.7614633,1.227231,-0.4982383,0.4941635,0.5015287,0.5059941
1751960845893,32.17502,SteamVR Tracker (Right Foot),0.5767534,0.03889465,-0.02084559,-0.3397943,0.6517807,0.4009241,0.5467921
1751960845894,32.17502,SteamVR Tracker (Left Foot),0.5844738,0.01790428,0.2962795,-0.4121108,0.5429285,0.4296604,0.5922714
1751960845894,32.17502,SteamVR Tracker (Waist),-0.5778489,0.7614738,1.227279,-0.4982503,0.4941057,0.5016177,0.5059505
1751960845931,32.20935,SteamVR Tracker (Right Foot),0.5773073,0.03839278,-0.02065766,-0.3375316,0.6526874,0.3983156,0.549014
1751960845931,32.20935,SteamVR Tracker (Left Foot),0.5842987,0.01784849,0.2960065,-0.4118429,0.5436236,0.4293125,0.5920723
1751960845931,32.20935,SteamVR Tracker (Waist),-0.5778456,0.7613913,1.227385,-0.4981957,0.4941167,0.5015978,0.5060133
1751960845991,32.26972,SteamVR Tracker (Right Foot),0.5772209,0.03863311,-0.02075356,-0.338809,0.6524893,0.3994877,0.5476092
1751960845991,32.26972,SteamVR Tracker (Left Foot),0.5844356,0.01818371,0.2962776,-0.4117836,0.5435503,0.4297651,0.5918525
1751960845991,32.26972,SteamVR Tracker (Waist),-0.5778804,0.7613739,1.227453,-0.4981328,0.4941017,0.5016668,0.5060213
1751960846015,32.29692,SteamVR Tracker (Right Foot),0.5771596,0.03837419,-0.02099395,-0.3398218,0.652502,0.3994571,0.5469885
1751960846015,32.29692,SteamVR Tracker (Left Foot),0.5841923,0.01829481,0.2963188,-0.411683,0.5438111,0.4299609,0.5915405
1751960846015,32.29692,SteamVR Tracker (Waist),-0.5779001,0.7614703,1.227286,-0.4980918,0.4942201,0.5017261,0.5058873
1751960846050,32.32999,SteamVR Tracker (Right Foot),0.5768992,0.03847456,-0.02099186,-0.3407329,0.6521036,0.4001828,0.546366
1751960846050,32.32999,SteamVR Tracker (Left Foot),0.5840688,0.01848292,0.2965632,-0.4123073,0.5431985,0.431128,0.5908187
1751960846050,32.32999,SteamVR Tracker (Waist),-0.5780187,0.7614338,1.227307,-0.4980192,0.4942426,0.5017333,0.5059297
1751960846083,32.36292,SteamVR Tracker (Right Foot),0.5770882,0.0385704,-0.02118212,-0.3415977,0.6520587,0.4002968,0.5457957
1751960846083,32.36292,SteamVR Tracker (Left Foot),0.5840639,0.01838088,0.2965233,-0.4119661,0.5429445,0.4314251,0.5910733
1751960846083,32.36292,SteamVR Tracker (Waist),-0.5777994,0.761227,1.227351,-0.497971,0.4942911,0.5017146,0.5059483
1751960846145,32.42427,SteamVR Tracker (Right Foot),0.5766771,0.03895593,-0.02128834,-0.3426749,0.651541,0.4015163,0.5448422
1751960846145,32.42427,SteamVR Tracker (Left Foot),0.5840113,0.01857567,0.2967188,-0.4121855,0.542267,0.4317194,0.5913274
1751960846145,32.42427,SteamVR Tracker (Waist),-0.5778288,0.7614235,1.227317,-0.4981015,0.4942662,0.5017545,0.5058045
1751960846162,32.44271,SteamVR Tracker (Right Foot),0.5764109,0.03895259,-0.02117229,-0.3436663,0.6510951,0.4026273,0.5439301
1751960846162,32.44271,SteamVR Tracker (Left Foot),0.583957,0.01875329,0.297104,-0.4120691,0.5414786,0.4327578,0.5913718
1751960846162,32.44271,SteamVR Tracker (Waist),-0.5779053,0.7614608,1.227314,-0.4981524,0.4942133,0.501752,0.5058087
1751960846186,32.46844,SteamVR Tracker (Right Foot),0.5764081,0.03901792,-0.02102262,-0.3434576,0.6511001,0.403013,0.5437703
1751960846187,32.46844,SteamVR Tracker (Left Foot),0.5840727,0.01867223,0.2972557,-0.4116477,0.5412964,0.4329293,0.5917065
1751960846187,32.46844,SteamVR Tracker (Waist),-0.5779178,0.7615471,1.227312,-0.49817,0.4941598,0.501696,0.5058991
1751960846226,32.50655,SteamVR Tracker (Right Foot),0.5765259,0.03877783,-0.02113658,-0.3431125,0.6509649,0.4033892,0.5438712
1751960846226,32.50655,SteamVR Tracker (Left Foot),0.5838664,0.01829147,0.2971424,-0.4118228,0.541061,0.4327742,0.5919135
1751960846226,32.50655,SteamVR Tracker (Waist),-0.5777807,0.7613214,1.227249,-0.4981329,0.4942708,0.5016798,0.5058433
1751960846272,32.55165,SteamVR Tracker (Right Foot),0.5765026,0.03865194,-0.02069211,-0.3417207,0.6506599,0.4045753,0.5442312
1751960846272,32.55165,SteamVR Tracker (Left Foot),0.5842512,0.01841998,0.2972752,-0.4114595,0.5402703,0.4322493,0.5932704
1751960846273,32.55165,SteamVR Tracker (Waist),-0.5779827,0.7615707,1.227324,-0.4982805,0.494182,0.5015904,0.5058734
1751960846350,32.62796,SteamVR Tracker (Right Foot),0.5767084,0.03872943,-0.02060956,-0.3415013,0.6506351,0.4046375,0.5443523
1751960846350,32.62796,SteamVR Tracker (Left Foot),0.5845045,0.01828313,0.2973897,-0.4116746,0.5394204,0.431883,0.5941605
1751960846350,32.62796,SteamVR Tracker (Waist),-0.5778091,0.7615067,1.227372,-0.4981572,0.4942068,0.5016561,0.5059053
1751960846377,32.65849,SteamVR Tracker (Right Foot),0.5767728,0.03831768,-0.02050096,-0.3401703,0.6508068,0.4048767,0.5448023
1751960846377,32.65849,SteamVR Tracker (Left Foot),0.5845244,0.01823378,0.2974755,-0.411505,0.5386643,0.4319616,0.5949065
1751960846377,32.65849,SteamVR Tracker (Waist),-0.5778682,0.7614081,1.22726,-0.4981865,0.4942569,0.5015292,0.5059535
1751960846419,32.69986,SteamVR Tracker (Right Foot),0.5769655,0.0386765,-0.02050799,-0.3402946,0.6507307,0.4049659,0.5447492
1751960846419,32.69986,SteamVR Tracker (Left Foot),0.5846174,0.01796913,0.2975407,-0.4111944,0.5382038,0.4319403,0.595553
1751960846419,32.69986,SteamVR Tracker (Waist),-0.577925,0.7614429,1.227382,-0.4981165,0.4941596,0.5016901,0.5059579
1751960846469,32.7482,SteamVR Tracker (Right Foot),0.5768776,0.03859138,-0.02053356,-0.3397332,0.6509885,0.4047451,0.5449558
1751960846469,32.7482,SteamVR Tracker (Left Foot),0.5849903,0.01769638,0.297523,-0.4103727,0.5382026,0.4305328,0.597138
1751960846469,32.7482,SteamVR Tracker (Waist),-0.5779769,0.7612222,1.227268,-0.4981307,0.4941595,0.5015863,0.5060468
1751960846538,32.81585,SteamVR Tracker (Right Foot),0.5771021,0.038342,-0.02041113,-0.3390248,0.6507966,0.4052988,0.5452146
1751960846538,32.81585,SteamVR Tracker (Left Foot),0.5849997,0.0176363,0.2974086,-0.4115436,0.5376229,0.4304952,0.5968814
1751960846538,32.81585,SteamVR Tracker (Waist),-0.5778081,0.7612512,1.227396,-0.4981306,0.4940825,0.5015275,0.5061803
1751960846563,32.84498,SteamVR Tracker (Right Foot),0.5772007,0.03847361,-0.02026886,-0.3383678,0.6508343,0.4055289,0.5454066
1751960846564,32.84498,SteamVR Tracker (Left Foot),0.5850562,0.01735997,0.2971459,-0.4123605,0.537231,0.4303045,0.596808
1751960846564,32.84498,SteamVR Tracker (Waist),-0.5778263,0.7613868,1.227288,-0.4981526,0.4941302,0.5015028,0.5061367
1751960846606,32.88639,SteamVR Tracker (Right Foot),0.577078,0.03851104,-0.01997745,-0.3382605,0.6504339,0.4060664,0.5455508
1751960846606,32.88639,SteamVR Tracker (Left Foot),0.5851846,0.01754117,0.2971398,-0.4127737,0.5370155,0.4301346,0.5968388
1751960846606,32.88639,SteamVR Tracker (Waist),-0.5779431,0.7612871,1.227401,-0.4981013,0.4941183,0.5016459,0.506057
1751960846658,32.93694,SteamVR Tracker (Right Foot),0.5771226,0.03860521,-0.02001727,-0.3372934,0.6504356,0.4064953,0.545828
1751960846658,32.93694,SteamVR Tracker (Left Foot),0.5849348,0.01755238,0.2970825,-0.4128008,0.5371099,0.4301358,0.5967343
1751960846658,32.93694,SteamVR Tracker (Waist),-0.5779959,0.7613362,1.227374,-0.4981267,0.4941148,0.5014982,0.5061817
1751960846725,33.00351,SteamVR Tracker (Right Foot),0.5774093,0.03845167,-0.01998252,-0.3375138,0.6503147,0.4065667,0.5457828
1751960846726,33.00351,SteamVR Tracker (Left Foot),0.5851803,0.01726198,0.2972931,-0.4125777,0.5371269,0.4298707,0.5970641
1751960846726,33.00351,SteamVR Tracker (Waist),-0.5775986,0.761307,1.227465,-0.4980915,0.4942124,0.5014868,0.5061323
1751960846755,33.03598,SteamVR Tracker (Right Foot),0.5771669,0.03844118,-0.02009386,-0.337283,0.6505581,0.406288,0.5458429
1751960846755,33.03598,SteamVR Tracker (Left Foot),0.5853004,0.01740885,0.2973676,-0.4123859,0.5371928,0.4294064,0.5974713
1751960846755,33.03598,SteamVR Tracker (Waist),-0.577875,0.7614601,1.227371,-0.4981227,0.4943001,0.5014656,0.5060371
1751960846796,33.07681,SteamVR Tracker (Right Foot),0.577412,0.03830028,-0.02003455,-0.3370295,0.6507759,0.4060909,0.5458865
1751960846796,33.07681,SteamVR Tracker (Left Foot),0.5855577,0.01746035,0.2974399,-0.4120091,0.5373046,0.4288162,0.5980542
1751960846796,33.07681,SteamVR Tracker (Waist),-0.5777951,0.7613111,1.227462,-0.4980935,0.4944838,0.5014752,0.5058768
1751960846842,33.12129,SteamVR Tracker (Right Foot),0.5774671,0.03845525,-0.01990801,-0.3367518,0.6507735,0.4063409,0.5458747
1751960846842,33.12129,SteamVR Tracker (Left Foot),0.5854961,0.01730657,0.2970347,-0.4119133,0.5373316,0.4281135,0.5985993
1751960846842,33.12129,SteamVR Tracker (Waist),-0.5778853,0.7612318,1.227379,-0.4980343,0.4944719,0.5014927,0.5059293
1751960846928,33.20601,SteamVR Tracker (Right Foot),0.5775164,0.03837729,-0.0199737,-0.3364218,0.651205,0.4057116,0.5460315
1751960846929,33.20601,SteamVR Tracker (Left Foot),0.585896,0.0170753,0.2971415,-0.4112175,0.5376649,0.4270192,0.5995592
1751960846929,33.20601,SteamVR Tracker (Waist),-0.5778593,0.7613013,1.227507,-0.4980939,0.4943774,0.5014853,0.5059703
1751960846950,33.22961,SteamVR Tracker (Right Foot),0.5773405,0.03823829,-0.01984465,-0.3362925,0.6513565,0.4055884,0.5460222
1751960846950,33.22961,SteamVR Tracker (Left Foot),0.5859427,0.01708198,0.2971331,-0.4110511,0.5377145,0.426324,0.6001234
1751960846950,33.22961,SteamVR Tracker (Waist),-0.5780312,0.7614664,1.227375,-0.4981442,0.494299,0.5014999,0.5059831
1751960846973,33.25469,SteamVR Tracker (Right Foot),0.5774691,0.0382638,-0.02011722,-0.3364103,0.6511804,0.4057718,0.5460232
1751960846973,33.25469,SteamVR Tracker (Left Foot),0.5858885,0.01700115,0.2968732,-0.4112082,0.5377614,0.426173,0.6000809
1751960846973,33.25469,SteamVR Tracker (Waist),-0.5778235,0.7614384,1.227325,-0.4982493,0.4942216,0.5014734,0.5059813
1751960847010,33.29036,SteamVR Tracker (Right Foot),0.5773312,0.03825307,-0.01978821,-0.3367133,0.6511047,0.4059144,0.5458208
1751960847010,33.29036,SteamVR Tracker (Left Foot),0.5858454,0.0170095,0.2969522,-0.4114908,0.5375988,0.4264925,0.5998059
1751960847010,33.29036,SteamVR Tracker (Waist),-0.5778379,0.7615701,1.227306,-0.4982054,0.4941645,0.5015947,0.5059602
1751960847074,33.35391,SteamVR Tracker (Right Foot),0.5775225,0.03820992,-0.01997262,-0.3364571,0.6513261,0.4055678,0.5459723
1751960847074,33.35391,SteamVR Tracker (Left Foot),0.5859599,0.01696563,0.2971718,-0.411117,0.5377418,0.4262277,0.6001222
1751960847074,33.35391,SteamVR Tracker (Waist),-0.5779104,0.761434,1.227413,-0.4982586,0.4940917,0.5015736,0.5059998
1751960847102,33.38189,SteamVR Tracker (Right Foot),0.5776955,0.03841567,-0.02006644,-0.3365125,0.6514496,0.4054436,0.545883
1751960847102,33.38189,SteamVR Tracker (Left Foot),0.5858783,0.01697087,0.2969726,-0.4109728,0.5378429,0.425876,0.6003798
1751960847102,33.38189,SteamVR Tracker (Waist),-0.5778377,0.7611146,1.227437,-0.4983013,0.4941032,0.5016027,0.5059176
1751960847141,33.42238,SteamVR Tracker (Right Foot),0.5772542,0.03822541,-0.02016401,-0.3365989,0.6513955,0.4055577,0.5458096
1751960847141,33.42238,SteamVR Tracker (Left Foot),0.5859829,0.01710987,0.2970288,-0.4109973,0.537785,0.4258591,0.6004271
1751960847141,33.42238,SteamVR Tracker (Waist),-0.5779028,0.7614042,1.227499,-0.4982361,0.494141,0.5017117,0.5058369
1751960847186,33.4664,SteamVR Tracker (Right Foot),0.5775297,0.03845882,-0.02020854,-0.3367318,0.6512687,0.4056435,0.5458152
1751960847186,33.4664,SteamVR Tracker (Left Foot),0.586058,0.01724434,0.2969185,-0.4110241,0.5378466,0.4260528,0.6002161
1751960847186,33.4664,SteamVR Tracker (Waist),-0.5777473,0.7614582,1.227508,-0.4981371,0.4941785,0.5016262,0.5059824
1751960847258,33.53814,SteamVR Tracker (Right Foot),0.5774837,0.0382781,-0.020006,-0.3369307,0.6509933,0.405946,0.5457961
1751960847258,33.53814,SteamVR Tracker (Left Foot),0.5858667,0.01708388,0.2970651,-0.4113872,0.5376058,0.4264514,0.5998999
1751960847259,33.53814,SteamVR Tracker (Waist),-0.5778297,0.7612904,1.227452,-0.4979746,0.4943766,0.5015865,0.5059883
1751960847290,33.57023,SteamVR Tracker (Right Foot),0.5772991,0.03840542,-0.02009439,-0.3372087,0.6506909,0.4063196,0.5457069
1751960847290,33.57023,SteamVR Tracker (Left Foot),0.5856888,0.01716328,0.2969176,-0.4117488,0.5374938,0.4266088,0.5996402
1751960847290,33.57023,SteamVR Tracker (Waist),-0.5778672,0.7612963,1.227313,-0.4980018,0.4943904,0.5015332,0.5060009
1751960847334,33.61447,SteamVR Tracker (Right Foot),0.5771654,0.03839946,-0.0200761,-0.337253,0.6508083,0.4062694,0.5455769
1751960847334,33.61447,SteamVR Tracker (Left Foot),0.5859371,0.01718426,0.2970177,-0.4113185,0.5378054,0.4263372,0.5998492
1751960847334,33.61447,SteamVR Tracker (Waist),-0.5780344,0.7616156,1.227406,-0.4980755,0.494254,0.5015702,0.506025
1751960847376,33.65673,SteamVR Tracker (Right Foot),0.577153,0.03859591,-0.02023166,-0.3374496,0.6510027,0.4057675,0.545597
1751960847376,33.65673,SteamVR Tracker (Left Foot),0.5859239,0.01726699,0.2971916,-0.4111681,0.5376391,0.4262423,0.6001688
1751960847376,33.65673,SteamVR Tracker (Waist),-0.577799,0.761516,1.22741,-0.4980594,0.4942282,0.5016847,0.5059525
1751960847457,33.73473,SteamVR Tracker (Right Foot),0.5774654,0.03854132,-0.02039969,-0.3374524,0.6512932,0.4054165,0.5455094
1751960847458,33.73473,SteamVR Tracker (Left Foot),0.5861473,0.01717305,0.2969512,-0.4107014,0.5378339,0.4258681,0.6005792
1751960847458,33.73473,SteamVR Tracker (Waist),-0.5777133,0.7611972,1.227401,-0.498126,0.494247,0.5016289,0.5059238
1751960847507,33.78623,SteamVR Tracker (Right Foot),0.577321,0.03846073,-0.0202142,-0.3369036,0.6517073,0.4048055,0.5458078
1751960847507,33.78623,SteamVR Tracker (Left Foot),0.5860888,0.0170753,0.2970852,-0.4099267,0.5381175,0.4255478,0.6010814
1751960847509,33.78623,SteamVR Tracker (Waist),-0.5780375,0.7616369,1.227414,-0.498227,0.4941312,0.5017024,0.5058646
1751960847533,33.81345,SteamVR Tracker (Right Foot),0.5775198,0.03848267,-0.02040732,-0.3369351,0.6517763,0.4047953,0.5457135
1751960847533,33.81345,SteamVR Tracker (Left Foot),0.5860609,0.01714349,0.2971075,-0.4100689,0.5380344,0.4257365,0.6009251
1751960847533,33.81345,SteamVR Tracker (Waist),-0.5780026,0.7617357,1.227279,-0.4982627,0.4941618,0.5017354,0.5057668
1751960847596,33.87487,SteamVR Tracker (Right Foot),0.5773973,0.03840327,-0.02033561,-0.3367762,0.6521242,0.4044522,0.5456504
1751960847596,33.87487,SteamVR Tracker (Left Foot),0.5860635,0.01715302,0.2970509,-0.4099269,0.5380962,0.4254662,0.601158
1751960847596,33.87487,SteamVR Tracker (Waist),-0.5779607,0.7614202,1.227272,-0.4982369,0.4941347,0.5017685,0.5057859
1751960847627,33.90664,SteamVR Tracker (Right Foot),0.577463,0.03860259,-0.0203228,-0.3366192,0.6524773,0.4038999,0.5457342
1751960847627,33.90664,SteamVR Tracker (Left Foot),0.5860568,0.01713681,0.2972927,-0.4097375,0.5380525,0.42567,0.601182
1751960847627,33.90664,SteamVR Tracker (Waist),-0.5777743,0.7613841,1.227495,-0.4982251,0.4941003,0.5017484,0.505851
1751960847666,33.94585,SteamVR Tracker (Right Foot),0.5773118,0.03850865,-0.02027971,-0.3364014,0.6525161,0.4038197,0.5458814
1751960847666,33.94585,SteamVR Tracker (Left Foot),0.5862145,0.01716995,0.2973633,-0.409185,0.5383602,0.4253935,0.6014784
1751960847666,33.94585,SteamVR Tracker (Waist),-0.5778995,0.7616323,1.227324,-0.4982843,0.4942389,0.5017281,0.5056774
1751960847710,33.99096,SteamVR Tracker (Right Foot),0.5775603,0.03827095,-0.02028435,-0.336266,0.652655,0.4038629,0.5457668
1751960847710,33.99096,SteamVR Tracker (Left Foot),0.586193,0.01712847,0.2973995,-0.4093058,0.5383133,0.4252185,0.6015621
1751960847710,33.99096,SteamVR Tracker (Waist),-0.5779394,0.7614834,1.227112,-0.4982051,0.4941203,0.5017598,0.5058399
1751960847776,34.05616,SteamVR Tracker (Right Foot),0.5774726,0.0384891,-0.02026296,-0.3362803,0.652589,0.403941,0.5457791
1751960847776,34.05616,SteamVR Tracker (Left Foot),0.586206,0.01700044,0.2971682,-0.409279,0.5381421,0.4249689,0.6019097
1751960847776,34.05616,SteamVR Tracker (Waist),-0.5779246,0.7614406,1.2273,-0.4982207,0.4941871,0.5017301,0.5057887
1751960847801,34.08136,SteamVR Tracker (Right Foot),0.5774255,0.03832626,-0.02023184,-0.3361963,0.6526845,0.4037721,0.5458417
1751960847802,34.08136,SteamVR Tracker (Left Foot),0.5861523,0.01729012,0.2972537,-0.4095019,0.5380015,0.4250124,0.601853
1751960847802,34.08136,SteamVR Tracker (Waist),-0.5780125,0.7614959,1.227411,-0.4982869,0.4942568,0.5016902,0.505695
1751960847845,34.12512,SteamVR Tracker (Right Foot),0.5776963,0.0385046,-0.02044713,-0.3359541,0.6529149,0.4034616,0.5459449
1751960847845,34.12512,SteamVR Tracker (Left Foot),0.5864786,0.01715875,0.2971812,-0.409249,0.5382981,0.4246389,0.6020234
1751960847845,34.12512,SteamVR Tracker (Waist),-0.5777864,0.7611367,1.227297,-0.4981926,0.4942252,0.5016754,0.5058334
1751960847888,34.16767,SteamVR Tracker (Right Foot),0.5775455,0.0387001,-0.02037305,-0.3361071,0.6530434,0.403341,0.5457861
1751960847888,34.16767,SteamVR Tracker (Left Foot),0.5863301,0.01700664,0.2972004,-0.409296,0.5382831,0.4246216,0.6020172
1751960847888,34.16767,SteamVR Tracker (Waist),-0.5779527,0.7612956,1.227384,-0.4982527,0.4942428,0.5016879,0.5057446
1751960847957,34.23693,SteamVR Tracker (Right Foot),0.5776355,0.03868794,-0.02039897,-0.3360716,0.6529219,0.4035805,0.5457764
1751960847959,34.23693,SteamVR Tracker (Left Foot),0.5863144,0.01702595,0.2971396,-0.4095963,0.5381973,0.424658,0.6018639
1751960847959,34.23693,SteamVR Tracker (Waist),-0.577661,0.7613088,1.227455,-0.4981549,0.4942029,0.501657,0.5059106
1751960847996,34.27493,SteamVR Tracker (Right Foot),0.5777389,0.03865838,-0.02041012,-0.3362202,0.652996,0.4034843,0.5456671
1751960847996,34.27493,SteamVR Tracker (Left Foot),0.5862342,0.01712108,0.2971832,-0.4100229,0.5379621,0.4247922,0.601689
1751960847996,34.27493,SteamVR Tracker (Waist),-0.577975,0.7612514,1.22747,-0.4981399,0.4942529,0.5016929,0.5058408
1751960848034,34.31462,SteamVR Tracker (Right Foot),0.5776123,0.03864217,-0.02054238,-0.3362406,0.6530006,0.4034421,0.5456802
1751960848035,34.31462,SteamVR Tracker (Left Foot),0.5863758,0.01697302,0.2969285,-0.4098596,0.538114,0.4243738,0.6019596
1751960848035,34.31462,SteamVR Tracker (Waist),-0.5779316,0.7613087,1.22727,-0.4980707,0.4942461,0.5016612,0.505947
1751960848079,34.35921,SteamVR Tracker (Right Foot),0.577759,0.03867888,-0.0203613,-0.3360331,0.6530272,0.4034418,0.5457765
1751960848079,34.35921,SteamVR Tracker (Left Foot),0.5862639,0.01701736,0.2972117,-0.4097664,0.538138,0.4243807,0.6019967
1751960848079,34.35921,SteamVR Tracker (Waist),-0.5777506,0.7611283,1.22741,-0.4980467,0.4942831,0.5017232,0.5058731
1751960848156,34.43275,SteamVR Tracker (Right Foot),0.5777082,0.03871012,-0.02043188,-0.3359805,0.6531116,0.403256,0.5458453
1751960848156,34.43275,SteamVR Tracker (Left Foot),0.5863578,0.01698136,0.2971613,-0.4099031,0.5380152,0.4244487,0.6019655
1751960848156,34.43275,SteamVR Tracker (Waist),-0.5778755,0.7613373,1.227319,-0.4979944,0.4943382,0.5017382,0.5058559
1751960848195,34.47446,SteamVR Tracker (Right Foot),0.5777829,0.03858376,-0.02042931,-0.3358072,0.65321,0.4033336,0.5457768
1751960848195,34.47446,SteamVR Tracker (Left Foot),0.5863094,0.01704407,0.2971138,-0.4099178,0.5381545,0.4243479,0.6019019
1751960848195,34.47446,SteamVR Tracker (Waist),-0.5778344,0.7612313,1.227457,-0.4981081,0.4943058,0.5017475,0.5057663
1751960848234,34.51462,SteamVR Tracker (Right Foot),0.5776182,0.03862309,-0.02048266,-0.3356592,0.6532811,0.403097,0.5459575
1751960848234,34.51462,SteamVR Tracker (Left Foot),0.5863928,0.01717591,0.2971787,-0.4098926,0.5381386,0.4240582,0.6021375
1751960848234,34.51462,SteamVR Tracker (Waist),-0.5779295,0.7614126,1.22741,-0.4982281,0.4943246,0.5015931,0.505783
1751960848303,34.58088,SteamVR Tracker (Right Foot),0.5777003,0.03853106,-0.02043724,-0.3356076,0.6536001,0.4027375,0.5458726
1751960848304,34.58088,SteamVR Tracker (Left Foot),0.5863769,0.01699495,0.2971159,-0.4095508,0.5381934,0.4239262,0.6024139
1751960848304,34.58088,SteamVR Tracker (Waist),-0.5779136,0.7615254,1.227197,-0.4981615,0.4944571,0.5015348,0.5057768
1751960848332,34.61344,SteamVR Tracker (Right Foot),0.5781133,0.03860068,-0.02041852,-0.3354998,0.6535945,0.402699,0.545974
1751960848332,34.61344,SteamVR Tracker (Left Foot),0.5864165,0.0170598,0.2972684,-0.4093488,0.5383603,0.4238279,0.6024714
1751960848332,34.61344,SteamVR Tracker (Waist),-0.5776945,0.7612559,1.227425,-0.4980293,0.4944831,0.5015288,0.5058874
1751960848371,34.65328,SteamVR Tracker (Right Foot),0.5778153,0.03848767,-0.02045518,-0.3353896,0.6536198,0.4025519,0.54612
1751960848371,34.65328,SteamVR Tracker (Left Foot),0.5863973,0.0169487,0.2970999,-0.409317,0.5382988,0.4235295,0.6027576
1751960848371,34.65328,SteamVR Tracker (Waist),-0.5778394,0.7613221,1.227399,-0.4980451,0.4944974,0.5016305,0.5057572
1751960848419,34.6996,SteamVR Tracker (Right Foot),0.5778728,0.03851032,-0.02059817,-0.3355012,0.6539009,0.4023691,0.5458496
1751960848419,34.6996,SteamVR Tracker (Left Foot),0.5867276,0.01697588,0.2970062,-0.4085114,0.5384858,0.422988,0.6035169
1751960848419,34.6996,SteamVR Tracker (Waist),-0.5778556,0.7612878,1.227392,-0.4981079,0.4945406,0.5015416,0.5057414
1751960848493,34.77085,SteamVR Tracker (Right Foot),0.57784,0.03856421,-0.02055162,-0.335391,0.6541008,0.4019891,0.5459577
1751960848494,34.77085,SteamVR Tracker (Left Foot),0.5868129,0.01714206,0.2972031,-0.4083981,0.5385612,0.4229066,0.6035835
1751960848494,34.77085,SteamVR Tracker (Waist),-0.5777818,0.7614603,1.227442,-0.4981056,0.4944274,0.5015376,0.5058581
1751960848526,34.8048,SteamVR Tracker (Right Foot),0.5777137,0.03854442,-0.02067691,-0.3355894,0.6541967,0.401721,0.5459182
1751960848526,34.8048,SteamVR Tracker (Left Foot),0.5866706,0.01708412,0.2971051,-0.4081429,0.5386583,0.4227976,0.6037456
1751960848526,34.8048,SteamVR Tracker (Waist),-0.5778928,0.7613455,1.227263,-0.4981416,0.4944017,0.5015922,0.5057938
1751960848568,34.84693,SteamVR Tracker (Right Foot),0.5780511,0.03874397,-0.02067882,-0.3352782,0.6545865,0.4013244,0.545934
1751960848568,34.84693,SteamVR Tracker (Left Foot),0.5868028,0.01703906,0.2971498,-0.4079914,0.5385716,0.4227937,0.6039281
1751960848568,34.84693,SteamVR Tracker (Waist),-0.5778553,0.7612749,1.227392,-0.4981804,0.4943542,0.501474,0.5059191
1751960848610,34.89006,SteamVR Tracker (Right Foot),0.5779833,0.0386703,-0.02070177,-0.3354243,0.6547244,0.4010079,0.5459114
1751960848610,34.89006,SteamVR Tracker (Left Foot),0.5868416,0.01692247,0.2972238,-0.407556,0.538693,0.4223614,0.6044161
1751960848610,34.89006,SteamVR Tracker (Waist),-0.5776212,0.7612529,1.227446,-0.4982402,0.4942445,0.5014941,0.5059475
1751960848681,34.95968,SteamVR Tracker (Right Foot),0.5780182,0.03855276,-0.02084476,-0.3351955,0.6549356,0.4007501,0.5459879
1751960848681,34.95968,SteamVR Tracker (Left Foot),0.5869888,0.01692557,0.2971506,-0.4069907,0.5385837,0.4222999,0.6049373
1751960848681,34.95968,SteamVR Tracker (Waist),-0.5777819,0.7613577,1.227267,-0.4981628,0.4944268,0.5015044,0.5058353
1751960848716,34.99496,SteamVR Tracker (Right Foot),0.578214,0.038378,-0.0206179,-0.3350087,0.655264,0.4002883,0.5460471
1751960848716,34.99496,SteamVR Tracker (Left Foot),0.5871662,0.01694465,0.2974784,-0.4060858,0.5384215,0.4221064,0.6058241
1751960848716,34.99496,SteamVR Tracker (Waist),-0.5777328,0.7612847,1.227434,-0.4981282,0.4943957,0.5014796,0.5059244
1751960848752,35.03289,SteamVR Tracker (Right Foot),0.5780888,0.03834939,-0.02068973,-0.3349102,0.6554605,0.3999366,0.5461296
1751960848752,35.03289,SteamVR Tracker (Left Foot),0.587236,0.01695871,0.2975098,-0.4055805,0.5384578,0.4219767,0.6062207
1751960848752,35.03289,SteamVR Tracker (Waist),-0.5779922,0.7613976,1.22746,-0.4981297,0.4944459,0.5014945,0.505859
1751960848798,35.07774,SteamVR Tracker (Right Foot),0.5782609,0.03846669,-0.02070588,-0.3349479,0.6553606,0.4001209,0.5460913
1751960848798,35.07774,SteamVR Tracker (Left Foot),0.5873013,0.01699424,0.2973948,-0.405708,0.538397,0.4219373,0.6062167
1751960848798,35.07774,SteamVR Tracker (Waist),-0.5777974,0.7614836,1.227378,-0.498144,0.4944002,0.5014223,0.5059612
1751960848871,35.14942,SteamVR Tracker (Right Foot),0.5780919,0.03841662,-0.02072608,-0.3348714,0.6553614,0.4001762,0.5460968
1751960848871,35.14942,SteamVR Tracker (Left Foot),0.5872496,0.01696992,0.2974161,-0.4064709,0.5383095,0.4221356,0.6056451
1751960848871,35.14942,SteamVR Tracker (Waist),-0.5778446,0.7613091,1.227336,-0.4981454,0.4944164,0.5014985,0.5058684
1751960848903,35.18328,SteamVR Tracker (Right Foot),0.5780119,0.03839326,-0.02074653,-0.3350106,0.6553208,0.400227,0.5460228
1751960848903,35.18328,SteamVR Tracker (Left Foot),0.5872377,0.01707816,0.2972254,-0.4067213,0.5381809,0.4220493,0.6056513
1751960848903,35.18328,SteamVR Tracker (Waist),-0.5777984,0.7612911,1.227244,-0.4981567,0.4943236,0.50147,0.5059762
1751960848943,35.22273,SteamVR Tracker (Right Foot),0.5780574,0.03836298,-0.02064133,-0.3350716,0.6552242,0.4002838,0.5460598
1751960848944,35.22273,SteamVR Tracker (Left Foot),0.5870024,0.01701641,0.2973364,-0.4069189,0.5383328,0.4220561,0.6053788
1751960848944,35.22273,SteamVR Tracker (Waist),-0.5778909,0.7614183,1.2274,-0.4982359,0.4943675,0.5015723,0.5057541
1751960848990,35.2696,SteamVR Tracker (Right Foot),0.5780029,0.03849554,-0.0206511,-0.3351565,0.6552317,0.4004749,0.5458584
1751960848990,35.2696,SteamVR Tracker (Left Foot),0.5869862,0.01706934,0.2971905,-0.4072683,0.5382832,0.4221214,0.6051422
1751960848990,35.2696,SteamVR Tracker (Waist),-0.5778642,0.7615391,1.227365,-0.4982032,0.494417,0.5015802,0.5057299
1751960849065,35.34085,SteamVR Tracker (Right Foot),0.5780795,0.03825569,-0.02048272,-0.3351397,0.6549702,0.4007802,0.5459585
1751960849065,35.34085,SteamVR Tracker (Left Foot),0.5872051,0.01699877,0.297444,-0.4070038,0.5384219,0.422217,0.6051302
1751960849065,35.34085,SteamVR Tracker (Waist),-0.5777566,0.7614118,1.227436,-0.4980821,0.4945438,0.5015864,0.5057192
1751960849079,35.36103,SteamVR Tracker (Right Foot),0.5780736,0.03838205,-0.02064478,-0.3352367,0.6549131,0.4008906,0.5458863
1751960849079,35.36103,SteamVR Tracker (Left Foot),0.5870214,0.01700306,0.2973291,-0.407234,0.538328,0.4222947,0.6050047
1751960849079,35.36103,SteamVR Tracker (Waist),-0.577796,0.7614955,1.227385,-0.4981216,0.4944065,0.5016035,0.5057976
1751960849110,35.39111,SteamVR Tracker (Right Foot),0.5781088,0.03820825,-0.02059877,-0.3351398,0.6548524,0.400959,0.5459684
1751960849110,35.39111,SteamVR Tracker (Left Foot),0.5869662,0.01712298,0.2974344,-0.4073386,0.5382771,0.4223577,0.6049355
1751960849110,35.39111,SteamVR Tracker (Waist),-0.5778475,0.7613475,1.227425,-0.49809,0.4944644,0.50161,0.5057655
1751960849144,35.4236,SteamVR Tracker (Right Foot),0.5777879,0.0383172,-0.0206058,-0.3352255,0.654861,0.4011591,0.5457585
1751960849144,35.4236,SteamVR Tracker (Left Foot),0.5868767,0.01712871,0.2973536,-0.4074538,0.538372,0.4224898,0.6046812
1751960849144,35.4236,SteamVR Tracker (Waist),-0.5779022,0.7615818,1.227314,-0.498063,0.4944187,0.5016905,0.505757
1751960849198,35.47857,SteamVR Tracker (Right Foot),0.5780901,0.03863025,-0.0207063,-0.3352458,0.6547014,0.4014113,0.5457522
1751960849198,35.47857,SteamVR Tracker (Left Foot),0.5869554,0.01712418,0.2972456,-0.4075284,0.5382596,0.4225379,0.6046975
1751960849198,35.47857,SteamVR Tracker (Waist),-0.5777149,0.7612734,1.227326,-0.4980682,0.4945152,0.5015807,0.5057665
1751960849211,35.49281,SteamVR Tracker (Right Foot),0.5780776,0.03862667,-0.02063066,-0.33515,0.6546143,0.4017174,0.5456903
1751960849211,35.49281,SteamVR Tracker (Left Foot),0.5869122,0.01706529,0.2972703,-0.4075713,0.5383955,0.4226363,0.6044788
1751960849211,35.49281,SteamVR Tracker (Waist),-0.5777607,0.761288,1.227408,-0.4980347,0.4945647,0.5015513,0.5057802
1751960849246,35.52711,SteamVR Tracker (Right Foot),0.577817,0.03851891,-0.02044857,-0.3351653,0.6543504,0.402245,0.5456086
1751960849246,35.52711,SteamVR Tracker (Left Foot),0.5868951,0.01708627,0.2972853,-0.4077887,0.5383151,0.422827,0.6042703
1751960849246,35.52711,SteamVR Tracker (Waist),-0.5778759,0.7615036,1.227334,-0.4980064,0.4945555,0.5016061,0.5057626
1751960849291,35.57172,SteamVR Tracker (Right Foot),0.5777994,0.03840089,-0.02049333,-0.3348657,0.6539112,0.4030209,0.5457466
1751960849291,35.57172,SteamVR Tracker (Left Foot),0.5867105,0.01702762,0.2971787,-0.4081123,0.5382829,0.4227977,0.6041009
1751960849291,35.57172,SteamVR Tracker (Waist),-0.5778211,0.7613717,1.227285,-0.4981011,0.4945001,0.501601,0.5057286
1751960849338,35.61885,SteamVR Tracker (Right Foot),0.5777265,0.03841448,-0.02050716,-0.3350744,0.6537253,0.4032139,0.5456987
1751960849338,35.61885,SteamVR Tracker (Left Foot),0.5867172,0.01709318,0.2972406,-0.4083614,0.5381465,0.4225412,0.6042336
1751960849338,35.61885,SteamVR Tracker (Waist),-0.577775,0.7613071,1.227376,-0.4980903,0.4944963,0.5016034,0.5057406
1751960849396,35.67646,SteamVR Tracker (Right Foot),0.5777724,0.03849387,-0.02037424,-0.3349179,0.6539312,0.4028637,0.5458066
1751960849396,35.67646,SteamVR Tracker (Left Foot),0.5868855,0.01727438,0.2972375,-0.4080225,0.5382961,0.4224703,0.6043789
1751960849396,35.67646,SteamVR Tracker (Waist),-0.5777887,0.7613513,1.22743,-0.4980781,0.4944268,0.5015838,0.5058401
1751960849418,35.6991,SteamVR Tracker (Right Foot),0.577642,0.03843737,-0.02043855,-0.3348179,0.6538947,0.4028867,0.5458947
1751960849418,35.6991,SteamVR Tracker (Left Foot),0.5869397,0.01734209,0.2973233,-0.408004,0.5383315,0.4224494,0.6043744
1751960849418,35.6991,SteamVR Tracker (Waist),-0.5779694,0.7614528,1.227382,-0.4981636,0.4943669,0.501582,0.5058161
1751960849450,35.7308,SteamVR Tracker (Right Foot),0.5778674,0.03846955,-0.02054292,-0.3347381,0.654067,0.4026811,0.5458889
1751960849450,35.7308,SteamVR Tracker (Left Foot),0.5868773,0.01725936,0.2972324,-0.4080341,0.5382458,0.4224831,0.6044069
1751960849450,35.7308,SteamVR Tracker (Waist),-0.5779146,0.761336,1.227428,-0.4981125,0.4944964,0.5015393,0.5057822
1751960849490,35.77106,SteamVR Tracker (Right Foot),0.5779378,0.03847528,-0.0204432,-0.3347259,0.6539986,0.4026497,0.5460016
1751960849490,35.77106,SteamVR Tracker (Left Foot),0.5868977,0.01720309,0.2971285,-0.4077719,0.5384017,0.422352,0.6045367
1751960849490,35.77106,SteamVR Tracker (Waist),-0.5779489,0.7614001,1.227341,-0.4980941,0.4944091,0.5015519,0.5058733
1751960849551,35.83015,SteamVR Tracker (Right Foot),0.5778298,0.0385344,-0.02034873,-0.3347178,0.6541195,0.4025323,0.5459483
1751960849551,35.83015,SteamVR Tracker (Left Foot),0.5869853,0.01711345,0.2973792,-0.4076477,0.5383082,0.4222426,0.60478
1751960849551,35.83015,SteamVR Tracker (Waist),-0.5779307,0.7614516,1.227421,-0.4980706,0.4944091,0.5016087,0.5058401
1751960849579,35.8591,SteamVR Tracker (Right Foot),0.5778337,0.03862357,-0.02048504,-0.3348413,0.654107,0.4024436,0.545953
1751960849579,35.8591,SteamVR Tracker (Left Foot),0.5869777,0.01704121,0.2972798,-0.4073093,0.5384216,0.4219441,0.6051153
1751960849579,35.8591,SteamVR Tracker (Waist),-0.5779126,0.7614112,1.227421,-0.498055,0.4943852,0.5016047,0.5058827
1751960849607,35.8867,SteamVR Tracker (Right Foot),0.5778427,0.03841496,-0.02049375,-0.3348709,0.6539133,0.4027392,0.5459488
1751960849607,35.8867,SteamVR Tracker (Left Foot),0.5869287,0.0170753,0.2972528,-0.407234,0.5384147,0.4219069,0.6051981
1751960849607,35.8867,SteamVR Tracker (Waist),-0.5778233,0.7612625,1.227459,-0.4980104,0.4945851,0.5015838,0.5057518
1751960849644,35.92436,SteamVR Tracker (Right Foot),0.5781214,0.0385251,-0.02050346,-0.3349303,0.6538492,0.4028497,0.5459076
1751960849644,35.92436,SteamVR Tracker (Left Foot),0.5868741,0.01721478,0.2973584,-0.4071688,0.5384422,0.4220091,0.6051463
1751960849644,35.92436,SteamVR Tracker (Waist),-0.5776724,0.7610596,1.227382,-0.4980151,0.4945063,0.5016204,0.505788
1751960849705,35.98471,SteamVR Tracker (Right Foot),0.5775501,0.03840876,-0.02043861,-0.3348612,0.6538829,0.4028003,0.5459461
1751960849705,35.98471,SteamVR Tracker (Left Foot),0.5868858,0.01716065,0.2972181,-0.4072605,0.5384264,0.4220214,0.6050901
1751960849705,35.98471,SteamVR Tracker (Waist),-0.5779507,0.7615479,1.22726,-0.4981042,0.4945385,0.5016095,0.5056795
1751960849730,36.01135,SteamVR Tracker (Right Foot),0.5775304,0.03870773,-0.02036554,-0.3349253,0.6538116,0.4028374,0.5459646
1751960849730,36.01135,SteamVR Tracker (Left Foot),0.5869099,0.01721621,0.2971389,-0.4073235,0.538368,0.4219931,0.6051192
1751960849730,36.01135,SteamVR Tracker (Waist),-0.577932,0.7617748,1.227297,-0.498133,0.4945183,0.5016131,0.5056674
1751960849757,36.03861,SteamVR Tracker (Right Foot),0.5776644,0.03847075,-0.02037412,-0.3348718,0.6539394,0.4027365,0.5459189
1751960849757,36.03861,SteamVR Tracker (Left Foot),0.5869907,0.01725793,0.2972795,-0.4072697,0.5384494,0.4221266,0.6049898
1751960849757,36.03861,SteamVR Tracker (Waist),-0.57802,0.7616435,1.227363,-0.4981309,0.4944849,0.5015635,0.5057513
1751960849793,36.07181,SteamVR Tracker (Right Foot),0.5778487,0.03852487,-0.02036971,-0.3348635,0.6538169,0.4029003,0.5459499
1751960849793,36.07181,SteamVR Tracker (Left Foot),0.5869485,0.0172267,0.2974443,-0.4073185,0.5383883,0.4221839,0.6049716
1751960849793,36.07181,SteamVR Tracker (Waist),-0.5779104,0.7612983,1.227411,-0.4981963,0.4943742,0.5016024,0.5057565
1751960849827,36.10683,SteamVR Tracker (Right Foot),0.5776992,0.03857899,-0.02042276,-0.3348009,0.6537949,0.4029083,0.5460088
1751960849827,36.10683,SteamVR Tracker (Left Foot),0.5867712,0.01732683,0.2972322,-0.407346,0.5384138,0.4222631,0.604875
1751960849827,36.10683,SteamVR Tracker (Waist),-0.5778897,0.7612805,1.227331,-0.4982092,0.494512,0.5015411,0.50567
1751960849886,36.16637,SteamVR Tracker (Right Foot),0.5778248,0.03846526,-0.02034897,-0.3347726,0.6537503,0.4030533,0.5459725
1751960849886,36.16637,SteamVR Tracker (Left Foot),0.5868801,0.01727676,0.297473,-0.407296,0.5384036,0.4222912,0.6048982
1751960849887,36.16637,SteamVR Tracker (Waist),-0.5777514,0.761188,1.227501,-0.4981188,0.4944541,0.5016053,0.5057518
1751960849900,36.18296,SteamVR Tracker (Right Foot),0.5779621,0.03844643,-0.02039015,-0.3346434,0.6537306,0.4031716,0.545988
1751960849900,36.18296,SteamVR Tracker (Left Foot),0.5867196,0.01726627,0.297367,-0.4073335,0.5384471,0.4223877,0.6047668
1751960849900,36.18296,SteamVR Tracker (Waist),-0.5778446,0.7609463,1.227285,-0.4981599,0.494496,0.5015768,0.5056987
1751960849930,36.21221,SteamVR Tracker (Right Foot),0.5776819,0.03833461,-0.02044165,-0.334663,0.6536896,0.4030815,0.5460916
1751960849930,36.21221,SteamVR Tracker (Left Foot),0.5866724,0.01739359,0.297093,-0.4073854,0.5385304,0.4222884,0.6047269
1751960849930,36.21221,SteamVR Tracker (Waist),-0.5780838,0.761358,1.227204,-0.498157,0.4945777,0.5016126,0.5055861
1751960849969,36.25079,SteamVR Tracker (Right Foot),0.5777378,0.03849578,-0.02026993,-0.3347169,0.6536979,0.4030375,0.5460811
1751960849969,36.25079,SteamVR Tracker (Left Foot),0.5868291,0.01730633,0.2972919,-0.407502,0.53833,0.4223924,0.6047543
1751960849969,36.25079,SteamVR Tracker (Waist),-0.57769,0.7613846,1.227425,-0.4981535,0.4945086,0.5016329,0.5056371
1751960850004,36.28376,SteamVR Tracker (Right Foot),0.5777859,0.03852439,-0.02049828,-0.3347478,0.6537502,0.403148,0.5459179
1751960850004,36.28376,SteamVR Tracker (Left Foot),0.5869956,0.01726818,0.2971373,-0.4075137,0.5383363,0.4224103,0.6047282
1751960850004,36.28376,SteamVR Tracker (Waist),-0.5780276,0.7614309,1.227396,-0.4980557,0.4945492,0.5015663,0.5057598
1751960850068,36.34753,SteamVR Tracker (Right Foot),0.5776875,0.03841877,-0.02048498,-0.3348059,0.6537209,0.4030698,0.5459751
1751960850069,36.34753,SteamVR Tracker (Left Foot),0.5868989,0.0172565,0.2972581,-0.407353,0.5383252,0.422401,0.6048527
1751960850069,36.34753,SteamVR Tracker (Waist),-0.5779942,0.7614696,1.227295,-0.4980909,0.4944698,0.5016059,0.5057635
1751960850092,36.37262,SteamVR Tracker (Right Foot),0.5777223,0.03851819,-0.02042204,-0.3348271,0.6537737,0.402877,0.5460411
1751960850092,36.37262,SteamVR Tracker (Left Foot),0.5869255,0.01728868,0.2973275,-0.4072897,0.5382844,0.4223548,0.6049641
1751960850092,36.37262,SteamVR Tracker (Waist),-0.5778896,0.7613453,1.227407,-0.4980548,0.4944998,0.5016337,0.5057421
1751960850138,36.41738,SteamVR Tracker (Right Foot),0.5779836,0.03862953,-0.02038461,-0.3347681,0.6538811,0.4026414,0.5461224
1751960850138,36.41738,SteamVR Tracker (Left Foot),0.5869312,0.01742101,0.2973081,-0.4072238,0.5384592,0.4221307,0.6050093
1751960850138,36.41738,SteamVR Tracker (Waist),-0.5778098,0.761205,1.227378,-0.4980891,0.4943964,0.5016879,0.5057555
1751960850182,36.46118,SteamVR Tracker (Right Foot),0.5778543,0.03855848,-0.0203476,-0.33476,0.6540331,0.402568,0.5459996
1751960850182,36.46118,SteamVR Tracker (Left Foot),0.5866778,0.01733494,0.2973961,-0.407414,0.5384408,0.4222369,0.6048235
1751960850182,36.46118,SteamVR Tracker (Waist),-0.5779861,0.7614034,1.227393,-0.4982461,0.4943138,0.5015754,0.5057933
1751960850237,36.51736,SteamVR Tracker (Right Foot),0.5779068,0.03827071,-0.02046019,-0.3348181,0.6540962,0.4024029,0.54601
1751960850237,36.51736,SteamVR Tracker (Left Foot),0.5869723,0.01741648,0.2974434,-0.4074287,0.5384705,0.4221293,0.6048622
1751960850237,36.51736,SteamVR Tracker (Waist),-0.5778679,0.7614338,1.227416,-0.4981384,0.4944074,0.5015818,0.5058015
1751960850270,36.55036,SteamVR Tracker (Right Foot),0.5779529,0.03849649,-0.02056742,-0.334857,0.6541163,0.402357,0.545996
1751960850270,36.55036,SteamVR Tracker (Left Foot),0.5869294,0.0173614,0.297265,-0.4074147,0.5386774,0.4219498,0.6048127
1751960850271,36.55036,SteamVR Tracker (Waist),-0.5776577,0.761341,1.227469,-0.4981315,0.4943494,0.501555,0.5058917
1751960850313,36.59412,SteamVR Tracker (Right Foot),0.5779699,0.03871942,-0.02047473,-0.3349622,0.6539782,0.4024126,0.546056
1751960850313,36.59412,SteamVR Tracker (Left Foot),0.5867955,0.01736903,0.2972997,-0.4074829,0.5385471,0.4219837,0.6048591
1751960850313,36.59412,SteamVR Tracker (Waist),-0.5777961,0.7612857,1.227375,-0.498176,0.4943943,0.5015849,0.5057743
1751960850359,36.63952,SteamVR Tracker (Right Foot),0.5777432,0.03859091,-0.02056104,-0.33495,0.6540383,0.4023009,0.5460737
1751960850359,36.63952,SteamVR Tracker (Left Foot),0.5868262,0.01739836,0.2972605,-0.4073984,0.5386013,0.4219457,0.6048943
1751960850359,36.63952,SteamVR Tracker (Waist),-0.5779517,0.7614149,1.227288,-0.4981759,0.4944936,0.5016262,0.5056363
1751960850426,36.70609,SteamVR Tracker (Right Foot),0.5779923,0.03864217,-0.02052754,-0.3350602,0.6540685,0.4022327,0.5460201
1751960850426,36.70609,SteamVR Tracker (Left Foot),0.587018,0.01756787,0.297324,-0.4074064,0.5386001,0.4219628,0.604878
1751960850426,36.70609,SteamVR Tracker (Waist),-0.5777783,0.7613316,1.22747,-0.4980264,0.4945854,0.5015464,0.5057729
1751960850450,36.73181,SteamVR Tracker (Right Foot),0.5779132,0.03864455,-0.0204317,-0.3350278,0.6540387,0.4023754,0.5459704
1751960850450,36.73181,SteamVR Tracker (Left Foot),0.5869336,0.01758933,0.2974169,-0.4074592,0.5385893,0.4219853,0.6048363
1751960850450,36.73181,SteamVR Tracker (Waist),-0.5777771,0.7612716,1.227476,-0.4981306,0.4945478,0.5015397,0.5057136
1751960850479,36.76019,SteamVR Tracker (Right Foot),0.5778754,0.03856564,-0.02044374,-0.3349811,0.654089,0.4021782,0.5460842
1751960850480,36.76019,SteamVR Tracker (Left Foot),0.5868511,0.01744986,0.2972419,-0.4074907,0.5385544,0.4220425,0.6048064
1751960850480,36.76019,SteamVR Tracker (Waist),-0.5778455,0.7613732,1.227252,-0.4981217,0.4946596,0.5015508,0.5056021
1751960850515,36.79543,SteamVR Tracker (Right Foot),0.5778081,0.03847599,-0.02047235,-0.3351785,0.6540719,0.4023528,0.545855
1751960850515,36.79543,SteamVR Tracker (Left Foot),0.5867842,0.01740384,0.2973868,-0.4075722,0.5385955,0.4220327,0.6047217
1751960850515,36.79543,SteamVR Tracker (Waist),-0.5778502,0.7614447,1.227349,-0.4981194,0.4945188,0.5016363,0.5056574
1751960850581,36.85851,SteamVR Tracker (Right Foot),0.5778406,0.03843951,-0.02057618,-0.3350891,0.6541534,0.4021809,0.5459388
1751960850581,36.85851,SteamVR Tracker (Left Foot),0.5868577,0.01747632,0.2973132,-0.4074075,0.5386245,0.4219985,0.6048306
1751960850581,36.85851,SteamVR Tracker (Waist),-0.5778431,0.7612025,1.227516,-0.4980436,0.4946083,0.5015991,0.5056814
1751960850610,36.89057,SteamVR Tracker (Right Foot),0.5776769,0.03847694,-0.02049428,-0.3350597,0.6542262,0.4021812,0.5458693
1751960850610,36.89057,SteamVR Tracker (Left Foot),0.5870037,0.01752305,0.2973175,-0.4073733,0.5386183,0.4220054,0.6048543
1751960850611,36.89057,SteamVR Tracker (Waist),-0.57788,0.7613608,1.227594,-0.4980271,0.4947025,0.501654,0.5055509
1751960850639,36.9191,SteamVR Tracker (Right Foot),0.5778886,0.03853202,-0.0204621,-0.335068,0.654287,0.4019302,0.5459764
1751960850639,36.9191,SteamVR Tracker (Left Foot),0.5870489,0.01762748,0.2973465,-0.4073247,0.5387335,0.4219913,0.6047944
1751960850639,36.9191,SteamVR Tracker (Waist),-0.5779368,0.7612987,1.227407,-0.4980046,0.4946496,0.5017402,0.5055394
1751960850673,36.95242,SteamVR Tracker (Right Foot),0.5780662,0.03867483,-0.02036709,-0.3347992,0.6543478,0.4019417,0.5460599
1751960850673,36.95242,SteamVR Tracker (Left Foot),0.5868295,0.017694,0.2974236,-0.4073606,0.5386941,0.4219995,0.6047995
1751960850673,36.95242,SteamVR Tracker (Waist),-0.5777019,0.7611256,1.227414,-0.4979748,0.4947421,0.5015503,0.5056665
1751960850731,37.01054,SteamVR Tracker (Right Foot),0.5778695,0.0386169,-0.02058607,-0.3349293,0.6543584,0.4018908,0.546005
1751960850731,37.01054,SteamVR Tracker (Left Foot),0.5868793,0.01763272,0.2973295,-0.4073497,0.5386494,0.4221231,0.6047603
1751960850731,37.01054,SteamVR Tracker (Waist),-0.5779355,0.7614464,1.227428,-0.498047,0.4946824,0.5016459,0.5055591
1751960850749,37.02988,SteamVR Tracker (Right Foot),0.5778339,0.03853583,-0.02068359,-0.3347917,0.6544646,0.4018483,0.5459931
1751960850749,37.02988,SteamVR Tracker (Left Foot),0.5866297,0.01749039,0.2972049,-0.4073724,0.5385491,0.4221285,0.6048306
1751960850749,37.02988,SteamVR Tracker (Waist),-0.5778967,0.7613926,1.227297,-0.4981219,0.4945906,0.5016314,0.5055895
1751960850778,37.05894,SteamVR Tracker (Right Foot),0.5778738,0.03834987,-0.0204969,-0.3348868,0.654332,0.402035,0.5459564
1751960850778,37.05894,SteamVR Tracker (Left Foot),0.5865576,0.01729584,0.2973461,-0.4073558,0.5385148,0.422206,0.6048183
1751960850778,37.05894,SteamVR Tracker (Waist),-0.5778913,0.7613072,1.227296,-0.4981206,0.4945938,0.5015749,0.5056437
1751960850812,37.09258,SteamVR Tracker (Right Foot),0.5778172,0.03848863,-0.02058071,-0.3348549,0.6544814,0.4018852,0.5459071
1751960850812,37.09258,SteamVR Tracker (Left Foot),0.586915,0.0175283,0.2972601,-0.4073358,0.5386043,0.4220504,0.6048607
1751960850812,37.09258,SteamVR Tracker (Waist),-0.5778019,0.7613142,1.227355,-0.4980342,0.4946513,0.5016453,0.5056026
1751960850852,37.12981,SteamVR Tracker (Right Foot),0.5780027,0.03839707,-0.02053165,-0.3347557,0.6545112,0.4017471,0.5460339
1751960850852,37.12981,SteamVR Tracker (Left Foot),0.5868388,0.01764941,0.2973967,-0.4072936,0.5385246,0.4221174,0.6049134
1751960850852,37.12981,SteamVR Tracker (Waist),-0.5778441,0.7613223,1.227326,-0.49811,0.4945861,0.5015578,0.5056786
1751960850907,37.18699,SteamVR Tracker (Right Foot),0.5779732,0.03866291,-0.02058148,-0.334797,0.6545161,0.4016935,0.5460421
1751960850907,37.18699,SteamVR Tracker (Left Foot),0.5868887,0.01770043,0.2973726,-0.4073212,0.5385135,0.4222304,0.6048258
1751960850907,37.18699,SteamVR Tracker (Waist),-0.5778015,0.7612866,1.22743,-0.4981132,0.4945339,0.5015975,0.5056871
1751960850925,37.20676,SteamVR Tracker (Right Foot),0.5780786,0.03880882,-0.02047724,-0.3348238,0.6545851,0.4015805,0.5460262
1751960850926,37.20676,SteamVR Tracker (Left Foot),0.5869882,0.01774764,0.297518,-0.4072551,0.5383644,0.4222711,0.6049746
1751960850926,37.20676,SteamVR Tracker (Waist),-0.5778356,0.7612787,1.227522,-0.498093,0.494516,0.5016458,0.5056766
1751960850957,37.23765,SteamVR Tracker (Right Foot),0.5779138,0.03860116,-0.02040321,-0.3347262,0.6546009,0.4015785,0.5460685
1751960850957,37.23765,SteamVR Tracker (Left Foot),0.5868325,0.01775169,0.2976326,-0.4072841,0.5386114,0.4222798,0.6047291
1751960850958,37.23765,SteamVR Tracker (Waist),-0.5778462,0.7613652,1.227565,-0.4980525,0.4946167,0.5016006,0.5056628
1751960850995,37.27502,SteamVR Tracker (Right Foot),0.5779378,0.03878784,-0.02064747,-0.3346349,0.6546968,0.4015458,0.5460336
1751960850995,37.27502,SteamVR Tracker (Left Foot),0.5867501,0.01783681,0.2973565,-0.4072622,0.5386251,0.4222243,0.6047704
1751960850995,37.27502,SteamVR Tracker (Waist),-0.5778233,0.7611825,1.227445,-0.4980443,0.494724,0.5016009,0.5055656
1751960851027,37.30757,SteamVR Tracker (Right Foot),0.5779157,0.03884149,-0.02064949,-0.3346302,0.654729,0.4013211,0.546163
1751960851027,37.30757,SteamVR Tracker (Left Foot),0.5867808,0.01754189,0.2973975,-0.4071791,0.5386437,0.4221236,0.60488
1751960851027,37.30757,SteamVR Tracker (Waist),-0.5778812,0.7612771,1.227345,-0.498064,0.4946454,0.5016198,0.5056043
1751960851090,37.3699,SteamVR Tracker (Right Foot),0.5778353,0.03855944,-0.02062762,-0.3347167,0.654714,0.4013659,0.546095
1751960851090,37.3699,SteamVR Tracker (Left Foot),0.586815,0.01759481,0.2973649,-0.4071907,0.5386569,0.4222021,0.6048057
1751960851090,37.3699,SteamVR Tracker (Waist),-0.5778949,0.7614523,1.227403,-0.4980822,0.4946187,0.5015796,0.5056525
1751960851116,37.39731,SteamVR Tracker (Right Foot),0.5779119,0.03853369,-0.02061677,-0.3346351,0.6548327,0.4011947,0.5461286
1751960851117,37.39731,SteamVR Tracker (Left Foot),0.5867903,0.01758718,0.2973587,-0.4070496,0.5386885,0.422283,0.6048161
1751960851117,37.39731,SteamVR Tracker (Waist),-0.5779164,0.7614722,1.227346,-0.4978992,0.494693,0.5016676,0.5056728
1751960851149,37.43,SteamVR Tracker (Right Foot),0.5778507,0.03839946,-0.02042305,-0.3346962,0.6547433,0.4011526,0.5462292
1751960851150,37.43,SteamVR Tracker (Left Foot),0.5867236,0.01761842,0.2975019,-0.407115,0.5386225,0.4222669,0.6048421
1751960851150,37.43,SteamVR Tracker (Waist),-0.5779786,0.7614281,1.227527,-0.4978823,0.4946545,0.5017603,0.5056351
1751960851183,37.46317,SteamVR Tracker (Right Foot),0.5779583,0.03860068,-0.02048081,-0.3346402,0.6547472,0.4013182,0.5461372
1751960851183,37.46317,SteamVR Tracker (Left Foot),0.5868693,0.01774335,0.2974468,-0.4070785,0.5386369,0.4223778,0.6047764
1751960851183,37.46317,SteamVR Tracker (Waist),-0.5778716,0.761277,1.227512,-0.4978849,0.4946984,0.5017096,0.5056399
1751960851239,37.5194,SteamVR Tracker (Right Foot),0.5780686,0.03866553,-0.02069747,-0.3346675,0.6546209,0.4013643,0.5462379
1751960851239,37.5194,SteamVR Tracker (Left Foot),0.5867945,0.01771879,0.2973855,-0.4072642,0.5385979,0.4225059,0.6045965
1751960851239,37.5194,SteamVR Tracker (Waist),-0.5776019,0.7611561,1.227476,-0.4978982,0.4945982,0.5016331,0.5058007
1751960851257,37.53846,SteamVR Tracker (Right Foot),0.5779032,0.03875947,-0.02058303,-0.3348359,0.6543937,0.4016859,0.5461706
1751960851257,37.53846,SteamVR Tracker (Left Foot),0.5867752,0.01782131,0.2972966,-0.4074429,0.5384948,0.422658,0.6044617
1751960851257,37.53846,SteamVR Tracker (Waist),-0.577934,0.761289,1.227249,-0.4979078,0.4945818,0.5016536,0.5057868
1751960851289,37.57035,SteamVR Tracker (Right Foot),0.5777949,0.03864741,-0.02046686,-0.3347671,0.6544368,0.4016255,0.5462055
1751960851289,37.57035,SteamVR Tracker (Left Foot),0.5867836,0.01768899,0.2974048,-0.4073128,0.5385339,0.4226804,0.6044988
1751960851289,37.57035,SteamVR Tracker (Waist),-0.5780002,0.7615103,1.227442,-0.4979565,0.4946331,0.501704,0.5056387
1751960851325,37.60598,SteamVR Tracker (Right Foot),0.5778458,0.03855085,-0.02045006,-0.3346097,0.6545231,0.4015107,0.546283
1751960851325,37.60598,SteamVR Tracker (Left Foot),0.5866945,0.01778698,0.2975265,-0.4074908,0.5384746,0.4228795,0.6042925
1751960851325,37.60598,SteamVR Tracker (Waist),-0.5778284,0.7614987,1.227558,-0.4978753,0.4946893,0.5016956,0.505672
1751960851357,37.63848,SteamVR Tracker (Right Foot),0.5781115,0.03873968,-0.02052349,-0.3350111,0.6544026,0.4016333,0.5460912
1751960851357,37.63848,SteamVR Tracker (Left Foot),0.5866007,0.01780581,0.2974306,-0.4078333,0.5383556,0.4231548,0.6039745
1751960851357,37.63848,SteamVR Tracker (Waist),-0.5776244,0.7611573,1.227515,-0.4979235,0.4947434,0.5017114,0.505556
1751960851416,37.69627,SteamVR Tracker (Right Foot),0.5778053,0.03865695,-0.0204795,-0.3348698,0.6544473,0.4015288,0.5462011
1751960851416,37.69627,SteamVR Tracker (Left Foot),0.5866952,0.01775479,0.2974588,-0.4077563,0.5384114,0.4232277,0.6039257
1751960851416,37.69627,SteamVR Tracker (Waist),-0.5779963,0.7613298,1.227488,-0.4979247,0.4947788,0.5018105,0.5054219
1751960851436,37.71718,SteamVR Tracker (Right Foot),0.5776772,0.03863454,-0.0205065,-0.3350129,0.654354,0.4016073,0.5461674
1751960851436,37.71718,SteamVR Tracker (Left Foot),0.586449,0.01786327,0.2973601,-0.4081438,0.5382918,0.4235627,0.6035357
1751960851436,37.71718,SteamVR Tracker (Waist),-0.5780224,0.7613735,1.227457,-0.4979137,0.4948456,0.5018494,0.5053287
1751960851468,37.74843,SteamVR Tracker (Right Foot),0.5778253,0.03877378,-0.02066123,-0.3352,0.6542625,0.4017478,0.5460589
1751960851468,37.74843,SteamVR Tracker (Left Foot),0.586457,0.01790071,0.2972692,-0.4081203,0.5383705,0.4235382,0.6034985
1751960851468,37.74843,SteamVR Tracker (Waist),-0.5779433,0.7616469,1.227176,-0.4979888,0.4947582,0.5017487,0.5054403
1751960851510,37.78947,SteamVR Tracker (Right Foot),0.5779102,0.03892612,-0.02064461,-0.3353184,0.6539893,0.4020505,0.5460906
1751960851510,37.78947,SteamVR Tracker (Left Foot),0.5865195,0.01799989,0.2973678,-0.4082851,0.53821,0.4238377,0.60332
1751960851510,37.78947,SteamVR Tracker (Waist),-0.5778079,0.7612951,1.227472,-0.4979484,0.4948048,0.5018168,0.5053667
1751960851561,37.84072,SteamVR Tracker (Right Foot),0.5777251,0.03878379,-0.02057016,-0.335498,0.6538836,0.4021039,0.5460677
1751960851561,37.84072,SteamVR Tracker (Left Foot),0.5863547,0.01799059,0.297466,-0.4084708,0.5381026,0.4240976,0.6031074
1751960851562,37.84072,SteamVR Tracker (Waist),-0.5778338,0.7613983,1.227255,-0.4979586,0.4948955,0.5017466,0.5053377
1751960851581,37.86192,SteamVR Tracker (Right Foot),0.5778733,0.03880405,-0.02066648,-0.3358099,0.6536242,0.4024605,0.5459238
1751960851581,37.86192,SteamVR Tracker (Left Foot),0.5862138,0.01795721,0.2974355,-0.4087166,0.5379382,0.4245079,0.6027987
1751960851581,37.86192,SteamVR Tracker (Waist),-0.5776956,0.761102,1.227282,-0.4979193,0.4950245,0.5016878,0.5053083
1751960851615,37.89547,SteamVR Tracker (Right Foot),0.5778783,0.03894281,-0.02054465,-0.3359387,0.653432,0.4026656,0.5459235
1751960851615,37.89547,SteamVR Tracker (Left Foot),0.5862362,0.01823568,0.2975423,-0.4088959,0.5378556,0.4247414,0.6025863
1751960851615,37.89547,SteamVR Tracker (Waist),-0.5777841,0.7611201,1.227497,-0.4980039,0.4947761,0.5017481,0.5054084
1751960851652,37.93227,SteamVR Tracker (Right Foot),0.5775036,0.03879237,-0.02052146,-0.3361025,0.653189,0.4029411,0.5459101
1751960851652,37.93227,SteamVR Tracker (Left Foot),0.5862455,0.01835251,0.2974967,-0.4090774,0.5378357,0.4249631,0.6023245
1751960851652,37.93227,SteamVR Tracker (Waist),-0.5779428,0.7613816,1.227427,-0.4979511,0.4948339,0.5017286,0.5054231
1751960851683,37.96291,SteamVR Tracker (Right Foot),0.5773174,0.03882766,-0.02049822,-0.3364748,0.6528375,0.403406,0.5457579
1751960851683,37.96291,SteamVR Tracker (Left Foot),0.5858169,0.0182426,0.2973475,-0.4094324,0.5378458,0.4252154,0.6018962
1751960851683,37.96291,SteamVR Tracker (Waist),-0.5780367,0.7615097,1.227144,-0.4980955,0.4947555,0.5015503,0.5055346
1751960851742,38.02102,SteamVR Tracker (Right Foot),0.5774744,0.03903747,-0.02047712,-0.3365122,0.6525393,0.4039574,0.5456835
1751960851742,38.02102,SteamVR Tracker (Left Foot),0.5859605,0.0182004,0.2973689,-0.40953,0.5376984,0.4254192,0.6018173
1751960851742,38.02102,SteamVR Tracker (Waist),-0.577899,0.761482,1.227401,-0.4980572,0.4947125,0.5014899,0.5056745
1751960851759,38.04105,SteamVR Tracker (Right Foot),0.5773324,0.03915787,-0.02049935,-0.3367819,0.6521683,0.4044662,0.5455837
1751960851759,38.04105,SteamVR Tracker (Left Foot),0.5858874,0.01832533,0.2974764,-0.4098014,0.537608,0.4259101,0.601366
1751960851759,38.04105,SteamVR Tracker (Waist),-0.5778959,0.7615519,1.227381,-0.4981159,0.4947204,0.5015082,0.5055907
1751960851789,38.07134,SteamVR Tracker (Right Foot),0.5772655,0.0391655,-0.02042931,-0.3372824,0.6515704,0.4051,0.5455186
1751960851790,38.07134,SteamVR Tracker (Left Foot),0.5857922,0.01845121,0.2975702,-0.4101892,0.5373411,0.4265105,0.6009145
1751960851790,38.07134,SteamVR Tracker (Waist),-0.5777057,0.7612883,1.227637,-0.4981351,0.4946707,0.5015582,0.5055707
1751960851830,38.1098,SteamVR Tracker (Right Foot),0.5772244,0.03916001,-0.02055568,-0.3375803,0.6511265,0.4056811,0.5454326
1751960851831,38.1098,SteamVR Tracker (Left Foot),0.585753,0.01857638,0.2975662,-0.4105089,0.5372487,0.4271367,0.6003338
1751960851831,38.1098,SteamVR Tracker (Waist),-0.577931,0.7613293,1.227535,-0.4981321,0.4948147,0.5015041,0.5054864
1751960851865,38.14373,SteamVR Tracker (Right Foot),0.5770334,0.03921103,-0.02037066,-0.337787,0.6508586,0.4058914,0.5454679
1751960851865,38.14373,SteamVR Tracker (Left Foot),0.5856169,0.01850986,0.297608,-0.4103187,0.5375383,0.4270052,0.600298
1751960851865,38.14373,SteamVR Tracker (Waist),-0.5778829,0.761428,1.227432,-0.4980673,0.4949962,0.5015051,0.5053715
1751960851924,38.20191,SteamVR Tracker (Right Foot),0.577073,0.03920293,-0.020549,-0.338237,0.6507111,0.4058689,0.5453817
1751960851924,38.20191,SteamVR Tracker (Left Foot),0.5855561,0.01845145,0.2975481,-0.4106349,0.5372759,0.4272175,0.6001657
1751960851924,38.20191,SteamVR Tracker (Waist),-0.5779136,0.7612346,1.227462,-0.4980896,0.4952193,0.5014424,0.5051931
1751960851937,38.21966,SteamVR Tracker (Right Foot),0.576847,0.03919291,-0.02045262,-0.3385918,0.6504517,0.4060786,0.5453149
1751960851937,38.21966,SteamVR Tracker (Left Foot),0.5855809,0.01849246,0.2976347,-0.4104381,0.5373896,0.4271833,0.6002228
1751960851938,38.21966,SteamVR Tracker (Waist),-0.5779047,0.7613535,1.227497,-0.4981356,0.4952632,0.5013822,0.5051645
1751960851972,38.25211,SteamVR Tracker (Right Foot),0.5766865,0.03930187,-0.02043092,-0.3388044,0.6503796,0.4062207,0.5451631
1751960851972,38.25211,SteamVR Tracker (Left Foot),0.5855209,0.01862097,0.29755,-0.4105971,0.5372813,0.4273,0.6001279
1751960851972,38.25211,SteamVR Tracker (Waist),-0.5780381,0.7615074,1.227425,-0.4979635,0.4954024,0.5013984,0.5051816
1751960852005,38.28596,SteamVR Tracker (Right Foot),0.5768093,0.03927398,-0.02042145,-0.338758,0.6504344,0.4061787,0.5451577
1751960852007,38.28596,SteamVR Tracker (Left Foot),0.5853974,0.01851368,0.2976655,-0.4108645,0.5370733,0.427317,0.6001191
1751960852007,38.28596,SteamVR Tracker (Waist),-0.5779357,0.7614634,1.22738,-0.4980869,0.4953151,0.5013322,0.5052112
1751960852040,38.32056,SteamVR Tracker (Right Foot),0.577022,0.03932142,-0.02051198,-0.3385643,0.6505594,0.4059814,0.545276
1751960852041,38.32056,SteamVR Tracker (Left Foot),0.5854578,0.01846123,0.2974683,-0.4109026,0.537201,0.4273634,0.5999455
1751960852041,38.32056,SteamVR Tracker (Waist),-0.5779094,0.7611266,1.227595,-0.4980459,0.4952147,0.5014483,0.5052349
1751960852096,38.37712,SteamVR Tracker (Right Foot),0.5769113,0.03936052,-0.02056968,-0.3387157,0.6507574,0.4057389,0.5451261
1751960852096,38.37712,SteamVR Tracker (Left Foot),0.5856211,0.01841784,0.2975342,-0.4108797,0.5370415,0.4273608,0.6001059
1751960852096,38.37712,SteamVR Tracker (Waist),-0.5778601,0.7611458,1.22756,-0.4980962,0.4951554,0.5013127,0.5053779
1751960852114,38.39585,SteamVR Tracker (Right Foot),0.576945,0.03934336,-0.02061987,-0.3387697,0.6508789,0.4055097,0.545118
1751960852115,38.39585,SteamVR Tracker (Left Foot),0.5855565,0.01845074,0.2974437,-0.4109376,0.536993,0.4272636,0.600179
1751960852115,38.39585,SteamVR Tracker (Waist),-0.5778372,0.7610765,1.227529,-0.4981584,0.4950151,0.5013058,0.505461
1751960852146,38.42722,SteamVR Tracker (Right Foot),0.5767877,0.03922033,-0.02052128,-0.3389418,0.6508895,0.4054558,0.5450386
1751960852146,38.42722,SteamVR Tracker (Left Foot),0.5856109,0.01856208,0.2975098,-0.4109487,0.5370309,0.4271882,0.6001911
1751960852146,38.42722,SteamVR Tracker (Waist),-0.5779566,0.761288,1.227555,-0.4981603,0.4950001,0.5013775,0.5054026
1751960852182,38.46182,SteamVR Tracker (Right Foot),0.5766804,0.03929853,-0.02065045,-0.3388946,0.6507826,0.4056077,0.5450824
1751960852183,38.46182,SteamVR Tracker (Left Foot),0.5854602,0.01865363,0.2974474,-0.4110626,0.5369608,0.4274285,0.6000046
1751960852183,38.46182,SteamVR Tracker (Waist),-0.5781069,0.7614665,1.227498,-0.4981083,0.4950689,0.5013549,0.505409
1751960852214,38.49506,SteamVR Tracker (Right Foot),0.5768358,0.03931522,-0.02053547,-0.3388628,0.6507722,0.4057468,0.5450111
1751960852214,38.49506,SteamVR Tracker (Left Foot),0.5854715,0.01861286,0.2974446,-0.4111642,0.5368636,0.4274563,0.6000022
1751960852214,38.49506,SteamVR Tracker (Waist),-0.5779668,0.7614872,1.227433,-0.4980152,0.4949693,0.50139,0.5055634
1751960852273,38.55233,SteamVR Tracker (Right Foot),0.5769732,0.03934288,-0.02057582,-0.3387598,0.6506768,0.4057505,0.5451862
1751960852273,38.55233,SteamVR Tracker (Left Foot),0.5856212,0.01858807,0.2975799,-0.4111801,0.5368457,0.4275568,0.5999357
1751960852273,38.55233,SteamVR Tracker (Waist),-0.5777714,0.761117,1.227512,-0.4980468,0.494947,0.5014023,0.505542
1751960852291,38.5719,SteamVR Tracker (Right Foot),0.5770358,0.03926969,-0.02069247,-0.3388935,0.6505601,0.4057941,0.5452099
1751960852291,38.5719,SteamVR Tracker (Left Foot),0.5856191,0.01866221,0.2974991,-0.4112644,0.5367699,0.4277312,0.5998215
1751960852292,38.5719,SteamVR Tracker (Waist),-0.5777686,0.7612669,1.227771,-0.4980681,0.4948326,0.5014505,0.5055851
1751960852325,38.6056,SteamVR Tracker (Right Foot),0.5770787,0.03943539,-0.0205856,-0.3386294,0.6506835,0.4058449,0.5451891
1751960852325,38.6056,SteamVR Tracker (Left Foot),0.5854336,0.01855183,0.2974272,-0.411276,0.5367693,0.4275787,0.5999227
1751960852326,38.6056,SteamVR Tracker (Waist),-0.5779161,0.7609885,1.2274,-0.4981583,0.4947477,0.5014663,0.5055637
1751960852361,38.64127,SteamVR Tracker (Right Foot),0.5767133,0.03942847,-0.02064306,-0.3388005,0.6505547,0.4059241,0.5451775
1751960852361,38.64127,SteamVR Tracker (Left Foot),0.5853829,0.01867843,0.2975176,-0.4115268,0.536597,0.4278077,0.5997416
1751960852361,38.64127,SteamVR Tracker (Waist),-0.5778816,0.7613337,1.227566,-0.4980722,0.4946808,0.5014043,0.5057755
1751960852393,38.67359,SteamVR Tracker (Right Foot),0.5767584,0.03935933,-0.02059191,-0.3386976,0.6505374,0.4057986,0.5453554
1751960852393,38.67359,SteamVR Tracker (Left Foot),0.5853057,0.01856208,0.2974252,-0.4114241,0.536663,0.4277436,0.5997987
1751960852393,38.67359,SteamVR Tracker (Waist),-0.5779042,0.7614857,1.227418,-0.4981119,0.4946095,0.5013909,0.5058194
1751960852451,38.73076,SteamVR Tracker (Right Foot),0.5770369,0.03937745,-0.02052134,-0.3385757,0.6505878,0.4058745,0.5453146
1751960852451,38.73076,SteamVR Tracker (Left Foot),0.5853954,0.01845121,0.2974467,-0.411268,0.5367295,0.4278113,0.5997979
1751960852451,38.73076,SteamVR Tracker (Waist),-0.5778267,0.7612064,1.227523,-0.4981374,0.4947069,0.5014807,0.5056099
1751960852470,38.75167,SteamVR Tracker (Right Foot),0.5767823,0.03947043,-0.02050567,-0.3385799,0.6505041,0.4060364,0.5452912
1751960852471,38.75167,SteamVR Tracker (Left Foot),0.5854034,0.01875615,0.2975517,-0.4114475,0.5366248,0.428021,0.599619
1751960852471,38.75167,SteamVR Tracker (Waist),-0.5779502,0.7613486,1.227608,-0.4980645,0.494733,0.5015267,0.5056106
1751960852506,38.78541,SteamVR Tracker (Right Foot),0.5768763,0.03952885,-0.02057689,-0.338667,0.650501,0.4059891,0.5452762
1751960852506,38.78541,SteamVR Tracker (Left Foot),0.5854501,0.01887798,0.2974467,-0.4113263,0.5366426,0.4279962,0.5997038
1751960852506,38.78541,SteamVR Tracker (Waist),-0.5777485,0.7611915,1.227535,-0.4982288,0.4946075,0.5014454,0.5056521
1751960852538,38.8196,SteamVR Tracker (Right Foot),0.5766197,0.03931642,-0.02044398,-0.3388148,0.6503516,0.4062109,0.5451972
1751960852538,38.8196,SteamVR Tracker (Left Foot),0.5853171,0.01884675,0.2976126,-0.4114372,0.5365674,0.4281066,0.5996162
1751960852539,38.8196,SteamVR Tracker (Waist),-0.5779946,0.7615184,1.227437,-0.4982015,0.4945429,0.5015444,0.505644
1751960852575,38.85354,SteamVR Tracker (Right Foot),0.5766844,0.03933668,-0.0205043,-0.3388153,0.6503024,0.4062187,0.5452499
1751960852575,38.85354,SteamVR Tracker (Left Foot),0.5851587,0.01871181,0.2974701,-0.4115703,0.5364063,0.4281862,0.5996121
1751960852575,38.85354,SteamVR Tracker (Waist),-0.5777695,0.7612771,1.227494,-0.4981787,0.4944997,0.501552,0.5057012
1751960852626,38.9076,SteamVR Tracker (Right Foot),0.5768178,0.03940535,-0.02051359,-0.3388279,0.6502119,0.4063589,0.5452455
1751960852626,38.9076,SteamVR Tracker (Left Foot),0.5853205,0.01848388,0.2974171,-0.4114731,0.5365313,0.4282416,0.5995276
1751960852626,38.9076,SteamVR Tracker (Waist),-0.5778296,0.7612727,1.227485,-0.4981421,0.4944586,0.5014932,0.5058356
1751960852635,38.91848,SteamVR Tracker (Right Foot),0.5768077,0.03939414,-0.02067822,-0.3388163,0.6501856,0.4065177,0.5451655
1751960852635,38.91848,SteamVR Tracker (Left Foot),0.5853243,0.01846147,0.2973385,-0.411575,0.5365682,0.4282651,0.5994078
1751960852635,38.91848,SteamVR Tracker (Waist),-0.5777626,0.7611047,1.227517,-0.498208,0.4944277,0.5015218,0.5057727
1751960852670,38.95189,SteamVR Tracker (Right Foot),0.5767108,0.03935146,-0.02062637,-0.3389663,0.6500615,0.4066318,0.5451353
1751960852670,38.95189,SteamVR Tracker (Left Foot),0.5853013,0.01854777,0.2975085,-0.4116029,0.5364568,0.4282382,0.5995075
1751960852670,38.95189,SteamVR Tracker (Waist),-0.5780509,0.7613214,1.227469,-0.4982219,0.494314,0.5015485,0.5058437
1751960852701,38.98376,SteamVR Tracker (Right Foot),0.5766017,0.03923488,-0.0206486,-0.3389518,0.6501262,0.4065602,0.5451206
1751960852701,38.98376,SteamVR Tracker (Left Foot),0.5853875,0.01881051,0.2975768,-0.4116221,0.5364121,0.4284312,0.5993965
1751960852701,38.98376,SteamVR Tracker (Waist),-0.5780044,0.761391,1.227524,-0.4982793,0.4942828,0.5015279,0.505838
1751960852736,39.01831,SteamVR Tracker (Right Foot),0.5765726,0.03941154,-0.02061045,-0.3391688,0.6500081,0.4066469,0.5450618
1751960852736,39.01831,SteamVR Tracker (Left Foot),0.5852779,0.0187974,0.2975582,-0.4117872,0.5363264,0.4286146,0.5992286
1751960852736,39.01831,SteamVR Tracker (Waist),-0.5779705,0.7614938,1.227557,-0.4982166,0.4944101,0.5016066,0.5056974
1751960852798,39.07818,SteamVR Tracker (Right Foot),0.5767973,0.03936625,-0.02060264,-0.3390321,0.6500382,0.4065441,0.5451877
1751960852798,39.07818,SteamVR Tracker (Left Foot),0.5853777,0.01880574,0.2976524,-0.4118034,0.536303,0.4287015,0.5991763
1751960852798,39.07818,SteamVR Tracker (Waist),-0.5778985,0.7612714,1.22755,-0.4980894,0.4945135,0.5016324,0.505696
1751960852819,39.09985,SteamVR Tracker (Right Foot),0.5768653,0.03946996,-0.02054626,-0.3389901,0.6499767,0.4066,0.5452452
1751960852819,39.09985,SteamVR Tracker (Left Foot),0.5851841,0.01877093,0.2976763,-0.4118956,0.5363542,0.4287626,0.5990233
1751960852819,39.09985,SteamVR Tracker (Waist),-0.5777646,0.7611883,1.227547,-0.4980809,0.494441,0.5016379,0.5057697
1751960852854,39.13366,SteamVR Tracker (Right Foot),0.5765964,0.03935647,-0.0206753,-0.3390317,0.6499416,0.4066053,0.5452574
1751960852854,39.13366,SteamVR Tracker (Left Foot),0.5852472,0.01896691,0.2976009,-0.4120181,0.5363063,0.4287075,0.5990213
1751960852854,39.13366,SteamVR Tracker (Waist),-0.5779831,0.7612323,1.227408,-0.4981383,0.494441,0.5016516,0.5056995
1751960852886,39.16544,SteamVR Tracker (Right Foot),0.5764909,0.03928828,-0.02076924,-0.3391415,0.6498959,0.406707,0.5451677
1751960852886,39.16544,SteamVR Tracker (Left Foot),0.5851668,0.01882434,0.2974196,-0.4119361,0.5363047,0.4286748,0.5991026
1751960852886,39.16544,SteamVR Tracker (Waist),-0.5780158,0.7613419,1.227407,-0.498107,0.494525,0.5016172,0.5056824
1751960852918,39.19961,SteamVR Tracker (Right Foot),0.576555,0.03936601,-0.02071053,-0.3390994,0.6498151,0.4068104,0.545213
1751960852919,39.19961,SteamVR Tracker (Left Foot),0.5852507,0.01887774,0.2974793,-0.4121822,0.5361689,0.4288737,0.5989125
1751960852919,39.19961,SteamVR Tracker (Waist),-0.5779688,0.761283,1.227494,-0.4982152,0.4945089,0.5015492,0.505659
1751960852981,39.26032,SteamVR Tracker (Right Foot),0.5766498,0.03961635,-0.02058494,-0.3392973,0.6496882,0.4069323,0.5451503
1751960852981,39.26032,SteamVR Tracker (Left Foot),0.585179,0.01892948,0.2975831,-0.4122491,0.5361719,0.4289129,0.5988356
1751960852981,39.26032,SteamVR Tracker (Waist),-0.5778122,0.7612711,1.227514,-0.4982503,0.4945201,0.501458,0.505704
1751960853006,39.28795,SteamVR Tracker (Right Foot),0.576549,0.03949046,-0.02058911,-0.3395233,0.6495165,0.4071954,0.5450175
1751960853006,39.28795,SteamVR Tracker (Left Foot),0.5850978,0.01897144,0.2975501,-0.4122439,0.5362445,0.4289601,0.5987404
1751960853007,39.28795,SteamVR Tracker (Waist),-0.5778728,0.7611536,1.22745,-0.4982729,0.4945315,0.5014439,0.5056844
1751960853038,39.3195,SteamVR Tracker (Right Foot),0.576354,0.03950262,-0.02062446,-0.3397031,0.6494714,0.4070969,0.545033
1751960853038,39.3195,SteamVR Tracker (Left Foot),0.5851409,0.01899767,0.2975278,-0.4124128,0.5361945,0.4290839,0.5985801
1751960853038,39.3195,SteamVR Tracker (Waist),-0.5779302,0.761398,1.227439,-0.4982086,0.4945952,0.5016145,0.5055164
1751960853073,39.35252,SteamVR Tracker (Right Foot),0.5763867,0.03957176,-0.02058518,-0.3398692,0.6494011,0.4072325,0.5449119
1751960853074,39.35252,SteamVR Tracker (Left Foot),0.5851471,0.01892352,0.2974601,-0.4123935,0.5362756,0.4290761,0.5985263
1751960853074,39.35252,SteamVR Tracker (Waist),-0.5779516,0.7614559,1.227417,-0.498275,0.4944219,0.5015703,0.5056642
1751960853127,39.40586,SteamVR Tracker (Right Foot),0.5765164,0.03966093,-0.02072978,-0.3399011,0.6493542,0.4073167,0.5448849
1751960853128,39.40586,SteamVR Tracker (Left Foot),0.5851086,0.01890826,0.2974518,-0.4124232,0.5362735,0.4291144,0.5984803
1751960853128,39.40586,SteamVR Tracker (Waist),-0.5778853,0.7613615,1.227464,-0.4982264,0.494613,0.5014446,0.5056499
1751960853146,39.42829,SteamVR Tracker (Right Foot),0.5763714,0.03967667,-0.02064723,-0.3401451,0.6492404,0.4074187,0.544792
1751960853146,39.42829,SteamVR Tracker (Left Foot),0.5851258,0.01893115,0.297516,-0.4124498,0.5362332,0.4294656,0.5982462
1751960853147,39.42829,SteamVR Tracker (Waist),-0.5779639,0.7614402,1.227469,-0.4982567,0.4945378,0.5015455,0.5055935
1751960853179,39.45969,SteamVR Tracker (Right Foot),0.5765529,0.0397141,-0.0206846,-0.3399309,0.6494789,0.4071979,0.5448065
1751960853179,39.45969,SteamVR Tracker (Left Foot),0.5851406,0.01914358,0.2975483,-0.4125479,0.5362265,0.4292588,0.5983331
1751960853179,39.45969,SteamVR Tracker (Waist),-0.5777706,0.7614335,1.227533,-0.4981719,0.4945855,0.5014209,0.505754
1751960853215,39.49553,SteamVR Tracker (Right Foot),0.5763837,0.03974962,-0.02066141,-0.3400858,0.6494063,0.4073076,0.5447143
1751960853215,39.49553,SteamVR Tracker (Left Foot),0.5851096,0.01912403,0.2976208,-0.4126013,0.5361363,0.4294679,0.5982269
1751960853215,39.49553,SteamVR Tracker (Waist),-0.5779284,0.7615218,1.227499,-0.4981828,0.4946465,0.5015333,0.505572
1751960853250,39.52925,SteamVR Tracker (Right Foot),0.5765151,0.03976107,-0.02070469,-0.340097,0.6493507,0.4074209,0.5446888
1751960853250,39.52925,SteamVR Tracker (Left Foot),0.5849974,0.01914144,0.2975994,-0.4126139,0.5361853,0.4293862,0.5982329
1751960853250,39.52925,SteamVR Tracker (Waist),-0.5778136,0.7614124,1.227496,-0.4981887,0.4945975,0.5015153,0.5056322
1751960853296,39.57787,SteamVR Tracker (Right Foot),0.5763853,0.03977656,-0.02077401,-0.3402842,0.6492965,0.4075392,0.544548
1751960853296,39.57787,SteamVR Tracker (Left Foot),0.5850532,0.01905012,0.2975761,-0.4127651,0.5361143,0.4294814,0.5981239
1751960853296,39.57787,SteamVR Tracker (Waist),-0.5778735,0.7612995,1.227507,-0.4982159,0.4946192,0.5015699,0.5055298
1751960853312,39.59327,SteamVR Tracker (Right Foot),0.5763299,0.03978491,-0.02060735,-0.3403674,0.6492692,0.4075294,0.544536
1751960853312,39.59327,SteamVR Tracker (Left Foot),0.5851043,0.0189991,0.2976457,-0.4126892,0.5362172,0.4293778,0.5981584
1751960853312,39.59327,SteamVR Tracker (Waist),-0.5778233,0.7613939,1.227455,-0.498291,0.4945652,0.5015513,0.5055272
1751960853348,39.62779,SteamVR Tracker (Right Foot),0.5760659,0.03977799,-0.02062565,-0.3402973,0.6492637,0.4074996,0.5446087
1751960853348,39.62779,SteamVR Tracker (Left Foot),0.5848446,0.01880288,0.2974699,-0.4127607,0.536181,0.4295039,0.5980511
1751960853349,39.62779,SteamVR Tracker (Waist),-0.5779394,0.7615361,1.227466,-0.4982221,0.494565,0.5015491,0.5055975
1751960853387,39.66672,SteamVR Tracker (Right Foot),0.5761929,0.03972936,-0.02055675,-0.3401748,0.6493438,0.4074161,0.544652
1751960853387,39.66672,SteamVR Tracker (Left Foot),0.5848272,0.01884127,0.2975479,-0.4127757,0.5361397,0.4293537,0.5981855
1751960853387,39.66672,SteamVR Tracker (Waist),-0.5782008,0.7615798,1.227325,-0.498157,0.4945966,0.5014725,0.5057066
1751960853419,39.69971,SteamVR Tracker (Right Foot),0.5763712,0.03960943,-0.02077931,-0.3402709,0.6492891,0.4073031,0.5447417
1751960853419,39.69971,SteamVR Tracker (Left Foot),0.585004,0.01891637,0.2974981,-0.4126134,0.5363424,0.4294162,0.5980709
1751960853419,39.69971,SteamVR Tracker (Waist),-0.5779972,0.7615465,1.227415,-0.4981801,0.494504,0.5015339,0.5057136
1751960853467,39.74511,SteamVR Tracker (Right Foot),0.5762587,0.03957081,-0.02070123,-0.3403761,0.6494047,0.4070986,0.5446911
1751960853467,39.74511,SteamVR Tracker (Left Foot),0.5848763,0.01887727,0.2975798,-0.4125746,0.5363991,0.42932,0.5981159
1751960853467,39.74511,SteamVR Tracker (Waist),-0.5779001,0.761469,1.227417,-0.498154,0.4946075,0.5014593,0.5057119
1751960853484,39.76443,SteamVR Tracker (Right Foot),0.5763224,0.03961587,-0.02075249,-0.3403,0.6494731,0.4070629,0.5446839
1751960853484,39.76443,SteamVR Tracker (Left Foot),0.5849478,0.0189693,0.2975984,-0.4125632,0.536337,0.429415,0.5981113
1751960853484,39.76443,SteamVR Tracker (Waist),-0.5777745,0.7615503,1.227552,-0.4981486,0.4945028,0.5014772,0.5058019
1751960853522,39.80337,SteamVR Tracker (Right Foot),0.5763316,0.03973794,-0.02080899,-0.3400511,0.6496814,0.406723,0.5448447
1751960853522,39.80337,SteamVR Tracker (Left Foot),0.5848647,0.01899791,0.2975144,-0.4125508,0.5364147,0.4291701,0.5982258
1751960853522,39.80337,SteamVR Tracker (Waist),-0.5780002,0.761322,1.227422,-0.4981956,0.4946294,0.50146,0.505649
1751960853555,39.83652,SteamVR Tracker (Right Foot),0.5765368,0.03975415,-0.02085972,-0.3399958,0.6497743,0.4065718,0.5448814
1751960853556,39.83652,SteamVR Tracker (Left Foot),0.5851376,0.01909471,0.2975753,-0.412665,0.5362816,0.4293935,0.5981061
1751960853556,39.83652,SteamVR Tracker (Waist),-0.5778313,0.7612277,1.227631,-0.4980839,0.4946758,0.5014456,0.5057278
1751960853593,39.87144,SteamVR Tracker (Right Foot),0.5763868,0.03971481,-0.02071559,-0.3399829,0.6496807,0.4068219,0.5448143
1751960853593,39.87144,SteamVR Tracker (Left Foot),0.5850663,0.01899695,0.2975624,-0.4126607,0.5363716,0.429332,0.5980725
1751960853593,39.87144,SteamVR Tracker (Waist),-0.5779307,0.7612838,1.227453,-0.4981182,0.4946654,0.5014041,0.5057454
1751960853647,39.92633,SteamVR Tracker (Right Foot),0.5763593,0.03976989,-0.02067477,-0.3400626,0.6496441,0.4067083,0.544893
1751960853647,39.92633,SteamVR Tracker (Left Foot),0.5850673,0.01906896,0.2976364,-0.4126437,0.5363607,0.4293277,0.598097
1751960853647,39.92633,SteamVR Tracker (Waist),-0.5779839,0.7614702,1.227547,-0.498123,0.4947603,0.5014225,0.5056295
1751960853667,39.94828,SteamVR Tracker (Right Foot),0.5763533,0.03978181,-0.02074391,-0.3401836,0.6496618,0.4066197,0.5448625
1751960853667,39.94828,SteamVR Tracker (Left Foot),0.5849099,0.01899171,0.2974731,-0.4126296,0.5364503,0.4292269,0.5980989
1751960853667,39.94828,SteamVR Tracker (Waist),-0.5779992,0.7615159,1.227367,-0.4980727,0.4947857,0.5014696,0.5056075
1751960853698,39.97791,SteamVR Tracker (Right Foot),0.5764506,0.03977871,-0.02082676,-0.3400573,0.6495763,0.4068078,0.5449029
1751960853698,39.97791,SteamVR Tracker (Left Foot),0.5848684,0.01892614,0.2974945,-0.4126294,0.5362744,0.4293102,0.598197
1751960853698,39.97791,SteamVR Tracker (Waist),-0.5778742,0.7609442,1.227522,-0.498074,0.494775,0.5014206,0.5056652
1751960853731,40.01223,SteamVR Tracker (Right Foot),0.5763838,0.03964424,-0.02071953,-0.3401608,0.6495481,0.4067886,0.5448862
1751960853731,40.01223,SteamVR Tracker (Left Foot),0.584931,0.01902032,0.2975484,-0.412626,0.5362723,0.4293962,0.5981395
1751960853731,40.01223,SteamVR Tracker (Waist),-0.5778728,0.7612303,1.227587,-0.4981698,0.4947371,0.5013642,0.5056639
1751960853766,40.04588,SteamVR Tracker (Right Foot),0.5763423,0.03971028,-0.0206039,-0.3400297,0.6495562,0.4068304,0.5449271
1751960853766,40.04588,SteamVR Tracker (Left Foot),0.5849754,0.0190022,0.2976028,-0.4125749,0.5362746,0.429389,0.5981779
1751960853766,40.04588,SteamVR Tracker (Waist),-0.5779744,0.7614927,1.227665,-0.4981358,0.494733,0.5013983,0.5056676
1751960853822,40.10129,SteamVR Tracker (Right Foot),0.5764983,0.03983116,-0.02068514,-0.3401352,0.6495779,0.4067982,0.5448593
1751960853822,40.10129,SteamVR Tracker (Left Foot),0.5849499,0.01903796,0.2977102,-0.4125794,0.5362117,0.4294799,0.5981659
1751960853822,40.10129,SteamVR Tracker (Waist),-0.577904,0.7613021,1.227456,-0.498132,0.4947931,0.5014488,0.5055627
1751960853840,40.12206,SteamVR Tracker (Right Foot),0.5762472,0.03979778,-0.02074635,-0.3401,0.649601,0.4069409,0.5447474
1751960853841,40.12206,SteamVR Tracker (Left Foot),0.5848541,0.01899529,0.2976941,-0.4125901,0.5361409,0.4296115,0.5981274
1751960853841,40.12206,SteamVR Tracker (Waist),-0.578099,0.7614809,1.227408,-0.4981723,0.4947444,0.5014319,0.5055872
1751960853872,40.15379,SteamVR Tracker (Right Foot),0.5763732,0.03977489,-0.02075475,-0.3401686,0.6494354,0.4070738,0.5448027
1751960853872,40.15379,SteamVR Tracker (Left Foot),0.5848436,0.0190146,0.2975277,-0.4126271,0.5362474,0.4295207,0.5980716
1751960853872,40.15379,SteamVR Tracker (Waist),-0.5778772,0.7614182,1.227401,-0.4980762,0.4948388,0.5014151,0.5056063
1751960853910,40.19039,SteamVR Tracker (Right Foot),0.5763571,0.03982401,-0.02063501,-0.3401857,0.6494139,0.4071204,0.5447828
1751960853910,40.19039,SteamVR Tracker (Left Foot),0.5848337,0.01899815,0.2975882,-0.4126997,0.5361817,0.4295397,0.5980668
1751960853910,40.19039,SteamVR Tracker (Waist),-0.578012,0.7614274,1.227402,-0.4981281,0.4947549,0.5014226,0.5056297
1751960853937,40.21956,SteamVR Tracker (Right Foot),0.5764174,0.03973603,-0.02077907,-0.3400853,0.6495585,0.4070831,0.544701
1751960853939,40.21956,SteamVR Tracker (Left Foot),0.5847902,0.01907659,0.2975221,-0.4126268,0.5362204,0.429525,0.5980929
1751960853939,40.21956,SteamVR Tracker (Waist),-0.577841,0.7614367,1.227405,-0.4981024,0.4948642,0.5013477,0.5056223
1751960854001,40.27978,SteamVR Tracker (Right Foot),0.5763258,0.03973532,-0.02075583,-0.3402495,0.649464,0.4071053,0.5446946
1751960854001,40.27978,SteamVR Tracker (Left Foot),0.5850213,0.01909471,0.2975866,-0.4126387,0.5362064,0.4295703,0.5980647
1751960854001,40.27978,SteamVR Tracker (Waist),-0.5779492,0.7613806,1.227559,-0.4982185,0.4946747,0.5014729,0.5055692
1751960854017,40.29804,SteamVR Tracker (Right Foot),0.5764169,0.03968763,-0.02067131,-0.340228,0.6494489,0.4071125,0.5447206
1751960854017,40.29804,SteamVR Tracker (Left Foot),0.5850719,0.01911163,0.2976639,-0.4127424,0.5361415,0.4294984,0.5981029
1751960854017,40.29804,SteamVR Tracker (Waist),-0.5778358,0.761467,1.227498,-0.4981383,0.4947761,0.5014042,0.5056171
1751960854049,40.32971,SteamVR Tracker (Right Foot),0.5764502,0.0398047,-0.02066374,-0.340314,0.6494182,0.4071867,0.544648
1751960854049,40.32971,SteamVR Tracker (Left Foot),0.5849628,0.01903367,0.2975876,-0.4128411,0.5361105,0.4296231,0.5979732
1751960854049,40.32971,SteamVR Tracker (Waist),-0.5778265,0.7613636,1.227511,-0.4982238,0.4946792,0.5013278,0.5057034
1751960854085,40.36452,SteamVR Tracker (Right Foot),0.5764732,0.03987789,-0.02073789,-0.3402552,0.6493378,0.4072638,0.5447229
1751960854085,40.36452,SteamVR Tracker (Left Foot),0.5848145,0.0189755,0.2974889,-0.4129081,0.5359635,0.42968,0.5980178
1751960854085,40.36452,SteamVR Tracker (Waist),-0.5777385,0.7612787,1.227406,-0.49827,0.4946096,0.5013514,0.5057027
1751960854114,40.39539,SteamVR Tracker (Right Foot),0.5763729,0.03997326,-0.02067131,-0.3403575,0.6492841,0.4074284,0.5446
1751960854114,40.39539,SteamVR Tracker (Left Foot),0.5849606,0.01904202,0.2976498,-0.4128353,0.5360604,0.4298359,0.5978691
1751960854114,40.39539,SteamVR Tracker (Waist),-0.5779771,0.7614603,1.227492,-0.4982389,0.4945507,0.5014191,0.5057239
1751960854169,40.44687,SteamVR Tracker (Right Foot),0.5763415,0.03986955,-0.02076912,-0.3403666,0.6492718,0.4073344,0.5446792
1751960854169,40.44687,SteamVR Tracker (Left Foot),0.5849555,0.01909423,0.2976195,-0.413089,0.5360432,0.4298754,0.5976807
1751960854169,40.44687,SteamVR Tracker (Waist),-0.5777813,0.7612803,1.227534,-0.4982467,0.4945338,0.5014354,0.5057163
1751960854217,40.4977,SteamVR Tracker (Right Foot),0.5763084,0.03979969,-0.02072716,-0.3404276,0.6491631,0.4074277,0.5447008
1751960854217,40.4977,SteamVR Tracker (Left Foot),0.5848618,0.01894951,0.2974358,-0.4132812,0.5359617,0.4299677,0.5975546
1751960854217,40.4977,SteamVR Tracker (Waist),-0.5778204,0.761314,1.227387,-0.4983081,0.4944577,0.5014507,0.5057153
1751960854235,40.5169,SteamVR Tracker (Right Foot),0.5764022,0.03984666,-0.02069896,-0.3404118,0.6491876,0.4073341,0.5447516
1751960854235,40.5169,SteamVR Tracker (Left Foot),0.584854,0.01895809,0.2975259,-0.4131518,0.5360834,0.4298711,0.5976045
1751960854235,40.5169,SteamVR Tracker (Waist),-0.5777848,0.7612449,1.227387,-0.4983174,0.4944423,0.5014696,0.5057023
1751960854274,40.55416,SteamVR Tracker (Right Foot),0.5764631,0.03989697,-0.02070791,-0.3401907,0.6491782,0.4074889,0.544785
1751960854274,40.55416,SteamVR Tracker (Left Foot),0.584859,0.01900959,0.2976625,-0.4132417,0.5359435,0.4301293,0.5974821
1751960854274,40.55416,SteamVR Tracker (Waist),-0.5777668,0.7613516,1.227554,-0.4982838,0.4944395,0.5015135,0.5056947
1751960854333,40.61219,SteamVR Tracker (Right Foot),0.5763743,0.04005718,-0.02090997,-0.3402952,0.6492509,0.407318,0.5447611
1751960854333,40.61219,SteamVR Tracker (Left Foot),0.5848513,0.01905084,0.2974539,-0.4131952,0.5359304,0.4301731,0.5974943
1751960854333,40.61219,SteamVR Tracker (Waist),-0.5779012,0.7615821,1.227407,-0.4982325,0.4946396,0.5015004,0.5055625
1751960854351,40.63229,SteamVR Tracker (Right Foot),0.5762112,0.03997922,-0.02073103,-0.3404593,0.6491619,0.4074746,0.5446473
1751960854351,40.63229,SteamVR Tracker (Left Foot),0.584759,0.01902223,0.2974733,-0.4131669,0.5358564,0.4303383,0.5974613
1751960854352,40.63229,SteamVR Tracker (Waist),-0.5780584,0.7616618,1.227477,-0.4982117,0.49466,0.5015274,0.5055363
1751960854377,40.65867,SteamVR Tracker (Right Foot),0.5762973,0.03987598,-0.02067626,-0.3404139,0.6491157,0.4075229,0.5446947
1751960854377,40.65867,SteamVR Tracker (Left Foot),0.5848782,0.01905894,0.2976058,-0.4130749,0.5359735,0.4302008,0.5975189
1751960854377,40.65867,SteamVR Tracker (Waist),-0.5779597,0.7615774,1.227546,-0.4982436,0.4945953,0.5015073,0.505588
1751960854417,40.69738,SteamVR Tracker (Right Foot),0.5763046,0.03992987,-0.02071708,-0.3405054,0.6492578,0.4072924,0.5446406
1751960854417,40.69738,SteamVR Tracker (Left Foot),0.5848168,0.01915121,0.2977364,-0.413119,0.5358214,0.4303643,0.5975071
1751960854417,40.69738,SteamVR Tracker (Waist),-0.577904,0.7614553,1.227454,-0.4982731,0.4945703,0.5014983,0.5055924
1751960854450,40.73074,SteamVR Tracker (Right Foot),0.5763744,0.03991675,-0.02078527,-0.3404071,0.64921,0.4074086,0.544672
1751960854450,40.73074,SteamVR Tracker (Left Foot),0.584754,0.0190568,0.2975535,-0.4132009,0.5359123,0.430255,0.5974476
1751960854450,40.73074,SteamVR Tracker (Waist),-0.5777733,0.7611582,1.227363,-0.4982592,0.4945959,0.5015269,0.5055526
1751960854508,40.78748,SteamVR Tracker (Right Foot),0.576322,0.03998017,-0.02075642,-0.3404655,0.6491682,0.4073902,0.5446992
1751960854508,40.78748,SteamVR Tracker (Left Foot),0.5847383,0.01889467,0.2973992,-0.4130889,0.5359653,0.4302544,0.5974779
1751960854508,40.78748,SteamVR Tracker (Waist),-0.5778278,0.7611301,1.227386,-0.4982611,0.4945763,0.5015507,0.5055463
1751960854525,40.807,SteamVR Tracker (Right Foot),0.5762115,0.04004955,-0.020684,-0.3404335,0.6491961,0.407364,0.5447056
1751960854526,40.807,SteamVR Tracker (Left Foot),0.5847088,0.01898456,0.2974582,-0.4130393,0.5359712,0.4301944,0.5975502
1751960854526,40.807,SteamVR Tracker (Waist),-0.5777752,0.7611836,1.227224,-0.4983265,0.4945406,0.5015475,0.50552
1751960854555,40.8363,SteamVR Tracker (Right Foot),0.576202,0.03993845,-0.02082878,-0.3404743,0.6491682,0.4073724,0.5447071
1751960854555,40.8363,SteamVR Tracker (Left Foot),0.584797,0.01908183,0.2976007,-0.413016,0.5359591,0.4302073,0.5975679
1751960854555,40.8363,SteamVR Tracker (Waist),-0.5778816,0.7614385,1.227567,-0.4983245,0.4944656,0.5015867,0.5055563
1751960854595,40.87411,SteamVR Tracker (Right Foot),0.576181,0.03999519,-0.0207268,-0.3404504,0.649141,0.4072981,0.5448099
1751960854595,40.87411,SteamVR Tracker (Left Foot),0.5849087,0.01889729,0.2977502,-0.412993,0.5359235,0.4301557,0.5976529
1751960854595,40.87411,SteamVR Tracker (Waist),-0.5778979,0.7615918,1.227491,-0.4983014,0.4945848,0.501605,0.5054445
1751960854625,40.90533,SteamVR Tracker (Right Foot),0.5764085,0.04010201,-0.02085125,-0.340358,0.6491162,0.4074254,0.544802
1751960854626,40.90533,SteamVR Tracker (Left Foot),0.5847738,0.01899648,0.2975041,-0.41308,0.535897,0.4301782,0.5976003
1751960854626,40.90533,SteamVR Tracker (Waist),-0.5778092,0.7610748,1.227552,-0.4982294,0.4946773,0.5016149,0.5054151
1751960854686,40.96521,SteamVR Tracker (Right Foot),0.5763716,0.04000735,-0.02084243,-0.3405021,0.649178,0.4073872,0.5446669
1751960854686,40.96521,SteamVR Tracker (Left Foot),0.5847675,0.01906228,0.297515,-0.4131266,0.5358894,0.4301941,0.5975634
1751960854686,40.96521,SteamVR Tracker (Waist),-0.577711,0.7610191,1.227396,-0.4982458,0.4947095,0.5015924,0.5053898
1751960854701,40.98256,SteamVR Tracker (Right Foot),0.5763145,0.04002428,-0.02090752,-0.3405016,0.649292,0.4072615,0.5446253
1751960854702,40.98256,SteamVR Tracker (Left Foot),0.5847661,0.0191555,0.2974722,-0.4131586,0.5359448,0.4300411,0.5976017
1751960854702,40.98256,SteamVR Tracker (Waist),-0.5779144,0.761274,1.227455,-0.4983331,0.4946182,0.5016236,0.5053621
1751960854735,41.01652,SteamVR Tracker (Right Foot),0.57628,0.04006433,-0.02074587,-0.3404619,0.6492258,0.4073155,0.5446888
1751960854735,41.01652,SteamVR Tracker (Left Foot),0.5848138,0.01909065,0.2975339,-0.4130212,0.5359709,0.4301231,0.5976143
1751960854735,41.01652,SteamVR Tracker (Waist),-0.5779212,0.7615676,1.227532,-0.4982997,0.4946319,0.5016221,0.5053831
1751960854769,41.05011,SteamVR Tracker (Right Foot),0.5761554,0.03995109,-0.02076942,-0.3403974,0.6492019,0.4073307,0.544746
1751960854769,41.05011,SteamVR Tracker (Left Foot),0.5848501,0.01895905,0.2974027,-0.4129999,0.5358995,0.4300396,0.5977531
1751960854769,41.05011,SteamVR Tracker (Waist),-0.5779732,0.7616041,1.227337,-0.4983011,0.4946342,0.5016052,0.5053961
1751960854803,41.08243,SteamVR Tracker (Right Foot),0.5762947,0.04000115,-0.0207954,-0.3402102,0.6492538,0.4073208,0.5448086
1751960854803,41.08243,SteamVR Tracker (Left Foot),0.5848172,0.01884675,0.2975464,-0.4130138,0.535902,0.4300761,0.597715
1751960854803,41.08243,SteamVR Tracker (Waist),-0.5777963,0.7613004,1.22748,-0.4981897,0.4946388,0.5016755,0.5054317
1751960854856,41.13715,SteamVR Tracker (Right Foot),0.5761911,0.03996372,-0.02075642,-0.3402171,0.6492794,0.4073525,0.54475
1751960854856,41.13715,SteamVR Tracker (Left Foot),0.5848725,0.01905751,0.2976561,-0.4129626,0.5359321,0.4300846,0.5977173
1751960854856,41.13715,SteamVR Tracker (Waist),-0.5779946,0.7615426,1.227504,-0.4982725,0.4946734,0.501695,0.5052968
1751960854881,41.16082,SteamVR Tracker (Right Foot),0.5762765,0.0400281,-0.02073717,-0.3400565,0.6493706,0.4073503,0.5447432
1751960854881,41.16082,SteamVR Tracker (Left Foot),0.5849621,0.01907492,0.2976855,-0.4128715,0.5360445,0.4300168,0.5977283
1751960854881,41.16082,SteamVR Tracker (Waist),-0.5777979,0.7613347,1.227532,-0.4982344,0.4947697,0.5016345,0.5053002
1751960854914,41.19611,SteamVR Tracker (Right Foot),0.5765519,0.0402,-0.02087873,-0.340001,0.6493663,0.4072579,0.5448521
1751960854914,41.19611,SteamVR Tracker (Left Foot),0.5848798,0.01902461,0.2974561,-0.4129407,0.5358829,0.4301093,0.5977588
1751960854914,41.19611,SteamVR Tracker (Waist),-0.5777501,0.7610114,1.227494,-0.4982389,0.4947495,0.5016261,0.505324
1751960854947,41.2282,SteamVR Tracker (Right Foot),0.5761538,0.0401032,-0.02066696,-0.3400282,0.6493272,0.4073159,0.5448384
1751960854948,41.2282,SteamVR Tracker (Left Foot),0.5849814,0.01901245,0.2976136,-0.4128783,0.5359393,0.4300594,0.5977873
1751960854948,41.2282,SteamVR Tracker (Waist),-0.5780483,0.7612334,1.227571,-0.4982667,0.4947037,0.5016182,0.5053492
1751960854984,41.26368,SteamVR Tracker (Right Foot),0.5762274,0.04002833,-0.02094358,-0.3399026,0.6494643,0.4072436,0.5448074
1751960854984,41.26368,SteamVR Tracker (Left Foot),0.5848511,0.01903248,0.2974072,-0.4129679,0.5358178,0.4301368,0.5977786
1751960854984,41.26368,SteamVR Tracker (Waist),-0.5778892,0.7615627,1.227485,-0.4981801,0.4946741,0.5016586,0.5054234
1751960855038,41.31887,SteamVR Tracker (Right Foot),0.5762893,0.04000592,-0.02083725,-0.3399872,0.6494237,0.4072658,0.5447865
1751960855038,41.31887,SteamVR Tracker (Left Foot),0.584798,0.01891875,0.2974948,-0.4130239,0.535943,0.4300512,0.5976892
1751960855038,41.31887,SteamVR Tracker (Waist),-0.577919,0.761194,1.227454,-0.4982268,0.4946434,0.5015441,0.5055211
1751960855061,41.34119,SteamVR Tracker (Right Foot),0.5762533,0.03997397,-0.02077979,-0.3398961,0.6493556,0.4073273,0.5448785
1751960855061,41.34119,SteamVR Tracker (Left Foot),0.5849453,0.0189209,0.2975354,-0.4130431,0.5358784,0.4301833,0.5976388
1751960855061,41.34119,SteamVR Tracker (Waist),-0.578017,0.7613499,1.227556,-0.4982546,0.494702,0.5015198,0.5054605
1751960855096,41.37761,SteamVR Tracker (Right Foot),0.5763206,0.03999829,-0.02086246,-0.3398763,0.6493697,0.4072764,0.544912
1751960855097,41.37761,SteamVR Tracker (Left Foot),0.5849003,0.0188961,0.2974561,-0.4129674,0.5358815,0.4300636,0.5977744
1751960855097,41.37761,SteamVR Tracker (Waist),-0.5779781,0.7613016,1.227585,-0.4983526,0.4947404,0.5015338,0.5053123
1751960855129,41.40963,SteamVR Tracker (Right Foot),0.5763726,0.0399425,-0.02072746,-0.3398499,0.6493487,0.4072661,0.5449612
1751960855129,41.40963,SteamVR Tracker (Left Foot),0.5849723,0.01902628,0.2975984,-0.4130787,0.5358202,0.4301527,0.5976884
1751960855129,41.40963,SteamVR Tracker (Waist),-0.5778931,0.7612894,1.227508,-0.4982958,0.4949434,0.5014166,0.5052859
1751960855163,41.44265,SteamVR Tracker (Right Foot),0.5762377,0.04008245,-0.02080947,-0.3399194,0.6493985,0.4072832,0.5448456
1751960855163,41.44265,SteamVR Tracker (Left Foot),0.5848312,0.01909399,0.2974834,-0.4130015,0.5358462,0.4301325,0.5977331
1751960855163,41.44265,SteamVR Tracker (Waist),-0.5779983,0.7614926,1.227393,-0.4983502,0.4949908,0.5014614,0.5051413
1751960855236,41.5151,SteamVR Tracker (Right Foot),0.5762337,0.04015732,-0.0208174,-0.3399205,0.6493111,0.4072904,0.5449438
1751960855236,41.5151,SteamVR Tracker (Left Foot),0.5848976,0.01915359,0.2975548,-0.4130436,0.5358498,0.4300276,0.5977762
1751960855236,41.5151,SteamVR Tracker (Waist),-0.577925,0.7614464,1.227434,-0.4983727,0.4951438,0.5014182,0.5050121
1751960855251,41.53144,SteamVR Tracker (Right Foot),0.5762485,0.04012442,-0.02066833,-0.3398126,0.6493351,0.4072065,0.5450453
1751960855251,41.53144,SteamVR Tracker (Left Foot),0.5850277,0.01903319,0.2976282,-0.4131287,0.5358078,0.4300036,0.5977723
1751960855251,41.53144,SteamVR Tracker (Waist),-0.5779691,0.7615041,1.227447,-0.4982601,0.495281,0.5014113,0.5049954
1751960855280,41.56117,SteamVR Tracker (Right Foot),0.5762503,0.04007459,-0.02070981,-0.3399154,0.6492601,0.407371,0.5449474
1751960855280,41.56117,SteamVR Tracker (Left Foot),0.5847806,0.01900768,0.2975647,-0.4131778,0.535808,0.4300477,0.5977064
1751960855280,41.56117,SteamVR Tracker (Waist),-0.577984,0.7613602,1.227486,-0.4983609,0.4951842,0.5014305,0.5049718
1751960855314,41.59457,SteamVR Tracker (Right Foot),0.5762146,0.040061,-0.0208419,-0.3398472,0.6492202,0.4073839,0.545028
1751960855314,41.59457,SteamVR Tracker (Left Foot),0.5847454,0.01893616,0.2974099,-0.4131747,0.5358179,0.4299612,0.5977618
1751960855314,41.59457,SteamVR Tracker (Waist),-0.578024,0.7613804,1.22756,-0.4983943,0.4950363,0.5013959,0.5051181
1751960855375,41.65305,SteamVR Tracker (Right Foot),0.5763335,0.03998613,-0.02072984,-0.3397349,0.6492664,0.4073145,0.5450947
1751960855375,41.65305,SteamVR Tracker (Left Foot),0.5848642,0.01891875,0.2975645,-0.413169,0.535701,0.4301533,0.5977324
1751960855375,41.65305,SteamVR Tracker (Waist),-0.5779775,0.7614058,1.227554,-0.4984027,0.4950369,0.5012575,0.5052466
1751960855389,41.67148,SteamVR Tracker (Right Foot),0.5763613,0.04009056,-0.02077127,-0.3396478,0.649313,0.407374,0.5450491
1751960855389,41.67148,SteamVR Tracker (Left Foot),0.5848845,0.01896572,0.2976428,-0.4130758,0.5358768,0.4300063,0.597745
1751960855389,41.67148,SteamVR Tracker (Waist),-0.5778707,0.7612522,1.227582,-0.4983369,0.4949858,0.5013297,0.50529
1751960855419,41.69991,SteamVR Tracker (Right Foot),0.5765082,0.0403142,-0.02068985,-0.3396077,0.6493046,0.4073215,0.5451232
1751960855419,41.69991,SteamVR Tracker (Left Foot),0.5847268,0.01885581,0.29758,-0.413192,0.5358185,0.4301122,0.5976408
1751960855419,41.69991,SteamVR Tracker (Waist),-0.5777256,0.7609291,1.227535,-0.4984559,0.494956,0.5012309,0.5052998
1751960855469,41.74727,SteamVR Tracker (Right Foot),0.5763717,0.04011297,-0.02081847,-0.339676,0.6493186,0.4073074,0.5450745
1751960855469,41.74727,SteamVR Tracker (Left Foot),0.584851,0.01895714,0.2974147,-0.4130697,0.5358496,0.4300758,0.5977236
1751960855469,41.74727,SteamVR Tracker (Waist),-0.5777928,0.760914,1.227599,-0.4983301,0.4949373,0.5013701,0.5053042
1751960855534,41.81405,SteamVR Tracker (Right Foot),0.5761445,0.04005861,-0.02059621,-0.3397194,0.6493072,0.4074075,0.5449863
1751960855534,41.81405,SteamVR Tracker (Left Foot),0.5847906,0.01899052,0.2976629,-0.4133117,0.5357503,0.430169,0.5975783
1751960855534,41.81405,SteamVR Tracker (Waist),-0.577973,0.7614123,1.227589,-0.4983234,0.494832,0.5014001,0.505384
1751960855555,41.8354,SteamVR Tracker (Right Foot),0.5761803,0.03995061,-0.02077663,-0.3397633,0.6492599,0.4073724,0.5450416
1751960855555,41.8354,SteamVR Tracker (Left Foot),0.5847914,0.01891756,0.2976243,-0.4133126,0.5357242,0.4302502,0.5975425
1751960855555,41.8354,SteamVR Tracker (Waist),-0.5779729,0.7614301,1.227607,-0.4982785,0.4948045,0.5014369,0.5054189
1751960855598,41.87807,SteamVR Tracker (Right Foot),0.5763465,0.0400238,-0.020962,-0.3397647,0.6493108,0.4073088,0.5450275
1751960855598,41.87807,SteamVR Tracker (Left Foot),0.5848651,0.01893902,0.2973832,-0.413259,0.5357642,0.430268,0.597531
1751960855598,41.87807,SteamVR Tracker (Waist),-0.5779113,0.7612849,1.22755,-0.4983214,0.4948428,0.5013825,0.5053929
1751960855645,41.92334,SteamVR Tracker (Right Foot),0.5764077,0.04020143,-0.02089894,-0.339927,0.649326,0.407204,0.5449867
1751960855645,41.92334,SteamVR Tracker (Left Foot),0.5849137,0.01896071,0.2974742,-0.4132279,0.5358369,0.4303016,0.5974631
1751960855645,41.92334,SteamVR Tracker (Waist),-0.5778506,0.7610794,1.227601,-0.4981722,0.4948351,0.5014741,0.5054566
1751960855724,42.00197,SteamVR Tracker (Right Foot),0.5763127,0.04010153,-0.02080458,-0.3397594,0.6492231,0.4073338,0.5451166
1751960855724,42.00197,SteamVR Tracker (Left Foot),0.5847167,0.01895213,0.297449,-0.4130419,0.5357866,0.4303582,0.597596
1751960855724,42.00197,SteamVR Tracker (Waist),-0.5778989,0.7611419,1.227588,-0.4983519,0.4946869,0.5015167,0.5053824
1751960855760,42.04065,SteamVR Tracker (Right Foot),0.5762763,0.04003453,-0.02076441,-0.3396406,0.6492745,0.4073529,0.5451151
1751960855760,42.04065,SteamVR Tracker (Left Foot),0.5846615,0.01896858,0.2975222,-0.4130459,0.5357667,0.43047,0.5975307
1751960855760,42.04065,SteamVR Tracker (Waist),-0.5779335,0.7613215,1.227518,-0.4982488,0.4947876,0.5015311,0.505371
1751960855789,42.06938,SteamVR Tracker (Right Foot),0.5764489,0.04020357,-0.02074468,-0.3394525,0.649308,0.4072932,0.545237
1751960855789,42.06938,SteamVR Tracker (Left Foot),0.5846376,0.01905322,0.2975295,-0.4129128,0.5357214,0.4305938,0.5975741
1751960855789,42.06938,SteamVR Tracker (Waist),-0.5777999,0.7612821,1.227543,-0.4983365,0.494826,0.5014951,0.5052828
1751960855823,42.10122,SteamVR Tracker (Right Foot),0.576352,0.0401516,-0.02066278,-0.3392683,0.6492795,0.407388,0.5453148
1751960855823,42.10122,SteamVR Tracker (Left Foot),0.5848263,0.0190444,0.2976445,-0.4129675,0.5356415,0.4306946,0.5975351
1751960855823,42.10122,SteamVR Tracker (Waist),-0.5780025,0.7612758,1.227521,-0.4982995,0.4948063,0.501479,0.5053545
1751960855890,42.16961,SteamVR Tracker (Right Foot),0.5763288,0.04019666,-0.02088183,-0.339379,0.6492607,0.4073896,0.5452671
1751960855890,42.16961,SteamVR Tracker (Left Foot),0.5848486,0.0190661,0.2975769,-0.41305,0.5356956,0.4307634,0.59738
1751960855890,42.16961,SteamVR Tracker (Waist),-0.5778457,0.7612689,1.227599,-0.4982093,0.4947693,0.5015051,0.5054537
1751960855937,42.2174,SteamVR Tracker (Right Foot),0.576449,0.04014683,-0.02065164,-0.3393586,0.6492476,0.4074453,0.5452537
1751960855937,42.2174,SteamVR Tracker (Left Foot),0.5845933,0.01903057,0.297673,-0.4130765,0.5356787,0.4307316,0.5973998
1751960855937,42.2174,SteamVR Tracker (Waist),-0.5778195,0.7611109,1.227547,-0.4983668,0.4947161,0.5014518,0.5054034
1751960855977,42.25673,SteamVR Tracker (Right Foot),0.5765108,0.04015255,-0.02055836,-0.3394802,0.6493389,0.4073959,0.5451062
1751960855977,42.25673,SteamVR Tracker (Left Foot),0.584787,0.0189805,0.2975808,-0.413226,0.5356291,0.430742,0.5973333
1751960855977,42.25673,SteamVR Tracker (Waist),-0.5777352,0.7610667,1.227714,-0.49833,0.494681,0.5014581,0.5054679
1751960856037,42.31796,SteamVR Tracker (Right Foot),0.5762594,0.04013824,-0.02074522,-0.3396252,0.6491351,0.4075256,0.5451617
1751960856037,42.31796,SteamVR Tracker (Left Foot),0.5847892,0.01906824,0.2975495,-0.4133547,0.5355447,0.4308566,0.5972374
1751960856037,42.31796,SteamVR Tracker (Waist),-0.5778807,0.7614237,1.227489,-0.4983472,0.4946798,0.5014519,0.5054582
1751960856067,42.34698,SteamVR Tracker (Right Foot),0.5762699,0.04005075,-0.02074009,-0.3395926,0.6491005,0.4076305,0.5451449
1751960856068,42.34698,SteamVR Tracker (Left Foot),0.5846989,0.01884913,0.2974353,-0.4133863,0.5355819,0.430912,0.5971421
1751960856068,42.34698,SteamVR Tracker (Waist),-0.5779885,0.7614821,1.227391,-0.4983571,0.4946234,0.501572,0.5053846
1751960856109,42.39,SteamVR Tracker (Right Foot),0.5762985,0.04036093,-0.02073961,-0.3397654,0.6490611,0.4075702,0.5451292
1751960856109,42.39,SteamVR Tracker (Left Foot),0.5847484,0.01899314,0.2977896,-0.4134886,0.5355397,0.4309756,0.5970632
1751960856110,42.39,SteamVR Tracker (Waist),-0.5779167,0.7614734,1.227349,-0.4984095,0.494584,0.5015156,0.5054274
1751960856155,42.43528,SteamVR Tracker (Right Foot),0.5762307,0.04021525,-0.02095038,-0.339941,0.6488373,0.4078987,0.5450404
1751960856155,42.43528,SteamVR Tracker (Left Foot),0.5846901,0.01887083,0.297524,-0.413451,0.5356011,0.431011,0.5970086
1751960856155,42.43528,SteamVR Tracker (Waist),-0.5779347,0.7614561,1.227191,-0.4983444,0.4947253,0.5014726,0.5053959
1751960856214,42.49501,SteamVR Tracker (Right Foot),0.5761112,0.04026866,-0.02063096,-0.3400727,0.6487766,0.4079042,0.5450264
1751960856215,42.49501,SteamVR Tracker (Left Foot),0.5845711,0.01884294,0.2974612,-0.4136157,0.5354988,0.4311016,0.5969208
1751960856215,42.49501,SteamVR Tracker (Waist),-0.5780016,0.761333,1.227476,-0.4983619,0.494632,0.5014616,0.505481
1751960856247,42.52771,SteamVR Tracker (Right Foot),0.5762102,0.04034686,-0.0206725,-0.3401235,0.6486319,0.4079487,0.5451335
1751960856247,42.52771,SteamVR Tracker (Left Foot),0.5847794,0.0189786,0.297558,-0.4136385,0.5356092,0.4310713,0.5968279
1751960856247,42.52771,SteamVR Tracker (Waist),-0.5779433,0.761308,1.227503,-0.4983354,0.4947148,0.5015079,0.50538
1751960856282,42.56178,SteamVR Tracker (Right Foot),0.5763786,0.04042482,-0.02074689,-0.3402267,0.6486356,0.4079949,0.5450301
1751960856282,42.56178,SteamVR Tracker (Left Foot),0.5848261,0.01901245,0.2976477,-0.4136324,0.53553,0.4310729,0.5969021
1751960856282,42.56178,SteamVR Tracker (Waist),-0.5777993,0.7611649,1.227774,-0.4983091,0.4947389,0.5014411,0.5054487
1751960856315,42.59481,SteamVR Tracker (Right Foot),0.5761153,0.04037428,-0.02081472,-0.3401051,0.6486273,0.4080644,0.545064
1751960856315,42.59481,SteamVR Tracker (Left Foot),0.5848641,0.01911139,0.2974958,-0.4135531,0.5356603,0.4311137,0.5968106
1751960856315,42.59481,SteamVR Tracker (Waist),-0.5780249,0.7613373,1.227629,-0.4983565,0.4948,0.5014955,0.5052881
1751960856373,42.65258,SteamVR Tracker (Right Foot),0.5762424,0.04045153,-0.02091783,-0.3402755,0.6486576,0.4080038,0.5449669
1751960856373,42.65258,SteamVR Tracker (Left Foot),0.5846393,0.01906753,0.2974946,-0.4135343,0.5356303,0.4310088,0.5969263
1751960856373,42.65258,SteamVR Tracker (Waist),-0.5778331,0.7611936,1.227494,-0.4983767,0.4948139,0.501385,0.5053644
1751960856396,42.67812,SteamVR Tracker (Right Foot),0.5763699,0.04050374,-0.02095878,-0.3403559,0.6486508,0.4079531,0.5449627
1751960856396,42.67812,SteamVR Tracker (Left Foot),0.5846027,0.01898098,0.2974353,-0.4136209,0.5356472,0.4310381,0.5968301
1751960856396,42.67812,SteamVR Tracker (Waist),-0.5778906,0.761097,1.227548,-0.4984238,0.4947641,0.5013372,0.5054141
1751960856430,42.71126,SteamVR Tracker (Right Foot),0.5760633,0.0401175,-0.02089262,-0.3402893,0.6487516,0.407755,0.5450326
1751960856430,42.71126,SteamVR Tracker (Left Foot),0.5846597,0.01891565,0.2974865,-0.4135351,0.5356504,0.4309826,0.5969266
1751960856430,42.71126,SteamVR Tracker (Waist),-0.5779454,0.7613416,1.227507,-0.4984347,0.4947191,0.5014275,0.5053577
1751960856461,42.74232,SteamVR Tracker (Right Foot),0.5763312,0.04026604,-0.0207352,-0.3401212,0.6487195,0.4079371,0.5450395
1751960856461,42.74232,SteamVR Tracker (Left Foot),0.5846705,0.0188818,0.2975687,-0.4135571,0.535581,0.4309737,0.5969802
1751960856461,42.74232,SteamVR Tracker (Waist),-0.57795,0.7611985,1.227551,-0.4984402,0.4946374,0.5014539,0.505406
1751960856494,42.77478,SteamVR Tracker (Right Foot),0.5762944,0.04036117,-0.02075315,-0.3400625,0.6488007,0.4078798,0.5450223
1751960856494,42.77478,SteamVR Tracker (Left Foot),0.5846975,0.01880789,0.2975534,-0.4135476,0.5354504,0.4311321,0.5969895
1751960856494,42.77478,SteamVR Tracker (Waist),-0.5778112,0.7612605,1.227603,-0.4983039,0.4948143,0.5014715,0.5053497
1751960856554,42.8336,SteamVR Tracker (Right Foot),0.5759995,0.04026961,-0.02074635,-0.3399963,0.6488552,0.4078229,0.5450412
1751960856554,42.8336,SteamVR Tracker (Left Foot),0.5845778,0.01882315,0.2975488,-0.4135276,0.5355431,0.4310277,0.5969956
1751960856554,42.8336,SteamVR Tracker (Waist),-0.5780423,0.7613676,1.227448,-0.4984765,0.4946066,0.501481,0.5053734
1751960856572,42.85359,SteamVR Tracker (Right Foot),0.5760604,0.04013371,-0.02069718,-0.3398924,0.6489478,0.4077447,0.5450543
1751960856572,42.85359,SteamVR Tracker (Left Foot),0.5845012,0.01878262,0.2976464,-0.4135394,0.5354589,0.4311192,0.5969969
1751960856572,42.85359,SteamVR Tracker (Waist),-0.5780928,0.7614049,1.227399,-0.498455,0.4946569,0.5015038,0.5053228
1751960856603,42.88318,SteamVR Tracker (Right Foot),0.5761653,0.04039407,-0.02085346,-0.3397066,0.6489877,0.4075973,0.5452329
1751960856603,42.88318,SteamVR Tracker (Left Foot),0.5845979,0.01888585,0.2975368,-0.4134297,0.5355239,0.4311357,0.5970026
1751960856603,42.88318,SteamVR Tracker (Waist),-0.5780182,0.7613789,1.227542,-0.4984331,0.4945654,0.5015405,0.5053976
1751960856648,42.92854,SteamVR Tracker (Right Foot),0.5762467,0.04039168,-0.02092665,-0.339537,0.6491225,0.4074188,0.5453115
1751960856648,42.92854,SteamVR Tracker (Left Foot),0.5847447,0.01882124,0.297521,-0.4134888,0.5355055,0.4312174,0.5969191
1751960856648,42.92854,SteamVR Tracker (Waist),-0.5779852,0.7610341,1.227511,-0.4985859,0.4945182,0.5014356,0.5053972
1751960856717,42.99597,SteamVR Tracker (Right Foot),0.5763478,0.04038429,-0.02079195,-0.3395073,0.6490538,0.4074222,0.5454092
1751960856717,42.99597,SteamVR Tracker (Left Foot),0.5846418,0.01889348,0.2976008,-0.4134058,0.535446,0.4312603,0.596999
1751960856717,42.99597,SteamVR Tracker (Waist),-0.5777377,0.7611806,1.227608,-0.4984941,0.4945529,0.5014194,0.5054697
1751960856746,43.02784,SteamVR Tracker (Right Foot),0.5761486,0.04026318,-0.02080828,-0.3395748,0.6491594,0.4073946,0.5452622
1751960856746,43.02784,SteamVR Tracker (Left Foot),0.584597,0.0189743,0.2974513,-0.4136374,0.5354049,0.4312902,0.5968538
1751960856747,43.02784,SteamVR Tracker (Waist),-0.5779538,0.7613581,1.22749,-0.4984363,0.494643,0.5014743,0.5053841
1751960856778,43.05813,SteamVR Tracker (Right Foot),0.5762389,0.04028845,-0.02083701,-0.3394975,0.6491641,0.4073886,0.545309
1751960856778,43.05813,SteamVR Tracker (Left Foot),0.5846428,0.01899004,0.2975269,-0.4135619,0.5354839,0.4311722,0.5969206
1751960856778,43.05813,SteamVR Tracker (Waist),-0.5779617,0.761344,1.227531,-0.4983686,0.4946738,0.501497,0.5053983
1751960856818,43.09738,SteamVR Tracker (Right Foot),0.5761578,0.04045558,-0.02083373,-0.3396685,0.6490523,0.4073709,0.5453489
1751960856818,43.09738,SteamVR Tracker (Left Foot),0.5847342,0.01888871,0.2974845,-0.4134808,0.5354897,0.4312579,0.5969096
1751960856818,43.09738,SteamVR Tracker (Waist),-0.5778288,0.7616036,1.227627,-0.4983857,0.4946304,0.501439,0.5054815
1751960856879,43.15722,SteamVR Tracker (Right Foot),0.5761309,0.04041934,-0.02073562,-0.3394499,0.6491061,0.4074109,0.5453912
1751960856879,43.15722,SteamVR Tracker (Left Foot),0.584686,0.01891541,0.2975646,-0.413507,0.535538,0.4312353,0.5968645
1751960856879,43.15722,SteamVR Tracker (Waist),-0.5779876,0.7614623,1.227568,-0.4982928,0.4947936,0.5014447,0.5054076
1751960856928,43.207,SteamVR Tracker (Right Foot),0.5762619,0.04039097,-0.0207389,-0.3391955,0.6491481,0.4074496,0.5454704
1751960856928,43.207,SteamVR Tracker (Left Foot),0.5847301,0.01884151,0.297538,-0.4135138,0.5354479,0.4313836,0.5968335
1751960856928,43.207,SteamVR Tracker (Waist),-0.57789,0.7612882,1.227535,-0.4982974,0.4947954,0.5015085,0.505338
1751960856954,43.23524,SteamVR Tracker (Right Foot),0.576387,0.04039574,-0.02088672,-0.3392529,0.6492037,0.4072916,0.5454866
1751960856954,43.23524,SteamVR Tracker (Left Foot),0.5846048,0.01876187,0.2974724,-0.4134031,0.5354747,0.4312999,0.5969464
1751960856954,43.23524,SteamVR Tracker (Waist),-0.5777415,0.7610545,1.227457,-0.4983656,0.494756,0.501416,0.5054012
1751960856986,43.26691,SteamVR Tracker (Right Foot),0.5762385,0.0402739,-0.0207094,-0.3391078,0.6492874,0.4074143,0.5453856
1751960856986,43.26691,SteamVR Tracker (Left Foot),0.5845134,0.01863265,0.2974825,-0.413489,0.5353724,0.431359,0.5969362
1751960856986,43.26691,SteamVR Tracker (Waist),-0.5779914,0.7613437,1.2274,-0.4983687,0.4948522,0.5014625,0.5052579
1751960857049,43.32868,SteamVR Tracker (Right Foot),0.5761844,0.04031014,-0.02078426,-0.3391613,0.6494018,0.4071728,0.5453964
1751960857049,43.32868,SteamVR Tracker (Left Foot),0.5847304,0.01878786,0.2974813,-0.4134506,0.5353965,0.43128,0.5969982
1751960857049,43.32868,SteamVR Tracker (Waist),-0.5780066,0.7614571,1.227384,-0.4983715,0.4947712,0.5014725,0.5053242
1751960857069,43.34952,SteamVR Tracker (Right Foot),0.576332,0.04042029,-0.02084953,-0.3392865,0.6493847,0.4072222,0.5453021
1751960857069,43.34952,SteamVR Tracker (Left Foot),0.5845164,0.01877308,0.2975067,-0.4135369,0.5354024,0.4311606,0.5970194
1751960857069,43.34952,SteamVR Tracker (Waist),-0.5777576,0.7612196,1.227465,-0.4982552,0.4947752,0.5014318,0.5054756
1751960857101,43.38024,SteamVR Tracker (Right Foot),0.5763677,0.04046416,-0.02081573,-0.3392629,0.6493307,0.4074391,0.5452191
1751960857101,43.38024,SteamVR Tracker (Left Foot),0.5845832,0.01884341,0.297436,-0.4136239,0.5353477,0.4311597,0.5970086
1751960857101,43.38024,SteamVR Tracker (Waist),-0.5779321,0.7611277,1.227459,-0.4983139,0.4947883,0.5014985,0.5053387
1751960857146,43.42491,SteamVR Tracker (Right Foot),0.5764978,0.04039216,-0.02082634,-0.3395656,0.6490211,0.4078811,0.5450686
1751960857146,43.42491,SteamVR Tracker (Left Foot),0.5849123,0.01892948,0.2973766,-0.4139062,0.5354465,0.4306778,0.5970724
1751960857146,43.42491,SteamVR Tracker (Waist),-0.5778546,0.7612236,1.227663,-0.4983439,0.4946655,0.5015135,0.5054144
1751960857216,43.49657,SteamVR Tracker (Right Foot),0.5761766,0.04026151,-0.02065021,-0.3395062,0.6487651,0.4081577,0.5452033
1751960857216,43.49657,SteamVR Tracker (Left Foot),0.5848191,0.01876068,0.2974036,-0.4136966,0.5357032,0.4302505,0.5972954
1751960857216,43.49657,SteamVR Tracker (Waist),-0.5778241,0.7614009,1.227477,-0.4983091,0.4946139,0.5014176,0.5055943
1751960857247,43.52805,SteamVR Tracker (Right Foot),0.5760868,0.04026699,-0.02075273,-0.3397216,0.6484988,0.4085457,0.5450953
1751960857247,43.52805,SteamVR Tracker (Left Foot),0.5846997,0.01878572,0.2973082,-0.4136978,0.5356066,0.4303108,0.5973378
1751960857247,43.52805,SteamVR Tracker (Waist),-0.5779622,0.7614152,1.22753,-0.4983089,0.4945666,0.5014527,0.5056057
1751960857289,43.56925,SteamVR Tracker (Right Foot),0.5761515,0.0404563,-0.02080762,-0.3395887,0.6483474,0.4086732,0.5452626
1751960857289,43.56925,SteamVR Tracker (Left Foot),0.5847002,0.0186758,0.2971821,-0.413588,0.5355983,0.4304383,0.5973294
1751960857289,43.56925,SteamVR Tracker (Waist),-0.5779464,0.7613027,1.227412,-0.4983369,0.4947813,0.5014188,0.505402
1751960857335,43.61401,SteamVR Tracker (Right Foot),0.5760279,0.0403049,-0.02068496,-0.3395161,0.6484196,0.4085431,0.5453196
1751960857336,43.61401,SteamVR Tracker (Left Foot),0.5846683,0.01873755,0.297388,-0.4134139,0.5355937,0.4305132,0.5973999
1751960857336,43.61401,SteamVR Tracker (Waist),-0.5779763,0.7615016,1.227559,-0.4982922,0.4947909,0.5013441,0.5055106
1751960857410,43.68841,SteamVR Tracker (Right Foot),0.5762141,0.04032826,-0.0206812,-0.3391723,0.6484926,0.4083636,0.5455812
1751960857410,43.68841,SteamVR Tracker (Left Foot),0.5845854,0.01872802,0.2974101,-0.4132276,0.5354944,0.4307871,0.5974204
1751960857410,43.68841,SteamVR Tracker (Waist),-0.5778484,0.761394,1.227481,-0.4982771,0.4946526,0.5014532,0.5055526
1751960857434,43.71608,SteamVR Tracker (Right Foot),0.5762683,0.0404129,-0.02075356,-0.3387492,0.6486731,0.4081027,0.5458245
1751960857434,43.71608,SteamVR Tracker (Left Foot),0.5845068,0.0185914,0.2973115,-0.4129988,0.5352421,0.4311672,0.5975305
1751960857434,43.71608,SteamVR Tracker (Waist),-0.5778571,0.76114,1.227296,-0.4983038,0.4947002,0.5014436,0.5054893
1751960857467,43.7468,SteamVR Tracker (Right Foot),0.5764384,0.04044199,-0.02078116,-0.3386602,0.648738,0.4079663,0.5459046
1751960857467,43.7468,SteamVR Tracker (Left Foot),0.5848478,0.01858211,0.2974042,-0.4128923,0.5353251,0.4312264,0.5974871
1751960857467,43.7468,SteamVR Tracker (Waist),-0.5778556,0.7613648,1.227463,-0.4983656,0.4947566,0.5013415,0.5054744
1751960857498,43.77981,SteamVR Tracker (Right Foot),0.5763854,0.04052472,-0.02058595,-0.3386214,0.6487312,0.4081005,0.5458364
1751960857498,43.77981,SteamVR Tracker (Left Foot),0.5847636,0.01875687,0.297695,-0.4127478,0.5350703,0.4318471,0.5973669
1751960857498,43.77981,SteamVR Tracker (Waist),-0.5777651,0.7612902,1.227744,-0.4982521,0.4947841,0.5014101,0.5054914
1751960857561,43.8401,SteamVR Tracker (Right Foot),0.5760309,0.04033756,-0.02073628,-0.3380731,0.6488457,0.4077041,0.5463362
1751960857561,43.8401,SteamVR Tracker (Left Foot),0.5846517,0.01864123,0.2977211,-0.4126445,0.5352125,0.431761,0.5973731
1751960857561,43.8401,SteamVR Tracker (Waist),-0.5778434,0.7616669,1.227494,-0.4983603,0.494677,0.5014206,0.5054791
1751960857581,43.8629,SteamVR Tracker (Right Foot),0.5763292,0.04056978,-0.02051705,-0.3379308,0.6489258,0.4075842,0.5464185
1751960857582,43.8629,SteamVR Tracker (Left Foot),0.5846137,0.01851153,0.2978015,-0.4126232,0.5351298,0.432056,0.5972485
1751960857582,43.8629,SteamVR Tracker (Waist),-0.5780469,0.7617089,1.227366,-0.4981957,0.4948038,0.5014367,0.5055014
1751960857612,43.89373,SteamVR Tracker (Right Foot),0.5764271,0.04072905,-0.02033865,-0.3376729,0.6491189,0.4076428,0.5463049
1751960857612,43.89373,SteamVR Tracker (Left Foot),0.584479,0.01838207,0.2979557,-0.4125783,0.5351411,0.4319732,0.5973294
1751960857612,43.89373,SteamVR Tracker (Waist),-0.5778532,0.7613374,1.227491,-0.49819,0.494828,0.501492,0.5054284
1751960857659,43.9376,SteamVR Tracker (Right Foot),0.5764904,0.04078436,-0.02058691,-0.3375434,0.6490801,0.4077419,0.5463571
1751960857659,43.9376,SteamVR Tracker (Left Foot),0.5848926,0.01857734,0.2978128,-0.4123776,0.5352438,0.4311439,0.5979747
1751960857659,43.9376,SteamVR Tracker (Waist),-0.5778154,0.7609973,1.227535,-0.4982023,0.4948111,0.5015572,0.505368
1751960857735,44.01191,SteamVR Tracker (Right Foot),0.5762771,0.04073906,-0.02056521,-0.3377652,0.6492033,0.4074531,0.546289
1751960857735,44.01191,SteamVR Tracker (Left Foot),0.5847093,0.01841164,0.2975152,-0.412466,0.5355551,0.4307406,0.5979257
1751960857735,44.01191,SteamVR Tracker (Waist),-0.5779223,0.7612838,1.22742,-0.4983188,0.4947226,0.5014018,0.505494
1751960857771,44.05099,SteamVR Tracker (Right Foot),0.5760076,0.04087949,-0.02065003,-0.3377335,0.6490979,0.4076375,0.5462964
1751960857771,44.05099,SteamVR Tracker (Left Foot),0.5849497,0.0183866,0.2975432,-0.4127967,0.535751,0.4299386,0.5980992
1751960857771,44.05099,SteamVR Tracker (Waist),-0.5779277,0.7614124,1.22766,-0.4984098,0.494699,0.5013127,0.5055157
1751960857795,44.07643,SteamVR Tracker (Right Foot),0.5763206,0.040658,-0.02076238,-0.3377673,0.6489339,0.4080679,0.546149
1751960857795,44.07643,SteamVR Tracker (Left Foot),0.5849955,0.01839995,0.2976562,-0.412879,0.5357959,0.4298496,0.5980662
1751960857795,44.07643,SteamVR Tracker (Waist),-0.5777966,0.7612046,1.227552,-0.4983232,0.4947654,0.501307,0.5055419
1751960857833,44.11236,SteamVR Tracker (Right Foot),0.5765491,0.04059529,-0.0204742,-0.3372678,0.6491433,0.4078566,0.5463666
1751960857833,44.11236,SteamVR Tracker (Left Foot),0.58485,0.01826668,0.2976437,-0.4134525,0.5353504,0.4299115,0.5980244
1751960857833,44.11236,SteamVR Tracker (Waist),-0.5777308,0.7609563,1.227487,-0.4982532,0.4948626,0.5014098,0.5054137
1751960857898,44.17716,SteamVR Tracker (Right Foot),0.5761733,0.04059386,-0.02050322,-0.3375964,0.649062,0.4079253,0.546209
1751960857898,44.17716,SteamVR Tracker (Left Foot),0.5849855,0.01825666,0.2976241,-0.4135735,0.5356837,0.4290717,0.5982453
1751960857898,44.17716,SteamVR Tracker (Waist),-0.5779163,0.7613827,1.227432,-0.4983807,0.4947518,0.5014213,0.5053851
1751960857912,44.19437,SteamVR Tracker (Right Foot),0.5761404,0.0405004,-0.02070779,-0.3377109,0.649154,0.4075315,0.5463227
1751960857912,44.19437,SteamVR Tracker (Left Foot),0.5849274,0.01819277,0.2974902,-0.4139821,0.5349453,0.4293,0.5984596
1751960857912,44.19437,SteamVR Tracker (Waist),-0.5780332,0.7614058,1.227276,-0.4983639,0.4947026,0.5015107,0.505361
1751960857943,44.22308,SteamVR Tracker (Right Foot),0.5762548,0.04067159,-0.020652,-0.3376833,0.6494758,0.4069007,0.5464274
1751960857943,44.22308,SteamVR Tracker (Left Foot),0.5849278,0.0181644,0.2977265,-0.4141977,0.53472,0.4298052,0.5981491
1751960857943,44.22308,SteamVR Tracker (Waist),-0.5778757,0.7613448,1.227502,-0.4984373,0.4945844,0.5014766,0.5054382
1751960857989,44.26844,SteamVR Tracker (Right Foot),0.5757879,0.04110765,-0.02078283,-0.3386635,0.6497341,0.406015,0.5461725
1751960857989,44.26844,SteamVR Tracker (Left Foot),0.5849563,0.0180378,0.2979174,-0.4144669,0.5343264,0.429767,0.5983419
1751960857989,44.26844,SteamVR Tracker (Waist),-0.5779499,0.7615154,1.2275,-0.4985059,0.49461,0.5014504,0.5053714
1751960858056,44.33556,SteamVR Tracker (Right Foot),0.5750676,0.04178596,-0.02100116,-0.3405271,0.649579,0.4054214,0.545639
1751960858056,44.33556,SteamVR Tracker (Left Foot),0.584933,0.01808047,0.2981606,-0.4154355,0.5339779,0.4305365,0.5974274
1751960858056,44.33556,SteamVR Tracker (Waist),-0.5778667,0.7614518,1.227537,-0.4984593,0.4946384,0.5015311,0.5053096
1751960858081,44.36026,SteamVR Tracker (Right Foot),0.5742428,0.04291725,-0.02149588,-0.3422534,0.6490818,0.4052889,0.5452489
1751960858081,44.36026,SteamVR Tracker (Left Foot),0.5849152,0.01837611,0.2982015,-0.4160726,0.5335581,0.4311984,0.5968813
1751960858081,44.36026,SteamVR Tracker (Waist),-0.5778273,0.7615935,1.227588,-0.4983835,0.494577,0.5015205,0.505455
1751960858122,44.40196,SteamVR Tracker (Right Foot),0.5729145,0.04333496,-0.02156204,-0.34188,0.6488365,0.4057832,0.5454075
1751960858122,44.40196,SteamVR Tracker (Left Foot),0.5849612,0.01824141,0.298018,-0.4164868,0.5336122,0.4309011,0.5967589
1751960858122,44.40196,SteamVR Tracker (Waist),-0.577843,0.7614291,1.227419,-0.4984404,0.4945351,0.5014603,0.5054995
1751960858167,44.44704,SteamVR Tracker (Right Foot),0.5592465,0.04292178,-0.02236557,-0.3328759,0.6550827,0.4082362,0.5416673
1751960858167,44.44704,SteamVR Tracker (Left Foot),0.584697,0.01813388,0.2982596,-0.4164553,0.5335119,0.4311498,0.5966908
1751960858167,44.44704,SteamVR Tracker (Waist),-0.5778458,0.7612076,1.227471,-0.4983402,0.4946795,0.5014857,0.5054318
1751960858247,44.52552,SteamVR Tracker (Right Foot),0.5362189,0.04250503,-0.02340311,-0.325791,0.66116,0.4117317,0.5359148
1751960858247,44.52552,SteamVR Tracker (Left Foot),0.5845057,0.01825094,0.2981244,-0.4169025,0.5332643,0.4317623,0.5961568
1751960858247,44.52552,SteamVR Tracker (Waist),-0.577958,0.7613095,1.227358,-0.498265,0.4947141,0.5014744,0.5054833
1751960858283,44.56347,SteamVR Tracker (Right Foot),0.5040877,0.04241538,-0.02338231,-0.3193763,0.6662555,0.4116343,0.5335351
1751960858283,44.56347,SteamVR Tracker (Left Foot),0.5842136,0.01812196,0.2980565,-0.4178757,0.5328632,0.4322286,0.5954958
1751960858284,44.56347,SteamVR Tracker (Waist),-0.5779244,0.7614024,1.227411,-0.498246,0.4946899,0.5015045,0.5054958
1751960858311,44.59175,SteamVR Tracker (Right Foot),0.4878108,0.04234171,-0.02238864,-0.3170421,0.6673343,0.4101846,0.5346943
1751960858311,44.59175,SteamVR Tracker (Left Foot),0.584366,0.01806927,0.298095,-0.4180617,0.5329984,0.4317244,0.5956099
1751960858311,44.59175,SteamVR Tracker (Waist),-0.5778906,0.7614455,1.227413,-0.4982823,0.4946734,0.5014364,0.5055439
1751960858344,44.62429,SteamVR Tracker (Right Foot),0.4697342,0.0425601,-0.02043349,-0.3184733,0.6664833,0.4060395,0.5380583
1751960858344,44.62429,SteamVR Tracker (Left Foot),0.5845013,0.01807904,0.2978095,-0.4176213,0.5337022,0.4308368,0.5959314
1751960858344,44.62429,SteamVR Tracker (Waist),-0.5778372,0.7611425,1.227536,-0.4983014,0.4946728,0.5015931,0.5053701
1751960858406,44.68491,SteamVR Tracker (Right Foot),0.4456665,0.0428102,-0.01820475,-0.3133681,0.6716884,0.3977408,0.5407749
1751960858406,44.68491,SteamVR Tracker (Left Foot),0.5846602,0.01806641,0.2977483,-0.4173831,0.5336048,0.431167,0.5959466
1751960858406,44.68491,SteamVR Tracker (Waist),-0.577853,0.7611742,1.227501,-0.4982491,0.494865,0.5014847,0.5053411
1751960858425,44.70546,SteamVR Tracker (Right Foot),0.4154339,0.04280567,-0.01619661,-0.3071029,0.676344,0.3906226,0.5437468
1751960858425,44.70546,SteamVR Tracker (Left Foot),0.5845976,0.01812792,0.2978181,-0.4174868,0.5337524,0.4312372,0.5956909
1751960858425,44.70546,SteamVR Tracker (Waist),-0.5777909,0.7611562,1.227601,-0.4982041,0.4948549,0.5014992,0.5053809
1751960858455,44.73658,SteamVR Tracker (Right Foot),0.3978173,0.04291153,-0.01528591,-0.303928,0.6798717,0.386645,0.5439742
1751960858455,44.73658,SteamVR Tracker (Left Foot),0.5846967,0.0181284,0.2978424,-0.4172984,0.5339446,0.4311817,0.5956908
1751960858455,44.73658,SteamVR Tracker (Waist),-0.5778188,0.7611264,1.227661,-0.4981797,0.4949049,0.5016375,0.5052188
1751960858488,44.76896,SteamVR Tracker (Right Foot),0.3836566,0.04293489,-0.01461911,-0.3003708,0.6822434,0.3821828,0.5461296
1751960858488,44.76896,SteamVR Tracker (Left Foot),0.5845895,0.01806068,0.2977648,-0.4168414,0.5344942,0.4307071,0.5958613
1751960858489,44.76896,SteamVR Tracker (Waist),-0.5778546,0.7612547,1.227519,-0.4981642,0.4949066,0.5016221,0.5052477
1751960858526,44.80505,SteamVR Tracker (Right Foot),0.3671353,0.04321885,-0.0143407,-0.2973419,0.686016,0.3778295,0.5460905
1751960858526,44.80505,SteamVR Tracker (Left Foot),0.5846697,0.01810288,0.2978436,-0.4157018,0.5350407,0.4305872,0.5962535
1751960858526,44.80505,SteamVR Tracker (Waist),-0.5779494,0.7615591,1.227437,-0.49823,0.4948842,0.5015503,0.5052761
1751960858584,44.86479,SteamVR Tracker (Right Foot),0.3581046,0.04345083,-0.01561725,-0.298106,0.6845666,0.3752562,0.5492578
1751960858584,44.86479,SteamVR Tracker (Left Foot),0.5847853,0.01810598,0.2978234,-0.4156437,0.5350179,0.4303482,0.596487
1751960858584,44.86479,SteamVR Tracker (Waist),-0.5777984,0.7612487,1.227511,-0.4981723,0.4949273,0.501484,0.5053565
1751960858599,44.88072,SteamVR Tracker (Right Foot),0.3434581,0.04361844,-0.01639062,-0.2968293,0.6851885,0.3714415,0.5517612
1751960858599,44.88072,SteamVR Tracker (Left Foot),0.5847793,0.01818657,0.2979187,-0.4156381,0.5348534,0.4305133,0.5965192
1751960858599,44.88072,SteamVR Tracker (Waist),-0.5778533,0.7613212,1.227685,-0.4982186,0.4948724,0.501514,0.5053348
1751960858644,44.92384,SteamVR Tracker (Right Foot),0.3371133,0.04359102,-0.01756924,-0.2987037,0.6830916,0.3714204,0.5533615
1751960858644,44.92384,SteamVR Tracker (Left Foot),0.5847498,0.01820803,0.2979935,-0.4138474,0.5350242,0.4309689,0.5972815
1751960858644,44.92384,SteamVR Tracker (Waist),-0.5778166,0.7612221,1.22756,-0.4982003,0.4949607,0.5014884,0.5052919
1751960858696,44.97513,SteamVR Tracker (Right Foot),0.3328307,0.04347205,-0.01854759,-0.3059123,0.6786361,0.3722466,0.5543493
1751960858696,44.97513,SteamVR Tracker (Left Foot),0.5845578,0.01815009,0.2977294,-0.4149793,0.5348839,0.4307516,0.5967785
1751960858696,44.97513,SteamVR Tracker (Waist),-0.5778325,0.7613435,1.227362,-0.4983554,0.4948672,0.5013524,0.5053653
1751960858762,45.04101,SteamVR Tracker (Right Foot),0.3267544,0.04351044,-0.01938289,-0.31062,0.6729606,0.3742272,0.5573089
1751960858763,45.04101,SteamVR Tracker (Left Foot),0.5846934,0.01807618,0.2978999,-0.415417,0.5343359,0.4308961,0.5968605
1751960858763,45.04101,SteamVR Tracker (Waist),-0.5778514,0.7613671,1.227436,-0.4982087,0.4948611,0.5014558,0.5054135
1751960858780,45.06163,SteamVR Tracker (Right Foot),0.3195436,0.04335642,-0.02081913,-0.3152589,0.6713358,0.3774952,0.5544525
1751960858780,45.06163,SteamVR Tracker (Left Foot),0.5847074,0.01812029,0.2979018,-0.4156272,0.5339255,0.4313363,0.5967635
1751960858780,45.06163,SteamVR Tracker (Waist),-0.5779346,0.7612027,1.22742,-0.4982619,0.49483,0.5014351,0.505412
1751960858812,45.09273,SteamVR Tracker (Right Foot),0.3216219,0.04316521,-0.02075124,-0.3222618,0.6686565,0.380962,0.5512839
1751960858812,45.09273,SteamVR Tracker (Left Foot),0.5846673,0.01805496,0.2980694,-0.4154901,0.5338637,0.4316477,0.5966891
1751960858812,45.09273,SteamVR Tracker (Waist),-0.5779941,0.7612557,1.227437,-0.4980912,0.4949839,0.5014367,0.505428
1751960858852,45.12985,SteamVR Tracker (Right Foot),0.3225898,0.04245996,-0.02008885,-0.3279292,0.6650794,0.3871267,0.5479643
1751960858852,45.12985,SteamVR Tracker (Left Foot),0.5844531,0.018255,0.2981178,-0.4152318,0.5339863,0.4319436,0.596545
1751960858852,45.12985,SteamVR Tracker (Waist),-0.5778178,0.7611649,1.227398,-0.4980557,0.4950517,0.5013679,0.5054648
1751960858907,45.18736,SteamVR Tracker (Right Foot),0.3222488,0.04210949,-0.01996166,-0.3309757,0.6620635,0.3921105,0.5462385
1751960858907,45.18736,SteamVR Tracker (Left Foot),0.5844955,0.01851058,0.2980856,-0.4158066,0.5338371,0.4320735,0.596184
1751960858907,45.18736,SteamVR Tracker (Waist),-0.577957,0.7614129,1.227511,-0.4980781,0.4948964,0.5014838,0.5054798
1751960858925,45.20627,SteamVR Tracker (Right Foot),0.32137,0.04172659,-0.01973659,-0.3356507,0.658426,0.3978687,0.5436122
1751960858925,45.20627,SteamVR Tracker (Left Foot),0.5843025,0.01864338,0.2978793,-0.4165107,0.5333777,0.4323539,0.5959003
1751960858925,45.20627,SteamVR Tracker (Waist),-0.5779923,0.7614185,1.227436,-0.4980204,0.4950064,0.5014133,0.5054989
1751960858953,45.23518,SteamVR Tracker (Right Foot),0.3208612,0.04173851,-0.01963562,-0.3388949,0.6556561,0.4019645,0.5419317
1751960858954,45.23518,SteamVR Tracker (Left Foot),0.5842962,0.01857495,0.2976656,-0.4162865,0.5338682,0.4316514,0.5961271
1751960858954,45.23518,SteamVR Tracker (Waist),-0.5779241,0.7615029,1.227414,-0.4981957,0.494786,0.501373,0.5055819
1751960858991,45.27007,SteamVR Tracker (Right Foot),0.3213707,0.04151535,-0.01992309,-0.3387889,0.655879,0.4016903,0.5419315
1751960858991,45.27007,SteamVR Tracker (Left Foot),0.5844254,0.01860189,0.2977384,-0.4158864,0.5341126,0.4316659,0.5961769
1751960858991,45.27007,SteamVR Tracker (Waist),-0.5777693,0.7611808,1.227602,-0.4981166,0.4948335,0.5014853,0.505502
1751960859028,45.30799,SteamVR Tracker (Right Foot),0.3210708,0.04133964,-0.01983064,-0.338897,0.6560993,0.4007383,0.5423019
1751960859028,45.30799,SteamVR Tracker (Left Foot),0.58437,0.01862502,0.2976611,-0.4157617,0.534145,0.4313733,0.5964466
1751960859028,45.30799,SteamVR Tracker (Waist),-0.577852,0.7613317,1.227558,-0.4982445,0.4948005,0.5014908,0.5054027
1751960859080,45.35936,SteamVR Tracker (Right Foot),0.3209543,0.04124999,-0.0197773,-0.3384539,0.6564644,0.3999605,0.542711
1751960859080,45.35936,SteamVR Tracker (Left Foot),0.5844263,0.01871657,0.2976094,-0.4159458,0.5339693,0.4312263,0.5965817
1751960859080,45.35936,SteamVR Tracker (Waist),-0.5778875,0.761536,1.227424,-0.4981845,0.4947172,0.5015067,0.5055277
1751960859104,45.3841,SteamVR Tracker (Right Foot),0.3214141,0.04116797,-0.01966041,-0.3378978,0.6567177,0.3995398,0.5430608
1751960859104,45.3841,SteamVR Tracker (Left Foot),0.5846437,0.01871824,0.2973363,-0.4156192,0.5341522,0.4305891,0.5971056
1751960859104,45.3841,SteamVR Tracker (Waist),-0.577793,0.7614453,1.227425,-0.4980771,0.4948323,0.5015534,0.5054744
1751960859133,45.41452,SteamVR Tracker (Right Foot),0.3213286,0.04103351,-0.01956373,-0.3377093,0.6568926,0.3991922,0.543222
1751960859133,45.41452,SteamVR Tracker (Left Foot),0.5845613,0.01864076,0.2974582,-0.4153736,0.5340513,0.4305274,0.5974113
1751960859133,45.41452,SteamVR Tracker (Waist),-0.5778661,0.7614727,1.227354,-0.4982355,0.4947209,0.501484,0.5054963
1751960859174,45.45319,SteamVR Tracker (Right Foot),0.3213057,0.04116559,-0.01936883,-0.3372987,0.6572704,0.3987553,0.543341
1751960859174,45.45319,SteamVR Tracker (Left Foot),0.5847303,0.01855564,0.2975459,-0.4152203,0.5341861,0.4301299,0.5976835
1751960859174,45.45319,SteamVR Tracker (Waist),-0.5779372,0.76149,1.227509,-0.4981363,0.4948432,0.5015263,0.5054324
1751960859209,45.4872,SteamVR Tracker (Right Foot),0.3214486,0.04081798,-0.01962572,-0.3370859,0.6574404,0.3986319,0.543358
1751960859209,45.4872,SteamVR Tracker (Left Foot),0.5846473,0.01832557,0.2971653,-0.4150431,0.5343875,0.4295208,0.5980646
1751960859209,45.4872,SteamVR Tracker (Waist),-0.5779706,0.7614039,1.227423,-0.4981892,0.4948349,0.5015689,0.5053461
1751960859266,45.54514,SteamVR Tracker (Right Foot),0.3217486,0.04113507,-0.01940888,-0.3369875,0.6579477,0.3980584,0.5432255
1751960859266,45.54514,SteamVR Tracker (Left Foot),0.5847952,0.0185132,0.2971583,-0.4148405,0.5343826,0.4291068,0.5985064
1751960859267,45.54514,SteamVR Tracker (Waist),-0.5777967,0.7611712,1.227418,-0.4979655,0.4949572,0.5016016,0.5054144
1751960859282,45.56367,SteamVR Tracker (Right Foot),0.3218727,0.0411489,-0.01936954,-0.336755,0.6583122,0.3976963,0.5431932
1751960859282,45.56367,SteamVR Tracker (Left Foot),0.5850252,0.01849914,0.297002,-0.4144375,0.5347593,0.4282284,0.5990781
1751960859282,45.56367,SteamVR Tracker (Waist),-0.5776883,0.7609954,1.227445,-0.4979518,0.4949708,0.5016505,0.5053658
1751960859316,45.59618,SteamVR Tracker (Right Foot),0.3220166,0.04114056,-0.01946658,-0.3363836,0.658976,0.3968491,0.543238
1751960859316,45.59618,SteamVR Tracker (Left Foot),0.5853049,0.01846838,0.2969059,-0.4140899,0.5349422,0.4276552,0.5995644
1751960859317,45.59618,SteamVR Tracker (Waist),-0.5777473,0.7612412,1.227413,-0.4980531,0.4949455,0.5015538,0.5053869
1751960859350,45.63026,SteamVR Tracker (Right Foot),0.3219199,0.040941,-0.01957619,-0.3371061,0.6597855,0.395705,0.5426418
1751960859350,45.63026,SteamVR Tracker (Left Foot),0.5854539,0.01836658,0.2969368,-0.4141425,0.5347955,0.4271816,0.5999964
1751960859350,45.63026,SteamVR Tracker (Waist),-0.5779545,0.7614392,1.227451,-0.4979953,0.4948817,0.5016681,0.5053929
1751960859380,45.66127,SteamVR Tracker (Right Foot),0.3220487,0.04079151,-0.01958722,-0.3369166,0.6605567,0.3948921,0.5424135
1751960859380,45.66127,SteamVR Tracker (Left Foot),0.5855838,0.0182898,0.2967644,-0.4132783,0.5353621,0.4261798,0.600799
1751960859380,45.66127,SteamVR Tracker (Waist),-0.5780318,0.761603,1.227506,-0.4980673,0.4948944,0.5015476,0.5054291
1751960859431,45.71194,SteamVR Tracker (Right Foot),0.3224404,0.04110169,-0.01970142,-0.3367146,0.6605738,0.3950956,0.5423698
1751960859431,45.71194,SteamVR Tracker (Left Foot),0.5856551,0.0183115,0.2967851,-0.4132249,0.5354407,0.4263968,0.6006116
1751960859431,45.71194,SteamVR Tracker (Waist),-0.577769,0.7613308,1.227446,-0.4980796,0.4948083,0.5015106,0.505538
1751960859445,45.72786,SteamVR Tracker (Right Foot),0.3223026,0.04102111,-0.01934344,-0.3365743,0.660466,0.3955495,0.5422574
1751960859445,45.72786,SteamVR Tracker (Left Foot),0.5856279,0.01846576,0.2967246,-0.4128317,0.5356826,0.4262284,0.6007858
1751960859445,45.72786,SteamVR Tracker (Waist),-0.5777262,0.7613047,1.227481,-0.4980146,0.494889,0.501485,0.5055484
1751960859481,45.76198,SteamVR Tracker (Right Foot),0.3220788,0.04075193,-0.01934373,-0.3364018,0.6599604,0.3966243,0.542195
1751960859481,45.76198,SteamVR Tracker (Left Foot),0.5853013,0.01836944,0.2967398,-0.4132403,0.5356262,0.4265859,0.6003013
1751960859481,45.76198,SteamVR Tracker (Waist),-0.5780164,0.761302,1.227326,-0.4980493,0.4948181,0.5015229,0.505546
1751960859517,45.79749,SteamVR Tracker (Right Foot),0.3220766,0.04069471,-0.01910228,-0.3363231,0.6593727,0.3977585,0.542128
1751960859518,45.79749,SteamVR Tracker (Left Foot),0.585266,0.01840758,0.2970902,-0.4134548,0.5354291,0.4273685,0.5997725
1751960859518,45.79749,SteamVR Tracker (Waist),-0.577912,0.7614292,1.227495,-0.4981096,0.494805,0.5015428,0.5054796
1751960859550,45.83059,SteamVR Tracker (Right Foot),0.322354,0.04081225,-0.01913762,-0.3359548,0.6592252,0.3981192,0.5422709
1751960859551,45.83059,SteamVR Tracker (Left Foot),0.5853879,0.01849985,0.2969183,-0.4135899,0.5354552,0.427512,0.5995538
1751960859551,45.83059,SteamVR Tracker (Waist),-0.5777619,0.7613188,1.22746,-0.4981288,0.4948459,0.5015094,0.5054539
1751960859611,45.88903,SteamVR Tracker (Right Foot),0.3219198,0.04094553,-0.0188601,-0.3354572,0.6593906,0.3978683,0.5425618
1751960859611,45.88903,SteamVR Tracker (Left Foot),0.585164,0.01848865,0.2970571,-0.4138219,0.5351759,0.4278904,0.5993731
1751960859611,45.88903,SteamVR Tracker (Waist),-0.5780168,0.7615362,1.227358,-0.4981695,0.4947622,0.5015502,0.5054551
1751960859629,45.90963,SteamVR Tracker (Right Foot),0.3221939,0.04095793,-0.01867217,-0.334739,0.6594424,0.3980753,0.5427906
1751960859629,45.90963,SteamVR Tracker (Left Foot),0.5850692,0.01838803,0.2972503,-0.4139799,0.5349014,0.4284009,0.5991442
1751960859629,45.90963,SteamVR Tracker (Waist),-0.5778989,0.7613363,1.227347,-0.4982775,0.4947107,0.5014724,0.5054765
1751960859665,45.94556,SteamVR Tracker (Right Foot),0.3223982,0.04087806,-0.01864457,-0.333451,0.6597616,0.3979489,0.543288
1751960859666,45.94556,SteamVR Tracker (Left Foot),0.5849932,0.01846838,0.2971505,-0.4142159,0.5347489,0.428732,0.5988804
1751960859666,45.94556,SteamVR Tracker (Waist),-0.5779907,0.7614523,1.227458,-0.4982608,0.4947964,0.5014743,0.5054071
1751960859697,45.97785,SteamVR Tracker (Right Foot),0.3224289,0.04105544,-0.01834279,-0.3323241,0.6598827,0.3983958,0.5435036
1751960859697,45.97785,SteamVR Tracker (Left Foot),0.5850859,0.01835895,0.2969608,-0.4144182,0.534593,0.4285034,0.5990433
1751960859697,45.97785,SteamVR Tracker (Waist),-0.5779328,0.7615299,1.227195,-0.4983221,0.4947904,0.5015037,0.5053234
1751960859732,46.01209,SteamVR Tracker (Right Foot),0.3227052,0.04102492,-0.01830065,-0.3324412,0.6593081,0.3989129,0.5437502
1751960859732,46.01209,SteamVR Tracker (Left Foot),0.5851779,0.01840615,0.2969486,-0.4144856,0.5344558,0.4286458,0.5990171
1751960859732,46.01209,SteamVR Tracker (Waist),-0.5777508,0.7612245,1.227405,-0.498309,0.4947191,0.5015203,0.5053896
1751960859791,46.06908,SteamVR Tracker (Right Foot),0.3224967,0.04090238,-0.01821584,-0.3326611,0.6591014,0.3989069,0.5438707
1751960859791,46.06908,SteamVR Tracker (Left Foot),0.5850965,0.01832128,0.2968789,-0.414813,0.5344582,0.4286096,0.5988142
1751960859791,46.06908,SteamVR Tracker (Waist),-0.5778497,0.761428,1.227345,-0.4983812,0.4944997,0.5015105,0.5055428
1751960859821,46.10123,SteamVR Tracker (Right Foot),0.3221768,0.04075837,-0.01821393,-0.3340399,0.6579571,0.4004965,0.5432425
1751960859821,46.10123,SteamVR Tracker (Left Foot),0.5850443,0.0185082,0.2968203,-0.4148168,0.534345,0.4288124,0.5987673
1751960859821,46.10123,SteamVR Tracker (Waist),-0.5780091,0.7616035,1.227441,-0.49831,0.4946606,0.5015911,0.5053755
1751960859847,46.12898,SteamVR Tracker (Right Foot),0.3221712,0.04061627,-0.01825714,-0.3348505,0.6574192,0.4012064,0.5428707
1751960859847,46.12898,SteamVR Tracker (Left Foot),0.5849897,0.01844764,0.2968417,-0.4149365,0.5345485,0.4288395,0.5984833
1751960859848,46.12898,SteamVR Tracker (Waist),-0.5778829,0.7616142,1.227308,-0.4982243,0.4946204,0.5015033,0.5055864
1751960859883,46.16291,SteamVR Tracker (Right Foot),0.3220938,0.04063201,-0.01809114,-0.3357434,0.6563521,0.4024661,0.5426779
1751960859883,46.16291,SteamVR Tracker (Left Foot),0.5848017,0.01868248,0.297012,-0.4152226,0.5343365,0.429381,0.5980858
1751960859884,46.16291,SteamVR Tracker (Waist),-0.577843,0.7615315,1.227334,-0.498289,0.4945505,0.5015326,0.505562
1751960859944,46.22231,SteamVR Tracker (Right Foot),0.3219513,0.04051948,-0.01789165,-0.336008,0.6555551,0.4036089,0.5426289
1751960859944,46.22231,SteamVR Tracker (Left Foot),0.5848186,0.01881194,0.2969978,-0.4151647,0.534475,0.4296401,0.5978162
1751960859944,46.22231,SteamVR Tracker (Waist),-0.5777651,0.7612938,1.227504,-0.4982026,0.4946446,0.5015538,0.5055341
1751960859960,46.24015,SteamVR Tracker (Right Foot),0.3216142,0.04047966,-0.01793206,-0.3367673,0.6543955,0.4052523,0.5423329
1751960859960,46.24015,SteamVR Tracker (Left Foot),0.5847718,0.01899576,0.2970085,-0.4153749,0.5343872,0.4301271,0.5973983
1751960859960,46.24015,SteamVR Tracker (Waist),-0.5778818,0.7614287,1.227581,-0.4981402,0.494626,0.5016227,0.5055453
1751960859986,46.26799,SteamVR Tracker (Right Foot),0.3214216,0.0404458,-0.01781785,-0.336999,0.6538211,0.4062215,0.5421566
1751960859986,46.26799,SteamVR Tracker (Left Foot),0.5845307,0.01909471,0.2968885,-0.4158754,0.5342336,0.4305983,0.5968478
1751960859986,46.26799,SteamVR Tracker (Waist),-0.577965,0.7614608,1.227236,-0.4981297,0.4946951,0.5015811,0.5055294
1751960860022,46.30336,SteamVR Tracker (Right Foot),0.3215691,0.04045248,-0.01763457,-0.3365955,0.654142,0.4060733,0.5421312
1751960860022,46.30336,SteamVR Tracker (Left Foot),0.5843857,0.01893091,0.2967877,-0.4157286,0.5346056,0.4299446,0.5970882
1751960860022,46.30336,SteamVR Tracker (Waist),-0.5778552,0.7614703,1.227242,-0.4980896,0.4947217,0.5015973,0.5055268
1751960860062,46.34,SteamVR Tracker (Right Foot),0.321617,0.04037213,-0.01768667,-0.336965,0.6540255,0.406171,0.541969
1751960860062,46.34,SteamVR Tracker (Left Foot),0.5841137,0.01895261,0.2966534,-0.4164771,0.5343568,0.4300759,0.5966946
1751960860062,46.34,SteamVR Tracker (Waist),-0.5777606,0.76152,1.227295,-0.4981343,0.4945788,0.5015786,0.5056412
1751960860103,46.38432,SteamVR Tracker (Right Foot),0.3216475,0.04030514,-0.01747733,-0.337026,0.6537947,0.4065684,0.5419115
1751960860103,46.38432,SteamVR Tracker (Left Foot),0.5844738,0.01922274,0.2968865,-0.4162753,0.5346218,0.429898,0.5967263
1751960860103,46.38432,SteamVR Tracker (Waist),-0.5778141,0.7614021,1.227461,-0.4981849,0.4945416,0.5015323,0.5056736
1751960860135,46.4164,SteamVR Tracker (Right Foot),0.3214242,0.04026103,-0.01744515,-0.3369982,0.6530999,0.4078423,0.5418094
1751960860135,46.4164,SteamVR Tracker (Left Foot),0.5844043,0.01941228,0.296742,-0.4169081,0.5346117,0.4302093,0.5960689
1751960860135,46.4164,SteamVR Tracker (Waist),-0.5778639,0.7612662,1.227458,-0.4981734,0.4946128,0.50157,0.505578
1751960860181,46.46051,SteamVR Tracker (Right Foot),0.3213244,0.04003191,-0.01758915,-0.3369394,0.6529344,0.4085432,0.5415174
1751960860181,46.46051,SteamVR Tracker (Left Foot),0.5842403,0.01964974,0.2965625,-0.4171646,0.5349085,0.4300129,0.5957647
1751960860181,46.46051,SteamVR Tracker (Waist),-0.5778755,0.761418,1.227466,-0.4982125,0.4947194,0.5015917,0.5054135
1751960860229,46.50924,SteamVR Tracker (Right Foot),0.3214844,0.04007888,-0.01722354,-0.3357725,0.6526893,0.4100825,0.5413741
1751960860229,46.50924,SteamVR Tracker (Left Foot),0.5847872,0.01941252,0.2956378,-0.4174198,0.5352398,0.4299908,0.5953042
1751960860229,46.50924,SteamVR Tracker (Waist),-0.5777223,0.7610623,1.227355,-0.4980074,0.4949239,0.5015674,0.5054395
1751960860293,46.5725,SteamVR Tracker (Right Foot),0.3215174,0.04012513,-0.01687676,-0.3341209,0.6522896,0.4119269,0.5414774
1751960860293,46.5725,SteamVR Tracker (Left Foot),0.584303,0.0197897,0.2958477,-0.4173276,0.535404,0.4300925,0.5951477
1751960860293,46.5725,SteamVR Tracker (Waist),-0.5778944,0.7614022,1.22735,-0.4982314,0.4947968,0.50153,0.5053805
1751960860317,46.59752,SteamVR Tracker (Right Foot),0.321341,0.04008174,-0.01670748,-0.3328702,0.6520506,0.4130653,0.5416683
1751960860317,46.59752,SteamVR Tracker (Left Foot),0.5839432,0.01993537,0.2957256,-0.417271,0.5358894,0.429736,0.5950079
1751960860317,46.59752,SteamVR Tracker (Waist),-0.5781122,0.7616566,1.227265,-0.4983181,0.4947272,0.5014337,0.5054586
1751960860346,46.62746,SteamVR Tracker (Right Foot),0.321474,0.04012537,-0.01679105,-0.3330465,0.6520528,0.4134011,0.5413009
1751960860346,46.62746,SteamVR Tracker (Left Foot),0.5843333,0.02018905,0.29576,-0.4147023,0.5370428,0.4291544,0.5961825
1751960860346,46.62746,SteamVR Tracker (Waist),-0.5776718,0.7613127,1.227479,-0.4982934,0.4947035,0.5014984,0.505442
1751960860385,46.6652,SteamVR Tracker (Right Foot),0.3212205,0.04016757,-0.0171932,-0.3359601,0.6521908,0.4122352,0.5402223
1751960860385,46.6652,SteamVR Tracker (Left Foot),0.5832786,0.0211153,0.2958345,-0.414423,0.5380046,0.4310798,0.594117
1751960860385,46.6652,SteamVR Tracker (Waist),-0.578018,0.7614726,1.227453,-0.4981736,0.4948739,0.5015226,0.5053692
1751960860445,46.72458,SteamVR Tracker (Right Foot),0.3213923,0.04012489,-0.01748818,-0.335888,0.6529669,0.4112761,0.5400606
1751960860445,46.72458,SteamVR Tracker (Left Foot),0.5824153,0.02203369,0.295753,-0.4163669,0.5388913,0.4336635,0.59006
1751960860445,46.72458,SteamVR Tracker (Waist),-0.5777673,0.7612764,1.227411,-0.4981593,0.4948592,0.5015991,0.5053219
1751960860464,46.74531,SteamVR Tracker (Right Foot),0.3212013,0.04003501,-0.01768434,-0.3346319,0.6526846,0.4123799,0.5403398
1751960860464,46.74531,SteamVR Tracker (Left Foot),0.5810585,0.02305293,0.2954817,-0.4180251,0.5400552,0.4350962,0.5867595
1751960860464,46.74531,SteamVR Tracker (Waist),-0.5778033,0.7614423,1.227343,-0.498222,0.4949632,0.5015468,0.5052099
1751960860491,46.77363,SteamVR Tracker (Right Foot),0.3208902,0.04000664,-0.01785463,-0.3346023,0.6525297,0.4127534,0.5402601
1751960860492,46.77363,SteamVR Tracker (Left Foot),0.5786548,0.02285361,0.2944803,-0.4174168,0.5446888,0.4286289,0.5876688
1751960860492,46.77363,SteamVR Tracker (Waist),-0.57795,0.7615207,1.227236,-0.498302,0.4949151,0.5016307,0.5050948
1751960860527,46.80751,SteamVR Tracker (Right Foot),0.3214618,0.03985476,-0.01796681,-0.3338726,0.6530967,0.4118913,0.5406841
1751960860527,46.80751,SteamVR Tracker (Left Foot),0.5710089,0.02242613,0.2946399,-0.420327,0.5382614,0.4274049,0.5923891
1751960860527,46.80751,SteamVR Tracker (Waist),-0.5777082,0.7611834,1.227367,-0.4982783,0.4949539,0.5014706,0.5052393
1751960860560,46.84211,SteamVR Tracker (Right Foot),0.3215322,0.04009867,-0.01767898,-0.3335245,0.6533549,0.4116903,0.5407401
1751960860561,46.84211,SteamVR Tracker (Left Foot),0.5618029,0.02289653,0.2935711,-0.4222225,0.5366066,0.4246183,0.5945426
1751960860561,46.84211,SteamVR Tracker (Waist),-0.5779326,0.7613689,1.227458,-0.4983201,0.4949188,0.5015444,0.5051592
1751960860613,46.8949,SteamVR Tracker (Right Foot),0.3213928,0.03994036,-0.01729077,-0.3327528,0.6526729,0.4126002,0.5413453
1751960860613,46.8949,SteamVR Tracker (Left Foot),0.5506649,0.02241445,0.2925981,-0.4242682,0.5328919,0.4215492,0.5985977
1751960860613,46.8949,SteamVR Tracker (Waist),-0.5777578,0.7613015,1.227378,-0.498276,0.4949421,0.5015712,0.5051531
1751960860642,46.92146,SteamVR Tracker (Right Foot),0.321357,0.03992295,-0.01723522,-0.3328857,0.6524259,0.4125452,0.5416033
1751960860642,46.92146,SteamVR Tracker (Left Foot),0.5353402,0.02186513,0.2911887,-0.4264565,0.5296004,0.4182548,0.6022635
1751960860642,46.92146,SteamVR Tracker (Waist),-0.5777748,0.7613621,1.227434,-0.4983652,0.4949624,0.5015228,0.5050933
1751960860671,46.95174,SteamVR Tracker (Right Foot),0.3217791,0.03968048,-0.01781815,-0.3335742,0.6528394,0.411299,0.5416291
1751960860671,46.95174,SteamVR Tracker (Left Foot),0.5227654,0.02157187,0.2904415,-0.4252913,0.5295417,0.4177735,0.6034719
1751960860671,46.95174,SteamVR Tracker (Waist),-0.5776662,0.7613423,1.227494,-0.4984191,0.4948626,0.5015585,0.5051026
1751960860708,46.98725,SteamVR Tracker (Right Foot),0.3214535,0.03986478,-0.01826549,-0.3370076,0.6531373,0.4096617,0.5403841
1751960860708,46.98725,SteamVR Tracker (Left Foot),0.508947,0.02123046,0.2903801,-0.4253105,0.5293057,0.4182518,0.603334
1751960860708,46.98725,SteamVR Tracker (Waist),-0.5778701,0.7614416,1.227447,-0.4985386,0.4947346,0.5015452,0.5051231
1751960860742,47.02125,SteamVR Tracker (Right Foot),0.3211658,0.04022932,-0.01842421,-0.3407646,0.6545974,0.4064634,0.5386736
1751960860742,47.02125,SteamVR Tracker (Left Foot),0.4934283,0.02028871,0.2902799,-0.4272406,0.5281575,0.4161029,0.6044614
1751960860742,47.02125,SteamVR Tracker (Waist),-0.5778129,0.7614205,1.227468,-0.498466,0.4947802,0.5015543,0.5051411
1751960860809,47.08791,SteamVR Tracker (Right Foot),0.3210966,0.04005766,-0.01892787,-0.3410866,0.655205,0.4048508,0.5389456
1751960860809,47.08791,SteamVR Tracker (Left Foot),0.4778061,0.01943374,0.2905856,-0.4274973,0.5268725,0.4137936,0.6069814
1751960860809,47.08791,SteamVR Tracker (Waist),-0.5778457,0.761378,1.227451,-0.4984578,0.494754,0.5015783,0.505151
1751960860829,47.10978,SteamVR Tracker (Right Foot),0.3210183,0.03999472,-0.01974261,-0.3431479,0.6568429,0.4009291,0.5385747
1751960860829,47.10978,SteamVR Tracker (Left Foot),0.4490553,0.01846194,0.2906287,-0.4289063,0.524602,0.4099447,0.6105551
1751960860829,47.10978,SteamVR Tracker (Waist),-0.5779411,0.7613801,1.227459,-0.4985168,0.4946459,0.5016502,0.5051273
1751960860858,47.13911,SteamVR Tracker (Right Foot),0.3211812,0.04047704,-0.02005094,-0.3454226,0.6587094,0.3970089,0.5377445
1751960860858,47.13911,SteamVR Tracker (Left Foot),0.4348434,0.01804614,0.2904649,-0.4292267,0.5241069,0.4075876,0.6123306
1751960860858,47.13911,SteamVR Tracker (Waist),-0.5778563,0.7613249,1.227379,-0.4985495,0.4947152,0.5015428,0.5051338
1751960860891,47.17079,SteamVR Tracker (Right Foot),0.3208102,0.04035759,-0.02048773,-0.3470661,0.6588035,0.3956124,0.5376003
1751960860891,47.17079,SteamVR Tracker (Left Foot),0.4208577,0.01760817,0.2894993,-0.4305029,0.524132,0.4084866,0.6108124
1751960860891,47.17079,SteamVR Tracker (Waist),-0.5778853,0.761588,1.227346,-0.4984678,0.4947033,0.5015543,0.5052147
1751960860913,47.194,SteamVR Tracker (Right Foot),0.3208562,0.04031444,-0.02066892,-0.3465016,0.6591992,0.394321,0.5384274
1751960860913,47.194,SteamVR Tracker (Left Foot),0.4088286,0.01743507,0.2884436,-0.4310505,0.5243871,0.4096235,0.6094442
1751960860913,47.194,SteamVR Tracker (Waist),-0.5779523,0.7616988,1.227182,-0.4984237,0.4947013,0.5015429,0.5052714
1751960860969,47.24894,SteamVR Tracker (Right Foot),0.3213039,0.0398674,-0.02021366,-0.3449447,0.6593085,0.3942533,0.5393421
1751960860970,47.24894,SteamVR Tracker (Left Foot),0.3965338,0.01717567,0.2865241,-0.4318222,0.5250158,0.4087552,0.6089395
1751960860970,47.24894,SteamVR Tracker (Waist),-0.5778424,0.7615049,1.227466,-0.4983372,0.4946326,0.5016344,0.5053331
1751960860997,47.27864,SteamVR Tracker (Right Foot),0.3212192,0.03969646,-0.02028817,-0.3451296,0.659297,0.3934324,0.539837
1751960860997,47.27864,SteamVR Tracker (Left Foot),0.3733123,0.01667285,0.2830028,-0.4325389,0.5253488,0.4084266,0.6083639
1751960860997,47.27864,SteamVR Tracker (Waist),-0.5778214,0.7616851,1.227466,-0.4982702,0.4946414,0.5016593,0.505366
1751960861042,47.32232,SteamVR Tracker (Right Foot),0.3213968,0.03987575,-0.02022809,-0.3449942,0.6594192,0.392344,0.540566
1751960861043,47.32232,SteamVR Tracker (Left Foot),0.3604445,0.01631403,0.2801623,-0.4329504,0.5241678,0.4075841,0.6096535
1751960861043,47.32232,SteamVR Tracker (Waist),-0.5777924,0.7612753,1.227326,-0.4982482,0.4947436,0.5016357,0.5053111
1751960861085,47.36559,SteamVR Tracker (Right Foot),0.3214119,0.03993654,-0.02004939,-0.3452886,0.6589081,0.3935216,0.540145
1751960861085,47.36559,SteamVR Tracker (Left Foot),0.3489954,0.0158608,0.2772464,-0.4339384,0.5222819,0.4046128,0.612542
1751960861085,47.36559,SteamVR Tracker (Waist),-0.5779433,0.7613975,1.227293,-0.4982653,0.4946499,0.5016933,0.5053287
1751960861169,47.44876,SteamVR Tracker (Right Foot),0.3212179,0.03980446,-0.01994133,-0.3449625,0.6589226,0.3937686,0.5401558
1751960861169,47.44876,SteamVR Tracker (Left Foot),0.3375681,0.01565599,0.2735196,-0.4358158,0.519158,0.4014311,0.6159486
1751960861170,47.44876,SteamVR Tracker (Waist),-0.5778022,0.7612936,1.227363,-0.4982015,0.4946743,0.5016785,0.5053824
1751960861201,47.48198,SteamVR Tracker (Right Foot),0.3213048,0.03993392,-0.01994896,-0.3447843,0.658904,0.3939196,0.5401821
1751960861201,47.48198,SteamVR Tracker (Left Foot),0.3287037,0.01550889,0.2696602,-0.4375607,0.5168155,0.4006376,0.6171968
1751960861201,47.48198,SteamVR Tracker (Waist),-0.5777918,0.7612212,1.227441,-0.4981419,0.4947094,0.501701,0.5053844
1751960861250,47.52986,SteamVR Tracker (Right Foot),0.3210966,0.04002333,-0.02004033,-0.3452242,0.6588883,0.3933151,0.5403607
1751960861250,47.52986,SteamVR Tracker (Left Foot),0.3281304,0.01543593,0.2679512,-0.4352383,0.5199807,0.401856,0.6153857
1751960861250,47.52986,SteamVR Tracker (Waist),-0.5779198,0.7614397,1.227386,-0.4982315,0.4946163,0.5017345,0.505354
1751960861315,47.59463,SteamVR Tracker (Right Foot),0.3210051,0.03998065,-0.0199275,-0.3445095,0.6588575,0.3942349,0.5401842
1751960861315,47.59463,SteamVR Tracker (Left Foot),0.3206678,0.0150497,0.2627211,-0.4255592,0.5312273,0.405976,0.60982
1751960861315,47.59463,SteamVR Tracker (Waist),-0.5779724,0.7616498,1.227302,-0.4982348,0.4946212,0.5016841,0.5053961
1751960861335,47.61713,SteamVR Tracker (Right Foot),0.3211316,0.04002237,-0.0198468,-0.344155,0.6586862,0.3948854,0.5401438
1751960861335,47.61713,SteamVR Tracker (Left Foot),0.3116615,0.01454425,0.2572683,-0.4160375,0.5458105,0.4123555,0.5991383
1751960861335,47.61713,SteamVR Tracker (Waist),-0.5778069,0.7613126,1.227221,-0.4982275,0.49461,0.5016412,0.5054566
1751960861370,47.64957,SteamVR Tracker (Right Foot),0.3213239,0.04007363,-0.0197373,-0.3437725,0.6591511,0.3944407,0.5401454
1751960861370,47.64957,SteamVR Tracker (Left Foot),0.306473,0.01446939,0.2553549,-0.4139523,0.5492876,0.4167561,0.5943409
1751960861370,47.64957,SteamVR Tracker (Waist),-0.5779084,0.7613351,1.227449,-0.4982015,0.4947516,0.5016091,0.5053756
1751960861403,47.68256,SteamVR Tracker (Right Foot),0.3211828,0.04019308,-0.01975805,-0.3440899,0.6587378,0.3951889,0.5399004
1751960861403,47.68256,SteamVR Tracker (Left Foot),0.3086782,0.01463509,0.2580866,-0.4189354,0.5404356,0.4166513,0.5990193
1751960861403,47.68256,SteamVR Tracker (Waist),-0.5779483,0.7614144,1.227494,-0.4982874,0.4947988,0.5015783,0.5052751
1751960861454,47.73414,SteamVR Tracker (Right Foot),0.3210872,0.03998041,-0.01987064,-0.344405,0.6580089,0.39612,0.539906
1751960861454,47.73414,SteamVR Tracker (Left Foot),0.3110857,0.01423502,0.2589738,-0.4221631,0.5351691,0.4197233,0.599337
1751960861454,47.73414,SteamVR Tracker (Waist),-0.5778091,0.7617369,1.22734,-0.4982197,0.4949502,0.5015596,0.5052122
1751960861481,47.76154,SteamVR Tracker (Right Foot),0.320832,0.04004216,-0.01978582,-0.344976,0.6574655,0.396974,0.5395761
1751960861481,47.76154,SteamVR Tracker (Left Foot),0.310647,0.01410508,0.2596444,-0.4196108,0.5364413,0.4192076,0.6003521
1751960861481,47.76154,SteamVR Tracker (Waist),-0.5778344,0.7616735,1.22752,-0.4982545,0.4949366,0.501489,0.5052613
1751960861525,47.80482,SteamVR Tracker (Right Foot),0.3207831,0.04012752,-0.01977122,-0.3449326,0.6570157,0.398055,0.5393554
1751960861525,47.80482,SteamVR Tracker (Left Foot),0.3118649,0.01362705,0.2599818,-0.417859,0.5365137,0.4179549,0.6023791
1751960861525,47.80482,SteamVR Tracker (Waist),-0.5779885,0.7614354,1.227337,-0.498317,0.4951727,0.5015075,0.5049499
1751960861572,47.85135,SteamVR Tracker (Right Foot),0.3207079,0.04002595,-0.01950544,-0.3445824,0.6570867,0.3975574,0.5398595
1751960861572,47.85135,SteamVR Tracker (Left Foot),0.3123946,0.01364946,0.2607117,-0.4169243,0.5357561,0.4174902,0.6040212
1751960861572,47.85135,SteamVR Tracker (Waist),-0.5777375,0.7612947,1.227537,-0.4982924,0.4953151,0.5014322,0.5049093
1751960861641,47.91955,SteamVR Tracker (Right Foot),0.3206643,0.03983474,-0.01968879,-0.345032,0.6570417,0.3967727,0.5402041
1751960861641,47.91955,SteamVR Tracker (Left Foot),0.3121392,0.01362634,0.2608826,-0.4168703,0.534667,0.4192689,0.6037914
1751960861641,47.91955,SteamVR Tracker (Waist),-0.5778345,0.7612931,1.227493,-0.4983089,0.4952784,0.5013698,0.504991
1751960861661,47.94221,SteamVR Tracker (Right Foot),0.3205906,0.03990746,-0.01979512,-0.3449412,0.6568824,0.3969534,0.5403232
1751960861661,47.94221,SteamVR Tracker (Left Foot),0.3118763,0.01344395,0.2609,-0.4170589,0.5332011,0.4209212,0.6038078
1751960861661,47.94221,SteamVR Tracker (Waist),-0.5778581,0.7612554,1.22734,-0.4983275,0.4952452,0.5012962,0.5050783
1751960861687,47.96867,SteamVR Tracker (Right Foot),0.320651,0.03996253,-0.01965308,-0.3442932,0.6571341,0.3969891,0.5404042
1751960861687,47.96867,SteamVR Tracker (Left Foot),0.311839,0.01344419,0.2612312,-0.4166846,0.5325273,0.4211206,0.6045212
1751960861688,47.96867,SteamVR Tracker (Waist),-0.5778253,0.7612462,1.227258,-0.4983953,0.4950635,0.5012864,0.5051992
1751960861725,48.00497,SteamVR Tracker (Right Foot),0.3208068,0.04000473,-0.01959741,-0.3446204,0.6568971,0.3971444,0.5403696
1751960861725,48.00497,SteamVR Tracker (Left Foot),0.3117867,0.01348829,0.2621617,-0.4167331,0.5305645,0.422564,0.6052061
1751960861725,48.00497,SteamVR Tracker (Waist),-0.5777636,0.7611896,1.227609,-0.4983216,0.4948637,0.5014585,0.5052969
1751960861785,48.06522,SteamVR Tracker (Right Foot),0.3206136,0.03983951,-0.01963681,-0.3443877,0.6569829,0.3966582,0.5407706
1751960861785,48.06522,SteamVR Tracker (Left Foot),0.3116917,0.01335597,0.2630138,-0.4176022,0.5283773,0.423194,0.6060799
1751960861785,48.06522,SteamVR Tracker (Waist),-0.5778952,0.7614573,1.227403,-0.4983656,0.4949147,0.5013543,0.505307
1751960861805,48.08617,SteamVR Tracker (Right Foot),0.3208084,0.03975821,-0.01955789,-0.3439255,0.6567969,0.3968633,0.5411401
1751960861805,48.08617,SteamVR Tracker (Left Foot),0.3117898,0.01311207,0.2635065,-0.4180749,0.5267519,0.422788,0.6074505
1751960861805,48.08617,SteamVR Tracker (Waist),-0.5778759,0.7613587,1.227526,-0.4982583,0.4950486,0.5014274,0.505209
1751960861833,48.11454,SteamVR Tracker (Right Foot),0.3209136,0.03994751,-0.01971662,-0.3439915,0.6570627,0.3964221,0.541099
1751960861833,48.11454,SteamVR Tracker (Left Foot),0.3116159,0.01298571,0.2636549,-0.4189948,0.5263906,0.421782,0.6078292
1751960861833,48.11454,SteamVR Tracker (Waist),-0.5778104,0.7611094,1.227453,-0.4982685,0.4950718,0.5014082,0.5051953
1751960861870,48.14949,SteamVR Tracker (Right Foot),0.3204723,0.04001045,-0.01982367,-0.3443494,0.65679,0.3961578,0.5413958
1751960861870,48.14949,SteamVR Tracker (Left Foot),0.311443,0.01302314,0.2644868,-0.4198878,0.5246868,0.4221519,0.6084291
1751960861870,48.14949,SteamVR Tracker (Waist),-0.5779316,0.7613995,1.22745,-0.4982474,0.4949822,0.5014967,0.5052159
1751960861905,48.18462,SteamVR Tracker (Right Foot),0.3208358,0.0399003,-0.01975608,-0.3446578,0.656521,0.3963325,0.541398
1751960861905,48.18462,SteamVR Tracker (Left Foot),0.3112324,0.0129602,0.2661314,-0.4230311,0.5200482,0.4197957,0.6118547
1751960861905,48.18462,SteamVR Tracker (Waist),-0.5777155,0.7612698,1.227489,-0.4982863,0.4949777,0.5014991,0.5051799
1751960861959,48.23979,SteamVR Tracker (Right Foot),0.3206489,0.03969908,-0.01963598,-0.3443752,0.6566309,0.3964639,0.5413483
1751960861959,48.23979,SteamVR Tracker (Left Foot),0.3109254,0.01310515,0.268759,-0.4269823,0.5139621,0.4149725,0.6175168
1751960861959,48.23979,SteamVR Tracker (Waist),-0.5778693,0.761447,1.227585,-0.4982737,0.4949124,0.5014475,0.5053074
1751960861982,48.26132,SteamVR Tracker (Right Foot),0.320482,0.03979731,-0.01965237,-0.3444263,0.6563408,0.3968762,0.5413654
1751960861982,48.26132,SteamVR Tracker (Left Foot),0.3104158,0.01299191,0.2708687,-0.4308676,0.5068519,0.4120354,0.6226404
1751960861982,48.26132,SteamVR Tracker (Waist),-0.578063,0.7613522,1.227446,-0.498363,0.4948289,0.501532,0.5052173
1751960862011,48.29134,SteamVR Tracker (Right Foot),0.3203857,0.03994322,-0.01984376,-0.3449705,0.6558007,0.3976991,0.5410696
1751960862011,48.29134,SteamVR Tracker (Left Foot),0.3105095,0.01305413,0.2721496,-0.4334675,0.50521,0.4094997,0.623842
1751960862011,48.29134,SteamVR Tracker (Waist),-0.5780106,0.761516,1.22757,-0.4983132,0.4948112,0.5015101,0.5053053
1751960862053,48.33253,SteamVR Tracker (Right Foot),0.3203909,0.04016781,-0.01955777,-0.3451226,0.655053,0.3990609,0.5408756
1751960862053,48.33253,SteamVR Tracker (Left Foot),0.3098646,0.01317763,0.2739196,-0.435786,0.5002457,0.4075411,0.627499
1751960862053,48.33253,SteamVR Tracker (Waist),-0.5778278,0.7612138,1.227445,-0.4983804,0.4948694,0.5013835,0.5053077
1751960862085,48.36589,SteamVR Tracker (Right Foot),0.3201288,0.03994751,-0.01936853,-0.3451823,0.6546111,0.3996828,0.5409133
1751960862085,48.36589,SteamVR Tracker (Left Foot),0.3095875,0.01312566,0.2744277,-0.4371913,0.4996623,0.4063592,0.6277529
1751960862085,48.36589,SteamVR Tracker (Waist),-0.5779674,0.7614317,1.227324,-0.4984385,0.4947533,0.5014505,0.5052976
1751960862141,48.42193,SteamVR Tracker (Right Foot),0.320424,0.03996348,-0.01913959,-0.3448618,0.6543712,0.4000194,0.5411592
1751960862141,48.42193,SteamVR Tracker (Left Foot),0.3097962,0.01319671,0.2736144,-0.4350225,0.5025581,0.4083308,0.6256651
1751960862142,48.42193,SteamVR Tracker (Waist),-0.5776906,0.7610996,1.227551,-0.4982925,0.494783,0.5014755,0.5053876
1751960862157,48.43994,SteamVR Tracker (Right Foot),0.320235,0.04002333,-0.01903373,-0.3448346,0.653902,0.400655,0.5412735
1751960862157,48.43994,SteamVR Tracker (Left Foot),0.3099267,0.01334643,0.2736426,-0.4349823,0.5031786,0.408173,0.6252972
1751960862157,48.43994,SteamVR Tracker (Waist),-0.5777695,0.7610416,1.227465,-0.4982979,0.4947725,0.501443,0.5054249
1751960862193,48.47439,SteamVR Tracker (Right Foot),0.3200919,0.04011726,-0.01916629,-0.3447337,0.6540079,0.4006243,0.5412324
1751960862193,48.47439,SteamVR Tracker (Left Foot),0.3097988,0.01335406,0.2734985,-0.4351208,0.5029118,0.4086585,0.6250983
1751960862193,48.47439,SteamVR Tracker (Waist),-0.5780015,0.7612733,1.227505,-0.4983253,0.4947259,0.5014967,0.5053903
1751960862223,48.50516,SteamVR Tracker (Right Foot),0.3201337,0.03987265,-0.01901567,-0.3445286,0.6537089,0.4010436,0.5414138
1751960862223,48.50516,SteamVR Tracker (Left Foot),0.3098533,0.01336837,0.2732416,-0.4351473,0.5029666,0.4086618,0.6250336
1751960862223,48.50516,SteamVR Tracker (Waist),-0.5779563,0.7615255,1.227504,-0.4982993,0.4947581,0.5015199,0.5053613
1751960862257,48.53909,SteamVR Tracker (Right Foot),0.3202247,0.03969669,-0.01884794,-0.3448319,0.6537086,0.4012108,0.541097
1751960862257,48.53909,SteamVR Tracker (Left Foot),0.3099245,0.01326871,0.2730836,-0.4350603,0.5035706,0.4079302,0.6250859
1751960862257,48.53909,SteamVR Tracker (Waist),-0.5777748,0.7615612,1.22738,-0.4983579,0.4947098,0.5014607,0.5054096
1751960862320,48.59827,SteamVR Tracker (Right Foot),0.3201623,0.03960514,-0.01894999,-0.3446449,0.653739,0.4012051,0.5411836
1751960862320,48.59827,SteamVR Tracker (Left Foot),0.309853,0.01341057,0.2731203,-0.4352802,0.5033721,0.4080575,0.6250094
1751960862321,48.59827,SteamVR Tracker (Waist),-0.5778993,0.7615194,1.227463,-0.498245,0.4947684,0.5015007,0.5054238
1751960862335,48.61719,SteamVR Tracker (Right Foot),0.3201423,0.03953743,-0.01891768,-0.3445525,0.6536853,0.4011826,0.5413241
1751960862335,48.61719,SteamVR Tracker (Left Foot),0.3098454,0.01335764,0.2729663,-0.4355094,0.5036099,0.4077688,0.6248466
1751960862336,48.61719,SteamVR Tracker (Waist),-0.5780293,0.7615463,1.227429,-0.4982294,0.4947576,0.5015488,0.5054021
1751960862374,48.65316,SteamVR Tracker (Right Foot),0.3202657,0.03946233,-0.01876503,-0.3446419,0.653719,0.4012538,0.5411736
1751960862374,48.65316,SteamVR Tracker (Left Foot),0.309666,0.0132525,0.272839,-0.4358387,0.5036101,0.4075955,0.6247298
1751960862374,48.65316,SteamVR Tracker (Waist),-0.5777854,0.7612455,1.227478,-0.498203,0.494809,0.5015383,0.5053881
1751960862406,48.68647,SteamVR Tracker (Right Foot),0.3202718,0.03943157,-0.01879698,-0.344568,0.6536416,0.4015104,0.5411238
1751960862406,48.68647,SteamVR Tracker (Left Foot),0.3097921,0.01323509,0.2729718,-0.435732,0.503719,0.4075373,0.6247545
1751960862406,48.68647,SteamVR Tracker (Waist),-0.5779777,0.7613062,1.227683,-0.4981568,0.4948374,0.5016277,0.5053171
1751960862440,48.71983,SteamVR Tracker (Right Foot),0.3204319,0.03943801,-0.01867896,-0.3444403,0.6534465,0.4019273,0.5411313
1751960862440,48.71983,SteamVR Tracker (Left Foot),0.3099249,0.01331186,0.273059,-0.4354217,0.5037888,0.4074836,0.6249495
1751960862440,48.71983,SteamVR Tracker (Waist),-0.577543,0.760962,1.227794,-0.4982065,0.4947448,0.5016846,0.5053024
1751960862490,48.76954,SteamVR Tracker (Right Foot),0.3201374,0.03953481,-0.01865172,-0.3441189,0.6535142,0.4021868,0.5410612
1751960862490,48.76954,SteamVR Tracker (Left Foot),0.309979,0.01342177,0.2729749,-0.4355122,0.503737,0.4074501,0.6249499
1751960862490,48.76954,SteamVR Tracker (Waist),-0.5780122,0.7614188,1.227544,-0.4982033,0.4948237,0.5016296,0.5052829
1751960862504,48.78605,SteamVR Tracker (Right Foot),0.3201331,0.03953314,-0.01860076,-0.3440347,0.653281,0.4026266,0.5410692
1751960862504,48.78605,SteamVR Tracker (Left Foot),0.3100238,0.01343036,0.2729464,-0.4355935,0.5036328,0.4074683,0.6249656
1751960862504,48.78605,SteamVR Tracker (Waist),-0.5780103,0.761596,1.227492,-0.4982164,0.4947999,0.5016974,0.5052261
1751960862539,48.81946,SteamVR Tracker (Right Foot),0.3200152,0.03949428,-0.01852959,-0.343918,0.6531602,0.4030488,0.5409749
1751960862539,48.81946,SteamVR Tracker (Left Foot),0.3098901,0.01341844,0.272895,-0.4357896,0.5036216,0.4077179,0.624675
1751960862539,48.81946,SteamVR Tracker (Waist),-0.5780498,0.7616559,1.22735,-0.4982829,0.4949208,0.5014767,0.505261
1751960862576,48.85543,SteamVR Tracker (Right Foot),0.3201322,0.03954411,-0.01844627,-0.3438279,0.6529225,0.4035878,0.5409173
1751960862576,48.85543,SteamVR Tracker (Left Foot),0.3098312,0.01345348,0.2728683,-0.4359305,0.5035654,0.4079413,0.6244762
1751960862576,48.85543,SteamVR Tracker (Waist),-0.5779042,0.761382,1.227455,-0.4983944,0.4948763,0.5015714,0.5051007
1751960862611,48.89124,SteamVR Tracker (Right Foot),0.3202119,0.03965354,-0.01840878,-0.3436968,0.6529809,0.4038083,0.5407655
1751960862611,48.89124,SteamVR Tracker (Left Foot),0.3097182,0.01331925,0.272877,-0.4360597,0.5035046,0.4078728,0.6244797
1751960862611,48.89124,SteamVR Tracker (Waist),-0.5777198,0.7610719,1.227456,-0.4983603,0.4948645,0.501574,0.5051433
1751960862672,48.95047,SteamVR Tracker (Right Foot),0.3201112,0.03950167,-0.01850969,-0.3436268,0.6530331,0.403653,0.5408629
1751960862672,48.95047,SteamVR Tracker (Left Foot),0.3098944,0.01338124,0.2728392,-0.4360481,0.5035129,0.4077708,0.6245478
1751960862672,48.95047,SteamVR Tracker (Waist),-0.5779599,0.7614326,1.22747,-0.4983682,0.4947585,0.5015947,0.5052187
1751960862696,48.97724,SteamVR Tracker (Right Foot),0.320039,0.03947425,-0.01839721,-0.3436183,0.6529968,0.4037056,0.5408729
1751960862696,48.97724,SteamVR Tracker (Left Foot),0.3100195,0.01338315,0.2728639,-0.4362019,0.5036067,0.407739,0.6243855
1751960862696,48.97724,SteamVR Tracker (Waist),-0.577989,0.7615781,1.227505,-0.4984052,0.4947663,0.5016134,0.5051559
1751960862728,49.00793,SteamVR Tracker (Right Foot),0.320109,0.03951287,-0.01832312,-0.343364,0.653015,0.4037888,0.5409504
1751960862728,49.00793,SteamVR Tracker (Left Foot),0.3096716,0.01324511,0.2727959,-0.4361778,0.5036334,0.407824,0.6243253
1751960862728,49.00793,SteamVR Tracker (Waist),-0.577917,0.7614979,1.227492,-0.4982799,0.4948422,0.5015966,0.505222
1751960862761,49.04158,SteamVR Tracker (Right Foot),0.3202214,0.03952289,-0.01824731,-0.3433254,0.6530724,0.4037998,0.5408974
1751960862762,49.04158,SteamVR Tracker (Left Foot),0.3097984,0.01331949,0.2728472,-0.4363017,0.5035478,0.4076536,0.624419
1751960862762,49.04158,SteamVR Tracker (Waist),-0.5776762,0.761125,1.227492,-0.4982862,0.4948239,0.501524,0.5053058
1751960862819,49.09953,SteamVR Tracker (Right Foot),0.3201277,0.03950334,-0.01832557,-0.3431263,0.6531571,0.4038389,0.5408922
1751960862820,49.09953,SteamVR Tracker (Left Foot),0.3099826,0.0133996,0.2727572,-0.4359841,0.5037369,0.4074004,0.6246535
1751960862820,49.09953,SteamVR Tracker (Waist),-0.5778759,0.7614702,1.227471,-0.4983414,0.4947452,0.501489,0.5053631
1751960862838,49.11803,SteamVR Tracker (Right Foot),0.3201845,0.03940129,-0.01839715,-0.3429464,0.6532454,0.4037741,0.540948
1751960862838,49.11803,SteamVR Tracker (Left Foot),0.309926,0.01323247,0.2726508,-0.4358068,0.5039092,0.4072319,0.6247481
1751960862838,49.11803,SteamVR Tracker (Waist),-0.5779092,0.7614235,1.227422,-0.4984213,0.4947632,0.5014079,0.5053471
1751960862869,49.14775,SteamVR Tracker (Right Foot),0.3201621,0.03949118,-0.01839346,-0.3428751,0.6533011,0.4037929,0.540912
1751960862869,49.14775,SteamVR Tracker (Left Foot),0.3099968,0.01317143,0.2726431,-0.4357676,0.5038089,0.4074601,0.6247075
1751960862869,49.14775,SteamVR Tracker (Waist),-0.5779253,0.7613872,1.227461,-0.4984392,0.4946559,0.5014713,0.5053717
1751960862903,49.18402,SteamVR Tracker (Right Foot),0.3201599,0.03950691,-0.01832956,-0.3429659,0.6533437,0.4037132,0.5408623
1751960862903,49.18402,SteamVR Tracker (Left Foot),0.3100834,0.0132556,0.2727938,-0.4357593,0.5038103,0.4074596,0.6247124
1751960862903,49.18402,SteamVR Tracker (Waist),-0.5778438,0.7612922,1.227524,-0.4982695,0.494722,0.5013965,0.5055484
1751960862936,49.21641,SteamVR Tracker (Right Foot),0.3202799,0.03965211,-0.01822174,-0.3428446,0.6534482,0.4037938,0.5407527
1751960862936,49.21641,SteamVR Tracker (Left Foot),0.310064,0.0132184,0.2729246,-0.4357877,0.5038075,0.4074906,0.6246747
1751960862936,49.21641,SteamVR Tracker (Waist),-0.5778621,0.7611443,1.227643,-0.4983172,0.494683,0.5015148,0.5054222
1751960862996,49.27696,SteamVR Tracker (Right Foot),0.3200894,0.03961682,-0.01838857,-0.3429645,0.6534563,0.4037134,0.540727
1751960862996,49.27696,SteamVR Tracker (Left Foot),0.3098204,0.01331854,0.2727674,-0.4357708,0.5037462,0.4076005,0.6246642
1751960862996,49.27696,SteamVR Tracker (Waist),-0.5780157,0.7612934,1.227445,-0.4983918,0.4947332,0.5014787,0.5053355
1751960863024,49.30458,SteamVR Tracker (Right Foot),0.3202404,0.03958678,-0.01849389,-0.3428822,0.6535003,0.4037378,0.5407078
1751960863024,49.30458,SteamVR Tracker (Left Foot),0.3099442,0.0133791,0.2727485,-0.4357709,0.5037029,0.407533,0.6247432
1751960863024,49.30458,SteamVR Tracker (Waist),-0.5779624,0.7614971,1.227428,-0.4984162,0.494741,0.5013603,0.5054212
1751960863065,49.34537,SteamVR Tracker (Right Foot),0.320113,0.03963876,-0.01835817,-0.3426312,0.6536561,0.4035316,0.5408326
1751960863066,49.34537,SteamVR Tracker (Left Foot),0.3099957,0.01333189,0.2728614,-0.4354129,0.5039383,0.4071378,0.6250606
1751960863066,49.34537,SteamVR Tracker (Waist),-0.5779527,0.7615906,1.22757,-0.4984077,0.4947707,0.501397,0.5053641
1751960863117,49.39724,SteamVR Tracker (Right Foot),0.3203082,0.03970313,-0.01841879,-0.3426214,0.6538165,0.4033414,0.5407868
1751960863118,49.39724,SteamVR Tracker (Left Foot),0.3100561,0.01320672,0.2728155,-0.4353398,0.5038935,0.407148,0.6251408
1751960863118,49.39724,SteamVR Tracker (Waist),-0.5778916,0.7613872,1.227565,-0.4983008,0.4949725,0.5014058,0.5052632
1751960863168,49.44853,SteamVR Tracker (Right Foot),0.3203586,0.03976083,-0.0185023,-0.3424765,0.6538667,0.4034177,0.5407609
1751960863168,49.44853,SteamVR Tracker (Left Foot),0.3100473,0.01329684,0.2728081,-0.4354434,0.5038897,0.4072943,0.6249765
1751960863168,49.44853,SteamVR Tracker (Waist),-0.5779002,0.7612059,1.227559,-0.4981249,0.4951074,0.5014054,0.5053048
1751960863214,49.4949,SteamVR Tracker (Right Foot),0.3202649,0.03975105,-0.01856631,-0.3421232,0.6540294,0.4034578,0.5407579
1751960863214,49.4949,SteamVR Tracker (Left Foot),0.3100577,0.01327872,0.2726898,-0.4353351,0.5038641,0.4073136,0.62506
1751960863214,49.4949,SteamVR Tracker (Waist),-0.5779716,0.7612602,1.227451,-0.4983116,0.4949888,0.5013987,0.5052435
1751960863247,49.52608,SteamVR Tracker (Right Foot),0.3200949,0.03988028,-0.01840079,-0.342146,0.6540837,0.4033317,0.5407719
1751960863247,49.52608,SteamVR Tracker (Left Foot),0.3102043,0.01332903,0.2727908,-0.435175,0.5039711,0.4070688,0.6252446
1751960863247,49.52608,SteamVR Tracker (Waist),-0.5780081,0.7613941,1.227543,-0.4983577,0.4950533,0.5013224,0.5052105
1751960863286,49.56579,SteamVR Tracker (Right Foot),0.3204966,0.03965139,-0.0183903,-0.341813,0.6541621,0.4033274,0.5408908
1751960863286,49.56579,SteamVR Tracker (Left Foot),0.3102149,0.01339364,0.2728886,-0.4350789,0.5040727,0.4070323,0.6252534
1751960863286,49.56579,SteamVR Tracker (Waist),-0.5778646,0.7614048,1.227607,-0.4983337,0.4949324,0.5013587,0.5053166
1751960863334,49.6152,SteamVR Tracker (Right Foot),0.3203883,0.03964448,-0.0185172,-0.3418767,0.654168,0.4033172,0.5408511
1751960863334,49.6152,SteamVR Tracker (Left Foot),0.3100589,0.01339173,0.2727844,-0.4351206,0.5038946,0.4070651,0.6253467
1751960863334,49.6152,SteamVR Tracker (Waist),-0.577823,0.7612725,1.227447,-0.498434,0.4948524,0.50135,0.5053048
1751960863348,49.62983,SteamVR Tracker (Right Foot),0.320468,0.03966618,-0.01833743,-0.3417231,0.6542818,0.4032821,0.5408366
1751960863348,49.62983,SteamVR Tracker (Left Foot),0.3100898,0.01331711,0.2728621,-0.4349189,0.5039984,0.4069251,0.6254944
1751960863348,49.62983,SteamVR Tracker (Waist),-0.5778818,0.7612936,1.227519,-0.4984343,0.4947505,0.5013444,0.5054099
1751960863385,49.66454,SteamVR Tracker (Right Foot),0.3202559,0.03976917,-0.0182991,-0.3412619,0.6544483,0.4030976,0.5410639
1751960863385,49.66454,SteamVR Tracker (Left Foot),0.3100747,0.01337528,0.272785,-0.4350517,0.5038871,0.4070673,0.6253992
1751960863385,49.66454,SteamVR Tracker (Waist),-0.577949,0.7613416,1.227541,-0.4983875,0.4947625,0.5014425,0.5053468
1751960863413,49.69488,SteamVR Tracker (Right Foot),0.3203648,0.03987551,-0.01825684,-0.3411201,0.6544712,0.4031531,0.5410843
1751960863413,49.69488,SteamVR Tracker (Left Foot),0.309945,0.01317191,0.2726389,-0.4352589,0.503801,0.4070875,0.6253111
1751960863413,49.69488,SteamVR Tracker (Waist),-0.5778924,0.7612334,1.227378,-0.4984064,0.4948372,0.50139,0.5053071
1751960863454,49.73427,SteamVR Tracker (Right Foot),0.3206681,0.03988194,-0.01858824,-0.3411088,0.6545265,0.4031632,0.5410169
1751960863454,49.73427,SteamVR Tracker (Left Foot),0.3101132,0.01320052,0.2727014,-0.4352471,0.5038078,0.4070438,0.6253424
1751960863454,49.73427,SteamVR Tracker (Waist),-0.5779154,0.7610919,1.227508,-0.4984849,0.4947091,0.5013991,0.5053461
1751960863501,49.78228,SteamVR Tracker (Right Foot),0.3204449,0.03975081,-0.01821023,-0.3409642,0.6544814,0.4030964,0.5412125
1751960863501,49.78228,SteamVR Tracker (Left Foot),0.3099622,0.01313877,0.2728163,-0.4352394,0.5038362,0.4069425,0.6253908
1751960863501,49.78228,SteamVR Tracker (Waist),-0.5779259,0.7612224,1.22741,-0.4984923,0.4946456,0.5014369,0.5053635
1751960863517,49.79857,SteamVR Tracker (Right Foot),0.3204311,0.03984261,-0.01817304,-0.3410161,0.6544222,0.4031874,0.5411835
1751960863517,49.79857,SteamVR Tracker (Left Foot),0.3098859,0.01314855,0.2727403,-0.4352812,0.5037999,0.407012,0.6253455
1751960863517,49.79857,SteamVR Tracker (Waist),-0.5780804,0.7615374,1.227434,-0.4985254,0.494576,0.5014571,0.505379
1751960863552,49.83261,SteamVR Tracker (Right Foot),0.3206112,0.03986192,-0.01832598,-0.3410606,0.6544294,0.4032689,0.5410861
1751960863552,49.83261,SteamVR Tracker (Left Foot),0.309968,0.01313615,0.272689,-0.4352157,0.5038638,0.4069075,0.6254078
1751960863552,49.83261,SteamVR Tracker (Waist),-0.5777655,0.7610842,1.227568,-0.4984095,0.494711,0.5014437,0.5053744
1751960863589,49.86882,SteamVR Tracker (Right Foot),0.3207921,0.03977108,-0.01847261,-0.3407191,0.654658,0.4030158,0.5412133
1751960863589,49.86882,SteamVR Tracker (Left Foot),0.3100696,0.01314807,0.2726834,-0.4352928,0.5038873,0.4068981,0.6253414
1751960863589,49.86882,SteamVR Tracker (Waist),-0.5777828,0.761047,1.227535,-0.4983937,0.494884,0.5013834,0.5052803
1751960863624,49.90304,SteamVR Tracker (Right Foot),0.3204209,0.03987026,-0.01838994,-0.340811,0.6546714,0.4030232,0.5411335
1751960863624,49.90304,SteamVR Tracker (Left Foot),0.3101179,0.01334596,0.2726802,-0.4353646,0.5038627,0.4069484,0.6252784
1751960863624,49.90304,SteamVR Tracker (Waist),-0.5780183,0.7613269,1.227489,-0.4983473,0.4948425,0.501488,0.5052631
1751960863681,49.96078,SteamVR Tracker (Right Foot),0.3204334,0.03978229,-0.01837313,-0.3408037,0.6546713,0.4029814,0.5411695
1751960863681,49.96078,SteamVR Tracker (Left Foot),0.3102217,0.01331973,0.2727641,-0.4352247,0.5039323,0.4069612,0.6253113
1751960863681,49.96078,SteamVR Tracker (Waist),-0.5779107,0.761488,1.227564,-0.4984389,0.4948254,0.5014691,0.5052082
1751960863711,49.99257,SteamVR Tracker (Right Foot),0.3206117,0.0395298,-0.01830798,-0.3407298,0.6546965,0.4029544,0.5412055
1751960863711,49.99257,SteamVR Tracker (Left Foot),0.3101292,0.01334691,0.2727787,-0.4352037,0.504012,0.4069649,0.6252593
1751960863712,49.99257,SteamVR Tracker (Waist),-0.577926,0.7615522,1.227489,-0.4983758,0.4948598,0.5014948,0.5052112
1751960863737,50.01824,SteamVR Tracker (Right Foot),0.3206427,0.03912377,-0.01815045,-0.3405646,0.6547759,0.4028923,0.5412598
1751960863737,50.01824,SteamVR Tracker (Left Foot),0.3100236,0.01321197,0.2726409,-0.4352981,0.5038576,0.4069945,0.6252989
1751960863737,50.01824,SteamVR Tracker (Waist),-0.577895,0.7614983,1.22737,-0.4983404,0.4949068,0.5015435,0.5051518
1751960863773,50.05296,SteamVR Tracker (Right Foot),0.3208577,0.03989363,-0.0182842,-0.3403685,0.6548809,0.4028333,0.5413
1751960863774,50.05296,SteamVR Tracker (Left Foot),0.3101912,0.01325417,0.2725655,-0.435238,0.5040226,0.4068606,0.6252949
1751960863774,50.05296,SteamVR Tracker (Waist),-0.5778223,0.7611992,1.227445,-0.4983594,0.4948397,0.5016184,0.5051242
1751960863821,50.1008,SteamVR Tracker (Right Foot),0.3205546,0.03998947,-0.01830554,-0.3405336,0.654803,0.4028698,0.5412632
1751960863821,50.1008,SteamVR Tracker (Left Foot),0.3100985,0.01309848,0.2726552,-0.4350811,0.5039996,0.406911,0.6253897
1751960863821,50.1008,SteamVR Tracker (Waist),-0.5779209,0.7612103,1.227363,-0.4983387,0.4948149,0.5014891,0.5052975
1751960863839,50.12032,SteamVR Tracker (Right Foot),0.3206944,0.04011536,-0.01830339,-0.3404298,0.6548953,0.4028117,0.5412601
1751960863839,50.12032,SteamVR Tracker (Left Foot),0.3101453,0.01323509,0.2726642,-0.4350632,0.5039824,0.4069078,0.6254182
1751960863839,50.12032,SteamVR Tracker (Waist),-0.5777826,0.7610004,1.227511,-0.4983856,0.4947998,0.5015037,0.5052515
1751960863871,50.15154,SteamVR Tracker (Right Foot),0.3205242,0.04016209,-0.01833725,-0.340619,0.6548392,0.402851,0.5411797
1751960863871,50.15154,SteamVR Tracker (Left Foot),0.3102357,0.01318693,0.272701,-0.4350763,0.5039871,0.4066702,0.6255598
1751960863871,50.15154,SteamVR Tracker (Waist),-0.5779507,0.7613347,1.22765,-0.4983591,0.4948832,0.5014566,0.5052426
1751960863906,50.18555,SteamVR Tracker (Right Foot),0.3204406,0.0398562,-0.01850325,-0.3408726,0.6547061,0.4029701,0.5410923
1751960863906,50.18555,SteamVR Tracker (Left Foot),0.3102405,0.01314783,0.2727547,-0.4349101,0.5041337,0.4064186,0.6257208
1751960863906,50.18555,SteamVR Tracker (Waist),-0.577989,0.7614721,1.227493,-0.4984178,0.4948474,0.5014269,0.5052493
1751960863937,50.21912,SteamVR Tracker (Right Foot),0.320574,0.03981876,-0.01855367,-0.3410683,0.6547571,0.4028084,0.5410278
1751960863937,50.21912,SteamVR Tracker (Left Foot),0.3102816,0.01320791,0.2725965,-0.4350491,0.5041443,0.4065242,0.6255469
1751960863937,50.21912,SteamVR Tracker (Waist),-0.5778973,0.7614821,1.227563,-0.4985121,0.4947305,0.5013848,0.5053126
1751960863996,50.27395,SteamVR Tracker (Right Foot),0.3207143,0.03983855,-0.01832539,-0.341044,0.654881,0.4025362,0.5410957
1751960863996,50.27395,SteamVR Tracker (Left Foot),0.3102435,0.01316547,0.2728374,-0.4351158,0.5040371,0.4066172,0.6255264
1751960863996,50.27395,SteamVR Tracker (Waist),-0.5778029,0.7610719,1.227585,-0.4984148,0.4948099,0.5013796,0.5053359
1751960864016,50.29731,SteamVR Tracker (Right Foot),0.3207642,0.03984356,-0.01842719,-0.3409395,0.6549889,0.4023921,0.541138
1751960864016,50.29731,SteamVR Tracker (Left Foot),0.3101902,0.01317215,0.27256,-0.4350469,0.5040777,0.4065014,0.625617
1751960864016,50.29731,SteamVR Tracker (Waist),-0.5778812,0.7610689,1.227412,-0.4984639,0.4948851,0.5014935,0.5051007
1751960864045,50.326,SteamVR Tracker (Right Foot),0.3205812,0.03982043,-0.01855069,-0.3408678,0.6548961,0.4025376,0.5411873
1751960864045,50.326,SteamVR Tracker (Left Foot),0.3103305,0.0131433,0.2725611,-0.4349838,0.5041713,0.4062253,0.6257647
1751960864045,50.326,SteamVR Tracker (Waist),-0.5779048,0.7613214,1.2275,-0.4984272,0.494801,0.5014997,0.5052133
1751960864084,50.36374,SteamVR Tracker (Right Foot),0.320473,0.03977513,-0.01857418,-0.3406422,0.6551731,0.4022839,0.5411828
1751960864084,50.36374,SteamVR Tracker (Left Foot),0.3103182,0.0130496,0.2726136,-0.4348417,0.5042793,0.4062997,0.6257281
1751960864084,50.36374,SteamVR Tracker (Waist),-0.5778978,0.7614703,1.227519,-0.4984629,0.4947938,0.5014573,0.5052271
1751960864117,50.39785,SteamVR Tracker (Right Foot),0.3210163,0.03977394,-0.01850808,-0.3407321,0.6550633,0.4023374,0.5412194
1751960864117,50.39785,SteamVR Tracker (Left Foot),0.3104363,0.01306057,0.2726883,-0.4343888,0.504374,0.4060297,0.6261415
1751960864117,50.39785,SteamVR Tracker (Waist),-0.5775981,0.7615001,1.227539,-0.4984452,0.4947898,0.5014225,0.5052831
1751960864178,50.45748,SteamVR Tracker (Right Foot),0.320551,0.03986311,-0.0183807,-0.3407181,0.6551578,0.4022619,0.5411699
1751960864178,50.45748,SteamVR Tracker (Left Foot),0.310411,0.01308036,0.2726704,-0.4344315,0.5043099,0.4060594,0.6261442
1751960864178,50.45748,SteamVR Tracker (Waist),-0.5779488,0.7612981,1.227559,-0.4983789,0.4947773,0.5014938,0.5052899
1751960864195,50.47683,SteamVR Tracker (Right Foot),0.320453,0.03971338,-0.01837265,-0.3405639,0.6552169,0.4022629,0.5411946
1751960864195,50.47683,SteamVR Tracker (Left Foot),0.3103973,0.01305723,0.2727197,-0.4341443,0.5046248,0.4056441,0.6263589
1751960864195,50.47683,SteamVR Tracker (Waist),-0.5780003,0.7612932,1.227613,-0.4982863,0.494872,0.5014561,0.5053259
1751960864227,50.50706,SteamVR Tracker (Right Foot),0.3205,0.03953934,-0.01836956,-0.3406083,0.6551794,0.402418,0.5410969
1751960864227,50.50706,SteamVR Tracker (Left Foot),0.3103744,0.01309085,0.2726964,-0.4340685,0.5046822,0.4054983,0.6264595
1751960864228,50.50706,SteamVR Tracker (Waist),-0.5780309,0.7614791,1.227535,-0.4984336,0.4948588,0.5014721,0.5051777
1751960864262,50.54205,SteamVR Tracker (Right Foot),0.3207837,0.03961658,-0.01836586,-0.3404309,0.6553215,0.402126,0.5412533
1751960864262,50.54205,SteamVR Tracker (Left Foot),0.3104247,0.01324391,0.2727429,-0.4339283,0.5047861,0.4054683,0.6264925
1751960864262,50.54205,SteamVR Tracker (Waist),-0.5778071,0.761281,1.227525,-0.4982944,0.4949049,0.5014022,0.5053391
1751960864291,50.57284,SteamVR Tracker (Right Foot),0.3206733,0.03961754,-0.01853752,-0.3404748,0.6553003,0.4021789,0.5412121
1751960864291,50.57284,SteamVR Tracker (Left Foot),0.3104727,0.01314473,0.2725159,-0.4337165,0.5049513,0.405209,0.6266738
1751960864291,50.57284,SteamVR Tracker (Waist),-0.5779206,0.7613,1.227388,-0.4982256,0.4950377,0.5014324,0.5052469
1751960864348,50.62739,SteamVR Tracker (Right Foot),0.320739,0.03960133,-0.01850611,-0.3405579,0.6551637,0.4022487,0.5412734
1751960864348,50.62739,SteamVR Tracker (Left Foot),0.3104673,0.01304841,0.2725914,-0.4338866,0.5048409,0.4054521,0.6264876
1751960864348,50.62739,SteamVR Tracker (Waist),-0.5778904,0.7612852,1.227563,-0.4982635,0.4951305,0.5014135,0.5051374
1751960864370,50.65176,SteamVR Tracker (Right Foot),0.320823,0.03980207,-0.01845682,-0.3401741,0.6552681,0.4021322,0.5414749
1751960864370,50.65176,SteamVR Tracker (Left Foot),0.3103243,0.01296163,0.2725037,-0.4337458,0.5049414,0.4055088,0.6264673
1751960864370,50.65176,SteamVR Tracker (Waist),-0.5778576,0.7612606,1.227524,-0.4983572,0.4951204,0.5013804,0.5050878
1751960864405,50.68616,SteamVR Tracker (Right Foot),0.3206369,0.03953433,-0.018242,-0.3402034,0.6551832,0.4023617,0.5413888
1751960864406,50.68616,SteamVR Tracker (Left Foot),0.310541,0.01301837,0.2727726,-0.4334384,0.505007,0.4052789,0.6267759
1751960864406,50.68616,SteamVR Tracker (Waist),-0.5779355,0.7615286,1.22753,-0.4982508,0.4951776,0.5013604,0.5051565
1751960864435,50.71714,SteamVR Tracker (Right Foot),0.3207353,0.03959918,-0.01830173,-0.3401102,0.6552231,0.4023396,0.5414155
1751960864435,50.71714,SteamVR Tracker (Left Foot),0.310659,0.01316857,0.2726955,-0.4332213,0.5052924,0.4051373,0.6267877
1751960864435,50.71714,SteamVR Tracker (Waist),-0.5778544,0.7613283,1.227572,-0.4981874,0.4952391,0.5013487,0.5051704
1751960864469,50.74969,SteamVR Tracker (Right Foot),0.3208015,0.03962612,-0.01829833,-0.3400735,0.6551287,0.4025186,0.5414197
1751960864482,50.74969,SteamVR Tracker (Left Foot),0.310567,0.01307321,0.2726036,-0.4328365,0.5055388,0.4049186,0.626996
1751960864482,50.74969,SteamVR Tracker (Waist),-0.5777797,0.7609327,1.227458,-0.4982231,0.4951731,0.5013626,0.5051861
1751960864512,50.79406,SteamVR Tracker (Right Foot),0.3208123,0.03942633,-0.0182814,-0.3400531,0.6550797,0.40254,0.5414759
1751960864512,50.79406,SteamVR Tracker (Left Foot),0.3108317,0.01294327,0.272615,-0.4326253,0.5059667,0.4044348,0.6271089
1751960864512,50.79406,SteamVR Tracker (Waist),-0.5778041,0.7611885,1.227626,-0.4982737,0.4950789,0.5014079,0.5051835
1751960864536,50.81755,SteamVR Tracker (Right Foot),0.3208786,0.03933334,-0.01822042,-0.3400388,0.6548806,0.4028166,0.5415199
1751960864536,50.81755,SteamVR Tracker (Left Foot),0.310928,0.01302314,0.2726513,-0.4327286,0.5062132,0.4040533,0.6270846
1751960864536,50.81755,SteamVR Tracker (Waist),-0.577992,0.7610539,1.227664,-0.4984124,0.4949857,0.5013034,0.5052418
1751960864572,50.85288,SteamVR Tracker (Right Foot),0.3207278,0.03942132,-0.01824081,-0.3402674,0.6548442,0.4027706,0.5414544
1751960864572,50.85288,SteamVR Tracker (Left Foot),0.310986,0.0131104,0.2724377,-0.4326867,0.5066875,0.4031011,0.6273432
1751960864572,50.85288,SteamVR Tracker (Waist),-0.5779053,0.7610092,1.227618,-0.4983512,0.4950351,0.5013566,0.5052008
1751960864609,50.88883,SteamVR Tracker (Right Foot),0.32061,0.03948665,-0.01827401,-0.3406268,0.6546092,0.4032521,0.5411543
1751960864609,50.88883,SteamVR Tracker (Left Foot),0.3108769,0.01303649,0.2721815,-0.4328616,0.5071076,0.4026669,0.627162
1751960864609,50.88883,SteamVR Tracker (Waist),-0.5777642,0.7611649,1.227472,-0.4983943,0.4949377,0.5013589,0.5052515
1751960864643,50.92255,SteamVR Tracker (Right Foot),0.3205721,0.03930759,-0.01818544,-0.3401124,0.6546384,0.4035148,0.5412468
1751960864643,50.92255,SteamVR Tracker (Left Foot),0.3109157,0.01308131,0.2723047,-0.4334714,0.5075863,0.4029205,0.62619
1751960864643,50.92255,SteamVR Tracker (Waist),-0.5780277,0.7614852,1.227633,-0.4983874,0.495078,0.5013622,0.5051176
1751960864705,50.98429,SteamVR Tracker (Right Foot),0.320832,0.03916287,-0.01817417,-0.3395628,0.6551673,0.4027387,0.5415298
1751960864705,50.98429,SteamVR Tracker (Left Foot),0.3108094,0.01307964,0.2720797,-0.4334955,0.508258,0.4023454,0.6259982
1751960864705,50.98429,SteamVR Tracker (Waist),-0.5778873,0.7613121,1.227444,-0.4983895,0.4952158,0.5014251,0.504918
1751960864730,51.01083,SteamVR Tracker (Right Foot),0.320931,0.03919649,-0.01827419,-0.3392883,0.6555736,0.4020609,0.5417138
1751960864730,51.01083,SteamVR Tracker (Left Foot),0.3110298,0.01298523,0.2719035,-0.4337885,0.5090419,0.401526,0.6256842
1751960864730,51.01083,SteamVR Tracker (Waist),-0.577842,0.7613173,1.227545,-0.4983314,0.4953514,0.5013783,0.5048888
1751960864759,51.03979,SteamVR Tracker (Right Foot),0.3210714,0.03942919,-0.01820308,-0.3389492,0.6558647,0.4013453,0.5421041
1751960864759,51.03979,SteamVR Tracker (Left Foot),0.3114244,0.01306343,0.2720332,-0.4336295,0.5095935,0.4009252,0.6257307
1751960864759,51.03979,SteamVR Tracker (Waist),-0.5778637,0.7613598,1.227478,-0.4983734,0.4953301,0.5014231,0.5048236
1751960864797,51.07524,SteamVR Tracker (Right Foot),0.3215871,0.03967762,-0.0181179,-0.3357879,0.6577118,0.3988834,0.5436487
1751960864797,51.07524,SteamVR Tracker (Left Foot),0.3116915,0.01281309,0.2719546,-0.4325087,0.5103163,0.3994593,0.6268539
1751960864797,51.07524,SteamVR Tracker (Waist),-0.5778302,0.7611592,1.227726,-0.4983864,0.4953681,0.5013853,0.5048112
1751960864847,51.12628,SteamVR Tracker (Right Foot),0.3225431,0.03972125,-0.01756227,-0.3297959,0.6596158,0.396128,0.5470141
1751960864847,51.12628,SteamVR Tracker (Left Foot),0.3114668,0.01242304,0.2718461,-0.4323701,0.5107419,0.3989105,0.6269524
1751960864847,51.12628,SteamVR Tracker (Waist),-0.5779628,0.7612153,1.227583,-0.4984559,0.4952434,0.5014047,0.5048456
1751960864872,51.15351,SteamVR Tracker (Right Foot),0.3240574,0.03979063,-0.01736909,-0.3225427,0.6627015,0.3930619,0.5498139
1751960864873,51.15351,SteamVR Tracker (Left Foot),0.311484,0.01228309,0.27178,-0.4323829,0.5112898,0.3985275,0.6267406
1751960864873,51.15351,SteamVR Tracker (Waist),-0.5781249,0.7613573,1.227499,-0.4985023,0.4951917,0.5014129,0.5048424
1751960864904,51.18438,SteamVR Tracker (Right Foot),0.3306152,0.03965545,-0.01998997,-0.3177879,0.6739303,0.398918,0.5345029
1751960864904,51.18438,SteamVR Tracker (Left Foot),0.3113837,0.01216364,0.2719734,-0.4319803,0.5113967,0.3981958,0.6271417
1751960864904,51.18438,SteamVR Tracker (Waist),-0.5780319,0.7613139,1.227746,-0.4984382,0.4951101,0.501465,0.5049339
1751960864937,51.21731,SteamVR Tracker (Right Foot),0.3422006,0.03960586,-0.02096868,-0.3126659,0.6744134,0.4036005,0.5333979
1751960864937,51.21731,SteamVR Tracker (Left Foot),0.3115335,0.01216984,0.2721578,-0.4311506,0.5110767,0.3985621,0.6277404
1751960864937,51.21731,SteamVR Tracker (Waist),-0.577847,0.7613395,1.227491,-0.4983236,0.4950618,0.5014414,0.5051178
1751960864973,51.25203,SteamVR Tracker (Right Foot),0.3570962,0.03976536,-0.02154148,-0.3132453,0.6723323,0.4075761,0.5326616
1751960864973,51.25203,SteamVR Tracker (Left Foot),0.311547,0.01219749,0.2722931,-0.4302123,0.5111017,0.3986944,0.6282796
1751960864973,51.25203,SteamVR Tracker (Waist),-0.577728,0.7611626,1.227563,-0.4983904,0.4951356,0.5013101,0.5051098
1751960865031,51.31172,SteamVR Tracker (Right Foot),0.3773053,0.04007626,-0.02003068,-0.3195423,0.6677979,0.4094619,0.5331788
1751960865032,51.31172,SteamVR Tracker (Left Foot),0.3117865,0.01233411,0.272251,-0.4305379,0.511176,0.3980908,0.6283789
1751960865032,51.31172,SteamVR Tracker (Waist),-0.5779374,0.7612604,1.227638,-0.4984324,0.4950311,0.5013681,0.5051133
1751960865044,51.32679,SteamVR Tracker (Right Foot),0.3989886,0.03965497,-0.018543,-0.319043,0.6643611,0.408521,0.5384669
1751960865044,51.32679,SteamVR Tracker (Left Foot),0.311913,0.01231885,0.2722862,-0.4304856,0.5110208,0.397704,0.6287857
1751960865044,51.32679,SteamVR Tracker (Waist),-0.5781326,0.7613409,1.227592,-0.4984762,0.4949732,0.5014262,0.5050691
1751960865076,51.35602,SteamVR Tracker (Right Foot),0.4129672,0.03985071,-0.01683486,-0.322532,0.6592714,0.4049794,0.5452762
1751960865076,51.35602,SteamVR Tracker (Left Foot),0.3119,0.01221919,0.2721984,-0.4298585,0.5111365,0.3973082,0.6293707
1751960865076,51.35602,SteamVR Tracker (Waist),-0.5778161,0.7609612,1.227528,-0.4985427,0.4949656,0.5013613,0.5050753
1751960865092,51.37325,SteamVR Tracker (Right Foot),0.4178943,0.03969145,-0.01623344,-0.3240422,0.6580361,0.4039929,0.5466031
1751960865092,51.37325,SteamVR Tracker (Left Foot),0.311897,0.01210904,0.2723716,-0.4290638,0.5109361,0.3973682,0.6300374
1751960865092,51.37325,SteamVR Tracker (Waist),-0.5778066,0.7609274,1.22752,-0.4985986,0.4948802,0.5013418,0.5051233
1751960865128,51.4079,SteamVR Tracker (Right Foot),0.4333874,0.04012609,-0.01552427,-0.3280614,0.6562093,0.4015017,0.5482349
1751960865128,51.4079,SteamVR Tracker (Left Foot),0.3120293,0.01209545,0.2725959,-0.4286365,0.5106872,0.3972662,0.6305941
1751960865128,51.4079,SteamVR Tracker (Waist),-0.577852,0.7609282,1.227522,-0.498599,0.4948328,0.5013307,0.5051803
1751960865183,51.46276,SteamVR Tracker (Right Foot),0.4489594,0.04052234,-0.01697892,-0.3302013,0.6550409,0.4008173,0.5488479
1751960865183,51.46276,SteamVR Tracker (Left Foot),0.3121027,0.0120306,0.2724016,-0.4290781,0.510554,0.3972654,0.6304021
1751960865184,51.46276,SteamVR Tracker (Waist),-0.5778964,0.761279,1.227633,-0.4985107,0.4949221,0.501339,0.5051717
1751960865203,51.48423,SteamVR Tracker (Right Foot),0.4731447,0.04090571,-0.01790136,-0.3338299,0.6505566,0.3992949,0.5530798
1751960865203,51.48423,SteamVR Tracker (Left Foot),0.3122866,0.01194382,0.272441,-0.428935,0.5103292,0.3970923,0.6307906
1751960865203,51.48423,SteamVR Tracker (Waist),-0.5778865,0.7613989,1.227568,-0.4985088,0.4949536,0.5013293,0.5051523
1751960865235,51.51691,SteamVR Tracker (Right Foot),0.4879394,0.04099798,-0.0189839,-0.3384086,0.6481063,0.3968008,0.5549659
1751960865236,51.51691,SteamVR Tracker (Left Foot),0.3124032,0.01187325,0.2726274,-0.4282306,0.510322,0.3964422,0.6316832
1751960865236,51.51691,SteamVR Tracker (Waist),-0.5779639,0.7613376,1.227657,-0.4984919,0.4949067,0.5013839,0.5051608
1751960865273,51.55078,SteamVR Tracker (Right Foot),0.4994912,0.04113102,-0.01996434,-0.3401751,0.6445702,0.3963596,0.5583093
1751960865273,51.55078,SteamVR Tracker (Left Foot),0.312443,0.0118432,0.2727634,-0.4285671,0.5098153,0.3964812,0.6318396
1751960865273,51.55078,SteamVR Tracker (Waist),-0.5779479,0.7613608,1.227596,-0.498488,0.4949116,0.5013013,0.5052418
1751960865304,51.58237,SteamVR Tracker (Right Foot),0.5125268,0.04104733,-0.02206564,-0.3381576,0.643456,0.3970293,0.5603405
1751960865304,51.58237,SteamVR Tracker (Left Foot),0.3124374,0.01191139,0.2729567,-0.4285079,0.509362,0.3966795,0.6321208
1751960865304,51.58237,SteamVR Tracker (Waist),-0.5778995,0.7610569,1.227551,-0.498526,0.4949711,0.5013174,0.50513
1751960865364,51.64244,SteamVR Tracker (Right Foot),0.5231058,0.04115224,-0.02607644,-0.335733,0.6484916,0.3997218,0.5540438
1751960865364,51.64244,SteamVR Tracker (Left Foot),0.3123939,0.01180005,0.2726821,-0.4289229,0.5092036,0.3969007,0.6318282
1751960865364,51.64244,SteamVR Tracker (Waist),-0.5779705,0.7612418,1.227623,-0.4984136,0.4949247,0.5014634,0.5051416
1751960865379,51.66069,SteamVR Tracker (Right Foot),0.5379938,0.04108095,-0.03000438,-0.3347031,0.6509489,0.3991705,0.5521796
1751960865379,51.66069,SteamVR Tracker (Left Foot),0.3123084,0.01175141,0.2724856,-0.429373,0.5087857,0.3965986,0.6320487
1751960865379,51.66069,SteamVR Tracker (Waist),-0.5779035,0.7610855,1.227383,-0.4984524,0.494875,0.5014791,0.5051364
1751960865413,51.69377,SteamVR Tracker (Right Foot),0.545531,0.04074955,-0.03222072,-0.3362293,0.6496181,0.3979966,0.553665
1751960865413,51.69377,SteamVR Tracker (Left Foot),0.3124721,0.01190829,0.272607,-0.4298683,0.5084913,0.3965168,0.6320003
1751960865413,51.69377,SteamVR Tracker (Waist),-0.5778853,0.7614027,1.227629,-0.4983832,0.4948396,0.5015106,0.5052081
1751960865448,51.72774,SteamVR Tracker (Right Foot),0.5480062,0.03989029,-0.03311992,-0.3383109,0.6496403,0.3955857,0.5540987
1751960865448,51.72774,SteamVR Tracker (Left Foot),0.3124876,0.01177764,0.2725014,-0.4302859,0.5083987,0.3964822,0.6318122
1751960865448,51.72774,SteamVR Tracker (Waist),-0.5778537,0.761246,1.22761,-0.4984643,0.4949193,0.5014598,0.5051003
1751960865480,51.76,SteamVR Tracker (Right Foot),0.5477523,0.03872395,-0.03315961,-0.3395509,0.6493679,0.3928812,0.5555816
1751960865480,51.76,SteamVR Tracker (Left Foot),0.3122864,0.01161218,0.2721692,-0.4304641,0.5082958,0.3963124,0.6318802
1751960865480,51.76,SteamVR Tracker (Waist),-0.5778128,0.7612394,1.227553,-0.4983813,0.4949062,0.5015432,0.5051122
1751960865524,51.80483,SteamVR Tracker (Right Foot),0.5444912,0.03860497,-0.0321238,-0.342683,0.6470732,0.3989887,0.5519717
1751960865524,51.80483,SteamVR Tracker (Left Foot),0.3124742,0.01193213,0.2725462,-0.4312732,0.5080566,0.3967746,0.6312304
1751960865524,51.80483,SteamVR Tracker (Waist),-0.5777818,0.7612249,1.227592,-0.4984103,0.494922,0.5015187,0.5050926
1751960865569,51.84985,SteamVR Tracker (Right Foot),0.5452574,0.03794026,-0.03224111,-0.3384199,0.6498708,0.393313,0.5553781
1751960865569,51.84985,SteamVR Tracker (Left Foot),0.3123455,0.01208425,0.2721717,-0.4313602,0.5090554,0.3961508,0.630758
1751960865570,51.84985,SteamVR Tracker (Waist),-0.5779291,0.7611191,1.227606,-0.4984076,0.4948475,0.5015359,0.505151
1751960865604,51.88507,SteamVR Tracker (Right Foot),0.5449286,0.03774476,-0.03260636,-0.3408064,0.650408,0.3902427,0.5554558
1751960865604,51.88507,SteamVR Tracker (Left Foot),0.3124967,0.01199102,0.2721702,-0.4308021,0.5097218,0.3953532,0.6311016
1751960865605,51.88507,SteamVR Tracker (Waist),-0.5779364,0.7611972,1.227689,-0.4983035,0.4950142,0.5016046,0.5050222
1751960865635,51.91703,SteamVR Tracker (Right Foot),0.5456816,0.03748941,-0.03264588,-0.342123,0.6488881,0.3885953,0.557575
1751960865635,51.91703,SteamVR Tracker (Left Foot),0.3122555,0.01207352,0.2721186,-0.4321788,0.5094323,0.3958522,0.6300804
1751960865635,51.91703,SteamVR Tracker (Waist),-0.5779388,0.7613317,1.227604,-0.4983215,0.4950621,0.5016126,0.5049496
1751960865691,51.97047,SteamVR Tracker (Right Foot),0.5461957,0.0374341,-0.03282684,-0.3428204,0.647434,0.3875993,0.5595268
1751960865691,51.97047,SteamVR Tracker (Left Foot),0.3121313,0.01217651,0.2720647,-0.4329331,0.5090896,0.3963226,0.6295436
1751960865691,51.97047,SteamVR Tracker (Waist),-0.5779107,0.7613049,1.227611,-0.4983591,0.4950328,0.5015676,0.5049859
1751960865715,51.99701,SteamVR Tracker (Right Foot),0.5463134,0.03755903,-0.03300816,-0.343312,0.6474723,0.3879859,0.5589128
1751960865715,51.99701,SteamVR Tracker (Left Foot),0.3120345,0.01224113,0.271942,-0.4338676,0.5091694,0.3963624,0.6288103
1751960865715,51.99701,SteamVR Tracker (Waist),-0.5778213,0.7611995,1.227639,-0.4984327,0.495012,0.5015553,0.5049458
1751960865750,52.02963,SteamVR Tracker (Right Foot),0.5461401,0.03776574,-0.03315228,-0.344546,0.6472945,0.389054,0.5576153
1751960865750,52.02963,SteamVR Tracker (Left Foot),0.311973,0.01224327,0.2716103,-0.4348945,0.5091943,0.3963604,0.6280816
1751960865750,52.02963,SteamVR Tracker (Waist),-0.5778525,0.7611706,1.22771,-0.4983312,0.4950118,0.5015793,0.5050223
1751960865787,52.06823,SteamVR Tracker (Right Foot),0.5454322,0.03782344,-0.0331822,-0.3455282,0.6465809,0.3900009,0.5571737
1751960865788,52.06823,SteamVR Tracker (Left Foot),0.3118613,0.01198339,0.2714146,-0.435584,0.5091357,0.3963303,0.62767
1751960865788,52.06823,SteamVR Tracker (Waist),-0.5781192,0.7614939,1.227505,-0.4983336,0.4949882,0.5016016,0.505021
1751960865838,52.11897,SteamVR Tracker (Right Foot),0.5454932,0.03782845,-0.03309709,-0.346435,0.6458278,0.3914808,0.556446
1751960865838,52.11897,SteamVR Tracker (Left Foot),0.3117786,0.01192784,0.2714167,-0.4350112,0.5093262,0.3963298,0.6279131
1751960865838,52.11897,SteamVR Tracker (Waist),-0.5779402,0.7611428,1.227372,-0.4982859,0.4949197,0.5015417,0.5051947
1751960865865,52.14586,SteamVR Tracker (Right Foot),0.5453269,0.03802967,-0.03293073,-0.3466896,0.6450506,0.3928098,0.5562522
1751960865865,52.14586,SteamVR Tracker (Left Foot),0.3117618,0.01185751,0.2715869,-0.4351935,0.5091036,0.3966204,0.6277837
1751960865865,52.14586,SteamVR Tracker (Waist),-0.577895,0.7612386,1.22763,-0.4981679,0.4950203,0.5015999,0.5051546
1751960865895,52.17687,SteamVR Tracker (Right Foot),0.5451046,0.03808117,-0.0329718,-0.3471778,0.6446448,0.3934509,0.555965
1751960865896,52.17687,SteamVR Tracker (Left Foot),0.3119013,0.01217127,0.2716483,-0.435998,0.5088993,0.3971404,0.627062
1751960865896,52.17687,SteamVR Tracker (Waist),-0.5777935,0.7610158,1.227751,-0.4981541,0.4950011,0.5015253,0.5052612
1751960865929,52.20988,SteamVR Tracker (Right Foot),0.5448605,0.03806996,-0.03285038,-0.3471904,0.6444741,0.3939676,0.5557891
1751960865929,52.20988,SteamVR Tracker (Left Foot),0.311776,0.01239371,0.2716442,-0.4362163,0.5088578,0.3972801,0.6268554
1751960865929,52.20988,SteamVR Tracker (Waist),-0.5780357,0.7612888,1.227708,-0.4983207,0.4948798,0.5016263,0.5051154
1751960865963,52.24416,SteamVR Tracker (Right Foot),0.5448453,0.03824878,-0.03286719,-0.3474196,0.644033,0.394711,0.5556297
1751960865963,52.24416,SteamVR Tracker (Left Foot),0.3116591,0.01225638,0.2714732,-0.4371628,0.5084541,0.397954,0.6260957
1751960865963,52.24416,SteamVR Tracker (Waist),-0.5779569,0.7613902,1.227557,-0.4982789,0.4950392,0.5015903,0.5050362
1751960866015,52.29583,SteamVR Tracker (Right Foot),0.5451577,0.03844476,-0.03270572,-0.3467537,0.6434738,0.3957773,0.555935
1751960866015,52.29583,SteamVR Tracker (Left Foot),0.3116844,0.01219821,0.2714099,-0.4373117,0.5083343,0.3979932,0.6260641
1751960866015,52.29583,SteamVR Tracker (Waist),-0.5777647,0.7608718,1.227548,-0.4981599,0.4950843,0.5015762,0.5051233
1751960866042,52.32248,SteamVR Tracker (Right Foot),0.5450384,0.03857279,-0.03216308,-0.3462864,0.642803,0.3971609,0.5560156
1751960866042,52.32248,SteamVR Tracker (Left Foot),0.3115825,0.01219225,0.2715776,-0.4380857,0.5077645,0.3988887,0.6254149
1751960866042,52.32248,SteamVR Tracker (Waist),-0.5777555,0.7609477,1.227679,-0.4981794,0.4950666,0.5015444,0.5051532
1751960866078,52.35733,SteamVR Tracker (Right Foot),0.5448414,0.03823161,-0.03222793,-0.3454993,0.6427095,0.3975266,0.5563519
1751960866078,52.35733,SteamVR Tracker (Left Foot),0.3117103,0.01229167,0.2715408,-0.438062,0.5078725,0.3989542,0.6253023
1751960866078,52.35733,SteamVR Tracker (Waist),-0.5779188,0.7613913,1.227657,-0.4982219,0.4950167,0.5015582,0.5051464
1751960866111,52.39056,SteamVR Tracker (Right Foot),0.5448549,0.03813887,-0.03196603,-0.3443189,0.6420244,0.3986341,0.5570818
1751960866111,52.39056,SteamVR Tracker (Left Foot),0.3117982,0.01209068,0.2715392,-0.4375628,0.5077645,0.3986308,0.6259453
1751960866111,52.39056,SteamVR Tracker (Waist),-0.5781199,0.7615247,1.227496,-0.4984227,0.4948963,0.5015149,0.5051093
1751960866145,52.42363,SteamVR Tracker (Right Foot),0.5450303,0.03785324,-0.03163987,-0.3431643,0.6414725,0.3994741,0.5578278
1751960866145,52.42363,SteamVR Tracker (Left Foot),0.3116667,0.0121007,0.2716727,-0.4375729,0.5073434,0.3990378,0.6260204
1751960866145,52.42363,SteamVR Tracker (Waist),-0.5780443,0.76142,1.227458,-0.4985307,0.4948448,0.5014859,0.5050819
1751960866200,52.48056,SteamVR Tracker (Right Foot),0.5454543,0.03783894,-0.03138703,-0.343132,0.6417259,0.3986387,0.5581537
1751960866200,52.48056,SteamVR Tracker (Left Foot),0.3116199,0.01193857,0.2718889,-0.4366455,0.5071652,0.3988613,0.6269242
1751960866200,52.48056,SteamVR Tracker (Waist),-0.5779355,0.7611412,1.227472,-0.4984899,0.4948028,0.5015193,0.5051302
1751960866219,52.50003,SteamVR Tracker (Right Foot),0.5459454,0.03743744,-0.03135258,-0.3417755,0.6420088,0.3980528,0.5590781
1751960866219,52.50003,SteamVR Tracker (Left Foot),0.3117933,0.01186538,0.2720237,-0.4356622,0.5071132,0.3984994,0.6278797
1751960866219,52.50003,SteamVR Tracker (Waist),-0.578125,0.7610047,1.227449,-0.4983965,0.4947102,0.5015576,0.5052749
1751960866251,52.53122,SteamVR Tracker (Right Foot),0.5460343,0.03723192,-0.0311377,-0.3410596,0.6418825,0.3982836,0.5594957
1751960866251,52.53122,SteamVR Tracker (Left Foot),0.3118296,0.01191807,0.2719351,-0.4354156,0.5068609,0.3984375,0.6282937
1751960866251,52.53122,SteamVR Tracker (Waist),-0.5778036,0.7610443,1.227552,-0.4984339,0.4948077,0.5014713,0.5052282
1751960866287,52.5661,SteamVR Tracker (Right Foot),0.546211,0.036798,-0.03100121,-0.3400528,0.6417952,0.398347,0.560163
1751960866287,52.5661,SteamVR Tracker (Left Foot),0.3120557,0.01197839,0.27209,-0.4351957,0.5067183,0.3981762,0.6287265
1751960866287,52.5661,SteamVR Tracker (Waist),-0.5779203,0.761375,1.227715,-0.4983032,0.4948717,0.5016708,0.5050964
1751960866320,52.60041,SteamVR Tracker (Right Foot),0.5467875,0.03653359,-0.03068668,-0.3388586,0.6417723,0.3988225,0.5605746
1751960866320,52.60041,SteamVR Tracker (Left Foot),0.3122576,0.0119803,0.27215,-0.4347215,0.5062446,0.3980483,0.6295167
1751960866320,52.60041,SteamVR Tracker (Waist),-0.5779288,0.7612417,1.227667,-0.4983602,0.4948689,0.5015566,0.5051565
1751960866377,52.65743,SteamVR Tracker (Right Foot),0.5466403,0.03616095,-0.03086841,-0.3399825,0.6419409,0.3978837,0.560368
1751960866378,52.65743,SteamVR Tracker (Left Foot),0.3124518,0.01185036,0.2721375,-0.4333646,0.506332,0.3964805,0.6313686
1751960866378,52.65743,SteamVR Tracker (Waist),-0.577963,0.7611939,1.227565,-0.4984348,0.4948179,0.5015249,0.5051643
1751960866395,52.6761,SteamVR Tracker (Right Foot),0.5468206,0.03615403,-0.03087318,-0.3412029,0.6415731,0.3979214,0.5600207
1751960866395,52.6761,SteamVR Tracker (Left Foot),0.3129897,0.01192617,0.2722553,-0.4305946,0.5072943,0.3935906,0.6342928
1751960866395,52.6761,SteamVR Tracker (Waist),-0.5778925,0.7612649,1.22757,-0.4984904,0.4948573,0.5014483,0.5051468
1751960866426,52.70682,SteamVR Tracker (Right Foot),0.5467818,0.03605866,-0.03064555,-0.3414515,0.6406944,0.3986594,0.5603501
1751960866426,52.70682,SteamVR Tracker (Left Foot),0.313934,0.01185083,0.2721585,-0.4264055,0.5092695,0.3891498,0.6382675
1751960866427,52.70682,SteamVR Tracker (Waist),-0.5779284,0.7613226,1.22762,-0.4984568,0.4949383,0.501537,0.5050125
1751960866462,52.7424,SteamVR Tracker (Right Foot),0.5463959,0.03577161,-0.03041697,-0.342569,0.6400259,0.3992023,0.5600455
1751960866462,52.7424,SteamVR Tracker (Left Foot),0.3149642,0.0119698,0.2720221,-0.4216689,0.5112676,0.3815858,0.6443548
1751960866462,52.7424,SteamVR Tracker (Waist),-0.5780331,0.7615198,1.227686,-0.4984989,0.4948234,0.501518,0.5051024
1751960866495,52.77462,SteamVR Tracker (Right Foot),0.5466195,0.03583074,-0.03003937,-0.343074,0.6390225,0.4006991,0.5598131
1751960866495,52.77462,SteamVR Tracker (Left Foot),0.3165025,0.01221418,0.2719371,-0.4173426,0.5121156,0.3699712,0.6532107
1751960866495,52.77462,SteamVR Tracker (Waist),-0.5776781,0.7612729,1.227707,-0.4984055,0.4949223,0.5015581,0.5050578
1751960866548,52.82689,SteamVR Tracker (Right Foot),0.5464974,0.03555727,-0.03023404,-0.3439656,0.6391425,0.3998512,0.5597352
1751960866548,52.82689,SteamVR Tracker (Left Foot),0.3207684,0.01284456,0.2744198,-0.4268442,0.4898428,0.3551089,0.6721278
1751960866548,52.82689,SteamVR Tracker (Waist),-0.5779469,0.7612779,1.227592,-0.4984327,0.4949272,0.5015338,0.5050503
1751960866570,52.8519,SteamVR Tracker (Right Foot),0.5465624,0.03538346,-0.03039426,-0.345121,0.640277,0.3969532,0.5597903
1751960866570,52.8519,SteamVR Tracker (Left Foot),0.3302768,0.01387191,0.2763756,-0.4413431,0.4711523,0.3432158,0.6822278
1751960866570,52.8519,SteamVR Tracker (Waist),-0.5780277,0.7613548,1.227566,-0.4983441,0.4949621,0.5015881,0.5050495
1751960866592,52.87401,SteamVR Tracker (Right Foot),0.5466757,0.03526258,-0.03071028,-0.345736,0.6405395,0.3959588,0.5598147
1751960866593,52.87401,SteamVR Tracker (Left Foot),0.3422327,0.01445723,0.2774674,-0.4494486,0.465632,0.3434227,0.6806201
1751960866593,52.87401,SteamVR Tracker (Waist),-0.5779974,0.7612416,1.227646,-0.4983514,0.4950387,0.5015258,0.5050291
1751960866628,52.90831,SteamVR Tracker (Right Foot),0.5466039,0.03531051,-0.03117162,-0.3469109,0.641433,0.3935285,0.5597785
1751960866628,52.90831,SteamVR Tracker (Left Foot),0.3616035,0.01470256,0.2792512,-0.4565602,0.4608012,0.346711,0.6775002
1751960866628,52.90831,SteamVR Tracker (Waist),-0.5780079,0.7612841,1.22756,-0.4982697,0.4950809,0.5014601,0.5051336
1751960866661,52.94226,SteamVR Tracker (Right Foot),0.546779,0.03542781,-0.03123826,-0.3474031,0.6421981,0.3924941,0.5593221
1751960866661,52.94226,SteamVR Tracker (Left Foot),0.3827027,0.0150497,0.28262,-0.4576237,0.4638337,0.349761,0.6731316
1751960866661,52.94226,SteamVR Tracker (Waist),-0.5779417,0.7610538,1.227485,-0.4982621,0.4950626,0.5014919,0.5051275
1751960866721,53.0002,SteamVR Tracker (Right Foot),0.5469649,0.03552628,-0.03139728,-0.3476926,0.6423619,0.3924582,0.5589791
1751960866721,53.0002,SteamVR Tracker (Left Foot),0.4041496,0.01611853,0.2867957,-0.4578454,0.4706284,0.3515852,0.6672888
1751960866721,53.0002,SteamVR Tracker (Waist),-0.5779567,0.7612107,1.227633,-0.4982707,0.4950662,0.5014963,0.5051112
1751960866736,53.01874,SteamVR Tracker (Right Foot),0.5469419,0.03543639,-0.03202081,-0.3491917,0.6438029,0.389576,0.5584028
1751960866736,53.01874,SteamVR Tracker (Left Foot),0.4379666,0.01704812,0.2917917,-0.4558889,0.4769425,0.3541129,0.6627936
1751960866736,53.01874,SteamVR Tracker (Waist),-0.5779035,0.7612506,1.227587,-0.498338,0.4949985,0.5015123,0.5050953
1751960866769,53.04987,SteamVR Tracker (Right Foot),0.3175668,-0.1995308,-0.1943462,-0.3775849,0.5998549,0.392182,0.5863421
1751960866769,53.04987,SteamVR Tracker (Left Foot),0.4578257,0.01785231,0.2938158,-0.4537762,0.4847195,0.3597668,0.6555166
1751960866769,53.04987,SteamVR Tracker (Waist),-0.5779831,0.7612869,1.22763,-0.4984325,0.494963,0.5015615,0.5049879
1751960866806,53.08537,SteamVR Tracker (Right Foot),0.3102723,-0.2868261,-0.2111458,-0.3699354,0.6018935,0.3926751,0.5887939
1751960866806,53.08537,SteamVR Tracker (Left Foot),0.4832393,0.0185926,0.2950683,-0.444053,0.4926445,0.372491,0.6491292
1751960866806,53.08537,SteamVR Tracker (Waist),-0.5779035,0.7611518,1.227496,-0.4984365,0.494964,0.501418,0.5051255
1751960866841,53.12025,SteamVR Tracker (Right Foot),0.3164616,-0.3467298,-0.2408586,-0.3641146,0.6024308,0.3924991,0.5919815
1751960866841,53.12025,SteamVR Tracker (Left Foot),0.5074915,0.01938701,0.2952625,-0.4363572,0.5047645,0.3824611,0.6391625
1751960866841,53.12025,SteamVR Tracker (Waist),-0.5779142,0.7612259,1.227607,-0.4984271,0.4949759,0.5014233,0.5051177
1751960866898,53.17829,SteamVR Tracker (Right Foot),0.2844343,-0.3960288,-0.2595083,-0.362236,0.6001882,0.3970158,0.5924
1751960866898,53.17829,SteamVR Tracker (Left Foot),0.5290803,0.02013087,0.2961395,-0.4332533,0.508854,0.3854594,0.6362235
1751960866898,53.17829,SteamVR Tracker (Waist),-0.578023,0.7614477,1.227521,-0.4985202,0.4948526,0.5014207,0.5051494
1751960866915,53.1968,SteamVR Tracker (Right Foot),0.2508759,-0.469507,-0.2990459,-0.3591929,0.6022392,0.3969916,0.5921876
1751960866915,53.1968,SteamVR Tracker (Left Foot),0.5605636,0.02100706,0.2975222,-0.4323883,0.5128516,0.3912576,0.6300327
1751960866915,53.1968,SteamVR Tracker (Waist),-0.5779098,0.7613779,1.227483,-0.4984463,0.4949175,0.5013506,0.5052282
1751960866948,53.2278,SteamVR Tracker (Right Foot),0.2455259,-0.4925184,-0.3127593,-0.3567967,0.6028528,0.395968,0.5936952
1751960866948,53.2278,SteamVR Tracker (Left Foot),0.5690752,0.02145433,0.2979187,-0.4321032,0.5143376,0.3881042,0.6309666
1751960866948,53.2278,SteamVR Tracker (Waist),-0.5777857,0.7612869,1.227635,-0.4983371,0.4948442,0.5013856,0.5053731
1751960866984,53.26397,SteamVR Tracker (Right Foot),0.234323,-0.5125546,-0.3263673,-0.35286,0.6030345,0.3984809,0.594182
1751960866984,53.26397,SteamVR Tracker (Left Foot),0.5784495,0.02171516,0.2991815,-0.4304813,0.5158594,0.3906361,0.6292681
1751960866984,53.26397,SteamVR Tracker (Waist),-0.5780995,0.7613233,1.227553,-0.4984665,0.4947973,0.5013905,0.5052865
1751960867014,53.29527,SteamVR Tracker (Right Foot),0.2197327,-0.5297394,-0.3348353,-0.3499532,0.6021128,0.4017996,0.5946009
1751960867015,53.29527,SteamVR Tracker (Left Foot),0.5838393,0.02160883,0.3000687,-0.4280513,0.5183892,0.3947022,0.6263027
1751960867015,53.29527,SteamVR Tracker (Waist),-0.5778925,0.7612584,1.227464,-0.4985172,0.4948224,0.5014624,0.5051405
1751960867084,53.36194,SteamVR Tracker (Right Foot),0.2122588,-0.5350938,-0.3383455,-0.3463364,0.6022058,0.4040329,0.5951108
1751960867084,53.36194,SteamVR Tracker (Left Foot),0.5820771,0.02127981,0.3004743,-0.4247885,0.5226368,0.3983496,0.622674
1751960867084,53.36194,SteamVR Tracker (Waist),-0.5779754,0.761307,1.227556,-0.4984004,0.4948699,0.5015377,0.5051344
1751960867131,53.41062,SteamVR Tracker (Right Foot),0.1604832,-0.6117058,-0.3731913,-0.3430542,0.6048755,0.4023964,0.5954131
1751960867131,53.41062,SteamVR Tracker (Left Foot),0.5823838,0.0215261,0.301151,-0.4240207,0.5229844,0.4057811,0.6180902
1751960867131,53.41062,SteamVR Tracker (Waist),-0.5778534,0.7611948,1.227536,-0.4983632,0.4949011,0.5016125,0.5050663
1751960867162,53.44093,SteamVR Tracker (Right Foot),0.1639919,-0.6126361,-0.3749873,-0.3390489,0.6060327,0.4033905,0.5958576
1751960867162,53.44093,SteamVR Tracker (Left Foot),0.5820872,0.02117968,0.3006752,-0.4264659,0.522526,0.4037586,0.6181201
1751960867162,53.44093,SteamVR Tracker (Waist),-0.5778359,0.7612382,1.227544,-0.4983414,0.4949329,0.5015182,0.5051503
1751960867194,53.47428,SteamVR Tracker (Right Foot),0.1639069,-0.6141675,-0.3764004,-0.3365536,0.6062782,0.4039537,0.5966405
1751960867194,53.47428,SteamVR Tracker (Left Foot),0.5819144,0.02107978,0.3002212,-0.4279374,0.5220503,0.4031613,0.6178949
1751960867194,53.47428,SteamVR Tracker (Waist),-0.5780078,0.7612209,1.227419,-0.4983029,0.4948652,0.5016772,0.5050968
1751960867269,53.54707,SteamVR Tracker (Right Foot),0.5790135,0.0620501,-0.00266856,-0.3244707,0.6232899,0.3922902,0.5935798
1751960867269,53.54707,SteamVR Tracker (Left Foot),0.5809326,0.02088904,0.3005462,-0.4275294,0.5214244,0.4049282,0.6175504
1751960867269,53.54707,SteamVR Tracker (Waist),-0.5777664,0.7612438,1.2276,-0.4983267,0.4948119,0.5015998,0.5052024
1751960867289,53.5696,SteamVR Tracker (Right Foot),0.5577645,0.04674387,-0.01658654,-0.3337572,0.6261108,0.393512,0.5845852
1751960867289,53.5696,SteamVR Tracker (Left Foot),0.5808021,0.02075195,0.3006517,-0.4280905,0.5209486,0.4059152,0.6169148
1751960867289,53.5696,SteamVR Tracker (Waist),-0.5778251,0.7610061,1.22751,-0.4983556,0.4949689,0.5016045,0.5050154
1751960867327,53.60688,SteamVR Tracker (Right Foot),0.5512865,0.03930593,-0.02018213,-0.3377374,0.6259053,0.394935,0.5815517
1751960867327,53.60688,SteamVR Tracker (Left Foot),0.5808216,0.02072239,0.3005245,-0.4295145,0.5199105,0.4072285,0.6159346
1751960867327,53.60688,SteamVR Tracker (Waist),-0.5777917,0.7610284,1.227542,-0.4983513,0.4948318,0.5015909,0.5051674
1751960867378,53.6574,SteamVR Tracker (Right Foot),0.5506626,0.01703858,-0.0279355,-0.3407591,0.6292535,0.394394,0.5765212
1751960867378,53.6574,SteamVR Tracker (Left Foot),0.5809262,0.02060199,0.30066,-0.4296289,0.5193288,0.407805,0.6159641
1751960867378,53.6574,SteamVR Tracker (Waist),-0.5779182,0.7613291,1.22748,-0.4983271,0.4950395,0.5014865,0.5050913
1751960867449,53.72528,SteamVR Tracker (Right Foot),0.5500368,0.01426601,-0.02866012,-0.3444626,0.6309145,0.3946183,0.5723363
1751960867449,53.72528,SteamVR Tracker (Left Foot),0.5805553,0.02045941,0.3006869,-0.4304952,0.5186248,0.4102207,0.6143463
1751960867449,53.72528,SteamVR Tracker (Waist),-0.577999,0.7614985,1.227571,-0.498601,0.4948909,0.501458,0.5049949
1751960867476,53.75584,SteamVR Tracker (Right Foot),0.5508851,0.01472163,-0.02832061,-0.3459249,0.6324005,0.3946794,0.5697665
1751960867476,53.75584,SteamVR Tracker (Left Foot),0.5803196,0.02034473,0.30104,-0.4305117,0.5180058,0.4126549,0.6132256
1751960867476,53.75584,SteamVR Tracker (Waist),-0.5778412,0.7612482,1.227588,-0.4984773,0.4949002,0.5014658,0.5051002
1751960867518,53.79815,SteamVR Tracker (Right Foot),0.5505948,0.01575112,-0.02798706,-0.3467092,0.6342201,0.3947254,0.5672297
1751960867518,53.79815,SteamVR Tracker (Left Foot),0.5801088,0.02014232,0.300975,-0.4300092,0.5182998,0.4128642,0.613189
1751960867518,53.79815,SteamVR Tracker (Waist),-0.5778306,0.761045,1.227586,-0.4984434,0.4948605,0.5016205,0.5050191
1751960867562,53.84193,SteamVR Tracker (Right Foot),0.5504532,0.01644564,-0.02774149,-0.3460225,0.6362011,0.3946117,0.565507
1751960867562,53.84193,SteamVR Tracker (Left Foot),0.5800214,0.02018023,0.3015061,-0.4286942,0.5188691,0.4138334,0.6129748
1751960867562,53.84193,SteamVR Tracker (Waist),-0.5780531,0.7612894,1.227556,-0.4985067,0.4948295,0.5014849,0.5051216
1751960867640,53.91952,SteamVR Tracker (Right Foot),0.5506185,0.01638818,-0.02809423,-0.345948,0.637192,0.3951531,0.5640571
1751960867640,53.91952,SteamVR Tracker (Left Foot),0.579899,0.02027822,0.3014601,-0.4287564,0.5190892,0.4144967,0.6122964
1751960867640,53.91952,SteamVR Tracker (Waist),-0.5778092,0.761042,1.227646,-0.4984674,0.4948605,0.5014623,0.5051524
1751960867669,53.94938,SteamVR Tracker (Right Foot),0.5505915,0.0165329,-0.0276382,-0.3452187,0.6377509,0.3952436,0.5638088
1751960867669,53.94938,SteamVR Tracker (Left Foot),0.5795969,0.02037287,0.3013393,-0.4286183,0.5194365,0.4155127,0.6114092
1751960867669,53.94938,SteamVR Tracker (Waist),-0.5779303,0.7608659,1.227581,-0.4984338,0.4950665,0.5013866,0.5050588
1751960867712,53.99119,SteamVR Tracker (Right Foot),0.5506863,0.01712275,-0.02741218,-0.3447207,0.6388052,0.3955013,0.5627382
1751960867712,53.99119,SteamVR Tracker (Left Foot),0.5796283,0.02022719,0.3016047,-0.4285316,0.5194666,0.4164589,0.6108004
1751960867712,53.99119,SteamVR Tracker (Waist),-0.5776312,0.7610331,1.227692,-0.4985012,0.4949457,0.50146,0.5050379
1751960867755,54.03439,SteamVR Tracker (Right Foot),0.5502594,0.01718736,-0.02762789,-0.3451349,0.6395364,0.3953348,0.56177
1751960867755,54.03439,SteamVR Tracker (Left Foot),0.5794584,0.02026868,0.3018464,-0.4282314,0.5192828,0.4179733,0.6101325
1751960867755,54.03439,SteamVR Tracker (Waist),-0.5780785,0.7613776,1.227483,-0.4984224,0.4950233,0.5014433,0.5050561
1751960867825,54.10353,SteamVR Tracker (Right Foot),0.5501564,0.01748943,-0.02794546,-0.3452067,0.6403381,0.3949953,0.561051
1751960867825,54.10353,SteamVR Tracker (Left Foot),0.5794395,0.02034855,0.3018456,-0.4274436,0.5195519,0.4173694,0.6108688
1751960867825,54.10353,SteamVR Tracker (Waist),-0.5780268,0.761364,1.227533,-0.498378,0.4950165,0.5014616,0.5050884
1751960867857,54.13695,SteamVR Tracker (Right Foot),0.5503033,0.0174768,-0.02787334,-0.3455242,0.6406779,0.3949946,0.5604679
1751960867857,54.13695,SteamVR Tracker (Left Foot),0.5792942,0.02013588,0.3018047,-0.4274683,0.5195996,0.4178973,0.6104499
1751960867857,54.13695,SteamVR Tracker (Waist),-0.5778408,0.761259,1.227478,-0.498347,0.4951316,0.5014184,0.5050493
1751960867890,54.17037,SteamVR Tracker (Right Foot),0.5502347,0.01764464,-0.02771997,-0.3455827,0.6407632,0.3951031,0.5602578
1751960867890,54.17037,SteamVR Tracker (Left Foot),0.5794859,0.02015615,0.3021117,-0.4276358,0.5198051,0.4176389,0.6103345
1751960867890,54.17037,SteamVR Tracker (Waist),-0.5779464,0.7612245,1.227401,-0.4983599,0.4950752,0.5014021,0.5051078
1751960867923,54.20284,SteamVR Tracker (Right Foot),0.5502967,0.01771045,-0.02781075,-0.3456542,0.6409608,0.3953911,0.5597843
1751960867923,54.20284,SteamVR Tracker (Left Foot),0.5796874,0.02019048,0.3020217,-0.4274898,0.5198725,0.4175112,0.6104667
1751960867923,54.20284,SteamVR Tracker (Waist),-0.5779343,0.7612708,1.227702,-0.4982159,0.4950551,0.5014681,0.5052041
1751960867995,54.27441,SteamVR Tracker (Right Foot),0.5501758,0.01816463,-0.02797478,-0.3460582,0.6415894,0.394905,0.5591573
1751960867995,54.27441,SteamVR Tracker (Left Foot),0.5795368,0.02016997,0.3018698,-0.427644,0.5197316,0.4174435,0.6105248
1751960867995,54.27441,SteamVR Tracker (Waist),-0.5779761,0.7611026,1.227574,-0.4983423,0.4950948,0.5013864,0.5051216
1751960868017,54.29737,SteamVR Tracker (Right Foot),0.5501353,0.01819515,-0.02790624,-0.346153,0.641568,0.3952511,0.5588785
1751960868017,54.29737,SteamVR Tracker (Left Foot),0.5796149,0.02001262,0.3019445,-0.4275243,0.5198258,0.4172163,0.6106838
1751960868017,54.29737,SteamVR Tracker (Waist),-0.5780368,0.7610667,1.227628,-0.4982866,0.495103,0.5013796,0.5051752
1751960868044,54.32424,SteamVR Tracker (Right Foot),0.550163,0.0183742,-0.02806073,-0.3462588,0.6416202,0.3952323,0.5587664
1751960868044,54.32424,SteamVR Tracker (Left Foot),0.5795908,0.01992321,0.3019277,-0.4273592,0.5196444,0.4170178,0.6110892
1751960868044,54.32424,SteamVR Tracker (Waist),-0.5778795,0.7609723,1.227607,-0.4982844,0.4951244,0.5014331,0.5051034
1751960868079,54.3586,SteamVR Tracker (Right Foot),0.5500988,0.01840258,-0.02811772,-0.3465045,0.6418641,0.3950635,0.5584533
1751960868079,54.3586,SteamVR Tracker (Left Foot),0.5794683,0.02006817,0.3019575,-0.4279022,0.5190495,0.4176525,0.6107813
1751960868079,54.3586,SteamVR Tracker (Waist),-0.5778563,0.7609202,1.227501,-0.4982703,0.4951693,0.5015246,0.5049824
1751960868148,54.42509,SteamVR Tracker (Right Foot),0.5500461,0.01846814,-0.02808815,-0.3468338,0.6422479,0.3945361,0.5581803
1751960868148,54.42509,SteamVR Tracker (Left Foot),0.579742,0.02002668,0.3020322,-0.4274843,0.5191258,0.4170792,0.6114004
1751960868148,54.42509,SteamVR Tracker (Waist),-0.5779704,0.7612399,1.227723,-0.4982477,0.4951614,0.5014886,0.5050482
1751960868169,54.45058,SteamVR Tracker (Right Foot),0.5500666,0.01870942,-0.02835935,-0.3472126,0.6426459,0.3940971,0.5577968
1751960868169,54.45058,SteamVR Tracker (Left Foot),0.5798626,0.01986051,0.3019029,-0.4274865,0.5190329,0.4164827,0.6118844
1751960868169,54.45058,SteamVR Tracker (Waist),-0.5778522,0.7610649,1.227549,-0.4982558,0.4952429,0.5014545,0.504994
1751960868209,54.48923,SteamVR Tracker (Right Foot),0.5501405,0.01876497,-0.02828181,-0.3471113,0.6427627,0.3941448,0.5576915
1751960868209,54.48923,SteamVR Tracker (Left Foot),0.5796831,0.01977205,0.3018882,-0.4273346,0.519138,0.4163573,0.6119866
1751960868209,54.48923,SteamVR Tracker (Waist),-0.5778562,0.7610072,1.227552,-0.4983182,0.4951701,0.5013908,0.5050673
1751960868255,54.53437,SteamVR Tracker (Right Foot),0.5498769,0.01882076,-0.02829629,-0.3472567,0.6429492,0.3941865,0.5573565
1751960868255,54.53437,SteamVR Tracker (Left Foot),0.5797573,0.01975965,0.3019268,-0.4272014,0.5190104,0.4163723,0.6121776
1751960868255,54.53437,SteamVR Tracker (Waist),-0.5780855,0.76144,1.22754,-0.498435,0.4950923,0.5013897,0.5050293
1751960868321,54.60099,SteamVR Tracker (Right Foot),0.549942,0.01901889,-0.0284813,-0.3475008,0.6433593,0.3935793,0.5571601
1751960868321,54.60099,SteamVR Tracker (Left Foot),0.5798034,0.01977324,0.3017223,-0.427319,0.5191255,0.4162253,0.6120978
1751960868322,54.60099,SteamVR Tracker (Waist),-0.5778586,0.7612594,1.227508,-0.4983564,0.4951327,0.5014539,0.5050036
1751960868341,54.62346,SteamVR Tracker (Right Foot),0.5501828,0.01913571,-0.02869987,-0.3473408,0.6433852,0.393644,0.5571842
1751960868341,54.62346,SteamVR Tracker (Left Foot),0.5798883,0.01964307,0.3016957,-0.4270409,0.519121,0.4159507,0.6124823
1751960868341,54.62346,SteamVR Tracker (Waist),-0.5778118,0.760877,1.227423,-0.4983848,0.4950794,0.5014018,0.5050794
1751960868386,54.66713,SteamVR Tracker (Right Foot),0.550271,0.01930308,-0.02868861,-0.3475809,0.6435351,0.3935514,0.5569268
1751960868386,54.66713,SteamVR Tracker (Left Foot),0.580142,0.01981449,0.3020052,-0.4271809,0.5189173,0.4158462,0.6126282
1751960868386,54.66713,SteamVR Tracker (Waist),-0.577951,0.7612829,1.227768,-0.498371,0.4950654,0.501404,0.5051047
1751960868433,54.71249,SteamVR Tracker (Right Foot),0.5498909,0.01938272,-0.02842546,-0.3477369,0.6436749,0.3933842,0.5567859
1751960868433,54.71249,SteamVR Tracker (Left Foot),0.5797564,0.0195756,0.3018367,-0.4270739,0.5189257,0.4157368,0.6127699
1751960868433,54.71249,SteamVR Tracker (Waist),-0.5779269,0.7612602,1.227439,-0.498431,0.4949824,0.5014342,0.5050969
1751960868508,54.78683,SteamVR Tracker (Right Foot),0.549932,0.01966977,-0.02865899,-0.3478545,0.6438111,0.3932034,0.5566827
1751960868508,54.78683,SteamVR Tracker (Left Foot),0.5800126,0.0197196,0.3017266,-0.4270124,0.5190771,0.4158052,0.6126381
1751960868508,54.78683,SteamVR Tracker (Waist),-0.5779378,0.7613392,1.227533,-0.4985018,0.4949331,0.5013661,0.5051428
1751960868534,54.81546,SteamVR Tracker (Right Foot),0.5499643,0.01996422,-0.02882856,-0.3478211,0.6439003,0.3930901,0.5566804
1751960868534,54.81546,SteamVR Tracker (Left Foot),0.5800873,0.01986146,0.3019121,-0.4270396,0.5190538,0.4157332,0.6126877
1751960868534,54.81546,SteamVR Tracker (Waist),-0.577749,0.76115,1.227566,-0.4984915,0.494812,0.5013912,0.5052468
1751960868576,54.85605,SteamVR Tracker (Right Foot),0.5498476,0.01973248,-0.02877319,-0.3478628,0.6440107,0.3930045,0.556587
1751960868576,54.85605,SteamVR Tracker (Left Foot),0.5801283,0.01980495,0.3018999,-0.4270838,0.5188963,0.4157819,0.6127572
1751960868576,54.85605,SteamVR Tracker (Waist),-0.5778238,0.7612386,1.227553,-0.4984497,0.4949377,0.5013923,0.5051637
1751960868621,54.90054,SteamVR Tracker (Right Foot),0.5497621,0.01983094,-0.02862459,-0.3479752,0.6439235,0.3930596,0.5565789
1751960868621,54.90054,SteamVR Tracker (Left Foot),0.5800145,0.01955771,0.3020678,-0.427295,0.5189458,0.4157812,0.6125687
1751960868621,54.90054,SteamVR Tracker (Waist),-0.5780442,0.7613559,1.227431,-0.4984351,0.4948533,0.5015039,0.5051501
1751960868697,54.97724,SteamVR Tracker (Right Foot),0.5497384,0.02018952,-0.02873367,-0.348096,0.6440663,0.3930689,0.5563315
1751960868698,54.97724,SteamVR Tracker (Left Foot),0.5798924,0.019485,0.3018193,-0.427301,0.5188545,0.4155304,0.6128119
1751960868698,54.97724,SteamVR Tracker (Waist),-0.5779599,0.7613468,1.227568,-0.4984384,0.4948817,0.5014445,0.505178
1751960868716,54.99675,SteamVR Tracker (Right Foot),0.5494539,0.02036715,-0.0286991,-0.3481512,0.6440839,0.3930404,0.5562968
1751960868716,54.99675,SteamVR Tracker (Left Foot),0.579976,0.01948929,0.30181,-0.4272275,0.5189219,0.4154211,0.6128802
1751960868716,54.99675,SteamVR Tracker (Waist),-0.5781509,0.7614297,1.227552,-0.4984779,0.4948878,0.5014049,0.5051723
1751960868745,55.02546,SteamVR Tracker (Right Foot),0.549886,0.02031159,-0.0288868,-0.3479296,0.6442061,0.3930063,0.5563179
1751960868746,55.02546,SteamVR Tracker (Left Foot),0.580081,0.01957059,0.3019503,-0.4273959,0.5188162,0.415356,0.6128964
1751960868746,55.02546,SteamVR Tracker (Waist),-0.5777361,0.7612576,1.227754,-0.498414,0.4948453,0.5013814,0.5053003
1751960868782,55.06006,SteamVR Tracker (Right Foot),0.5497265,0.02070212,-0.02891511,-0.3480703,0.644193,0.3929473,0.5562868
1751960868782,55.06006,SteamVR Tracker (Left Foot),0.5800698,0.01957917,0.3018834,-0.4271445,0.5188962,0.4153388,0.6130156
1751960868782,55.06006,SteamVR Tracker (Waist),-0.5779674,0.7613063,1.227621,-0.4984459,0.4948989,0.5014146,0.5051833
1751960868846,55.12503,SteamVR Tracker (Right Foot),0.549693,0.02076268,-0.0289256,-0.348193,0.6441542,0.3929291,0.5562677
1751960868846,55.12503,SteamVR Tracker (Left Foot),0.5800499,0.01958537,0.3017153,-0.4275972,0.5188084,0.4153128,0.6127918
1751960868846,55.12503,SteamVR Tracker (Waist),-0.5778751,0.7612979,1.227592,-0.4983081,0.4950952,0.5015408,0.5050017
1751960868895,55.17472,SteamVR Tracker (Right Foot),0.5494996,0.02106667,-0.02908689,-0.3482333,0.6440893,0.3929944,0.5562714
1751960868895,55.17472,SteamVR Tracker (Left Foot),0.5800225,0.01955867,0.3015808,-0.4278869,0.5187001,0.4153201,0.6126763
1751960868895,55.17472,SteamVR Tracker (Waist),-0.5779769,0.7612617,1.227607,-0.4983437,0.4950465,0.5014997,0.5050551
1751960868923,55.20266,SteamVR Tracker (Right Foot),0.5497564,0.0210948,-0.02899206,-0.3482354,0.6441252,0.3929638,0.5562502
1751960868923,55.20266,SteamVR Tracker (Left Foot),0.5799889,0.01953125,0.3017198,-0.4278136,0.5186822,0.4154171,0.6126769
1751960868923,55.20266,SteamVR Tracker (Waist),-0.577908,0.7612303,1.227537,-0.4982921,0.4950474,0.5014902,0.5051146
1751960868955,55.23608,SteamVR Tracker (Right Foot),0.5497086,0.02098846,-0.02917713,-0.3482727,0.644113,0.3928539,0.5563186
1751960868955,55.23608,SteamVR Tracker (Left Foot),0.5799282,0.01953983,0.3016877,-0.4278982,0.5185485,0.4153562,0.6127723
1751960868955,55.23608,SteamVR Tracker (Waist),-0.5778589,0.7610794,1.227564,-0.4984085,0.4950024,0.5014688,0.505065
1751960869022,55.30054,SteamVR Tracker (Right Foot),0.5495842,0.02112508,-0.02909976,-0.3482648,0.644161,0.3928031,0.556304
1751960869022,55.30054,SteamVR Tracker (Left Foot),0.5801265,0.01950121,0.3017428,-0.4277174,0.5185733,0.4150253,0.6131017
1751960869022,55.30054,SteamVR Tracker (Waist),-0.5779175,0.7612242,1.227613,-0.4983048,0.4951123,0.501572,0.5049573
1751960869046,55.32801,SteamVR Tracker (Right Foot),0.5495822,0.02123523,-0.02907884,-0.3481365,0.6442558,0.3926461,0.5563853
1751960869047,55.32801,SteamVR Tracker (Left Foot),0.5801479,0.01941586,0.3018472,-0.4275938,0.5186101,0.4150129,0.613165
1751960869047,55.32801,SteamVR Tracker (Waist),-0.5778605,0.7613353,1.22759,-0.4983089,0.4950452,0.5015249,0.5050656
1751960869089,55.36809,SteamVR Tracker (Right Foot),0.5494529,0.02133179,-0.02920061,-0.3481647,0.6443347,0.3928005,0.5561671
1751960869089,55.36809,SteamVR Tracker (Left Foot),0.5801797,0.01967049,0.3019739,-0.4277313,0.5185718,0.415121,0.6130285
1751960869089,55.36809,SteamVR Tracker (Waist),-0.5780435,0.7614512,1.227752,-0.4983675,0.4951399,0.5014149,0.5050242
1751960869134,55.41299,SteamVR Tracker (Right Foot),0.5494536,0.02184653,-0.0292635,-0.3479755,0.6444571,0.3928469,0.556111
1751960869135,55.41299,SteamVR Tracker (Left Foot),0.5801363,0.01960874,0.3016537,-0.4277064,0.5185741,0.4148546,0.6132241
1751960869135,55.41299,SteamVR Tracker (Waist),-0.5780617,0.7614528,1.227528,-0.4983758,0.4951723,0.5014663,0.5049332
1751960869205,55.48393,SteamVR Tracker (Right Foot),0.5493124,0.02210045,-0.02906275,-0.3479084,0.644443,0.3928224,0.5561866
1751960869205,55.48393,SteamVR Tracker (Left Foot),0.5801679,0.01949406,0.3016487,-0.4275478,0.5186889,0.4147789,0.6132888
1751960869205,55.48393,SteamVR Tracker (Waist),-0.5779779,0.7610856,1.227639,-0.4983209,0.4952173,0.5014249,0.5049844
1751960869234,55.5155,SteamVR Tracker (Right Foot),0.5496162,0.02185822,-0.02934998,-0.3478766,0.6444645,0.3927201,0.5562539
1751960869234,55.5155,SteamVR Tracker (Left Foot),0.5801884,0.01941466,0.3017799,-0.4275529,0.5186259,0.4148074,0.6133193
1751960869234,55.5155,SteamVR Tracker (Waist),-0.5780214,0.7611487,1.227649,-0.4983808,0.495204,0.5013868,0.5049762
1751960869280,55.55954,SteamVR Tracker (Right Foot),0.5494021,0.02193546,-0.02927059,-0.3477235,0.6444865,0.3928134,0.5562582
1751960869280,55.55954,SteamVR Tracker (Left Foot),0.5800322,0.01929474,0.3019131,-0.4275463,0.5187019,0.4147219,0.6133175
1751960869280,55.55954,SteamVR Tracker (Waist),-0.5779475,0.7612326,1.227573,-0.4984234,0.4951837,0.5012963,0.5050439
1751960869324,55.60204,SteamVR Tracker (Right Foot),0.549595,0.02209806,-0.02928823,-0.3477028,0.6445259,0.3929477,0.5561306
1751960869324,55.60204,SteamVR Tracker (Left Foot),0.5801028,0.01922393,0.3017138,-0.4276731,0.5185627,0.414776,0.6133102
1751960869324,55.60204,SteamVR Tracker (Waist),-0.5778352,0.7611272,1.227568,-0.4983928,0.4951556,0.5012642,0.5051335
1751960869393,55.67272,SteamVR Tracker (Right Foot),0.5493792,0.02219486,-0.02924675,-0.3477678,0.6444391,0.3928069,0.55629
1751960869393,55.67272,SteamVR Tracker (Left Foot),0.5801467,0.01937819,0.3018629,-0.4278337,0.5186352,0.4147991,0.6131213
1751960869393,55.67272,SteamVR Tracker (Waist),-0.5779986,0.7612346,1.227655,-0.4983723,0.4951344,0.5012913,0.5051476
1751960869425,55.7051,SteamVR Tracker (Right Foot),0.5493975,0.02217174,-0.02945375,-0.3479986,0.6442237,0.3931029,0.5561861
1751960869425,55.7051,SteamVR Tracker (Left Foot),0.5800955,0.01944447,0.3017739,-0.4282607,0.5184681,0.4150214,0.6128138
1751960869425,55.7051,SteamVR Tracker (Waist),-0.5780307,0.7610514,1.227588,-0.4983473,0.4951374,0.501366,0.5050952
1751960869467,55.74744,SteamVR Tracker (Right Foot),0.5493788,0.02221584,-0.02962732,-0.3480724,0.6441613,0.3932792,0.5560875
1751960869467,55.74744,SteamVR Tracker (Left Foot),0.5799352,0.01943278,0.301574,-0.4286408,0.518353,0.4151668,0.612547
1751960869467,55.74744,SteamVR Tracker (Waist),-0.5780573,0.7611347,1.227524,-0.4984601,0.4951011,0.5012572,0.5051274
1751960869508,55.78815,SteamVR Tracker (Right Foot),0.5493505,0.02236295,-0.02956539,-0.3482173,0.6441067,0.3932083,0.5561101
1751960869508,55.78815,SteamVR Tracker (Left Foot),0.5799828,0.01949525,0.3015614,-0.4285927,0.5183384,0.415065,0.612662
1751960869508,55.78815,SteamVR Tracker (Waist),-0.5778987,0.7613378,1.227462,-0.4985145,0.495001,0.5012227,0.5052059
1751960869575,55.85428,SteamVR Tracker (Right Foot),0.5492463,0.02249408,-0.02939701,-0.3481815,0.6440351,0.3934536,0.556042
1751960869575,55.85428,SteamVR Tracker (Left Foot),0.5801396,0.01949906,0.3018234,-0.4288056,0.5182439,0.4150304,0.6126164
1751960869575,55.85428,SteamVR Tracker (Waist),-0.5778974,0.7612723,1.227639,-0.4985254,0.4949286,0.5013866,0.5051035
1751960869600,55.88143,SteamVR Tracker (Right Foot),0.5493689,0.02279997,-0.02962476,-0.3482068,0.6439965,0.3936019,0.555966
1751960869600,55.88143,SteamVR Tracker (Left Foot),0.5800793,0.01929092,0.3015499,-0.4289145,0.5182196,0.4150012,0.6125805
1751960869600,55.88143,SteamVR Tracker (Waist),-0.5779148,0.7610263,1.22738,-0.4985134,0.4949733,0.5013835,0.5050748
1751960869646,55.92617,SteamVR Tracker (Right Foot),0.5493208,0.02299881,-0.02968222,-0.3483367,0.644431,0.3930666,0.5557598
1751960869646,55.92617,SteamVR Tracker (Left Foot),0.580205,0.01939368,0.3014982,-0.4290213,0.5180059,0.4146825,0.6129022
1751960869646,55.92617,SteamVR Tracker (Waist),-0.5780592,0.7612714,1.227721,-0.4983549,0.4949824,0.5015801,0.5050271
1751960869690,55.97079,SteamVR Tracker (Right Foot),0.5495155,0.02303433,-0.02968085,-0.3476135,0.6451347,0.3924384,0.55584
1751960869690,55.97079,SteamVR Tracker (Left Foot),0.5801395,0.0193491,0.3014349,-0.4295178,0.5177557,0.4145806,0.6128348
1751960869690,55.97079,SteamVR Tracker (Waist),-0.5779679,0.7608882,1.227621,-0.4983604,0.4949961,0.5014499,0.5051374
1751960869769,56.04804,SteamVR Tracker (Right Foot),0.549433,0.02319646,-0.02960181,-0.3471233,0.6454961,0.3919214,0.5560917
1751960869769,56.04804,SteamVR Tracker (Left Foot),0.5801878,0.01927209,0.3016403,-0.4290437,0.5179798,0.4146692,0.6129175
1751960869769,56.04804,SteamVR Tracker (Waist),-0.5778553,0.761153,1.227598,-0.4984533,0.4949808,0.5014796,0.5050313
1751960869807,56.08705,SteamVR Tracker (Right Foot),0.5493647,0.02330041,-0.02967113,-0.3470094,0.6454464,0.3919651,0.5561897
1751960869807,56.08705,SteamVR Tracker (Left Foot),0.5802978,0.0191741,0.3015172,-0.4292021,0.5180086,0.4145903,0.6128357
1751960869807,56.08705,SteamVR Tracker (Waist),-0.5779543,0.7614758,1.227686,-0.4983296,0.4949204,0.5015416,0.505151
1751960869845,56.12507,SteamVR Tracker (Right Foot),0.5493075,0.0235641,-0.0297215,-0.3470384,0.6453232,0.3922276,0.5561292
1751960869845,56.12507,SteamVR Tracker (Left Foot),0.5800269,0.0193646,0.3015499,-0.429082,0.5181196,0.4144163,0.6129436
1751960869845,56.12507,SteamVR Tracker (Waist),-0.5780559,0.7612795,1.227593,-0.4983869,0.4950439,0.5014794,0.5050351
1751960869918,56.19739,SteamVR Tracker (Right Foot),0.5493906,0.02385139,-0.02956915,-0.346872,0.6451247,0.3925839,0.556212
1751960869918,56.19739,SteamVR Tracker (Left Foot),0.5801483,0.01929665,0.3016989,-0.4289132,0.5181252,0.4145547,0.6129635
1751960869918,56.19739,SteamVR Tracker (Waist),-0.5778649,0.7611209,1.227599,-0.4983234,0.4949965,0.5014868,0.5051369
1751960869949,56.22918,SteamVR Tracker (Right Foot),0.5493104,0.02426577,-0.02972507,-0.3467293,0.6448275,0.3930669,0.5563045
1751960869949,56.22918,SteamVR Tracker (Left Foot),0.5801234,0.01939392,0.3016918,-0.428948,0.5181273,0.4146758,0.6128554
1751960869949,56.22918,SteamVR Tracker (Waist),-0.5779064,0.7611083,1.227694,-0.4983642,0.4950091,0.5014403,0.5051305
1751960869991,56.27085,SteamVR Tracker (Right Foot),0.5491747,0.02420092,-0.0296967,-0.3462881,0.6449451,0.3930205,0.5564756
1751960869991,56.27085,SteamVR Tracker (Left Foot),0.5800912,0.01917982,0.3017095,-0.4286668,0.5181663,0.4145775,0.6130857
1751960869991,56.27085,SteamVR Tracker (Waist),-0.5779735,0.7613542,1.227617,-0.498376,0.4949984,0.5014286,0.505141
1751960870034,56.3133,SteamVR Tracker (Right Foot),0.5492611,0.02420449,-0.02977985,-0.3460861,0.6448917,0.393134,0.5565832
1751960870034,56.3133,SteamVR Tracker (Left Foot),0.5802904,0.01922798,0.3016587,-0.4284712,0.5181925,0.414484,0.6132635
1751960870034,56.3133,SteamVR Tracker (Waist),-0.5779642,0.7613324,1.227586,-0.4984719,0.4949953,0.5014443,0.5050339
1751960870108,56.38583,SteamVR Tracker (Right Foot),0.5493129,0.0241816,-0.02954549,-0.3460154,0.6447731,0.3933752,0.556594
1751960870108,56.38583,SteamVR Tracker (Left Foot),0.5802153,0.01941276,0.3017619,-0.4281129,0.5183704,0.4142553,0.6135178
1751960870108,56.38583,SteamVR Tracker (Waist),-0.577843,0.7610996,1.22758,-0.4984311,0.4950734,0.5014767,0.5049654
1751960870132,56.41334,SteamVR Tracker (Right Foot),0.5492267,0.02426481,-0.02964926,-0.345985,0.6446249,0.3935682,0.5566482
1751960870132,56.41334,SteamVR Tracker (Left Foot),0.5802657,0.01927638,0.3018335,-0.427848,0.5183909,0.4140983,0.6137913
1751960870132,56.41334,SteamVR Tracker (Waist),-0.5779511,0.7611942,1.227603,-0.4983713,0.4951738,0.5013909,0.5050111
1751960870178,56.45618,SteamVR Tracker (Right Foot),0.549009,0.02423334,-0.02977294,-0.3460236,0.6445822,0.3936096,0.5566445
1751960870178,56.45618,SteamVR Tracker (Left Foot),0.5803035,0.0193367,0.3018299,-0.4279656,0.5182212,0.4142286,0.6137645
1751960870178,56.45618,SteamVR Tracker (Waist),-0.5780464,0.7614152,1.227619,-0.4985507,0.4949613,0.5014686,0.5049651
1751960870221,56.49982,SteamVR Tracker (Right Foot),0.5490777,0.02440858,-0.02972472,-0.3460226,0.6445579,0.3936131,0.5566707
1751960870221,56.49982,SteamVR Tracker (Left Foot),0.5802643,0.0192647,0.301734,-0.4279401,0.5182889,0.4142133,0.6137355
1751960870221,56.49982,SteamVR Tracker (Waist),-0.577958,0.7614616,1.227598,-0.4985603,0.4948797,0.501432,0.505072
1751960870282,56.56129,SteamVR Tracker (Right Foot),0.5490513,0.02459478,-0.02967471,-0.3460249,0.6444677,0.3938206,0.556627
1751960870283,56.56129,SteamVR Tracker (Left Foot),0.5804526,0.01921678,0.3018782,-0.4278962,0.5181906,0.4143341,0.6137677
1751960870283,56.56129,SteamVR Tracker (Waist),-0.5779855,0.7614796,1.227735,-0.4984701,0.4948609,0.5015631,0.5050492
1751960870311,56.59287,SteamVR Tracker (Right Foot),0.5493913,0.02467179,-0.02964336,-0.3459468,0.6444947,0.3937905,0.5566656
1751960870312,56.59287,SteamVR Tracker (Left Foot),0.5804741,0.01922822,0.3018278,-0.4278666,0.5182258,0.4142703,0.6138015
1751960870312,56.59287,SteamVR Tracker (Waist),-0.5777403,0.7612813,1.227718,-0.498491,0.4949445,0.5013991,0.5051095
1751960870354,56.63479,SteamVR Tracker (Right Foot),0.5491793,0.02481437,-0.02976882,-0.3458496,0.6445608,0.3938489,0.556608
1751960870354,56.63479,SteamVR Tracker (Left Foot),0.580258,0.01913524,0.3016695,-0.4281574,0.5180565,0.4145188,0.6135738
1751960870354,56.63479,SteamVR Tracker (Waist),-0.577907,0.7610115,1.227554,-0.4985536,0.4950195,0.5014657,0.5049081
1751960870401,56.68094,SteamVR Tracker (Right Foot),0.5488823,0.02485609,-0.02975994,-0.3458863,0.6444551,0.3939611,0.5566283
1751960870402,56.68094,SteamVR Tracker (Left Foot),0.5804857,0.01905894,0.3017747,-0.4279867,0.5181441,0.4143921,0.6137046
1751960870402,56.68094,SteamVR Tracker (Waist),-0.5779994,0.7612603,1.227633,-0.4984473,0.4949481,0.5016471,0.5049029
1751960870475,56.75331,SteamVR Tracker (Right Foot),0.5492207,0.02482629,-0.02964973,-0.3458724,0.6445329,0.3939084,0.5565841
1751960870475,56.75331,SteamVR Tracker (Left Foot),0.5803122,0.01922822,0.3019286,-0.4280503,0.5182484,0.4142271,0.6136836
1751960870475,56.75331,SteamVR Tracker (Waist),-0.5778989,0.7611428,1.227636,-0.4984839,0.494958,0.501505,0.5049983
1751960870505,56.78411,SteamVR Tracker (Right Foot),0.5491155,0.02497745,-0.02994883,-0.3459088,0.644471,0.3940808,0.5565111
1751960870505,56.78411,SteamVR Tracker (Left Foot),0.5802635,0.0193181,0.3017958,-0.4281894,0.5180584,0.4143833,0.6136415
1751960870505,56.78411,SteamVR Tracker (Waist),-0.5779959,0.7611039,1.227638,-0.498467,0.4951342,0.5014786,0.5048683
1751960870544,56.82378,SteamVR Tracker (Right Foot),0.5491391,0.02511144,-0.02994174,-0.3460341,0.6443934,0.3943098,0.5563607
1751960870545,56.82378,SteamVR Tracker (Left Foot),0.580321,0.01925707,0.301882,-0.4282571,0.5181177,0.4142406,0.6136405
1751960870545,56.82378,SteamVR Tracker (Waist),-0.5778389,0.7609857,1.22765,-0.4984128,0.4951039,0.5014822,0.504948
1751960870590,56.86914,SteamVR Tracker (Right Foot),0.5489299,0.02507734,-0.03002495,-0.3461845,0.6444758,0.3941031,0.5563183
1751960870590,56.86914,SteamVR Tracker (Left Foot),0.580285,0.01916122,0.3015394,-0.4284655,0.5180956,0.4143257,0.6134562
1751960870590,56.86914,SteamVR Tracker (Waist),-0.5779166,0.7611514,1.227585,-0.4983896,0.4951485,0.5015236,0.5048861
1751960870662,56.94155,SteamVR Tracker (Right Foot),0.5488935,0.02519441,-0.02983081,-0.3461212,0.6444384,0.394224,0.5563154
1751960870662,56.94155,SteamVR Tracker (Left Foot),0.5802196,0.01925039,0.3017507,-0.4286879,0.5179734,0.4143822,0.6133659
1751960870662,56.94155,SteamVR Tracker (Waist),-0.5779814,0.7613238,1.227659,-0.4983822,0.4951015,0.5015405,0.5049227
1751960870694,56.97497,SteamVR Tracker (Right Foot),0.5488554,0.02532458,-0.03008735,-0.3458213,0.6446725,0.3937642,0.5565562
1751960870694,56.97497,SteamVR Tracker (Left Foot),0.5803691,0.01919293,0.3016429,-0.4288759,0.5179606,0.4141867,0.6133772
1751960870694,56.97497,SteamVR Tracker (Waist),-0.5781082,0.7613147,1.227601,-0.498341,0.4951317,0.5015298,0.5049444
1751960870724,57.0042,SteamVR Tracker (Right Foot),0.5490828,0.0253818,-0.03027612,-0.3459262,0.6448079,0.3935199,0.5565069
1751960870724,57.0042,SteamVR Tracker (Left Foot),0.5802987,0.01920533,0.3016855,-0.4290117,0.5179405,0.4138702,0.6135129
1751960870724,57.0042,SteamVR Tracker (Waist),-0.578052,0.7612818,1.227796,-0.4984896,0.4950394,0.5015026,0.504915
1751960870756,57.03807,SteamVR Tracker (Right Foot),0.5491949,0.02536845,-0.03061265,-0.346832,0.644996,0.3930669,0.5560451
1751960870757,57.03807,SteamVR Tracker (Left Foot),0.5805138,0.01917076,0.3017355,-0.4293677,0.5184991,0.4132097,0.6132373
1751960870757,57.03807,SteamVR Tracker (Waist),-0.5777786,0.7610446,1.227762,-0.4984216,0.4951862,0.5015466,0.5047947
1751960870819,57.09841,SteamVR Tracker (Right Foot),0.5489243,0.02542591,-0.03059179,-0.347683,0.6450728,0.3929533,0.5555047
1751960870819,57.09841,SteamVR Tracker (Left Foot),0.5807682,0.01900411,0.3017035,-0.4293873,0.5191612,0.4113114,0.613939
1751960870819,57.09841,SteamVR Tracker (Waist),-0.5779756,0.7611527,1.22772,-0.4983218,0.4953278,0.5015896,0.5047116
1751960870834,57.11622,SteamVR Tracker (Right Foot),0.5487311,0.02548575,-0.03105742,-0.3483801,0.6452473,0.3924778,0.5552012
1751960870834,57.11622,SteamVR Tracker (Left Foot),0.5809296,0.0188365,0.3017628,-0.4292806,0.5196463,0.4097364,0.614656
1751960870835,57.11622,SteamVR Tracker (Waist),-0.5779493,0.7610005,1.227662,-0.498313,0.4952622,0.5016085,0.5047657
1751960870868,57.14757,SteamVR Tracker (Right Foot),0.5488219,0.02578259,-0.03175259,-0.3488398,0.6460479,0.3913947,0.554746
1751960870869,57.14757,SteamVR Tracker (Left Foot),0.5810015,0.01865935,0.3018139,-0.4296873,0.519252,0.410094,0.6144666
1751960870869,57.14757,SteamVR Tracker (Waist),-0.5777606,0.7610551,1.22761,-0.4984161,0.4952709,0.5014878,0.5047753
1751960870916,57.19461,SteamVR Tracker (Right Foot),0.5480186,0.02612114,-0.03468674,-0.3480574,0.6510342,0.3948869,0.5468774
1751960870916,57.19461,SteamVR Tracker (Left Foot),0.5813862,0.01836538,0.3019391,-0.4289153,0.5196535,0.4087345,0.6155713
1751960870916,57.19461,SteamVR Tracker (Waist),-0.5778381,0.7611014,1.227874,-0.4984613,0.4952759,0.5015118,0.5047021
1751960870977,57.25602,SteamVR Tracker (Right Foot),0.5449984,0.02656126,-0.05545998,-0.314062,0.6919999,0.4234562,0.4931391
1751960870977,57.25602,SteamVR Tracker (Left Foot),0.581359,0.01841378,0.3020351,-0.4287991,0.520116,0.4088013,0.6152172
1751960870977,57.25602,SteamVR Tracker (Waist),-0.5780725,0.7614098,1.227647,-0.4983833,0.4954705,0.5014241,0.5046752
1751960871004,57.28495,SteamVR Tracker (Right Foot),0.5415239,0.02688003,-0.07102507,-0.288541,0.719975,0.442765,0.4498215
1751960871004,57.28495,SteamVR Tracker (Left Foot),0.5813932,0.01827264,0.301913,-0.4290408,0.5199472,0.408683,0.61527
1751960871004,57.28495,SteamVR Tracker (Waist),-0.5780104,0.7615401,1.227654,-0.4983984,0.4956244,0.5013303,0.5046024
1751960871048,57.32768,SteamVR Tracker (Right Foot),0.5379991,0.0271759,-0.0823729,-0.2692711,0.7384272,0.4529687,0.4207585
1751960871049,57.32768,SteamVR Tracker (Left Foot),0.5814584,0.01823878,0.3014979,-0.4294745,0.5201975,0.4076841,0.6154185
1751960871049,57.32768,SteamVR Tracker (Waist),-0.5779486,0.7612551,1.227661,-0.4983773,0.4957459,0.5013016,0.5045323
1751960871093,57.3732,SteamVR Tracker (Right Foot),0.53597,0.0266428,-0.08680826,-0.2657455,0.7422561,0.4544318,0.4146407
1751960871093,57.3732,SteamVR Tracker (Left Foot),0.5814685,0.01816511,0.301442,-0.4289105,0.5208583,0.4070281,0.6156871
1751960871093,57.3732,SteamVR Tracker (Waist),-0.5780663,0.7611114,1.227602,-0.4982616,0.4958746,0.5012782,0.5045434
1751960871158,57.43758,SteamVR Tracker (Right Foot),0.5339829,0.02625799,-0.09153402,-0.2614253,0.7469491,0.4567188,0.4063641
1751960871158,57.43758,SteamVR Tracker (Left Foot),0.5816771,0.01784492,0.3018449,-0.4282827,0.5208273,0.40681,0.6162941
1751960871158,57.43758,SteamVR Tracker (Waist),-0.5780413,0.7610785,1.227799,-0.4984927,0.4955231,0.5012516,0.5046868
1751960871186,57.46508,SteamVR Tracker (Right Foot),0.5335051,0.02585268,-0.09669161,-0.2567083,0.7506822,0.4578882,0.4011428
1751960871186,57.46508,SteamVR Tracker (Left Foot),0.5816829,0.01794076,0.3018395,-0.4283141,0.5208529,0.4071661,0.6160155
1751960871186,57.46508,SteamVR Tracker (Waist),-0.5779874,0.7609588,1.227674,-0.4984554,0.4955925,0.5011922,0.5047145
1751960871213,57.49444,SteamVR Tracker (Right Foot),0.5335112,0.02616906,-0.1010948,-0.2552653,0.7505153,0.4587313,0.4014125
1751960871213,57.49444,SteamVR Tracker (Left Foot),0.5815109,0.01774645,0.3018039,-0.4280595,0.5205681,0.4072497,0.6163779
1751960871213,57.49444,SteamVR Tracker (Waist),-0.5779195,0.7608111,1.227776,-0.4983941,0.4955903,0.501168,0.5048013
1751960871249,57.52967,SteamVR Tracker (Right Foot),0.5335457,0.02629089,-0.1082624,-0.2555374,0.7494215,0.4587137,0.4032988
1751960871249,57.52967,SteamVR Tracker (Left Foot),0.5812793,0.01788568,0.3018641,-0.4292206,0.5201058,0.4077981,0.6155977
1751960871249,57.52967,SteamVR Tracker (Waist),-0.5778756,0.7608844,1.227967,-0.4984102,0.495311,0.5012912,0.5049371
1751960871313,57.59179,SteamVR Tracker (Right Foot),0.5334688,0.02623391,-0.1228557,-0.2538371,0.7491656,0.4576621,0.4060334
1751960871313,57.59179,SteamVR Tracker (Left Foot),0.5813334,0.01800203,0.3018363,-0.4299792,0.5195729,0.4081655,0.6152747
1751960871313,57.59179,SteamVR Tracker (Waist),-0.5782095,0.7611574,1.227709,-0.4984357,0.4952634,0.5013156,0.5049344
1751960871328,57.61,SteamVR Tracker (Right Foot),0.5337671,0.02647972,-0.1429722,-0.251695,0.748939,0.4562213,0.4093923
1751960871328,57.61,SteamVR Tracker (Left Foot),0.5813338,0.01806617,0.3015516,-0.4311349,0.5185887,0.408944,0.6147791
1751960871328,57.61,SteamVR Tracker (Waist),-0.5781661,0.7612572,1.227674,-0.4984437,0.4951307,0.5013456,0.5050268
1751960871360,57.64052,SteamVR Tracker (Right Foot),0.5341275,0.02687001,-0.1598875,-0.250279,0.7501675,0.454618,0.4097946
1751960871360,57.64052,SteamVR Tracker (Left Foot),0.581309,0.01784301,0.3014767,-0.4317161,0.5186614,0.4090452,0.6142423
1751960871360,57.64052,SteamVR Tracker (Waist),-0.5778962,0.7608427,1.227783,-0.4985128,0.4951275,0.5012891,0.5050179
1751960871394,57.67448,SteamVR Tracker (Right Foot),0.5336167,0.02685165,-0.1787385,-0.2440626,0.7539366,0.4555045,0.4056213
1751960871394,57.67448,SteamVR Tracker (Left Foot),0.5813237,0.01763558,0.3012525,-0.431936,0.518642,0.4086978,0.6143353
1751960871394,57.67448,SteamVR Tracker (Waist),-0.577913,0.7610188,1.227669,-0.4985377,0.4950074,0.5012976,0.5051025
1751960871431,57.71011,SteamVR Tracker (Right Foot),0.5334845,0.02630949,-0.2015047,-0.2338136,0.7608031,0.4548306,0.3995486
1751960871432,57.71011,SteamVR Tracker (Left Foot),0.5814989,0.01777506,0.3011972,-0.4322999,0.5187999,0.4082596,0.6142375
1751960871432,57.71011,SteamVR Tracker (Waist),-0.5780224,0.7610998,1.227688,-0.4985903,0.4949576,0.5012891,0.5051079
1751960871488,57.7675,SteamVR Tracker (Right Foot),0.5350776,0.02578735,-0.2158049,-0.2351339,0.7595928,0.4489384,0.4076582
1751960871488,57.7675,SteamVR Tracker (Left Foot),0.5816541,0.01795506,0.3010042,-0.4328673,0.5186448,0.4076015,0.6144058
1751960871488,57.7675,SteamVR Tracker (Waist),-0.5780396,0.7613554,1.227807,-0.4984529,0.4951227,0.5013882,0.5049834
1751960871505,57.78634,SteamVR Tracker (Right Foot),0.5371544,0.02534366,-0.2335126,-0.242075,0.7559763,0.438978,0.4209487
1751960871505,57.78634,SteamVR Tracker (Left Foot),0.5815999,0.0180099,0.3006802,-0.4337372,0.5185988,0.406849,0.6143299
1751960871505,57.78634,SteamVR Tracker (Waist),-0.577931,0.761521,1.227724,-0.498456,0.495162,0.5013489,0.5049807
1751960871533,57.81437,SteamVR Tracker (Right Foot),0.5388245,0.02461505,-0.2377835,-0.2541983,0.7430897,0.4304455,0.4448794
1751960871533,57.81437,SteamVR Tracker (Left Foot),0.5816514,0.01777983,0.3004977,-0.4349872,0.5175157,0.4073483,0.6140285
1751960871533,57.81437,SteamVR Tracker (Waist),-0.578119,0.7614907,1.227622,-0.4984474,0.4951707,0.5014203,0.5049099
1751960871585,57.86341,SteamVR Tracker (Right Foot),0.5403845,0.02376771,-0.2427814,-0.2675682,0.7357996,0.4243119,0.4549349
1751960871585,57.86341,SteamVR Tracker (Left Foot),0.5816743,0.0178926,0.3004896,-0.4338272,0.5179606,0.4066372,0.6149448
1751960871585,57.86341,SteamVR Tracker (Waist),-0.5777968,0.7608973,1.227718,-0.4983638,0.4951553,0.5014496,0.5049783
1751960871646,57.92542,SteamVR Tracker (Right Foot),0.5415105,0.02398181,-0.2476676,-0.2762401,0.726632,0.4183919,0.4697292
1751960871646,57.92542,SteamVR Tracker (Left Foot),0.5817093,0.0178628,0.3007391,-0.4332981,0.5181691,0.4067957,0.6150373
1751960871646,57.92542,SteamVR Tracker (Waist),-0.5779297,0.7610561,1.227819,-0.4984246,0.4951061,0.5013695,0.5050461
1751960871667,57.94938,SteamVR Tracker (Right Foot),0.5432562,0.02430582,-0.2551422,-0.283795,0.7184517,0.4113219,0.4838407
1751960871667,57.94938,SteamVR Tracker (Left Foot),0.5816585,0.01805401,0.3008776,-0.4329783,0.5185227,0.4069093,0.6148892
1751960871667,57.94938,SteamVR Tracker (Waist),-0.5778624,0.7609514,1.227856,-0.498437,0.4951899,0.5014068,0.5049147
1751960871714,57.99464,SteamVR Tracker (Right Foot),0.5453247,0.02457356,-0.2648589,-0.2908226,0.7100086,0.4023289,0.4994412
1751960871714,57.99464,SteamVR Tracker (Left Foot),0.5816493,0.01786685,0.3007205,-0.4321558,0.5193269,0.4060425,0.6153621
1751960871714,57.99464,SteamVR Tracker (Waist),-0.5780662,0.7610584,1.227862,-0.4983821,0.4951572,0.501437,0.5049708
1751960871763,58.04243,SteamVR Tracker (Right Foot),0.5499496,0.02459884,-0.2815806,-0.2922602,0.7053816,0.3978751,0.5086416
1751960871763,58.04243,SteamVR Tracker (Left Foot),0.5815356,0.01778626,0.3007768,-0.4318649,0.5191797,0.406698,0.6152576
1751960871763,58.04243,SteamVR Tracker (Waist),-0.577907,0.7610087,1.227723,-0.498435,0.4952319,0.5013587,0.5049232
1751960871832,58.11053,SteamVR Tracker (Right Foot),0.5556234,0.02456617,-0.301317,-0.2893717,0.7078909,0.4037125,0.5021662
1751960871832,58.11053,SteamVR Tracker (Left Foot),0.581713,0.01805663,0.3007245,-0.4324921,0.51902,0.4068098,0.6148778
1751960871832,58.11053,SteamVR Tracker (Waist),-0.5779848,0.7611945,1.227916,-0.4983517,0.4951254,0.5013567,0.5051118
1751960871863,58.14288,SteamVR Tracker (Right Foot),0.5623752,0.02444983,-0.3278964,-0.2878155,0.7111177,0.4098986,0.4934137
1751960871863,58.14288,SteamVR Tracker (Left Foot),0.5817197,0.01813889,0.3007045,-0.4329048,0.5188192,0.4067603,0.6147895
1751960871863,58.14288,SteamVR Tracker (Waist),-0.5779213,0.7611133,1.227649,-0.4983392,0.4951278,0.5013197,0.5051585
1751960871892,58.17319,SteamVR Tracker (Right Foot),0.5647886,0.02472162,-0.3406174,-0.2877511,0.7145918,0.4143744,0.484615
1751960871892,58.17319,SteamVR Tracker (Left Foot),0.581645,0.01835918,0.3004879,-0.4335672,0.5182219,0.4069702,0.6146876
1751960871892,58.17319,SteamVR Tracker (Waist),-0.5779374,0.7608535,1.227819,-0.4983913,0.4950681,0.5013433,0.5051422
1751960871926,58.20602,SteamVR Tracker (Right Foot),0.5673792,0.02399182,-0.3539103,-0.2865808,0.7170821,0.4227358,0.4742987
1751960871927,58.20602,SteamVR Tracker (Left Foot),0.5815561,0.01822543,0.3005029,-0.4338557,0.518539,0.4067726,0.6143473
1751960871927,58.20602,SteamVR Tracker (Waist),-0.5778427,0.7610558,1.227733,-0.4983785,0.4949996,0.5014738,0.5050923
1751960871992,58.27152,SteamVR Tracker (Right Foot),0.5690788,0.02310205,-0.3642638,-0.2956129,0.7077869,0.4235432,0.4819357
1751960871992,58.27152,SteamVR Tracker (Left Foot),0.5816307,0.01821828,0.3000597,-0.4341103,0.5185114,0.4060532,0.6146666
1751960871992,58.27152,SteamVR Tracker (Waist),-0.5779845,0.7612052,1.227732,-0.498378,0.4950048,0.5013876,0.5051735
1751960872017,58.29882,SteamVR Tracker (Right Foot),0.5727493,0.02188063,-0.3832487,-0.3045425,0.7022098,0.421142,0.4866156
1751960872017,58.29882,SteamVR Tracker (Left Foot),0.5816035,0.01833034,0.2996517,-0.436219,0.5182405,0.405672,0.6136531
1751960872017,58.29882,SteamVR Tracker (Waist),-0.5780082,0.7610775,1.227919,-0.498432,0.494999,0.5014079,0.5051057
1751960872046,58.32642,SteamVR Tracker (Right Foot),0.5731071,0.02206469,-0.3912312,-0.3027969,0.7038675,0.4259031,0.4811353
1751960872046,58.32642,SteamVR Tracker (Left Foot),0.5814081,0.01823044,0.2998851,-0.4367153,0.5178775,0.4061238,0.6133075
1751960872046,58.32642,SteamVR Tracker (Waist),-0.5779148,0.761102,1.227792,-0.4983066,0.4951017,0.5013775,0.5051588
1751960872077,58.35808,SteamVR Tracker (Right Foot),0.5725956,0.02233505,-0.3970216,-0.3022678,0.7093084,0.4328624,0.467061
1751960872077,58.35808,SteamVR Tracker (Left Foot),0.5814434,0.0183785,0.2994577,-0.4367094,0.5179889,0.4058678,0.6133872
1751960872077,58.35808,SteamVR Tracker (Waist),-0.5778509,0.7609798,1.227584,-0.4984166,0.4950146,0.5013918,0.5051216
1751960872144,58.42246,SteamVR Tracker (Right Foot),0.5719713,0.02255273,-0.3880373,-0.3002119,0.7066736,0.4331272,0.4721083
1751960872145,58.42246,SteamVR Tracker (Left Foot),0.5813756,0.01861501,0.2995028,-0.43731,0.5172379,0.406637,0.6130835
1751960872145,58.42246,SteamVR Tracker (Waist),-0.5780154,0.7613386,1.227795,-0.4985006,0.4949783,0.5013689,0.5050967
1751960872160,58.44172,SteamVR Tracker (Right Foot),0.5721133,0.02248907,-0.3880377,-0.2980486,0.7066151,0.434103,0.4726699
1751960872160,58.44172,SteamVR Tracker (Left Foot),0.5813155,0.01875257,0.2994165,-0.4379095,0.5173041,0.4067483,0.6125256
1751960872160,58.44172,SteamVR Tracker (Waist),-0.5780722,0.7612594,1.227729,-0.4986018,0.4950013,0.5013146,0.5050284
1751960872187,58.4686,SteamVR Tracker (Right Foot),0.5718865,0.02267814,-0.3878971,-0.2984685,0.7062461,0.4341956,0.4728711
1751960872187,58.4686,SteamVR Tracker (Left Foot),0.5810984,0.0185895,0.2994391,-0.4378802,0.5167485,0.4077527,0.6123478
1751960872187,58.4686,SteamVR Tracker (Waist),-0.5781163,0.7612267,1.227614,-0.4985511,0.4949423,0.501292,0.5051585
1751960872233,58.51305,SteamVR Tracker (Right Foot),0.5712512,0.02277017,-0.386546,-0.2987483,0.7050173,0.4362758,0.4726135
1751960872233,58.51305,SteamVR Tracker (Left Foot),0.5808855,0.01873994,0.2996164,-0.4370354,0.5165319,0.4084102,0.6126957
1751960872233,58.51305,SteamVR Tracker (Waist),-0.5779841,0.7611097,1.227671,-0.4986488,0.4948325,0.5013181,0.5051439
1751960872306,58.58562,SteamVR Tracker (Right Foot),0.5690923,0.02973962,-0.3703076,-0.2954714,0.7095459,0.4495182,0.4551645
1751960872306,58.58562,SteamVR Tracker (Left Foot),0.5808198,0.01894736,0.3001494,-0.4365882,0.5157775,0.4100212,0.6125742
1751960872306,58.58562,SteamVR Tracker (Waist),-0.5779806,0.7612379,1.227707,-0.4986521,0.4947636,0.5012906,0.5052354
1751960872334,58.61567,SteamVR Tracker (Right Foot),0.5758032,0.01972246,-0.3844101,-0.298918,0.7087808,0.4467186,0.4568591
1751960872334,58.61567,SteamVR Tracker (Left Foot),0.5806313,0.0189476,0.3006462,-0.4360791,0.5153267,0.4117735,0.6121404
1751960872334,58.61567,SteamVR Tracker (Waist),-0.5778916,0.7612555,1.227813,-0.4986286,0.4948691,0.5013555,0.505091
1751960872378,58.65756,SteamVR Tracker (Right Foot),0.5733511,0.01310921,-0.3847555,-0.3019369,0.7058917,0.4471399,0.4589303
1751960872378,58.65756,SteamVR Tracker (Left Foot),0.5806814,0.01890373,0.3005682,-0.4359672,0.5147448,0.4122789,0.6123697
1751960872378,58.65756,SteamVR Tracker (Waist),-0.577927,0.7612678,1.227668,-0.4985014,0.4948776,0.5013624,0.5052013
1751960872425,58.70266,SteamVR Tracker (Right Foot),0.5706168,0.01270318,-0.3813947,-0.3028086,0.703644,0.4483233,0.46065
1751960872425,58.70266,SteamVR Tracker (Left Foot),0.5805905,0.01877332,0.3005934,-0.4369098,0.5149011,0.4118219,0.6118737
1751960872425,58.70266,SteamVR Tracker (Waist),-0.5779611,0.760896,1.227667,-0.4986599,0.4948816,0.5013081,0.5050948
1751960872503,58.78136,SteamVR Tracker (Right Foot),0.5717489,0.0181253,-0.380305,-0.3061938,0.6986604,0.4515102,0.4628797
1751960872503,58.78136,SteamVR Tracker (Left Foot),0.580535,0.01873922,0.3005822,-0.436771,0.5140287,0.4125616,0.6122079
1751960872503,58.78136,SteamVR Tracker (Waist),-0.5779424,0.7610128,1.227735,-0.4987332,0.494786,0.5013245,0.5050998
1751960872535,58.81705,SteamVR Tracker (Right Foot),0.5707604,0.01958537,-0.3778098,-0.3061796,0.6953726,0.4535265,0.4658591
1751960872536,58.81705,SteamVR Tracker (Left Foot),0.5803441,0.0192709,0.3010154,-0.4353051,0.511963,0.4141367,0.6139171
1751960872536,58.81705,SteamVR Tracker (Waist),-0.578042,0.7611644,1.227876,-0.4987224,0.4948263,0.5012158,0.5051789
1751960872566,58.84598,SteamVR Tracker (Right Foot),0.541198,0.04149222,-0.3296866,-0.3039697,0.6966918,0.4645818,0.454298
1751960872566,58.84598,SteamVR Tracker (Left Foot),0.580029,0.01956058,0.3003803,-0.4370401,0.5113834,0.4141919,0.6131297
1751960872566,58.84598,SteamVR Tracker (Waist),-0.5780407,0.7614748,1.227782,-0.4986778,0.4948507,0.5012687,0.5051466
1751960872597,58.87758,SteamVR Tracker (Right Foot),0.5782015,0.02338099,-0.3670964,-0.3070674,0.6979382,0.4503687,0.4644997
1751960872597,58.87758,SteamVR Tracker (Left Foot),0.5802214,0.01957583,0.2995571,-0.4386886,0.5120328,0.4118934,0.6129589
1751960872597,58.87758,SteamVR Tracker (Waist),-0.5779258,0.7612585,1.227673,-0.4984992,0.4950538,0.5012269,0.5051652
1751960872668,58.94378,SteamVR Tracker (Right Foot),0.5711465,0.01878929,-0.3566615,-0.3000279,0.7048584,0.4558456,0.4531696
1751960872668,58.94378,SteamVR Tracker (Left Foot),0.5801328,0.02047515,0.2975088,-0.442885,0.5137905,0.4065248,0.6120538
1751960872668,58.94378,SteamVR Tracker (Waist),-0.5779017,0.7610766,1.227832,-0.4984794,0.4950785,0.5013751,0.5050135
1751960872689,58.97017,SteamVR Tracker (Right Foot),0.5816284,0.004432201,-0.3751453,-0.3026446,0.7050331,0.4468668,0.4600487
1751960872689,58.97017,SteamVR Tracker (Left Foot),0.5800785,0.02143455,0.2959799,-0.4440124,0.5159447,0.4015219,0.6127269
1751960872689,58.97017,SteamVR Tracker (Waist),-0.5779265,0.7612993,1.227778,-0.4985022,0.4951046,0.5012904,0.5050495
1751960872731,59.01136,SteamVR Tracker (Right Foot),0.5775401,0.004013777,-0.3700714,-0.3036301,0.7033219,0.4466908,0.4621844
1751960872731,59.01136,SteamVR Tracker (Left Foot),0.5802346,0.02229524,0.2936225,-0.4462792,0.5192006,0.3938139,0.6133322
1751960872731,59.01136,SteamVR Tracker (Waist),-0.57803,0.76134,1.227604,-0.4985721,0.4950809,0.5012292,0.5050643
1751960872775,59.05536,SteamVR Tracker (Right Foot),0.5715505,0.00684762,-0.3651125,-0.3030662,0.7009883,0.4468334,0.4659466
1751960872776,59.05536,SteamVR Tracker (Left Foot),0.5775133,0.02229285,0.2874439,-0.4567037,0.4923174,0.3832733,0.6341506
1751960872776,59.05536,SteamVR Tracker (Waist),-0.577901,0.7611043,1.227836,-0.4986212,0.4950894,0.5011944,0.5050423
1751960872846,59.12334,SteamVR Tracker (Right Foot),0.5726147,0.008472919,-0.3648496,-0.3003559,0.6982955,0.4480396,0.4705637
1751960872846,59.12334,SteamVR Tracker (Left Foot),0.5800788,0.022156,0.2677656,-0.4583071,0.4979654,0.3779059,0.6318008
1751960872846,59.12334,SteamVR Tracker (Waist),-0.5778592,0.761004,1.227708,-0.4985735,0.4951488,0.5010965,0.5051282
1751960872866,59.14697,SteamVR Tracker (Right Foot),0.5723472,0.008623362,-0.3651909,-0.299532,0.698357,0.446095,0.4728398
1751960872866,59.14697,SteamVR Tracker (Left Foot),0.5823705,0.02208138,0.2505663,-0.4547157,0.4953271,0.379355,0.6355899
1751960872866,59.14697,SteamVR Tracker (Waist),-0.5780659,0.7611279,1.227566,-0.4985493,0.49509,0.5011277,0.5051787
1751960872908,59.18845,SteamVR Tracker (Right Foot),0.5732864,0.00945735,-0.3651775,-0.30126,0.6990817,0.4428716,0.4737003
1751960872908,59.18845,SteamVR Tracker (Left Foot),0.5870415,0.02202058,0.2290992,-0.4553136,0.5029395,0.37905,0.629335
1751960872908,59.18845,SteamVR Tracker (Waist),-0.5778893,0.7611604,1.227844,-0.4985667,0.4950309,0.5011922,0.5051557
1751960872955,59.23469,SteamVR Tracker (Right Foot),0.5732878,0.00906539,-0.3655715,-0.3017349,0.6980085,0.442903,0.4749495
1751960872955,59.23469,SteamVR Tracker (Left Foot),0.5925564,0.02201128,0.202854,-0.4528662,0.5028772,0.3809616,0.629996
1751960872955,59.23469,SteamVR Tracker (Waist),-0.5780268,0.7613503,1.227724,-0.4985218,0.4950798,0.501291,0.5050539
1751960873031,59.30793,SteamVR Tracker (Right Foot),0.5727294,0.009035587,-0.3657882,-0.3054135,0.6980536,0.4388535,0.4762893
1751960873031,59.30793,SteamVR Tracker (Left Foot),0.599981,0.02223587,0.1709735,-0.4457239,0.5051281,0.3866026,0.6298527
1751960873031,59.30793,SteamVR Tracker (Waist),-0.577992,0.7611772,1.227728,-0.4984533,0.4950936,0.50133,0.5050693
1751960873058,59.33891,SteamVR Tracker (Right Foot),0.5729823,0.009116888,-0.3666524,-0.3083013,0.7006897,0.4336373,0.4753345
1751960873058,59.33891,SteamVR Tracker (Left Foot),0.6068442,0.02297378,0.1372164,-0.4434006,0.51497,0.3823702,0.6260949
1751960873058,59.33891,SteamVR Tracker (Waist),-0.5780371,0.7612116,1.227726,-0.4984688,0.4950999,0.5013286,0.5050492
1751960873103,59.38096,SteamVR Tracker (Right Foot),0.5735244,0.008827448,-0.3674556,-0.3086396,0.7004773,0.4328119,0.4761797
1751960873103,59.38096,SteamVR Tracker (Left Foot),0.6116177,0.02289343,0.1126233,-0.4345275,0.5164016,0.3926222,0.6247905
1751960873103,59.38096,SteamVR Tracker (Waist),-0.577973,0.7612911,1.227735,-0.4984666,0.4949531,0.5014026,0.5051218
1751960873143,59.42336,SteamVR Tracker (Right Foot),0.573204,0.009098291,-0.3669788,-0.3094552,0.7001706,0.4322019,0.4766552
1751960873143,59.42336,SteamVR Tracker (Left Foot),0.614691,0.02240539,0.08776665,-0.438986,0.5016493,0.3922901,0.6338357
1751960873143,59.42336,SteamVR Tracker (Waist),-0.5779772,0.7612555,1.227708,-0.4985041,0.4948903,0.5013752,0.5051736
1751960873218,59.4975,SteamVR Tracker (Right Foot),0.5729461,0.00966692,-0.3664045,-0.306446,0.6980197,0.4335919,0.4804761
1751960873218,59.4975,SteamVR Tracker (Left Foot),0.6224352,0.02231407,0.04394007,-0.4233454,0.5269733,0.406379,0.6147634
1751960873218,59.4975,SteamVR Tracker (Waist),-0.5778327,0.7610247,1.227774,-0.4984722,0.494795,0.5013356,0.5053375
1751960873236,59.51685,SteamVR Tracker (Right Foot),0.5729201,0.009696245,-0.3664051,-0.3049544,0.6967119,0.4350752,0.4819802
1751960873236,59.51685,SteamVR Tracker (Left Foot),0.6287527,0.02228785,0.004848957,-0.4129692,0.5495421,0.4121941,0.5979599
1751960873236,59.51685,SteamVR Tracker (Waist),-0.5780045,0.7610987,1.227677,-0.4985473,0.4948253,0.5012918,0.5052773
1751960873267,59.54771,SteamVR Tracker (Right Foot),0.5732093,0.009675264,-0.3662331,-0.3038726,0.6962833,0.4353224,0.4830584
1751960873267,59.54771,SteamVR Tracker (Left Foot),0.6311935,0.02181435,-0.01786917,-0.3993742,0.5534883,0.4247998,0.5947236
1751960873267,59.54771,SteamVR Tracker (Waist),-0.5779321,0.7609215,1.227706,-0.4984259,0.4948492,0.5014615,0.5052052
1751960873300,59.58084,SteamVR Tracker (Right Foot),0.5730554,0.009790421,-0.3661431,-0.3018206,0.6948785,0.4379059,0.4840317
1751960873300,59.58084,SteamVR Tracker (Left Foot),0.6345572,0.02213287,-0.04314923,-0.3845404,0.5675625,0.43683,0.5823926
1751960873300,59.58084,SteamVR Tracker (Waist),-0.578047,0.7612818,1.227765,-0.4983848,0.494927,0.5014626,0.5051686
1751960873362,59.6417,SteamVR Tracker (Right Foot),0.5728672,0.009739399,-0.3659099,-0.3030945,0.6948227,0.4370224,0.4841141
1751960873362,59.6417,SteamVR Tracker (Left Foot),0.6344894,0.02256608,-0.07769918,-0.3755624,0.5814027,0.4439443,0.5690671
1751960873362,59.6417,SteamVR Tracker (Waist),-0.5779046,0.7611079,1.227684,-0.4984899,0.4948797,0.5014049,0.5051683
1751960873379,59.66071,SteamVR Tracker (Right Foot),0.572716,0.009729862,-0.3664209,-0.3032563,0.6944464,0.4369558,0.4846128
1751960873379,59.66071,SteamVR Tracker (Left Foot),0.6354394,0.02292752,-0.1183993,-0.3607649,0.6036146,0.4508362,0.549768
1751960873379,59.66071,SteamVR Tracker (Waist),-0.5778717,0.7608471,1.227666,-0.4984663,0.4949068,0.5014591,0.5051114
1751960873410,59.69148,SteamVR Tracker (Right Foot),0.5730491,0.009729385,-0.3663993,-0.3039663,0.6941932,0.4364921,0.4849484
1751960873410,59.69148,SteamVR Tracker (Left Foot),0.6331174,0.02248645,-0.1232857,-0.367546,0.5984124,0.4472371,0.5538877
1751960873410,59.69148,SteamVR Tracker (Waist),-0.5779054,0.7607232,1.227873,-0.4985525,0.494815,0.5014965,0.505079
1751960873445,59.72564,SteamVR Tracker (Right Foot),0.5725878,0.01020598,-0.3666851,-0.3060132,0.6941335,0.4357455,0.4844178
1751960873445,59.72564,SteamVR Tracker (Left Foot),0.631602,0.02252412,-0.1249158,-0.3806101,0.5816902,0.4387842,0.5694215
1751960873445,59.72564,SteamVR Tracker (Waist),-0.5781482,0.7611004,1.227822,-0.4984452,0.4948796,0.5015284,0.5050901
1751960873484,59.76279,SteamVR Tracker (Right Foot),0.5324408,0.01094532,-0.3154466,-0.2975479,0.7071515,0.4339477,0.4723257
1751960873484,59.76279,SteamVR Tracker (Left Foot),0.6305518,0.02257967,-0.1190652,-0.3942051,0.5651627,0.4300212,0.5833312
1751960873484,59.76279,SteamVR Tracker (Waist),-0.5780292,0.7611042,1.227806,-0.4984843,0.4949981,0.5014999,0.5049635
1751960873541,59.82032,SteamVR Tracker (Right Foot),0.5215056,0.01740861,-0.3094581,-0.2906033,0.7104063,0.4377688,0.4682212
1751960873541,59.82032,SteamVR Tracker (Left Foot),0.6301554,0.02188993,-0.1140729,-0.3972337,0.5611076,0.4340392,0.5822144
1751960873541,59.82032,SteamVR Tracker (Waist),-0.5780597,0.7613266,1.22759,-0.498473,0.4950131,0.5015415,0.5049188
1751960873559,59.8405,SteamVR Tracker (Right Foot),0.5253675,0.01467943,-0.3125348,-0.2899882,0.708753,0.4409112,0.4681595
1751960873560,59.8405,SteamVR Tracker (Left Foot),0.6296856,0.02158928,-0.1141211,-0.4000866,0.5593605,0.4351501,0.5811118
1751960873560,59.8405,SteamVR Tracker (Waist),-0.5780402,0.7612907,1.227546,-0.498403,0.4950166,0.5014767,0.5050487
1751960873590,59.8718,SteamVR Tracker (Right Foot),0.5259321,0.01097131,-0.3127304,-0.2902487,0.7090739,0.4382033,0.4700508
1751960873590,59.8718,SteamVR Tracker (Left Foot),0.6266403,0.0214169,-0.1125979,-0.4048018,0.5517133,0.4266553,0.5913655
1751960873591,59.8718,SteamVR Tracker (Waist),-0.5779074,0.7610723,1.22762,-0.4985184,0.4949659,0.5014552,0.5050057
1751960873629,59.90903,SteamVR Tracker (Right Foot),0.5157924,0.01411152,-0.3041988,-0.2907276,0.7085322,0.4397793,0.469099
1751960873629,59.90903,SteamVR Tracker (Left Foot),0.6190759,0.02143884,-0.112453,-0.4162333,0.5375794,0.4204334,0.6008278
1751960873629,59.90903,SteamVR Tracker (Waist),-0.5779498,0.76103,1.227664,-0.4985163,0.4950407,0.5013586,0.5050306
1751960873663,59.94263,SteamVR Tracker (Right Foot),0.5384412,0.022861,-0.2905202,-0.2926105,0.7045538,0.4390256,0.4745941
1751960873663,59.94263,SteamVR Tracker (Left Foot),0.6170838,0.02146435,-0.1120226,-0.4241871,0.5332936,0.4282998,0.5934835
1751960873663,59.94263,SteamVR Tracker (Waist),-0.5779523,0.7610995,1.227734,-0.4985037,0.49501,0.5014526,0.5049797
1751960873727,60.00607,SteamVR Tracker (Right Foot),0.5368381,0.01655722,-0.2949066,-0.2961517,0.7040468,0.437562,0.4745016
1751960873727,60.00607,SteamVR Tracker (Left Foot),0.621586,0.02142525,-0.1110706,-0.413524,0.5452307,0.4284318,0.5900573
1751960873727,60.00607,SteamVR Tracker (Waist),-0.5780383,0.7613063,1.227718,-0.4985115,0.4950076,0.5014488,0.5049781
1751960873748,60.02958,SteamVR Tracker (Right Foot),0.5816683,-0.01072693,-0.3561548,-0.2974573,0.7051128,0.4315725,0.4775776
1751960873748,60.02958,SteamVR Tracker (Left Foot),0.6214809,0.02118421,-0.1106339,-0.4159277,0.5426052,0.4312981,0.5886983
1751960873748,60.02958,SteamVR Tracker (Waist),-0.5780814,0.7612948,1.227737,-0.4984934,0.4950709,0.5014063,0.5049761
1751960873783,60.06226,SteamVR Tracker (Right Foot),0.5688002,-0.004309893,-0.3569936,-0.2966866,0.701401,0.4369108,0.4786677
1751960873783,60.06226,SteamVR Tracker (Left Foot),0.6214362,0.02127171,-0.1104324,-0.4148954,0.5430247,0.4320874,0.5884612
1751960873783,60.06226,SteamVR Tracker (Waist),-0.5779035,0.7612835,1.22767,-0.4984469,0.4950241,0.5013819,0.5050922
1751960873815,60.09579,SteamVR Tracker (Right Foot),0.5752393,-0.004765034,-0.3670048,-0.2958126,0.7023754,0.4351098,0.4794198
1751960873815,60.09579,SteamVR Tracker (Left Foot),0.621464,0.02101731,-0.1102892,-0.4148724,0.5432799,0.4326693,0.5878139
1751960873815,60.09579,SteamVR Tracker (Waist),-0.5779885,0.7612753,1.227615,-0.4984389,0.4951419,0.5013097,0.5050563
1751960873873,60.15341,SteamVR Tracker (Right Foot),0.5722026,0.006961107,-0.3764472,-0.2995953,0.696353,0.4368922,0.4842111
1751960873873,60.15341,SteamVR Tracker (Left Foot),0.6214684,0.02089596,-0.1101277,-0.4129106,0.5439741,0.4328143,0.588446
1751960873873,60.15341,SteamVR Tracker (Waist),-0.5779788,0.7611592,1.227707,-0.4984708,0.4951648,0.5014292,0.5048836
1751960873892,60.17193,SteamVR Tracker (Right Foot),0.5718396,0.007056952,-0.3779711,-0.2986156,0.6955338,0.4366048,0.4862486
1751960873892,60.17193,SteamVR Tracker (Left Foot),0.6214058,0.02095771,-0.1098709,-0.4107792,0.5445712,0.4336168,0.5887948
1751960873892,60.17193,SteamVR Tracker (Waist),-0.5779128,0.7610373,1.227689,-0.4984581,0.4952771,0.5013981,0.5048169
1751960873922,60.20271,SteamVR Tracker (Right Foot),0.568974,0.01175189,-0.3770756,-0.2991481,0.6937131,0.4397876,0.4856537
1751960873923,60.20271,SteamVR Tracker (Left Foot),0.6210892,0.02080727,-0.1097682,-0.4109755,0.544578,0.4352126,0.5874726
1751960873923,60.20271,SteamVR Tracker (Waist),-0.577894,0.7610751,1.22758,-0.4984306,0.4952857,0.5013931,0.5048406
1751960873961,60.2402,SteamVR Tracker (Right Foot),0.5707085,0.01421237,-0.3759823,-0.2965217,0.6934187,0.4408529,0.4867177
1751960873961,60.2402,SteamVR Tracker (Left Foot),0.6212741,0.02110791,-0.1093768,-0.4098545,0.5459499,0.435237,0.586964
1751960873961,60.2402,SteamVR Tracker (Waist),-0.5779904,0.7612478,1.227637,-0.4985004,0.4951626,0.5013204,0.5049647
1751960873993,60.27435,SteamVR Tracker (Right Foot),0.5668079,0.0228827,-0.3573572,-0.2884971,0.7025058,0.4441091,0.4754181
1751960873993,60.27435,SteamVR Tracker (Left Foot),0.6210843,0.02129006,-0.1093526,-0.410839,0.5454204,0.436146,0.5860927
1751960873994,60.27435,SteamVR Tracker (Waist),-0.5779155,0.7612839,1.227631,-0.4985161,0.4951989,0.5012847,0.5049489
1751960874051,60.33067,SteamVR Tracker (Right Foot),0.5732456,0.01490498,-0.3687765,-0.2910138,0.7036054,0.4407433,0.4753902
1751960874051,60.33067,SteamVR Tracker (Left Foot),0.6208216,0.0212357,-0.1094179,-0.4109331,0.545049,0.4358107,0.5866215
1751960874051,60.33067,SteamVR Tracker (Waist),-0.5779744,0.761181,1.227643,-0.4985429,0.4950465,0.5013795,0.5049779
1751960874076,60.35669,SteamVR Tracker (Right Foot),0.5763167,0.008391857,-0.3759768,-0.2953621,0.7019858,0.4414066,0.4744865
1751960874076,60.35669,SteamVR Tracker (Left Foot),0.6205228,0.02140713,-0.1093318,-0.4111442,0.5445118,0.4373466,0.5858288
1751960874076,60.35669,SteamVR Tracker (Waist),-0.5779619,0.7610852,1.227618,-0.4985834,0.495024,0.5013684,0.504971
1751960874130,60.40823,SteamVR Tracker (Right Foot),0.576425,0.004995346,-0.3807617,-0.3000908,0.699767,0.4412958,0.4748996
1751960874131,60.40823,SteamVR Tracker (Left Foot),0.620456,0.0217855,-0.109342,-0.4123096,0.5436754,0.4375376,0.5856439
1751960874131,60.40823,SteamVR Tracker (Waist),-0.5779725,0.7611294,1.227751,-0.4986365,0.4949962,0.5013725,0.5049417
1751960874172,60.45206,SteamVR Tracker (Right Foot),0.5185832,0.04373646,-0.295104,-0.2927992,0.7030844,0.4553459,0.4610868
1751960874172,60.45206,SteamVR Tracker (Left Foot),0.6204524,0.02184176,-0.109553,-0.4142235,0.5429084,0.4365759,0.5857226
1751960874172,60.45206,SteamVR Tracker (Waist),-0.5780307,0.7612845,1.227739,-0.4985448,0.4950531,0.5013356,0.5050131
1751960874249,60.52787,SteamVR Tracker (Right Foot),0.5019904,0.08458614,-0.2870167,-0.2595426,0.7370852,0.4494419,0.4328339
1751960874249,60.52787,SteamVR Tracker (Left Foot),0.6203721,0.02191758,-0.109683,-0.4147424,0.5430741,0.4361223,0.5855398
1751960874249,60.52787,SteamVR Tracker (Waist),-0.5779302,0.7611095,1.227651,-0.4983777,0.4953146,0.5013751,0.5048824
1751960874270,60.55097,SteamVR Tracker (Right Foot),0.524794,0.07798123,-0.2958782,-0.2548436,0.7421753,0.4436493,0.432904
1751960874270,60.55097,SteamVR Tracker (Left Foot),0.6202539,0.02208734,-0.1096084,-0.4149305,0.543229,0.4358653,0.5854539
1751960874270,60.55097,SteamVR Tracker (Waist),-0.5779978,0.761168,1.227662,-0.4983966,0.4953076,0.5014524,0.5047938
1751960874296,60.57772,SteamVR Tracker (Right Foot),0.579872,0.06710196,-0.351942,-0.249619,0.7487559,0.4310822,0.4372907
1751960874296,60.57772,SteamVR Tracker (Left Foot),0.6203793,0.02199197,-0.1097518,-0.4151579,0.5431498,0.4360249,0.5852475
1751960874296,60.57772,SteamVR Tracker (Waist),-0.5779855,0.7612565,1.227692,-0.4984314,0.4953976,0.5014132,0.50471
1751960874336,60.61607,SteamVR Tracker (Right Foot),0.5829443,0.02251005,-0.3683269,-0.2491442,0.7424725,0.4341044,0.4452136
1751960874337,60.61607,SteamVR Tracker (Left Foot),0.620304,0.02229881,-0.1101894,-0.415742,0.5428237,0.4356222,0.5854352
1751960874337,60.61607,SteamVR Tracker (Waist),-0.5778716,0.7610413,1.227636,-0.4983819,0.4955004,0.5012876,0.5047827
1751960874395,60.6743,SteamVR Tracker (Right Foot),0.5757375,0.02251196,-0.3724542,-0.2566635,0.7356755,0.433596,0.4526588
1751960874395,60.6743,SteamVR Tracker (Left Foot),0.6195157,0.0228548,-0.11013,-0.4190114,0.5408041,0.4373373,0.5836921
1751960874395,60.6743,SteamVR Tracker (Waist),-0.5778803,0.7610723,1.227638,-0.4983749,0.4956156,0.5012943,0.5046699
1751960874424,60.70315,SteamVR Tracker (Right Foot),0.5682037,0.01955938,-0.3775594,-0.2638611,0.7282194,0.435368,0.4588338
1751960874424,60.70315,SteamVR Tracker (Left Foot),0.6190081,0.02328324,-0.1099288,-0.4196993,0.5390985,0.4394106,0.5832185
1751960874424,60.70315,SteamVR Tracker (Waist),-0.5780364,0.7610452,1.227862,-0.4983795,0.4955455,0.5013444,0.5046844
1751960874464,60.74539,SteamVR Tracker (Right Foot),0.5832533,0.02472687,-0.3815087,-0.2611696,0.7356593,0.4327672,0.4508973
1751960874465,60.74539,SteamVR Tracker (Left Foot),0.6197408,0.02283192,-0.110249,-0.4164489,0.5415231,0.435669,0.5861021
1751960874465,60.74539,SteamVR Tracker (Waist),-0.5780905,0.7611889,1.227572,-0.4985012,0.4954458,0.5012071,0.5047985
1751960874508,60.78933,SteamVR Tracker (Right Foot),0.5773118,0.0239017,-0.3799027,-0.2628362,0.7306497,0.4371914,0.4537971
1751960874508,60.78933,SteamVR Tracker (Left Foot),0.6197388,0.02253342,-0.1102164,-0.4154098,0.5427069,0.4341203,0.5868931
1751960874508,60.78933,SteamVR Tracker (Waist),-0.5780207,0.7611799,1.227715,-0.4985029,0.4954115,0.50119,0.5048476
1751960874583,60.86126,SteamVR Tracker (Right Foot),0.5663021,0.03221846,-0.3730383,-0.2654453,0.7246681,0.4407032,0.4584492
1751960874583,60.86126,SteamVR Tracker (Left Foot),0.6195868,0.02269721,-0.1101013,-0.4169962,0.5414293,0.4359166,0.5856153
1751960874583,60.86126,SteamVR Tracker (Waist),-0.5780227,0.7612436,1.227621,-0.4985442,0.4953285,0.5012201,0.5048582
1751960874610,60.89287,SteamVR Tracker (Right Foot),0.5591198,0.06073427,-0.3410171,-0.2580268,0.7317088,0.4441363,0.4480709
1751960874611,60.89287,SteamVR Tracker (Left Foot),0.6199541,0.02263236,-0.1102441,-0.4157089,0.5426339,0.4337716,0.5870067
1751960874611,60.89287,SteamVR Tracker (Waist),-0.5779192,0.7609212,1.22774,-0.4985936,0.4953698,0.5011731,0.5048157
1751960874653,60.93296,SteamVR Tracker (Right Foot),0.5695314,0.05009913,-0.356779,-0.257573,0.7318168,0.445293,0.4470062
1751960874654,60.93296,SteamVR Tracker (Left Foot),0.6187981,0.02249718,-0.1097835,-0.4162945,0.5422553,0.4337947,0.5869244
1751960874654,60.93296,SteamVR Tracker (Waist),-0.5780442,0.7612377,1.227819,-0.4985265,0.4953673,0.5012388,0.504819
1751960874698,60.97831,SteamVR Tracker (Right Foot),0.5779596,0.01612139,-0.3829037,-0.262471,0.7258467,0.4449994,0.4541269
1751960874698,60.97831,SteamVR Tracker (Left Foot),0.6176022,0.02230144,-0.1097941,-0.4192825,0.5390871,0.4355812,0.5863926
1751960874698,60.97831,SteamVR Tracker (Waist),-0.5779089,0.7611085,1.227722,-0.498509,0.4953007,0.5012583,0.5048823
1751960874762,61.04132,SteamVR Tracker (Right Foot),0.5673133,0.02855539,-0.3760953,-0.2670366,0.7208901,0.4453396,0.4590006
1751960874762,61.04132,SteamVR Tracker (Left Foot),0.618866,0.02165461,-0.1093666,-0.4131871,0.5471609,0.4311871,0.5864889
1751960874762,61.04132,SteamVR Tracker (Waist),-0.5778365,0.7610047,1.227774,-0.4985413,0.495266,0.5011888,0.5049535
1751960874791,61.0724,SteamVR Tracker (Right Foot),0.5673104,0.03319335,-0.3744159,-0.2669653,0.720659,0.4448092,0.4599183
1751960874791,61.0724,SteamVR Tracker (Left Foot),0.6185079,0.02157974,-0.1095929,-0.4159355,0.5451341,0.4340191,0.5843406
1751960874791,61.0724,SteamVR Tracker (Waist),-0.5781367,0.7612296,1.227644,-0.4987197,0.4950445,0.5012072,0.5049762
1751960874836,61.11559,SteamVR Tracker (Right Foot),0.5563475,0.06245017,-0.3376372,-0.263315,0.7286952,0.443565,0.4504649
1751960874836,61.11559,SteamVR Tracker (Left Foot),0.6187244,0.0214901,-0.1096148,-0.4143609,0.5453493,0.433544,0.5856099
1751960874836,61.11559,SteamVR Tracker (Waist),-0.5779994,0.7609805,1.227694,-0.4985519,0.4951335,0.5012479,0.5050142
1751960874882,61.16099,SteamVR Tracker (Right Foot),0.5665236,0.04367304,-0.3562598,-0.2635647,0.7299121,0.4386427,0.4531607
1751960874882,61.16099,SteamVR Tracker (Left Foot),0.618531,0.02154589,-0.1091421,-0.4137436,0.5451925,0.4351801,0.5849783
1751960874882,61.16099,SteamVR Tracker (Waist),-0.5778832,0.7609034,1.227645,-0.4984938,0.4950588,0.5012768,0.5051162
1751960874951,61.23132,SteamVR Tracker (Right Foot),0.5705931,0.02127337,-0.3816813,-0.2697169,0.7215493,0.4408801,0.4606996
1751960874951,61.23132,SteamVR Tracker (Left Foot),0.6185493,0.0217638,-0.1090149,-0.4136812,0.544912,0.4360734,0.5846186
1751960874951,61.23132,SteamVR Tracker (Waist),-0.577912,0.7612553,1.227842,-0.4985831,0.4948895,0.5013739,0.5050976
1751960874985,61.26494,SteamVR Tracker (Right Foot),0.5254607,0.05366802,-0.3230642,-0.2617894,0.725414,0.4527735,0.4474785
1751960874986,61.26494,SteamVR Tracker (Left Foot),0.6184086,0.02181411,-0.1090102,-0.4134401,0.5449769,0.4362627,0.5845873
1751960874986,61.26494,SteamVR Tracker (Waist),-0.5780439,0.7615286,1.227612,-0.4984122,0.4948422,0.5014878,0.5051994
1751960875028,61.30689,SteamVR Tracker (Right Foot),0.5149804,0.05411601,-0.3033481,-0.2480576,0.7415739,0.4473821,0.4340332
1751960875028,61.30689,SteamVR Tracker (Left Foot),0.6181502,0.0219903,-0.1087647,-0.4132187,0.5452652,0.4367709,0.5840955
1751960875028,61.30689,SteamVR Tracker (Waist),-0.577974,0.761187,1.227791,-0.4985571,0.4948182,0.5014696,0.505098
1751960875058,61.33888,SteamVR Tracker (Right Foot),0.5670199,0.0407939,-0.345585,-0.2467089,0.7423691,0.4439121,0.4369953
1751960875058,61.33888,SteamVR Tracker (Left Foot),0.6182771,0.02210259,-0.108849,-0.4125108,0.5460656,0.4361678,0.5842985
1751960875058,61.33888,SteamVR Tracker (Waist),-0.5781021,0.76118,1.22773,-0.4984432,0.4948779,0.5014805,0.5051412
1751960875121,61.39993,SteamVR Tracker (Right Foot),0.5613295,0.01850772,-0.3662944,-0.2604631,0.7198085,0.4663294,0.4433639
1751960875121,61.39993,SteamVR Tracker (Left Foot),0.6180351,0.02211785,-0.1090078,-0.4129327,0.5458107,0.4371467,0.5835066
1751960875121,61.39993,SteamVR Tracker (Waist),-0.5780994,0.7610841,1.227555,-0.4985206,0.4948768,0.501591,0.5049562
1751960875142,61.42218,SteamVR Tracker (Right Foot),0.5681822,0.01578116,-0.3762569,-0.2634015,0.7174058,0.4666662,0.4451644
1751960875142,61.42218,SteamVR Tracker (Left Foot),0.6178973,0.02219868,-0.1090055,-0.413034,0.5457134,0.4379784,0.582902
1751960875142,61.42218,SteamVR Tracker (Waist),-0.5779811,0.7610053,1.227608,-0.4985385,0.4949017,0.5015216,0.504983
1751960875170,61.45155,SteamVR Tracker (Right Foot),0.5741248,0.01461601,-0.3840554,-0.2661355,0.7151569,0.4655487,0.4483157
1751960875170,61.45155,SteamVR Tracker (Left Foot),0.6180553,0.02218723,-0.1087973,-0.4124227,0.545509,0.4381525,0.5833951
1751960875170,61.45155,SteamVR Tracker (Waist),-0.5780712,0.7612082,1.227553,-0.4985355,0.4950229,0.5014733,0.5049151
1751960875204,61.48397,SteamVR Tracker (Right Foot),0.5543505,0.05004048,-0.3538074,-0.2687285,0.7073487,0.474945,0.4492995
1751960875204,61.48397,SteamVR Tracker (Left Foot),0.6180944,0.02224922,-0.1086062,-0.4114075,0.5460581,0.4375366,0.5840601
1751960875204,61.48397,SteamVR Tracker (Waist),-0.5779675,0.7610511,1.227646,-0.4984643,0.4949489,0.5014962,0.5050351
1751960875242,61.52056,SteamVR Tracker (Right Foot),0.5744528,0.03666162,-0.3876045,-0.2761276,0.7019762,0.4734614,0.4547718
1751960875242,61.52056,SteamVR Tracker (Left Foot),0.6179305,0.02234697,-0.1083747,-0.4115934,0.5458823,0.4378471,0.5838607
1751960875242,61.52056,SteamVR Tracker (Waist),-0.578014,0.7611804,1.227782,-0.4985094,0.4949752,0.5014455,0.5050152
1751960875298,61.57815,SteamVR Tracker (Right Foot),0.5631911,0.03923178,-0.3659035,-0.2591851,0.7101941,0.4863991,0.4380221
1751960875298,61.57815,SteamVR Tracker (Left Foot),0.6181577,0.02250957,-0.1083097,-0.4116487,0.5456535,0.4378931,0.5840012
1751960875299,61.57815,SteamVR Tracker (Waist),-0.5779672,0.7613301,1.227686,-0.4985536,0.4950302,0.5014067,0.5049562
1751960875315,61.59699,SteamVR Tracker (Right Foot),0.5383344,0.05083036,-0.3253251,-0.2459984,0.7199149,0.4881815,0.4276521
1751960875315,61.59699,SteamVR Tracker (Left Foot),0.6180391,0.02264643,-0.1081432,-0.4116908,0.5454671,0.4380378,0.5840371
1751960875316,61.59699,SteamVR Tracker (Waist),-0.5780876,0.7614057,1.227693,-0.4985451,0.4950129,0.501417,0.5049713
1751960875349,61.62734,SteamVR Tracker (Right Foot),0.5770636,0.02026987,-0.3773225,-0.245479,0.7175263,0.4914933,0.4281712
1751960875350,61.62734,SteamVR Tracker (Left Foot),0.618058,0.0225172,-0.1084073,-0.4115578,0.5454366,0.4376929,0.5844178
1751960875350,61.62734,SteamVR Tracker (Waist),-0.5779294,0.7612723,1.227587,-0.4985827,0.4949811,0.5013345,0.5050473
1751960875385,61.66507,SteamVR Tracker (Right Foot),0.5802431,0.007151842,-0.3882191,-0.250009,0.7112261,0.4919367,0.4354898
1751960875385,61.66507,SteamVR Tracker (Left Foot),0.6180202,0.02253151,-0.1084468,-0.411861,0.5451195,0.4378173,0.5844069
1751960875385,61.66507,SteamVR Tracker (Waist),-0.5778885,0.7612482,1.227627,-0.4986078,0.4949284,0.5013094,0.5050991
1751960875414,61.69526,SteamVR Tracker (Right Foot),0.5729378,0.01203775,-0.3803532,-0.2562349,0.7077011,0.4887332,0.4411832
1751960875414,61.69526,SteamVR Tracker (Left Foot),0.6182325,0.02247453,-0.1081541,-0.4116154,0.5451525,0.4373727,0.5848817
1751960875415,61.69526,SteamVR Tracker (Waist),-0.5779133,0.7612605,1.227876,-0.4985107,0.4949734,0.5013852,0.5050757
1751960875476,61.75425,SteamVR Tracker (Right Foot),0.5662104,0.03006148,-0.3749041,-0.2603957,0.7014308,0.4924784,0.444583
1751960875476,61.75425,SteamVR Tracker (Left Foot),0.6182762,0.02252507,-0.1083207,-0.4114063,0.5453155,0.4370927,0.5850863
1751960875476,61.75425,SteamVR Tracker (Waist),-0.5778401,0.7611738,1.227689,-0.4985335,0.4949785,0.5013846,0.5050488
1751960875492,61.77332,SteamVR Tracker (Right Foot),0.5699903,0.02947521,-0.3786108,-0.2622168,0.7014089,0.4896339,0.446684
1751960875492,61.77332,SteamVR Tracker (Left Foot),0.6182935,0.02241874,-0.1083817,-0.4112488,0.5452091,0.4369327,0.5854155
1751960875492,61.77332,SteamVR Tracker (Waist),-0.577904,0.7610823,1.227733,-0.498509,0.4950849,0.5013552,0.5049979
1751960875520,61.80033,SteamVR Tracker (Right Foot),0.5713329,0.03017116,-0.3818037,-0.2645431,0.7016993,0.4866151,0.4481525
1751960875520,61.80033,SteamVR Tracker (Left Foot),0.6182268,0.02232289,-0.1082428,-0.4112046,0.5452471,0.4367078,0.585579
1751960875520,61.80033,SteamVR Tracker (Waist),-0.5779276,0.7611657,1.227701,-0.498392,0.4951255,0.5014182,0.5050108
1751960875553,61.83424,SteamVR Tracker (Right Foot),0.5713157,0.0308845,-0.3835034,-0.2682108,0.7011623,0.4820687,0.4517126
1751960875553,61.83424,SteamVR Tracker (Left Foot),0.6182992,0.02235246,-0.108434,-0.4111685,0.545279,0.4366108,0.5856469
1751960875553,61.83424,SteamVR Tracker (Waist),-0.5777575,0.7609916,1.227536,-0.4984296,0.4951544,0.5014304,0.5049334
1751960875597,61.87816,SteamVR Tracker (Right Foot),0.5686908,0.03816819,-0.3814126,-0.2692647,0.6976058,0.4874836,0.4507798
1751960875597,61.87816,SteamVR Tracker (Left Foot),0.6185145,0.02239728,-0.1083375,-0.4107895,0.5453886,0.4359762,0.5862832
1751960875597,61.87816,SteamVR Tracker (Waist),-0.5779053,0.7611346,1.227776,-0.4984292,0.4952083,0.501274,0.5050361
1751960875675,61.9536,SteamVR Tracker (Right Foot),0.571618,0.03458881,-0.3868333,-0.2743232,0.6972156,0.4800456,0.4562823
1751960875675,61.9536,SteamVR Tracker (Left Foot),0.6185621,0.02244663,-0.1083663,-0.4107859,0.5454781,0.4359178,0.586246
1751960875675,61.9536,SteamVR Tracker (Waist),-0.5779117,0.7612135,1.227487,-0.4985804,0.4951451,0.5013079,0.5049152
1751960875701,61.98132,SteamVR Tracker (Right Foot),0.526536,0.07682991,-0.3168129,-0.266995,0.6971856,0.4946444,0.4449414
1751960875701,61.98132,SteamVR Tracker (Left Foot),0.6186433,0.02240896,-0.1084279,-0.4106249,0.5455728,0.4357441,0.5863997
1751960875701,61.98132,SteamVR Tracker (Waist),-0.577952,0.7611979,1.227692,-0.4985695,0.4950305,0.5014127,0.5049343
1751960875745,62.02507,SteamVR Tracker (Right Foot),0.5537304,0.03932548,-0.3351214,-0.2483832,0.7104924,0.4991966,0.4293123
1751960875745,62.02507,SteamVR Tracker (Left Foot),0.6187538,0.02249599,-0.1082784,-0.4104765,0.545344,0.4356724,0.5867696
1751960875745,62.02507,SteamVR Tracker (Waist),-0.5780593,0.7611991,1.227722,-0.4985802,0.4950288,0.5014073,0.5049307
1751960875792,62.07241,SteamVR Tracker (Right Foot),0.5875095,0.02001333,-0.3900632,-0.2525373,0.7104079,0.493199,0.4339358
1751960875793,62.07241,SteamVR Tracker (Left Foot),0.618492,0.02223659,-0.1084899,-0.4104997,0.5453722,0.4355009,0.5868545
1751960875793,62.07241,SteamVR Tracker (Waist),-0.5779858,0.7613401,1.227471,-0.4987026,0.4949497,0.5013164,0.5049777
1751960875855,62.13447,SteamVR Tracker (Right Foot),0.574872,0.009040356,-0.3853512,-0.2589558,0.703222,0.4948753,0.4399083
1751960875855,62.13447,SteamVR Tracker (Left Foot),0.6186136,0.0221808,-0.1084248,-0.410273,0.545468,0.435127,0.5872012
1751960875855,62.13447,SteamVR Tracker (Waist),-0.5778372,0.7611736,1.227598,-0.4986655,0.4948793,0.5013641,0.5050359
1751960875880,62.15998,SteamVR Tracker (Right Foot),0.530847,0.02131009,-0.3346145,-0.2456301,0.7066851,0.5131425,0.4206505
1751960875880,62.15998,SteamVR Tracker (Left Foot),0.6187403,0.02228189,-0.1084389,-0.4101332,0.5456433,0.4346897,0.5874599
1751960875880,62.15998,SteamVR Tracker (Waist),-0.5780559,0.7611365,1.227718,-0.4985026,0.4950056,0.5013766,0.5050606
1751960875924,62.20329,SteamVR Tracker (Right Foot),0.5406514,0.01876974,-0.3264684,-0.2356415,0.7163421,0.5144789,0.4082138
1751960875924,62.20329,SteamVR Tracker (Left Foot),0.6188438,0.02239394,-0.1084369,-0.4102139,0.5454146,0.4348571,0.587492
1751960875924,62.20329,SteamVR Tracker (Waist),-0.5780175,0.7613137,1.227692,-0.4984469,0.4950781,0.5014757,0.5049462
1751960875978,62.25697,SteamVR Tracker (Right Foot),0.5959228,0.002694607,-0.3886021,-0.2373032,0.7185747,0.5024014,0.4182468
1751960875978,62.25697,SteamVR Tracker (Left Foot),0.6187851,0.02231288,-0.1085099,-0.4101624,0.5453789,0.4347587,0.5876338
1751960875978,62.25697,SteamVR Tracker (Waist),-0.5777783,0.760767,1.227587,-0.4984975,0.4950204,0.5014464,0.5049817
1751960876051,62.32955,SteamVR Tracker (Right Foot),0.5861636,-0.003834486,-0.3782184,-0.2296406,0.7235293,0.5062563,0.4092373
1751960876051,62.32955,SteamVR Tracker (Left Foot),0.6187088,0.02238798,-0.1084192,-0.4101392,0.5453762,0.4346524,0.5877312
1751960876051,62.32955,SteamVR Tracker (Waist),-0.5779946,0.7612669,1.227615,-0.4984782,0.4950309,0.5014665,0.5049706
1751960876072,62.35456,SteamVR Tracker (Right Foot),0.5823004,-0.006708145,-0.3804181,-0.2320605,0.7195526,0.5053633,0.4159325
1751960876073,62.35456,SteamVR Tracker (Left Foot),0.6187462,0.02232599,-0.1081992,-0.4102437,0.5451792,0.4348121,0.587723
1751960876073,62.35456,SteamVR Tracker (Waist),-0.5779907,0.7613242,1.22777,-0.4985776,0.4950257,0.5014038,0.5049397
1751960876103,62.38252,SteamVR Tracker (Right Foot),0.5800111,-0.004951954,-0.3780564,-0.2347267,0.7165141,0.5033051,0.4221314
1751960876103,62.38252,SteamVR Tracker (Left Foot),0.6188498,0.0222702,-0.1082926,-0.4101513,0.545133,0.4347894,0.5878471
1751960876103,62.38252,SteamVR Tracker (Waist),-0.5779154,0.7613597,1.2277,-0.4984958,0.4950124,0.5014706,0.5049673
1751960876136,62.41665,SteamVR Tracker (Right Foot),0.581061,0.006292343,-0.3670124,-0.2213449,0.7235876,0.5122057,0.4062915
1751960876136,62.41665,SteamVR Tracker (Left Foot),0.618883,0.02237129,-0.1083736,-0.4101188,0.5451276,0.4346407,0.5879848
1751960876136,62.41665,SteamVR Tracker (Waist),-0.5778513,0.7611637,1.227728,-0.4985106,0.4950447,0.5013789,0.505012
1751960876198,62.47705,SteamVR Tracker (Right Foot),0.5820873,-0.008051872,-0.3807654,-0.2326795,0.7170748,0.5039194,0.4215795
1751960876198,62.47705,SteamVR Tracker (Left Foot),0.6187785,0.02230811,-0.1083975,-0.410141,0.5449264,0.43452,0.5882447
1751960876198,62.47705,SteamVR Tracker (Waist),-0.5779271,0.7612959,1.227689,-0.4985244,0.4950345,0.501423,0.5049646
1751960876214,62.49623,SteamVR Tracker (Right Foot),0.5819389,-0.01022077,-0.3792809,-0.2347009,0.7151921,0.5022404,0.425641
1751960876214,62.49623,SteamVR Tracker (Left Foot),0.6187651,0.02237034,-0.1085044,-0.4102922,0.5447295,0.4343617,0.5884386
1751960876214,62.49623,SteamVR Tracker (Waist),-0.5779067,0.7611974,1.227559,-0.4985582,0.4950294,0.5013401,0.5050187
1751960876245,62.52557,SteamVR Tracker (Right Foot),0.5802552,-0.009762287,-0.3779653,-0.2378013,0.7132207,0.5008374,0.4288692
1751960876245,62.52557,SteamVR Tracker (Left Foot),0.6188477,0.02203941,-0.1085517,-0.4103387,0.5446959,0.4338903,0.5887851
1751960876245,62.52557,SteamVR Tracker (Waist),-0.5779854,0.7613006,1.227505,-0.4986874,0.4949698,0.5014167,0.5048734
1751960876278,62.55952,SteamVR Tracker (Right Foot),0.5805229,-0.006397247,-0.3788252,-0.2433398,0.7104546,0.4948472,0.4372257
1751960876278,62.55952,SteamVR Tracker (Left Foot),0.6193501,0.02208447,-0.1086271,-0.4099036,0.5451193,0.4322442,0.589906
1751960876278,62.55952,SteamVR Tracker (Waist),-0.5780611,0.7613894,1.2276,-0.4986518,0.4949301,0.501363,0.5050008
1751960876317,62.59636,SteamVR Tracker (Right Foot),0.54086,0.01391912,-0.3309376,-0.2367211,0.7076784,0.5132827,0.423905
1751960876317,62.59636,SteamVR Tracker (Left Foot),0.6196253,0.02191591,-0.1087852,-0.4094697,0.5454797,0.4298816,0.5915982
1751960876317,62.59636,SteamVR Tracker (Waist),-0.5778772,0.7612522,1.227798,-0.4986329,0.494992,0.5013365,0.5049852
1751960876376,62.6556,SteamVR Tracker (Right Foot),0.550125,0.0390172,-0.3124761,-0.2155143,0.7279289,0.5097479,0.4047593
1751960876376,62.6556,SteamVR Tracker (Left Foot),0.6197013,0.02193642,-0.1088768,-0.4100363,0.5452527,0.4300833,0.5912683
1751960876376,62.6556,SteamVR Tracker (Waist),-0.5779103,0.7612928,1.227819,-0.4986106,0.4949485,0.5013569,0.5050295
1751960876403,62.68201,SteamVR Tracker (Right Foot),0.5870667,0.02776837,-0.3519445,-0.2147228,0.7306204,0.5028428,0.4089463
1751960876403,62.68201,SteamVR Tracker (Left Foot),0.6197735,0.02181816,-0.1092264,-0.4100163,0.5453411,0.4290161,0.5919755
1751960876403,62.68201,SteamVR Tracker (Waist),-0.5779735,0.7612664,1.227703,-0.4985816,0.4950861,0.5013369,0.5049431
1751960876442,62.72291,SteamVR Tracker (Right Foot),0.5931627,0.01250935,-0.3672188,-0.2256599,0.7241006,0.4985605,0.4197539
1751960876442,62.72291,SteamVR Tracker (Left Foot),0.6197596,0.02171779,-0.1093399,-0.4104316,0.5447266,0.4292873,0.5920569
1751960876442,62.72291,SteamVR Tracker (Waist),-0.5780787,0.7611785,1.227715,-0.4986084,0.4951158,0.5013807,0.5048441
1751960876494,62.77408,SteamVR Tracker (Right Foot),0.5860043,0.01242304,-0.355866,-0.2315058,0.7210547,0.4982722,0.4221492
1751960876494,62.77408,SteamVR Tracker (Left Foot),0.619817,0.02167273,-0.1090882,-0.4102381,0.5450705,0.4293725,0.5918126
1751960876494,62.77408,SteamVR Tracker (Waist),-0.5778433,0.7612509,1.227644,-0.4985868,0.4950841,0.5013734,0.5049037
1751960876550,62.82911,SteamVR Tracker (Right Foot),0.5745603,-0.002355576,-0.374244,-0.2400364,0.716038,0.493855,0.4310214
1751960876550,62.82911,SteamVR Tracker (Left Foot),0.6199133,0.02173066,-0.1093114,-0.4098833,0.5452173,0.4287825,0.5923508
1751960876550,62.82911,SteamVR Tracker (Waist),-0.5779181,0.7611398,1.22751,-0.498487,0.4951909,0.5013784,0.5048924
1751960876567,62.84882,SteamVR Tracker (Right Foot),0.5757418,-0.0008683205,-0.3717286,-0.2392023,0.7158486,0.4930052,0.4327689
1751960876567,62.84882,SteamVR Tracker (Left Foot),0.6199155,0.0215838,-0.1093376,-0.4097703,0.5451019,0.4285004,0.592739
1751960876567,62.84882,SteamVR Tracker (Waist),-0.5778102,0.7609801,1.227494,-0.4985898,0.4951171,0.5013232,0.5049182
1751960876601,62.88146,SteamVR Tracker (Right Foot),0.5746351,-0.0007486343,-0.3711936,-0.2423198,0.7162367,0.489841,0.433984
1751960876601,62.88146,SteamVR Tracker (Left Foot),0.619997,0.02165461,-0.1091537,-0.4098371,0.545086,0.4282554,0.5928846
1751960876601,62.88146,SteamVR Tracker (Waist),-0.5779359,0.7610846,1.227611,-0.4985808,0.4950686,0.5013331,0.5049646
1751960876639,62.92001,SteamVR Tracker (Right Foot),0.5793388,-5.221367E-05,-0.376108,-0.2460377,0.7143695,0.4864909,0.4387121
1751960876640,62.92001,SteamVR Tracker (Left Foot),0.6200864,0.02180409,-0.1092881,-0.4102172,0.5449794,0.4284972,0.592545
1751960876640,62.92001,SteamVR Tracker (Waist),-0.5780251,0.761211,1.227643,-0.4985882,0.4951296,0.5012922,0.5049382
1751960876673,62.95395,SteamVR Tracker (Right Foot),0.583658,-0.001652241,-0.3813117,-0.2475007,0.7143728,0.4826556,0.442107
1751960876673,62.95395,SteamVR Tracker (Left Foot),0.6199331,0.02182698,-0.1094187,-0.4106596,0.5447105,0.4285885,0.5924197
1751960876673,62.95395,SteamVR Tracker (Waist),-0.5779951,0.7611325,1.227562,-0.498662,0.4950862,0.5014245,0.5047767
1751960876726,63.00633,SteamVR Tracker (Right Foot),0.5564919,0.02184606,-0.3410214,-0.2406193,0.7179291,0.4940378,0.4273253
1751960876726,63.00633,SteamVR Tracker (Left Foot),0.6198663,0.02185011,-0.1091665,-0.4116466,0.5443596,0.4291664,0.5916384
1751960876726,63.00633,SteamVR Tracker (Waist),-0.577987,0.7612273,1.227698,-0.4985387,0.4952212,0.5013765,0.5048137
1751960876749,63.03033,SteamVR Tracker (Right Foot),0.5681176,0.02332044,-0.3483501,-0.2401658,0.7203555,0.4901135,0.4280153
1751960876749,63.03033,SteamVR Tracker (Left Foot),0.6197568,0.02195024,-0.1092424,-0.4122467,0.5441455,0.4291604,0.5914218
1751960876749,63.03033,SteamVR Tracker (Waist),-0.5778596,0.7613037,1.227603,-0.4985366,0.4952229,0.5013026,0.5048873
1751960876782,63.06125,SteamVR Tracker (Right Foot),0.5838333,0.01122832,-0.3708001,-0.2429508,0.7203003,0.4844504,0.4329554
1751960876782,63.06125,SteamVR Tracker (Left Foot),0.6198063,0.02202368,-0.1094586,-0.4125545,0.5440143,0.4292119,0.5912904
1751960876782,63.06125,SteamVR Tracker (Waist),-0.57793,0.7610056,1.227688,-0.4985491,0.4951829,0.5013696,0.5048478
1751960876821,63.10133,SteamVR Tracker (Right Foot),0.5800074,0.002070427,-0.3691198,-0.2456659,0.7179399,0.48433,0.435471
1751960876821,63.10133,SteamVR Tracker (Left Foot),0.6195937,0.0218575,-0.1096163,-0.4130834,0.5436888,0.4295829,0.5909511
1751960876821,63.10133,SteamVR Tracker (Waist),-0.5779283,0.7611977,1.227571,-0.4986036,0.4951687,0.5012711,0.5049058
1751960876853,63.13424,SteamVR Tracker (Right Foot),0.5533826,0.0166409,-0.3342456,-0.2465,0.7163894,0.4936791,0.4269719
1751960876853,63.13424,SteamVR Tracker (Left Foot),0.6195848,0.0218761,-0.1094933,-0.4136526,0.5432655,0.4298178,0.5907713
1751960876853,63.13424,SteamVR Tracker (Waist),-0.5777344,0.7611834,1.227659,-0.4985381,0.4951717,0.5012735,0.5049651
1751960876908,63.18842,SteamVR Tracker (Right Foot),0.5589001,0.0321908,-0.3299486,-0.2372806,0.7270056,0.4881924,0.4205104
1751960876908,63.18842,SteamVR Tracker (Left Foot),0.6195669,0.02212477,-0.1092527,-0.414069,0.5431457,0.4299972,0.5904592
1751960876908,63.18842,SteamVR Tracker (Waist),-0.5779228,0.7612797,1.227672,-0.4985337,0.4951429,0.5011695,0.5051007
1751960876930,63.21192,SteamVR Tracker (Right Foot),0.5669947,0.0378387,-0.3313757,-0.2371008,0.7284343,0.4848938,0.4219535
1751960876930,63.21192,SteamVR Tracker (Left Foot),0.6193562,0.0222702,-0.1091233,-0.4144234,0.5428556,0.4305422,0.5900801
1751960876930,63.21192,SteamVR Tracker (Waist),-0.5780512,0.761336,1.227634,-0.4986856,0.4950584,0.5012416,0.5049621
1751960876962,63.24303,SteamVR Tracker (Right Foot),0.5774099,0.03870821,-0.3334078,-0.237771,0.728317,0.4818455,0.4252578
1751960876962,63.24303,SteamVR Tracker (Left Foot),0.6188669,0.02250886,-0.1082639,-0.4130584,0.5417346,0.4331914,0.5901284
1751960876962,63.24303,SteamVR Tracker (Waist),-0.5781293,0.7613565,1.227533,-0.498592,0.4949741,0.5012974,0.5050818
1751960876995,63.27623,SteamVR Tracker (Right Foot),0.5749704,0.03118205,-0.3395384,-0.2421447,0.7267283,0.4802305,0.4273296
1751960876995,63.27623,SteamVR Tracker (Left Foot),0.6185073,0.02289081,-0.1070054,-0.4117337,0.5401969,0.4347049,0.5913497
1751960876995,63.27623,SteamVR Tracker (Waist),-0.5778863,0.7611537,1.227693,-0.4984594,0.4950625,0.5013458,0.505078
1751960877032,63.31203,SteamVR Tracker (Right Foot),0.5589176,-6.318092E-05,-0.3516818,-0.249074,0.7230458,0.4808001,0.4289502
1751960877032,63.31203,SteamVR Tracker (Left Foot),0.6182599,0.0237937,-0.1044864,-0.4128733,0.5360706,0.435024,0.5940692
1751960877032,63.31203,SteamVR Tracker (Waist),-0.5779197,0.7612664,1.227683,-0.4984402,0.4951657,0.5013221,0.5050194
1751960877098,63.37559,SteamVR Tracker (Right Foot),0.5570351,0.001291037,-0.3484791,-0.2519408,0.7202801,0.4803161,0.4324568
1751960877098,63.37559,SteamVR Tracker (Left Foot),0.6170363,0.02408028,-0.09575051,-0.4251674,0.5196149,0.4202534,0.6104262
1751960877098,63.37559,SteamVR Tracker (Waist),-0.5779175,0.7610679,1.227644,-0.4984286,0.4951543,0.5014012,0.5049634
1751960877117,63.39867,SteamVR Tracker (Right Foot),0.5580173,0.002310753,-0.3482662,-0.2535581,0.7179974,0.4805313,0.4350606
1751960877118,63.39867,SteamVR Tracker (Left Foot),0.6143067,0.02465105,-0.08134305,-0.4425253,0.4905635,0.4000927,0.635173
1751960877118,63.39867,SteamVR Tracker (Waist),-0.5778271,0.7610332,1.227692,-0.4985076,0.4950985,0.5013983,0.5049431
1751960877147,63.42748,SteamVR Tracker (Right Foot),0.5582587,0.002752781,-0.3487374,-0.2550088,0.7171124,0.4796936,0.4365941
1751960877148,63.42748,SteamVR Tracker (Left Foot),0.6120006,0.02445936,-0.07056296,-0.4526873,0.4724643,0.3867364,0.649836
1751960877148,63.42748,SteamVR Tracker (Waist),-0.5780071,0.7611063,1.227686,-0.4985439,0.4950369,0.5014773,0.5048891
1751960877184,63.46282,SteamVR Tracker (Right Foot),0.5591697,0.004269838,-0.348052,-0.2587282,0.7160147,0.4782222,0.4378198
1751960877184,63.46282,SteamVR Tracker (Left Foot),0.6096191,0.02412891,-0.05826926,-0.45405,0.4710128,0.3810456,0.6532915
1751960877184,63.46282,SteamVR Tracker (Waist),-0.5779023,0.7611027,1.227607,-0.4984497,0.4951353,0.5014502,0.5049126
1751960877238,63.51838,SteamVR Tracker (Right Foot),0.5583293,0.005812407,-0.3468504,-0.2627897,0.7139205,0.4777732,0.4393085
1751960877238,63.51838,SteamVR Tracker (Left Foot),0.6073362,0.02391005,-0.04613972,-0.4522694,0.4772482,0.379385,0.6509635
1751960877238,63.51838,SteamVR Tracker (Waist),-0.5779628,0.7612797,1.227677,-0.498438,0.4952198,0.5014395,0.5048519
1751960877257,63.53873,SteamVR Tracker (Right Foot),0.5586647,0.005273342,-0.3472469,-0.2645328,0.7133324,0.4775265,0.4394858
1751960877257,63.53873,SteamVR Tracker (Left Foot),0.6043652,0.02377725,-0.03008837,-0.4534606,0.4754834,0.373682,0.6547143
1751960877258,63.53873,SteamVR Tracker (Waist),-0.5777302,0.7610151,1.227754,-0.4984379,0.4951952,0.5014784,0.5048375
1751960877290,63.5692,SteamVR Tracker (Right Foot),0.5594003,0.004967451,-0.34759,-0.2635301,0.7132108,0.4770851,0.4407631
1751960877290,63.5692,SteamVR Tracker (Left Foot),0.602688,0.02363133,-0.01716673,-0.4563361,0.4722518,0.3695008,0.6574228
1751960877290,63.5692,SteamVR Tracker (Waist),-0.5779696,0.7611998,1.227648,-0.4985249,0.4950908,0.5014659,0.5048665
1751960877326,63.6062,SteamVR Tracker (Right Foot),0.5592396,0.00547123,-0.3467567,-0.2647601,0.7119431,0.4775978,0.4415195
1751960877326,63.6062,SteamVR Tracker (Left Foot),0.6014565,0.02339911,-0.001607955,-0.4610325,0.4652584,0.3675925,0.6601966
1751960877326,63.6062,SteamVR Tracker (Waist),-0.5780941,0.7613024,1.227586,-0.4984688,0.4951249,0.5014045,0.5049493
1751960877361,63.64068,SteamVR Tracker (Right Foot),0.559953,0.005668879,-0.3474692,-0.2645378,0.7117799,0.4774145,0.4421138
1751960877361,63.64068,SteamVR Tracker (Left Foot),0.6010211,0.02340484,0.01601821,-0.4677796,0.4538143,0.3617284,0.6666238
1751960877361,63.64068,SteamVR Tracker (Waist),-0.578024,0.7613474,1.227591,-0.4985268,0.4950544,0.5013961,0.5049695
1751960877418,63.69646,SteamVR Tracker (Right Foot),0.5597602,0.005308628,-0.3469482,-0.2662812,0.7100005,0.4773514,0.4439925
1751960877418,63.69646,SteamVR Tracker (Left Foot),0.6023003,0.02363801,0.03179067,-0.4741303,0.4428326,0.3562521,0.6724464
1751960877418,63.69646,SteamVR Tracker (Waist),-0.5778298,0.7612209,1.2276,-0.4984219,0.4951089,0.5012986,0.5051164
1751960877441,63.72219,SteamVR Tracker (Right Foot),0.5603873,0.005067825,-0.3483233,-0.2668697,0.7104725,0.475962,0.4443754
1751960877441,63.72219,SteamVR Tracker (Left Foot),0.6033618,0.02359605,0.05267477,-0.4827588,0.436051,0.3497571,0.6741465
1751960877441,63.72219,SteamVR Tracker (Waist),-0.5779015,0.7611856,1.227612,-0.4984543,0.4951023,0.5013109,0.5050786
1751960877489,63.76809,SteamVR Tracker (Right Foot),0.5609686,0.005668163,-0.3479705,-0.2672626,0.7095484,0.4765085,0.4450298
1751960877489,63.76809,SteamVR Tracker (Left Foot),0.6030991,0.02292609,0.06394678,-0.4782297,0.4314212,0.3567528,0.6766828
1751960877489,63.76809,SteamVR Tracker (Waist),-0.577881,0.7611985,1.227747,-0.4984587,0.4950984,0.5013567,0.5050327
1751960877538,63.81861,SteamVR Tracker (Right Foot),0.5605325,0.005434036,-0.3473461,-0.2676665,0.7098421,0.4746456,0.4463074
1751960877539,63.81861,SteamVR Tracker (Left Foot),0.6022872,0.02287412,0.06665426,-0.4786676,0.4285226,0.3598748,0.6765618
1751960877539,63.81861,SteamVR Tracker (Waist),-0.5779982,0.7613379,1.227643,-0.4984602,0.4950422,0.5013903,0.5050529
1751960877614,63.8927,SteamVR Tracker (Right Foot),0.56045,0.005782843,-0.3469558,-0.2683058,0.7087814,0.4747023,0.4475473
1751960877614,63.8927,SteamVR Tracker (Left Foot),0.6024383,0.02280474,0.06375438,-0.4779738,0.4301747,0.3579902,0.6770036
1751960877614,63.8927,SteamVR Tracker (Waist),-0.5778911,0.7610824,1.227629,-0.4985006,0.4951018,0.5012493,0.5050946
1751960877636,63.91729,SteamVR Tracker (Right Foot),0.5605389,0.005647659,-0.3472034,-0.2668768,0.7071924,0.4761352,0.4493896
1751960877636,63.91729,SteamVR Tracker (Left Foot),0.6024082,0.02293348,0.06603104,-0.4775334,0.430597,0.3562903,0.6779421
1751960877636,63.91729,SteamVR Tracker (Waist),-0.5778319,0.7609363,1.227801,-0.4983888,0.4951759,0.5013072,0.5050748
1751960877665,63.94468,SteamVR Tracker (Right Foot),0.5607557,0.00540185,-0.3472439,-0.2656977,0.7054623,0.4792585,0.4494875
1751960877666,63.94468,SteamVR Tracker (Left Foot),0.603072,0.0229733,0.07017434,-0.4742726,0.4360971,0.3551699,0.6773028
1751960877666,63.94468,SteamVR Tracker (Waist),-0.5778182,0.7610224,1.22779,-0.4984448,0.4951735,0.5013067,0.5050226
1751960877703,63.98302,SteamVR Tracker (Right Foot),0.5600244,0.005585194,-0.3466052,-0.2655282,0.7047179,0.4800287,0.4499333
1751960877703,63.98302,SteamVR Tracker (Left Foot),0.6056125,0.02322602,0.08480674,-0.4622283,0.467026,0.3566606,0.6640971
1751960877703,63.98302,SteamVR Tracker (Waist),-0.5781039,0.7611324,1.22764,-0.4984274,0.4952708,0.5013385,0.5049126
1751960877759,64.03995,SteamVR Tracker (Right Foot),0.5596735,0.005114794,-0.345962,-0.264859,0.7025044,0.4828833,0.450734
1751960877759,64.03995,SteamVR Tracker (Left Foot),0.6050177,0.02361608,0.1088215,-0.4680602,0.4516944,0.3483599,0.6749351
1751960877759,64.03995,SteamVR Tracker (Waist),-0.5780734,0.7613446,1.227469,-0.4984017,0.4952181,0.5013298,0.5049983
1751960877780,64.06002,SteamVR Tracker (Right Foot),0.56036,0.006195545,-0.3456976,-0.2634498,0.6999949,0.4865481,0.4515221
1751960877780,64.06002,SteamVR Tracker (Left Foot),0.604851,0.02381802,0.1390421,-0.4730283,0.4457543,0.326768,0.6861268
1751960877780,64.06002,SteamVR Tracker (Waist),-0.5780294,0.7615176,1.227461,-0.4983203,0.4952434,0.5013455,0.5050383
1751960877808,64.09021,SteamVR Tracker (Right Foot),0.5608323,0.005875826,-0.3458607,-0.2628071,0.6997179,0.4861306,0.4527741
1751960877809,64.09021,SteamVR Tracker (Left Foot),0.604033,0.02259684,0.1594042,-0.4694116,0.4245198,0.3288327,0.7009313
1751960877809,64.09021,SteamVR Tracker (Waist),-0.5778214,0.7612543,1.227679,-0.4983591,0.4950925,0.5013473,0.505146
1751960877854,64.13427,SteamVR Tracker (Right Foot),0.5598563,0.005624771,-0.345922,-0.2641561,0.6982614,0.4880615,0.4521599
1751960877854,64.13427,SteamVR Tracker (Left Foot),0.6018174,0.02309823,0.1939208,-0.4781877,0.4131193,0.3152354,0.7080224
1751960877854,64.13427,SteamVR Tracker (Waist),-0.5778103,0.7610563,1.227706,-0.4983515,0.495062,0.5012413,0.5052887
1751960877916,64.19692,SteamVR Tracker (Right Foot),0.5602942,0.005707264,-0.3449163,-0.2631868,0.6977295,0.4885092,0.453062
1751960877917,64.19692,SteamVR Tracker (Left Foot),0.6020193,0.02350688,0.2306001,-0.4896348,0.4042236,0.3016359,0.7112503
1751960877917,64.19692,SteamVR Tracker (Waist),-0.5778981,0.7611039,1.227666,-0.4984204,0.4950669,0.5013037,0.505154
1751960877947,64.22701,SteamVR Tracker (Right Foot),0.5604908,0.006016731,-0.3451768,-0.2624503,0.6967672,0.4898892,0.4534799
1751960877947,64.22701,SteamVR Tracker (Left Foot),0.5993926,0.0232985,0.2627906,-0.4929613,0.3945114,0.3060488,0.7125196
1751960877947,64.22701,SteamVR Tracker (Waist),-0.5779439,0.7612499,1.227662,-0.4984311,0.4951805,0.501209,0.5051261
1751960877994,64.27262,SteamVR Tracker (Right Foot),0.5603919,0.005636215,-0.3442621,-0.2600179,0.6938164,0.4939226,0.4550274
1751960877994,64.27262,SteamVR Tracker (Left Foot),0.5984643,0.02255845,0.2881545,-0.4897243,0.4053112,0.3185214,0.7031622
1751960877994,64.27262,SteamVR Tracker (Waist),-0.5779524,0.7612683,1.227491,-0.4984387,0.4951605,0.5013477,0.5050006
1751960878037,64.31587,SteamVR Tracker (Right Foot),0.5606481,0.005165339,-0.3441596,-0.2598928,0.6938247,0.4940009,0.4550014
1751960878037,64.31587,SteamVR Tracker (Left Foot),0.5974733,0.02127695,0.3000957,-0.4692431,0.4347386,0.3558337,0.6813191
1751960878037,64.31587,SteamVR Tracker (Waist),-0.5779452,0.7612416,1.227594,-0.4984318,0.495198,0.5013325,0.5049857
1751960878106,64.38602,SteamVR Tracker (Right Foot),0.5604457,0.005110025,-0.3440611,-0.2599722,0.6928867,0.4948992,0.4554089
1751960878106,64.38602,SteamVR Tracker (Left Foot),0.5965414,0.02107501,0.3084956,-0.4484313,0.4791642,0.3879782,0.6471353
1751960878106,64.38602,SteamVR Tracker (Waist),-0.5778997,0.7612752,1.227562,-0.4984103,0.4952754,0.5013754,0.5048882
1751960878130,64.41062,SteamVR Tracker (Right Foot),0.5598048,0.004635572,-0.344867,-0.2596453,0.692312,0.4956697,0.4556315
1751960878130,64.41062,SteamVR Tracker (Left Foot),0.597174,0.02086639,0.3136054,-0.4188259,0.5234947,0.4155505,0.6146999
1751960878130,64.41062,SteamVR Tracker (Waist),-0.5779512,0.7612534,1.227591,-0.4985042,0.495197,0.5013152,0.5049323
1751960878162,64.44179,SteamVR Tracker (Right Foot),0.5388972,0.00577879,-0.3100142,-0.2631038,0.6866344,0.5020958,0.4552028
1751960878162,64.44179,SteamVR Tracker (Left Foot),0.5960166,0.02087784,0.3118936,-0.4051416,0.5443776,0.4318052,0.5941866
1751960878162,64.44179,SteamVR Tracker (Waist),-0.5779185,0.7613626,1.227758,-0.4984545,0.4951596,0.5013484,0.5049851
1751960878196,64.47661,SteamVR Tracker (Right Foot),0.5771358,-0.008237362,-0.3529341,-0.2563483,0.6935064,0.4964491,0.4548326
1751960878196,64.47661,SteamVR Tracker (Left Foot),0.5946894,0.02080917,0.3123882,-0.3989318,0.5504307,0.4420704,0.5851951
1751960878196,64.47661,SteamVR Tracker (Waist),-0.5779647,0.7611858,1.227692,-0.4984511,0.4951613,0.5013156,0.5050194
1751960878257,64.53637,SteamVR Tracker (Right Foot),0.594496,-0.03603411,-0.375277,-0.2457325,0.6934986,0.5080186,0.4478756
1751960878258,64.53637,SteamVR Tracker (Left Foot),0.5956803,0.02024269,0.3091456,-0.4166524,0.5313242,0.4224478,0.6046762
1751960878258,64.53637,SteamVR Tracker (Waist),-0.5779054,0.7609812,1.227623,-0.4984739,0.4951568,0.5013437,0.5049733
1751960878284,64.56295,SteamVR Tracker (Right Foot),0.5918573,-0.04359221,-0.3770511,-0.2366599,0.689562,0.5119157,0.4543551
1751960878284,64.56295,SteamVR Tracker (Left Foot),0.5960757,0.01978207,0.3083064,-0.4167598,0.5313917,0.4177731,0.6077827
1751960878284,64.56295,SteamVR Tracker (Waist),-0.5779352,0.7610645,1.227689,-0.4985629,0.4950863,0.5012952,0.5050027
1751960878309,64.5903,SteamVR Tracker (Right Foot),0.5835335,-0.03646684,-0.3675232,-0.2241669,0.6823223,0.5179722,0.4646401
1751960878309,64.5903,SteamVR Tracker (Left Foot),0.5947471,0.02001905,0.3089796,-0.4169496,0.5306129,0.4256368,0.6028568
1751960878309,64.5903,SteamVR Tracker (Waist),-0.5778476,0.761188,1.22769,-0.498517,0.4950359,0.5013106,0.5050821
1751960878343,64.62253,SteamVR Tracker (Right Foot),0.5921428,-0.03130794,-0.3640866,-0.1774752,0.6780917,0.5330428,0.4738772
1751960878343,64.62253,SteamVR Tracker (Left Foot),0.5945727,0.01987982,0.3082801,-0.4181623,0.5335305,0.4270625,0.5984172
1751960878343,64.62253,SteamVR Tracker (Waist),-0.5777947,0.7610836,1.227659,-0.4986319,0.4949533,0.5013131,0.5050472
1751960878376,64.65701,SteamVR Tracker (Right Foot),0.5902194,-0.01991057,-0.3507289,-0.1289781,0.7361212,0.5491168,0.3741135
1751960878376,64.65701,SteamVR Tracker (Left Foot),0.5952106,0.01957512,0.3078331,-0.4154303,0.5366502,0.4251051,0.5989239
1751960878376,64.65701,SteamVR Tracker (Waist),-0.5780052,0.7612995,1.227546,-0.4987586,0.4949506,0.5012658,0.5049716
1751960878433,64.71375,SteamVR Tracker (Right Foot),0.5902263,-0.01758075,-0.3087888,-0.1661114,0.7347361,0.5384113,0.3777341
1751960878434,64.71375,SteamVR Tracker (Left Foot),0.5950385,0.01958752,0.3073832,-0.4152121,0.538047,0.4231504,0.5992064
1751960878434,64.71375,SteamVR Tracker (Waist),-0.5777032,0.7610922,1.227729,-0.4987898,0.4948916,0.5013222,0.5049427
1751960878449,64.73006,SteamVR Tracker (Right Foot),0.5994928,-0.01961184,-0.2670755,-0.1926243,0.7102316,0.5293861,0.4221579
1751960878449,64.73006,SteamVR Tracker (Left Foot),0.5955794,0.01933646,0.306942,-0.4148765,0.5389735,0.4208718,0.6002101
1751960878449,64.73006,SteamVR Tracker (Waist),-0.5776566,0.7609464,1.227748,-0.4987199,0.4949268,0.5012723,0.5050268
1751960878481,64.7618,SteamVR Tracker (Right Foot),0.5986321,-0.01310277,-0.2473091,-0.2276048,0.7238625,0.5059313,0.410186
1751960878481,64.7618,SteamVR Tracker (Left Foot),0.5954761,0.01985908,0.3064298,-0.4127489,0.538824,0.4206945,0.6019329
1751960878482,64.7618,SteamVR Tracker (Waist),-0.5781156,0.7611933,1.227653,-0.498769,0.4946979,0.5014494,0.5050268
1751960878518,64.79831,SteamVR Tracker (Right Foot),0.600595,-0.01343107,-0.2241609,-0.2200421,0.7332265,0.5065277,0.3967242
1751960878518,64.79831,SteamVR Tracker (Left Foot),0.5955056,0.02054214,0.3066155,-0.4117786,0.5393439,0.4204437,0.6023071
1751960878518,64.79831,SteamVR Tracker (Waist),-0.577942,0.7613727,1.227741,-0.4986258,0.4948895,0.5013809,0.5050485
1751960878551,64.83118,SteamVR Tracker (Right Foot),0.6044002,-0.01416492,-0.198053,-0.2300708,0.7348627,0.4977406,0.3991223
1751960878551,64.83118,SteamVR Tracker (Left Foot),0.5953862,0.02058125,0.3073908,-0.4112453,0.5372343,0.422843,0.6028768
1751960878551,64.83118,SteamVR Tracker (Waist),-0.5779567,0.7614338,1.22764,-0.4984752,0.4949954,0.5014142,0.5050603
1751960878607,64.88702,SteamVR Tracker (Right Foot),0.6108581,-0.01306891,-0.1725127,-0.2464819,0.7158521,0.4899271,0.4321734
1751960878607,64.88702,SteamVR Tracker (Left Foot),0.5949924,0.02078271,0.3073258,-0.410845,0.5357649,0.4255189,0.6025746
1751960878608,64.88702,SteamVR Tracker (Waist),-0.5778508,0.761167,1.227576,-0.4985032,0.4949127,0.5013322,0.5051951
1751960878626,64.90759,SteamVR Tracker (Right Foot),0.6152301,-0.0134995,-0.136858,-0.2658813,0.700752,0.4790073,0.4569528
1751960878626,64.90759,SteamVR Tracker (Left Foot),0.5949452,0.02085686,0.3074299,-0.4109162,0.5358672,0.4250596,0.6027592
1751960878626,64.90759,SteamVR Tracker (Waist),-0.5780278,0.7612967,1.227422,-0.4985219,0.4949403,0.5012386,0.5052425
1751960878663,64.94321,SteamVR Tracker (Right Foot),0.6149616,-0.01441312,-0.1202465,-0.2626921,0.7027687,0.479766,0.4548997
1751960878663,64.94321,SteamVR Tracker (Left Foot),0.5946171,0.02067661,0.3076351,-0.4129414,0.5362231,0.4251406,0.600999
1751960878663,64.94321,SteamVR Tracker (Waist),-0.5779982,0.7614734,1.227389,-0.4985114,0.494849,0.5013484,0.5052333
1751960878695,64.97629,SteamVR Tracker (Right Foot),0.6131532,-0.01367354,-0.104961,-0.2596693,0.7131976,0.4811015,0.4387054
1751960878695,64.97629,SteamVR Tracker (Left Foot),0.5944775,0.02080274,0.3084878,-0.4130458,0.5363757,0.4280764,0.5987027
1751960878695,64.97629,SteamVR Tracker (Waist),-0.5779927,0.7614495,1.227634,-0.4984918,0.4948468,0.5013896,0.5052139
1751960878731,65.01048,SteamVR Tracker (Right Foot),0.6152433,-0.01410627,-0.08770847,-0.2667387,0.7070631,0.4759592,0.4498613
1751960878731,65.01048,SteamVR Tracker (Left Foot),0.5945648,0.02019691,0.308448,-0.4149951,0.537259,0.4272633,0.5971415
1751960878731,65.01048,SteamVR Tracker (Waist),-0.5778511,0.7610822,1.227505,-0.4985994,0.4948532,0.5014752,0.5050164
1751960878780,65.06091,SteamVR Tracker (Right Foot),0.6147087,-0.01523161,-0.06959057,-0.2839061,0.6891921,0.4632458,0.4793903
1751960878780,65.06091,SteamVR Tracker (Left Foot),0.5947073,0.02026796,0.3089488,-0.4142177,0.5361034,0.4287547,0.5976508
1751960878780,65.06091,SteamVR Tracker (Waist),-0.5778577,0.760956,1.22753,-0.4984503,0.4949419,0.5014208,0.5051306
1751960878806,65.08745,SteamVR Tracker (Right Foot),0.6124679,-0.01532888,-0.05023366,-0.2950852,0.6777272,0.4557109,0.4959215
1751960878806,65.08745,SteamVR Tracker (Left Foot),0.5945687,0.02009439,0.3096266,-0.4135228,0.5351467,0.4305329,0.597711
1751960878806,65.08745,SteamVR Tracker (Waist),-0.5779189,0.7612255,1.227515,-0.498466,0.4949284,0.5013856,0.5051633
1751960878844,65.12335,SteamVR Tracker (Right Foot),0.6097741,-0.01410747,-0.04191887,-0.2985275,0.6773026,0.4520287,0.4978077
1751960878844,65.12335,SteamVR Tracker (Left Foot),0.5950557,0.01959133,0.3097013,-0.4096721,0.5358138,0.4284051,0.6012832
1751960878844,65.12335,SteamVR Tracker (Waist),-0.5779477,0.7612758,1.227578,-0.4985023,0.4949989,0.5014573,0.5049874
1751960878875,65.15482,SteamVR Tracker (Right Foot),0.6083977,-0.01461744,-0.0296343,-0.3060365,0.668924,0.4461019,0.5097798
1751960878875,65.15482,SteamVR Tracker (Left Foot),0.5951728,0.01960492,0.3098539,-0.4089705,0.5359567,0.4279119,0.6019843
1751960878875,65.15482,SteamVR Tracker (Waist),-0.5780002,0.7614998,1.227527,-0.4984674,0.4949742,0.5013798,0.5051228
1751960878909,65.18932,SteamVR Tracker (Right Foot),0.6062687,-0.01517797,-0.01779538,-0.3145742,0.6564071,0.439782,0.5260843
1751960878909,65.18932,SteamVR Tracker (Left Foot),0.5951556,0.01964903,0.3101933,-0.4084669,0.5357907,0.4281789,0.602284
1751960878909,65.18932,SteamVR Tracker (Waist),-0.5778297,0.761144,1.227606,-0.4984339,0.4950647,0.5013707,0.5050762
1751960878965,65.24425,SteamVR Tracker (Right Foot),0.6008989,-0.01477432,-0.008244038,-0.320706,0.6523307,0.4330996,0.5329512
1751960878966,65.24425,SteamVR Tracker (Left Foot),0.5954139,0.01953411,0.3100279,-0.4082708,0.5360661,0.4267648,0.6031749
1751960878966,65.24425,SteamVR Tracker (Waist),-0.5779345,0.7611544,1.227624,-0.4984245,0.495055,0.5014673,0.5049992
1751960878986,65.26688,SteamVR Tracker (Right Foot),0.5948305,-0.01656008,0.007918954,-0.3290841,0.6424274,0.4265496,0.5450192
1751960878986,65.26688,SteamVR Tracker (Left Foot),0.5954714,0.01944661,0.3099672,-0.4078355,0.5359415,0.4256787,0.6043465
1751960878986,65.26688,SteamVR Tracker (Waist),-0.5779967,0.7612872,1.22751,-0.4984511,0.495034,0.5014929,0.5049682
1751960879018,65.29881,SteamVR Tracker (Right Foot),0.5898167,-0.01669645,0.01500589,-0.3323776,0.6381624,0.4244097,0.549682
1751960879018,65.29881,SteamVR Tracker (Left Foot),0.5953262,0.01943994,0.3101379,-0.4076712,0.5359799,0.4262277,0.6040363
1751960879018,65.29881,SteamVR Tracker (Waist),-0.5778867,0.7613962,1.227502,-0.4984666,0.4950843,0.5014934,0.504903
1751960879051,65.33147,SteamVR Tracker (Right Foot),0.5854283,-0.008219004,0.01874703,-0.3306983,0.6411248,0.4273279,0.5449667
1751960879052,65.33147,SteamVR Tracker (Left Foot),0.5958727,0.01923132,0.3098447,-0.4064605,0.536516,0.424256,0.6057619
1751960879052,65.33147,SteamVR Tracker (Waist),-0.5778089,0.7611582,1.227667,-0.4986137,0.4950778,0.501357,0.5048995
1751960879086,65.3656,SteamVR Tracker (Right Foot),0.5827167,-0.006998777,0.01648968,-0.3309635,0.6411217,0.4313304,0.5416459
1751960879087,65.3656,SteamVR Tracker (Left Foot),0.5958956,0.01912975,0.3098878,-0.4070795,0.5354369,0.4244374,0.6061738
1751960879087,65.3656,SteamVR Tracker (Waist),-0.578028,0.7613089,1.227537,-0.4985487,0.4950771,0.5013847,0.504937
1751960879143,65.42313,SteamVR Tracker (Right Foot),0.5842552,-0.003908873,0.01135021,-0.3321544,0.6435048,0.4289607,0.5399703
1751960879143,65.42313,SteamVR Tracker (Left Foot),0.5956891,0.019315,0.3099189,-0.4077203,0.5349007,0.4249172,0.6058801
1751960879143,65.42313,SteamVR Tracker (Waist),-0.5778841,0.7613329,1.227515,-0.4985262,0.4950569,0.5013945,0.5049693
1751960879161,65.44243,SteamVR Tracker (Right Foot),0.583842,-0.004055738,0.01006544,-0.3345369,0.6448874,0.4269001,0.5384809
1751960879162,65.44243,SteamVR Tracker (Left Foot),0.5956825,0.01939273,0.3098999,-0.4083071,0.5343385,0.4254303,0.6056211
1751960879162,65.44243,SteamVR Tracker (Waist),-0.5778829,0.7613173,1.22759,-0.4984769,0.495099,0.5014437,0.5049277
1751960879192,65.47382,SteamVR Tracker (Right Foot),0.5838279,-0.002821207,0.008826971,-0.3351906,0.6449931,0.4265443,0.5382298
1751960879192,65.47382,SteamVR Tracker (Left Foot),0.5953922,0.01933026,0.3096622,-0.4085475,0.5343822,0.4257962,0.605163
1751960879192,65.47382,SteamVR Tracker (Waist),-0.5779074,0.7612983,1.227419,-0.4985362,0.4950288,0.501416,0.5049656
1751960879225,65.50507,SteamVR Tracker (Right Foot),0.583995,-0.003094673,0.008062303,-0.334446,0.6454002,0.4262968,0.538401
1751960879225,65.50507,SteamVR Tracker (Left Foot),0.5953819,0.01952672,0.3096155,-0.408755,0.5339271,0.4264697,0.6049502
1751960879225,65.50507,SteamVR Tracker (Waist),-0.5777894,0.7612052,1.227699,-0.4984866,0.494997,0.5015091,0.5049533
1751960879249,65.53044,SteamVR Tracker (Right Foot),0.5827483,-0.003190041,0.008979619,-0.3356567,0.6452094,0.4269313,0.5373725
1751960879249,65.53044,SteamVR Tracker (Left Foot),0.5952393,0.01969123,0.3097986,-0.4093384,0.533664,0.4271972,0.6042743
1751960879250,65.53044,SteamVR Tracker (Waist),-0.5779308,0.761408,1.227594,-0.4985498,0.495031,0.5013322,0.5050331
1751960879305,65.58439,SteamVR Tracker (Right Foot),0.5833471,-0.002855778,0.007313609,-0.3374584,0.6449462,0.4258423,0.5374241
1751960879306,65.58439,SteamVR Tracker (Left Foot),0.5950516,0.01994705,0.3099341,-0.4103417,0.532625,0.4286112,0.6035087
1751960879306,65.58439,SteamVR Tracker (Waist),-0.5779744,0.7613958,1.227428,-0.4985785,0.4949085,0.5015581,0.5049006
1751960879322,65.60374,SteamVR Tracker (Right Foot),0.5825299,-0.001919985,0.006008089,-0.3409201,0.644713,0.4255262,0.5357668
1751960879323,65.60374,SteamVR Tracker (Left Foot),0.5946459,0.02017069,0.3101903,-0.4116084,0.5312369,0.4305691,0.6024751
1751960879323,65.60374,SteamVR Tracker (Waist),-0.5780106,0.7613744,1.227488,-0.4985635,0.4949363,0.5014696,0.5049762
1751960879356,65.63811,SteamVR Tracker (Right Foot),0.5818789,-0.0007991791,0.005585134,-0.3451968,0.6454527,0.4268039,0.5311011
1751960879356,65.63811,SteamVR Tracker (Left Foot),0.5944808,0.02033687,0.3106062,-0.4123291,0.5300658,0.4313695,0.6024412
1751960879356,65.63811,SteamVR Tracker (Waist),-0.5777643,0.7612433,1.227608,-0.4985079,0.4950026,0.5013974,0.5050375
1751960879392,65.67182,SteamVR Tracker (Right Foot),0.5818499,-0.001027822,0.004992545,-0.3433679,0.6477778,0.4281238,0.5283867
1751960879392,65.67182,SteamVR Tracker (Left Foot),0.5945052,0.02020597,0.3104544,-0.4127257,0.5300373,0.430614,0.6027352
1751960879392,65.67182,SteamVR Tracker (Waist),-0.5780115,0.7613115,1.227544,-0.4984746,0.4949213,0.501456,0.505092
1751960879421,65.7026,SteamVR Tracker (Right Foot),0.5822597,-0.001152992,0.003574669,-0.3405146,0.6502244,0.42873,0.526734
1751960879421,65.7026,SteamVR Tracker (Left Foot),0.5945855,0.02022028,0.3101658,-0.4125588,0.5298305,0.4298215,0.6035963
1751960879421,65.7026,SteamVR Tracker (Waist),-0.5778449,0.7611846,1.227518,-0.4984528,0.4949034,0.5014679,0.5051193
1751960879509,65.78715,SteamVR Tracker (Right Foot),0.5813692,-0.00128746,0.001821876,-0.3379895,0.6536163,0.4343435,0.5195138
1751960879509,65.78715,SteamVR Tracker (Left Foot),0.5948623,0.02000833,0.310086,-0.4123357,0.5297381,0.4285939,0.6047017
1751960879509,65.78715,SteamVR Tracker (Waist),-0.5779082,0.7613244,1.227515,-0.4984248,0.4949383,0.5014923,0.5050885
1751960879525,65.80684,SteamVR Tracker (Right Foot),0.5809211,-0.001740694,-0.001886368,-0.3328115,0.6596081,0.4410203,0.5095635
1751960879525,65.80684,SteamVR Tracker (Left Foot),0.5953426,0.01984119,0.3099996,-0.4120073,0.5297452,0.4269237,0.6060992
1751960879525,65.80684,SteamVR Tracker (Waist),-0.5781373,0.7614622,1.227448,-0.4985007,0.4949381,0.5014779,0.5050281
1751960879556,65.83723,SteamVR Tracker (Right Foot),0.5819358,-0.002475262,-0.001842797,-0.3312589,0.6591013,0.4418229,0.5105345
1751960879556,65.83723,SteamVR Tracker (Left Foot),0.5954337,0.01966286,0.309783,-0.4115198,0.5301223,0.4258263,0.6068721
1751960879556,65.83723,SteamVR Tracker (Waist),-0.5779437,0.7612368,1.227496,-0.4984542,0.4949726,0.5014099,0.5051076
1751960879592,65.87243,SteamVR Tracker (Right Foot),0.580457,-0.001638651,0.0003703833,-0.332058,0.6564303,0.4394067,0.5155178
1751960879593,65.87243,SteamVR Tracker (Left Foot),0.5958084,0.01944327,0.3094186,-0.4106466,0.5309859,0.4236932,0.6082001
1751960879593,65.87243,SteamVR Tracker (Waist),-0.5779065,0.7614269,1.227529,-0.4984331,0.4949384,0.5014115,0.5051604
1751960879648,65.92811,SteamVR Tracker (Right Foot),0.5816386,-0.00122118,8.845329E-05,-0.3309537,0.6571184,0.4375781,0.5169048
1751960879648,65.92811,SteamVR Tracker (Left Foot),0.5959324,0.01943779,0.309436,-0.4098694,0.5310577,0.4234295,0.6088451
1751960879648,65.92811,SteamVR Tracker (Waist),-0.5779995,0.7612931,1.227571,-0.498415,0.4950041,0.5013342,0.5051907
1751960879678,65.95896,SteamVR Tracker (Right Foot),0.5815919,-0.001199245,0.0004312992,-0.3291996,0.6576452,0.4378142,0.5171549
1751960879678,65.95896,SteamVR Tracker (Left Foot),0.5959448,0.01920128,0.309401,-0.4088983,0.5312713,0.4226709,0.6098379
1751960879678,65.95896,SteamVR Tracker (Waist),-0.5779449,0.7612493,1.227436,-0.4984117,0.4949025,0.5013943,0.5052338
1751960879725,66.00328,SteamVR Tracker (Right Foot),0.5819259,-0.001149893,0.000413537,-0.3288939,0.6578505,0.4362171,0.5184363
1751960879725,66.00328,SteamVR Tracker (Left Foot),0.5962583,0.01937938,0.3095803,-0.4086323,0.5314203,0.4219322,0.6103978
1751960879725,66.00328,SteamVR Tracker (Waist),-0.5779263,0.761297,1.22764,-0.4983861,0.4949971,0.5013896,0.5051711
1751960879772,66.05222,SteamVR Tracker (Right Foot),0.5818573,-0.0004274845,0.0007520914,-0.3278219,0.6583209,0.4361741,0.5185544
1751960879772,66.05222,SteamVR Tracker (Left Foot),0.5965007,0.01947165,0.3095382,-0.4078997,0.5317026,0.4209884,0.611293
1751960879772,66.05222,SteamVR Tracker (Waist),-0.577909,0.7611508,1.227622,-0.4982048,0.4951446,0.5015636,0.5050325
1751960879825,66.10497,SteamVR Tracker (Right Foot),0.581611,6.747246E-05,0.000505507,-0.3280716,0.6585505,0.4354264,0.5187333
1751960879825,66.10497,SteamVR Tracker (Left Foot),0.596354,0.01918435,0.3091854,-0.4080206,0.5317471,0.4206485,0.6114075
1751960879825,66.10497,SteamVR Tracker (Waist),-0.5779854,0.7613919,1.227269,-0.4982643,0.4950517,0.5014685,0.5051593
1751960879847,66.12877,SteamVR Tracker (Right Foot),0.5822532,-0.0005905628,-4.684925E-05,-0.327841,0.6582522,0.4352119,0.5194372
1751960879848,66.12877,SteamVR Tracker (Left Foot),0.5963596,0.0191164,0.3090211,-0.4078331,0.5317843,0.4203984,0.6116721
1751960879848,66.12877,SteamVR Tracker (Waist),-0.5779694,0.7612432,1.227291,-0.4983378,0.4949805,0.5014449,0.50518
1751960879877,66.15826,SteamVR Tracker (Right Foot),0.5819677,-0.0005128384,0.0002090931,-0.3273124,0.6581794,0.4357983,0.519371
1751960879878,66.15826,SteamVR Tracker (Left Foot),0.5964453,0.01902533,0.309298,-0.4079166,0.5318223,0.4204174,0.6115704
1751960879878,66.15826,SteamVR Tracker (Waist),-0.5779275,0.7612163,1.22736,-0.4982414,0.4950948,0.5014181,0.5051897
1751960879911,66.19187,SteamVR Tracker (Right Foot),0.5823035,-0.0001573563,0.000187099,-0.3268647,0.6584442,0.4352836,0.519749
1751960879911,66.19187,SteamVR Tracker (Left Foot),0.5966462,0.01907277,0.3092819,-0.4076974,0.5319933,0.4199826,0.6118665
1751960879911,66.19187,SteamVR Tracker (Waist),-0.5777727,0.760896,1.227585,-0.4982677,0.4949742,0.5014151,0.505285
1751960879956,66.23425,SteamVR Tracker (Right Foot),0.5816964,0.0004632473,0.0003708601,-0.327126,0.6582426,0.4355338,0.5196302
1751960879956,66.23425,SteamVR Tracker (Left Foot),0.5965855,0.01929855,0.3092328,-0.407829,0.531942,0.4202836,0.6116167
1751960879956,66.23425,SteamVR Tracker (Waist),-0.5778207,0.7610202,1.227666,-0.4983732,0.4950413,0.5015211,0.5050098
1751960880013,66.29301,SteamVR Tracker (Right Foot),0.5818962,0.0007431507,0.000197947,-0.3269363,0.6583078,0.4354522,0.5197355
1751960880013,66.29301,SteamVR Tracker (Left Foot),0.5965443,0.01920271,0.3092695,-0.4078424,0.5318956,0.4202664,0.61166
1751960880014,66.29301,SteamVR Tracker (Waist),-0.5778565,0.7613366,1.227496,-0.4984189,0.4951111,0.5014189,0.5049978
1751960880042,66.32251,SteamVR Tracker (Right Foot),0.58174,0.0004174709,0.0007756948,-0.3267776,0.6578823,0.4361679,0.5197738
1751960880042,66.32251,SteamVR Tracker (Left Foot),0.5963188,0.01905751,0.3092546,-0.4078919,0.5317925,0.4204478,0.6115919
1751960880042,66.32251,SteamVR Tracker (Waist),-0.5779587,0.7613575,1.227446,-0.4983858,0.4950016,0.5015056,0.5050519
1751960880069,66.351,SteamVR Tracker (Right Foot),0.5816305,9.226799E-05,0.001000762,-0.3267191,0.657613,0.4364746,0.5198939
1751960880069,66.351,SteamVR Tracker (Left Foot),0.5963995,0.0192318,0.3092967,-0.408257,0.5317343,0.4206196,0.6112807
1751960880069,66.351,SteamVR Tracker (Waist),-0.577853,0.7613931,1.227542,-0.498469,0.494924,0.5014588,0.5050921
1751960880102,66.38238,SteamVR Tracker (Right Foot),0.5820796,0.0006711483,-8.445978E-05,-0.3266155,0.6577616,0.4359699,0.5201945
1751960880102,66.38238,SteamVR Tracker (Left Foot),0.5964578,0.01926064,0.3092472,-0.4083972,0.5317595,0.4205807,0.6111919
1751960880102,66.38238,SteamVR Tracker (Waist),-0.5778118,0.7612628,1.22753,-0.49841,0.4948787,0.5014867,0.505167
1751960880136,66.41813,SteamVR Tracker (Right Foot),0.5815029,0.001507998,0.0006432533,-0.3265867,0.6580151,0.4358325,0.5200071
1751960880137,66.41813,SteamVR Tracker (Left Foot),0.5963549,0.01929903,0.3093675,-0.4084314,0.5317687,0.4205038,0.6112139
1751960880137,66.41813,SteamVR Tracker (Waist),-0.5778593,0.7612876,1.227617,-0.4985704,0.4948313,0.5012932,0.5052472
1751960880188,66.46657,SteamVR Tracker (Right Foot),0.5824845,0.0009260178,9.953976E-06,-0.3270288,0.6576546,0.4357092,0.5202885
1751960880188,66.46657,SteamVR Tracker (Left Foot),0.5963473,0.01915145,0.3092524,-0.4084412,0.531785,0.42057,0.6111475
1751960880188,66.46657,SteamVR Tracker (Waist),-0.5778121,0.761148,1.227563,-0.4986472,0.4949138,0.5012505,0.505133
1751960880202,66.48354,SteamVR Tracker (Right Foot),0.5816349,0.001030684,0.0001403689,-0.3270047,0.6575506,0.4360441,0.5201545
1751960880203,66.48354,SteamVR Tracker (Left Foot),0.5962682,0.01915216,0.3093149,-0.4085145,0.5317268,0.4205923,0.6111339
1751960880203,66.48354,SteamVR Tracker (Waist),-0.577871,0.76132,1.227601,-0.4985252,0.494976,0.5012832,0.5051599
1751960880239,66.51962,SteamVR Tracker (Right Foot),0.5815997,0.0014925,-6.556511E-06,-0.3271182,0.6571954,0.4361276,0.5204619
1751960880239,66.51962,SteamVR Tracker (Left Foot),0.5964674,0.0193615,0.3092051,-0.4085384,0.5317783,0.420637,0.6110424
1751960880239,66.51962,SteamVR Tracker (Waist),-0.5778197,0.7612641,1.227636,-0.498526,0.4949709,0.5013722,0.5050758
1751960880274,66.55444,SteamVR Tracker (Right Foot),0.5813051,0.001913548,-0.0002358556,-0.3274705,0.6571004,0.4353248,0.5210322
1751960880275,66.55444,SteamVR Tracker (Left Foot),0.5964578,0.01943564,0.3091768,-0.4086453,0.5316945,0.4207157,0.6109896
1751960880275,66.55444,SteamVR Tracker (Waist),-0.5779327,0.7614485,1.227548,-0.4985661,0.4950303,0.5012997,0.50505
1751960880303,66.58465,SteamVR Tracker (Right Foot),0.5815487,0.002505302,-0.00064677,-0.3277026,0.6571414,0.4349114,0.5211797
1751960880303,66.58465,SteamVR Tracker (Left Foot),0.5963764,0.01924133,0.3090131,-0.4087728,0.5317779,0.4208525,0.6107376
1751960880303,66.58465,SteamVR Tracker (Waist),-0.5779655,0.761399,1.227418,-0.4984469,0.4951497,0.5013136,0.5050368
1751960880370,66.64885,SteamVR Tracker (Right Foot),0.5816502,0.001375914,-1.245737E-05,-0.3275031,0.6573308,0.4347905,0.5211673
1751960880370,66.64885,SteamVR Tracker (Left Foot),0.5962458,0.01915741,0.3091511,-0.408756,0.5317069,0.4210287,0.6106892
1751960880370,66.64885,SteamVR Tracker (Waist),-0.5778835,0.7613335,1.227476,-0.4984725,0.4950331,0.5011755,0.5052629
1751960880396,66.67663,SteamVR Tracker (Right Foot),0.5814816,0.001513481,-0.0001453757,-0.3274724,0.6571478,0.4352064,0.5210702
1751960880396,66.67663,SteamVR Tracker (Left Foot),0.5962129,0.01919627,0.3092797,-0.4088612,0.5315949,0.4211364,0.6106419
1751960880396,66.67663,SteamVR Tracker (Waist),-0.5779417,0.7614028,1.227548,-0.4985047,0.4950266,0.5012494,0.5051643
1751960880428,66.70923,SteamVR Tracker (Right Foot),0.581754,0.001815796,-0.0003060699,-0.3275086,0.6572157,0.4343932,0.5216401
1751960880428,66.70923,SteamVR Tracker (Left Foot),0.5964407,0.01920271,0.3093613,-0.4086789,0.5317231,0.4208852,0.6108255
1751960880428,66.70923,SteamVR Tracker (Waist),-0.5777346,0.7613862,1.227749,-0.4984644,0.495008,0.5012257,0.5052457
1751960880461,66.74126,SteamVR Tracker (Right Foot),0.5812857,0.002260923,-6.878376E-05,-0.3273063,0.657291,0.4345155,0.5215702
1751960880461,66.74126,SteamVR Tracker (Left Foot),0.596586,0.01944447,0.3092987,-0.4086864,0.5316628,0.4211074,0.6107199
1751960880461,66.74126,SteamVR Tracker (Waist),-0.5778953,0.7615013,1.22768,-0.4983418,0.4950078,0.5012909,0.5053022
1751960880526,66.8045,SteamVR Tracker (Right Foot),0.5811991,0.002796173,0.0002313256,-0.327354,0.6572767,0.4342087,0.5218138
1751960880526,66.8045,SteamVR Tracker (Left Foot),0.5962649,0.01914883,0.3092101,-0.4087412,0.5317329,0.4211632,0.6105835
1751960880526,66.8045,SteamVR Tracker (Waist),-0.5779327,0.761429,1.227524,-0.4984848,0.4951626,0.5012193,0.5050804
1751960880550,66.83097,SteamVR Tracker (Right Foot),0.5817601,0.002049685,-0.000146687,-0.3272256,0.6571827,0.4341843,0.5220329
1751960880550,66.83097,SteamVR Tracker (Left Foot),0.5963053,0.0193615,0.3092505,-0.4089004,0.531682,0.4213401,0.6103992
1751960880550,66.83097,SteamVR Tracker (Waist),-0.5780448,0.7614781,1.227478,-0.4984986,0.4952396,0.501287,0.5049239
1751960880577,66.85762,SteamVR Tracker (Right Foot),0.581495,0.002439737,-0.0002238154,-0.3274018,0.6571798,0.4343093,0.521822
1751960880577,66.85762,SteamVR Tracker (Left Foot),0.5963336,0.01947451,0.309233,-0.4090861,0.5315214,0.4214716,0.610324
1751960880577,66.85762,SteamVR Tracker (Waist),-0.577907,0.7614496,1.227535,-0.4984134,0.4953622,0.5012311,0.5049434
1751960880612,66.89233,SteamVR Tracker (Right Foot),0.5811921,0.003468275,-0.0007869601,-0.3273922,0.6572038,0.4340039,0.522052
1751960880612,66.89233,SteamVR Tracker (Left Foot),0.5962074,0.01926208,0.3091795,-0.4092808,0.5314233,0.4215234,0.610243
1751960880612,66.89233,SteamVR Tracker (Waist),-0.5778543,0.7614127,1.227451,-0.498468,0.4954877,0.5011808,0.5048162
1751960880678,66.9572,SteamVR Tracker (Right Foot),0.5812731,0.003149509,-0.0002607107,-0.3274444,0.6570714,0.4337917,0.5223622
1751960880678,66.9572,SteamVR Tracker (Left Foot),0.5961496,0.01908922,0.3090299,-0.4094043,0.5314361,0.4218374,0.6099321
1751960880678,66.9572,SteamVR Tracker (Waist),-0.5779566,0.7614516,1.22753,-0.4984491,0.4956062,0.5011318,0.5047672
1751960880700,66.98122,SteamVR Tracker (Right Foot),0.5810299,0.003712177,-0.0005465746,-0.327506,0.6569673,0.4337301,0.5225056
1751960880700,66.98122,SteamVR Tracker (Left Foot),0.5961105,0.0190587,0.3091063,-0.4094896,0.5313786,0.4219311,0.6098601
1751960880700,66.98122,SteamVR Tracker (Waist),-0.5777694,0.7612491,1.227385,-0.4984588,0.4955781,0.5010617,0.5048547
1751960880743,67.0223,SteamVR Tracker (Right Foot),0.5811738,0.004359007,-0.001194417,-0.326909,0.6572147,0.4338433,0.5224742
1751960880743,67.0223,SteamVR Tracker (Left Foot),0.5962851,0.01920748,0.3093359,-0.4094547,0.5313516,0.4218176,0.6099854
1751960880743,67.0223,SteamVR Tracker (Waist),-0.5779337,0.7610592,1.227811,-0.498473,0.4953165,0.5012593,0.5049015
1751960880790,67.06918,SteamVR Tracker (Right Foot),0.5811121,0.003355026,-0.0003598928,-0.3262601,0.6575602,0.4345458,0.521861
1751960880790,67.06918,SteamVR Tracker (Left Foot),0.5961973,0.01918244,0.3093661,-0.4094579,0.5314017,0.4217946,0.6099557
1751960880790,67.06918,SteamVR Tracker (Waist),-0.5780058,0.7613413,1.227569,-0.4985014,0.495293,0.5012847,0.5048713
1751960880855,67.1338,SteamVR Tracker (Right Foot),0.5810353,0.004093885,-0.0004655719,-0.3256018,0.6578924,0.4349901,0.5214832
1751960880856,67.1338,SteamVR Tracker (Left Foot),0.5962429,0.01921654,0.3092344,-0.4093701,0.5312832,0.4217355,0.6101586
1751960880856,67.1338,SteamVR Tracker (Waist),-0.5777614,0.7610403,1.227648,-0.4985411,0.4953249,0.5012293,0.5048556
1751960880880,67.16177,SteamVR Tracker (Right Foot),0.5811472,0.004244328,-0.0007419586,-0.3251187,0.65815,0.4345318,0.5218414
1751960880881,67.16177,SteamVR Tracker (Left Foot),0.5962694,0.01904392,0.3090659,-0.4093341,0.5313375,0.4216575,0.6101894
1751960880881,67.16177,SteamVR Tracker (Waist),-0.5778413,0.7610475,1.227578,-0.4984826,0.495294,0.5012931,0.5048804
1751960880922,67.20287,SteamVR Tracker (Right Foot),0.5808491,0.00423789,-0.0004244447,-0.3253036,0.657996,0.4343857,0.5220421
1751960880923,67.20287,SteamVR Tracker (Left Foot),0.5962224,0.01900744,0.3092263,-0.4092164,0.5313187,0.4215422,0.6103644
1751960880923,67.20287,SteamVR Tracker (Waist),-0.5779023,0.7613579,1.227436,-0.4985811,0.4953614,0.5012088,0.5048007
1751960880975,67.25407,SteamVR Tracker (Right Foot),0.5808442,0.004307985,-0.0002753139,-0.3252411,0.6580393,0.434825,0.5216606
1751960880975,67.25407,SteamVR Tracker (Left Foot),0.5964246,0.01905608,0.3091517,-0.4089819,0.5313044,0.4214824,0.6105753
1751960880975,67.25407,SteamVR Tracker (Waist),-0.5779335,0.7611239,1.227674,-0.4985674,0.4952793,0.5011951,0.5049084
1751960881046,67.32307,SteamVR Tracker (Right Foot),0.5811163,0.004557848,-0.0006874204,-0.325221,0.6583307,0.4342184,0.5218108
1751960881046,67.32307,SteamVR Tracker (Left Foot),0.5963101,0.01904607,0.3091603,-0.4090401,0.5313573,0.4214696,0.610499
1751960881046,67.32307,SteamVR Tracker (Waist),-0.5777719,0.7609931,1.227559,-0.4986025,0.4952727,0.5011492,0.5049257
1751960881076,67.3558,SteamVR Tracker (Right Foot),0.5810385,0.003979206,-0.0004426837,-0.3255128,0.6580648,0.4340178,0.5221309
1751960881076,67.3558,SteamVR Tracker (Left Foot),0.5964811,0.01913691,0.3091767,-0.4090545,0.5313616,0.421416,0.6105225
1751960881076,67.3558,SteamVR Tracker (Waist),-0.5779454,0.7613819,1.227513,-0.4987237,0.4951033,0.5011453,0.504976
1751960881114,67.39421,SteamVR Tracker (Right Foot),0.5805673,0.004840851,-0.0004020333,-0.3259909,0.6580054,0.4335055,0.522333
1751960881114,67.39421,SteamVR Tracker (Left Foot),0.5962952,0.01902056,0.3092927,-0.4091244,0.5313104,0.421459,0.6104907
1751960881114,67.39421,SteamVR Tracker (Waist),-0.5778983,0.7615017,1.227551,-0.4986892,0.4951392,0.5011797,0.5049409
1751960881163,67.44014,SteamVR Tracker (Right Foot),0.5808674,0.005271435,-0.0006543398,-0.3261659,0.6581864,0.4329647,0.5224444
1751960881163,67.44014,SteamVR Tracker (Left Foot),0.5963666,0.01927519,0.3093849,-0.409184,0.5311921,0.4214285,0.6105747
1751960881163,67.44014,SteamVR Tracker (Waist),-0.5778732,0.7614286,1.227607,-0.4987257,0.4949858,0.5011886,0.5050464
1751960881234,67.51449,SteamVR Tracker (Right Foot),0.5810956,0.004577637,-0.0004004836,-0.3260784,0.6581547,0.4329725,0.5225325
1751960881234,67.51449,SteamVR Tracker (Left Foot),0.5963032,0.01921129,0.3091632,-0.4093736,0.5311542,0.4217468,0.6102608
1751960881235,67.51449,SteamVR Tracker (Waist),-0.5779306,0.7612544,1.227526,-0.4987949,0.4949238,0.501228,0.5049995
1751960881262,67.54205,SteamVR Tracker (Right Foot),0.5812034,0.004548788,-0.0007554889,-0.3265618,0.657978,0.4324147,0.5229147
1751960881262,67.54205,SteamVR Tracker (Left Foot),0.5963235,0.0192728,0.3091856,-0.409523,0.5311127,0.4218604,0.6101181
1751960881262,67.54205,SteamVR Tracker (Waist),-0.5778135,0.761182,1.227599,-0.498823,0.4949309,0.5011934,0.5049992
1751960881290,67.5703,SteamVR Tracker (Right Foot),0.5803689,0.005043507,-0.0002477169,-0.3265069,0.658001,0.4330041,0.5224323
1751960881290,67.5703,SteamVR Tracker (Left Foot),0.5963665,0.01913786,0.3092274,-0.4096179,0.5310673,0.4218629,0.6100922
1751960881290,67.5703,SteamVR Tracker (Waist),-0.5778903,0.7612332,1.227546,-0.4986672,0.495063,0.5012648,0.5049528
1751960881324,67.60412,SteamVR Tracker (Right Foot),0.5805452,0.005523443,-0.0005576611,-0.3263936,0.6580437,0.4331348,0.5223409
1751960881324,67.60412,SteamVR Tracker (Left Foot),0.5964102,0.01916647,0.3091702,-0.4097157,0.5310276,0.4218301,0.6100837
1751960881324,67.60412,SteamVR Tracker (Waist),-0.5779619,0.7613842,1.227664,-0.498614,0.4951065,0.5013219,0.504906
1751960881376,67.65684,SteamVR Tracker (Right Foot),0.5807769,0.00564456,-0.0004876256,-0.3261693,0.65794,0.4334978,0.5223104
1751960881376,67.65684,SteamVR Tracker (Left Foot),0.5961764,0.01904511,0.3090095,-0.4099023,0.5309942,0.421957,0.6098998
1751960881376,67.65684,SteamVR Tracker (Waist),-0.5779327,0.7612785,1.227399,-0.4985276,0.4951783,0.5012913,0.5049513
1751960881390,67.67165,SteamVR Tracker (Right Foot),0.5809063,0.005131245,-0.0006622672,-0.3262917,0.6579659,0.4334647,0.5222289
1751960881391,67.67165,SteamVR Tracker (Left Foot),0.5961341,0.01905155,0.3090473,-0.4099715,0.5309257,0.4220917,0.6098195
1751960881391,67.67165,SteamVR Tracker (Waist),-0.5778317,0.761183,1.227449,-0.4986122,0.4952043,0.5012568,0.5048764
1751960881422,67.70313,SteamVR Tracker (Right Foot),0.5809963,0.005393505,-0.0005600452,-0.3265333,0.6576903,0.4333749,0.5224994
1751960881422,67.70313,SteamVR Tracker (Left Foot),0.596248,0.01912928,0.3092212,-0.4100648,0.5308526,0.4220977,0.6098164
1751960881422,67.70313,SteamVR Tracker (Waist),-0.5778608,0.7611163,1.227554,-0.4986973,0.4950324,0.501157,0.5050601
1751960881458,67.73922,SteamVR Tracker (Right Foot),0.5806447,0.005422354,-0.0007967353,-0.3264048,0.6576243,0.4337022,0.5223912
1751960881458,67.73922,SteamVR Tracker (Left Foot),0.596233,0.01908159,0.3090805,-0.4099996,0.531008,0.4220249,0.6097753
1751960881458,67.73922,SteamVR Tracker (Waist),-0.578078,0.7611781,1.227578,-0.4986177,0.4950992,0.5012541,0.5049767
1751960881510,67.78809,SteamVR Tracker (Right Foot),0.580656,0.006016016,-0.001026273,-0.3265377,0.6575742,0.4335976,0.5224581
1751960881510,67.78809,SteamVR Tracker (Left Foot),0.5962662,0.01903343,0.3088992,-0.4101774,0.5309942,0.4220037,0.6096824
1751960881510,67.78809,SteamVR Tracker (Waist),-0.5779157,0.7612014,1.227458,-0.4985267,0.495189,0.5012712,0.5049616
1751960881574,67.85359,SteamVR Tracker (Right Foot),0.5807357,0.005859852,-0.0005150437,-0.3260279,0.6577047,0.4335637,0.5226403
1751960881574,67.85359,SteamVR Tracker (Left Foot),0.59632,0.01902199,0.3090501,-0.4101559,0.5308794,0.4219694,0.6098204
1751960881574,67.85359,SteamVR Tracker (Waist),-0.5779176,0.7612687,1.227612,-0.4985237,0.4951407,0.5013464,0.5049373
1751960881607,67.8869,SteamVR Tracker (Right Foot),0.5805999,0.005984306,-0.0007796884,-0.3257962,0.6578251,0.433176,0.5229548
1751960881607,67.8869,SteamVR Tracker (Left Foot),0.5961927,0.018924,0.3090838,-0.4101345,0.5307852,0.4221512,0.609791
1751960881607,67.8869,SteamVR Tracker (Waist),-0.577866,0.761144,1.227392,-0.4985876,0.4950919,0.5013059,0.5049623
1751960881634,67.91545,SteamVR Tracker (Right Foot),0.5810376,0.005874872,-0.0006819367,-0.3255557,0.658058,0.4328484,0.5230827
1751960881634,67.91545,SteamVR Tracker (Left Foot),0.596231,0.01894784,0.3091818,-0.4101065,0.5308074,0.4221263,0.6098079
1751960881634,67.91545,SteamVR Tracker (Waist),-0.5778645,0.7613071,1.22746,-0.4984909,0.495082,0.5012977,0.5050756
1751960881676,67.95621,SteamVR Tracker (Right Foot),0.5810428,0.006558657,-0.0002300143,-0.3246754,0.6584991,0.4321362,0.5236632
1751960881676,67.95621,SteamVR Tracker (Left Foot),0.5962842,0.01888108,0.3092565,-0.4102089,0.5309976,0.4220553,0.6096224
1751960881676,67.95621,SteamVR Tracker (Waist),-0.5777882,0.7610919,1.227612,-0.4985123,0.4950483,0.5013396,0.505046
1751960881737,68.01569,SteamVR Tracker (Right Foot),0.5811594,0.006417274,-0.000264585,-0.3239492,0.6592767,0.4310426,0.5240358
1751960881737,68.01569,SteamVR Tracker (Left Foot),0.5962291,0.01899385,0.3091239,-0.4106231,0.5311522,0.4222939,0.6090435
1751960881737,68.01569,SteamVR Tracker (Waist),-0.5779027,0.7612237,1.227527,-0.498639,0.4949362,0.5013391,0.5050312
1751960881763,68.04242,SteamVR Tracker (Right Foot),0.5810294,0.006973267,-0.0005730987,-0.3236191,0.6599568,0.4296377,0.5245371
1751960881763,68.04242,SteamVR Tracker (Left Foot),0.5961678,0.01905894,0.3092962,-0.4108481,0.5312843,0.4227584,0.6084539
1751960881763,68.04242,SteamVR Tracker (Waist),-0.5779482,0.7614992,1.227521,-0.4987138,0.4950262,0.5012918,0.504916
1751960881790,68.07178,SteamVR Tracker (Right Foot),0.5813684,0.006692886,-0.0006554127,-0.324107,0.6602651,0.4297073,0.5237902
1751960881790,68.07178,SteamVR Tracker (Left Foot),0.5961679,0.01907277,0.3090981,-0.4108261,0.5313927,0.4227008,0.6084141
1751960881790,68.07178,SteamVR Tracker (Waist),-0.5778515,0.7613943,1.22749,-0.4986513,0.4950514,0.5013081,0.5049369
1751960881827,68.10693,SteamVR Tracker (Right Foot),0.5807972,0.007293463,-0.0003527999,-0.3247049,0.6600784,0.42985,0.5235381
1751960881827,68.10693,SteamVR Tracker (Left Foot),0.5960211,0.01907682,0.3090833,-0.4111874,0.5312648,0.4229591,0.6081021
1751960881828,68.10693,SteamVR Tracker (Waist),-0.5779145,0.7612226,1.22759,-0.4987184,0.4950652,0.5012805,0.5048846
1751960881884,68.16419,SteamVR Tracker (Right Foot),0.5811641,0.006333351,7.927418E-06,-0.3237086,0.6600065,0.431051,0.5232583
1751960881884,68.16419,SteamVR Tracker (Left Foot),0.5958828,0.01911044,0.3091112,-0.4117341,0.5312484,0.4234358,0.6074144
1751960881885,68.16419,SteamVR Tracker (Waist),-0.5779674,0.7613561,1.227565,-0.4986266,0.4950956,0.5013642,0.5048623
1751960881904,68.18529,SteamVR Tracker (Right Foot),0.5812343,0.006182194,-0.0004015565,-0.3231512,0.6596425,0.4321101,0.5231884
1751960881905,68.18529,SteamVR Tracker (Left Foot),0.5958202,0.01921153,0.3090704,-0.4124541,0.5310488,0.4238347,0.6068221
1751960881905,68.18529,SteamVR Tracker (Waist),-0.5779504,0.7613765,1.227613,-0.49863,0.4950504,0.5014443,0.5048237
1751960881932,68.21319,SteamVR Tracker (Right Foot),0.5807519,0.006470442,0.0001682639,-0.3225617,0.6592727,0.4327536,0.5234861
1751960881932,68.21319,SteamVR Tracker (Left Foot),0.5956522,0.01934528,0.3089848,-0.4125326,0.531276,0.4239463,0.6064918
1751960881932,68.21319,SteamVR Tracker (Waist),-0.5779804,0.7611742,1.227614,-0.4985226,0.4951976,0.5013964,0.5048329
1751960881975,68.25717,SteamVR Tracker (Right Foot),0.581109,0.006967306,-0.0004751086,-0.3241222,0.6584101,0.433769,0.5227671
1751960881975,68.25717,SteamVR Tracker (Left Foot),0.5955287,0.019485,0.3088737,-0.4131182,0.5313409,0.4247097,0.6055014
1751960881975,68.25717,SteamVR Tracker (Waist),-0.5777724,0.7611724,1.227616,-0.4986013,0.4950892,0.5014123,0.5048457
1751960882048,68.32718,SteamVR Tracker (Right Foot),0.6477354,-0.01867723,-0.08821017,-0.3445347,0.6431949,0.3930355,0.5595707
1751960882048,68.32718,SteamVR Tracker (Left Foot),0.5950103,0.01998568,0.3087637,-0.4145764,0.5315201,0.4256509,0.6036838
1751960882048,68.32718,SteamVR Tracker (Waist),-0.5778934,0.7612404,1.227625,-0.4986506,0.494996,0.501412,0.5048888
1751960882081,68.36171,SteamVR Tracker (Right Foot),0.5876811,-0.01692748,-0.02416021,-0.3508715,0.631559,0.4106421,0.5562333
1751960882081,68.36171,SteamVR Tracker (Left Foot),0.5940677,0.02072906,0.3082631,-0.4167851,0.5318914,0.4266622,0.6011166
1751960882081,68.36171,SteamVR Tracker (Waist),-0.5779786,0.7613412,1.227484,-0.4987249,0.4949672,0.5013475,0.5049076
1751960882124,68.40337,SteamVR Tracker (Right Foot),0.5726033,0.009889364,0.002734423,-0.3476909,0.6326514,0.4164137,0.5526869
1751960882124,68.40337,SteamVR Tracker (Left Foot),0.5930526,0.02181578,0.3082126,-0.4193684,0.5316644,0.4291509,0.5977396
1751960882124,68.40337,SteamVR Tracker (Waist),-0.577904,0.7612706,1.227629,-0.4987499,0.4949217,0.501294,0.5049806
1751960882169,68.44804,SteamVR Tracker (Right Foot),0.578667,0.01588917,-0.002970517,-0.3432341,0.6369851,0.4190906,0.5484557
1751960882169,68.44804,SteamVR Tracker (Left Foot),0.591539,0.02318954,0.3082584,-0.4228232,0.5315196,0.4322324,0.593197
1751960882169,68.44804,SteamVR Tracker (Waist),-0.5778062,0.761464,1.227704,-0.4986575,0.4950667,0.5012579,0.5049656
1751960882233,68.51215,SteamVR Tracker (Right Foot),0.5803651,0.01401424,-0.003621399,-0.3398233,0.640961,0.4225355,0.5432799
1751960882233,68.51215,SteamVR Tracker (Left Foot),0.5792643,0.02267599,0.3089738,-0.4248518,0.5288584,0.4232525,0.6005557
1751960882233,68.51215,SteamVR Tracker (Waist),-0.5779505,0.7611483,1.227631,-0.4988047,0.4949371,0.5012327,0.5049723
1751960882261,68.54126,SteamVR Tracker (Right Foot),0.5803299,0.01070476,-0.002470911,-0.3370744,0.6431084,0.4250655,0.5404738
1751960882261,68.54126,SteamVR Tracker (Left Foot),0.5608711,0.02190089,0.3090209,-0.4312221,0.5219846,0.4174261,0.6060817
1751960882261,68.54126,SteamVR Tracker (Waist),-0.578065,0.7611881,1.227702,-0.4987896,0.4949819,0.5012294,0.5049465
1751960882291,68.57268,SteamVR Tracker (Right Foot),0.5801865,0.01026273,-0.002826273,-0.3372639,0.6445866,0.425745,0.5380543
1751960882291,68.57268,SteamVR Tracker (Left Foot),0.5465024,0.02144194,0.3086392,-0.4339871,0.5189127,0.4152271,0.6082526
1751960882291,68.57268,SteamVR Tracker (Waist),-0.5776892,0.7611759,1.227678,-0.4985939,0.4950776,0.5013041,0.5049718
1751960882324,68.60555,SteamVR Tracker (Right Foot),0.5793803,0.009592533,-0.002315819,-0.3344608,0.646699,0.428164,0.5353429
1751960882324,68.60555,SteamVR Tracker (Left Foot),0.5338817,0.02092195,0.3079987,-0.4337267,0.5191403,0.4126583,0.6099899
1751960882324,68.60555,SteamVR Tracker (Waist),-0.5779845,0.7613947,1.22764,-0.4986513,0.4950396,0.5012489,0.5050071
1751960882384,68.66217,SteamVR Tracker (Right Foot),0.5796252,0.01049805,-0.001033485,-0.3315443,0.6490984,0.4303191,0.5325177
1751960882384,68.66217,SteamVR Tracker (Left Foot),0.515645,0.02025867,0.3075051,-0.4321628,0.5202278,0.4118914,0.6106912
1751960882384,68.66217,SteamVR Tracker (Waist),-0.5779361,0.7613646,1.227665,-0.4986754,0.4950902,0.5012911,0.5048919
1751960882405,68.68716,SteamVR Tracker (Right Foot),0.5794908,0.009966373,-0.001167119,-0.3300959,0.6495287,0.4314858,0.5319485
1751960882405,68.68716,SteamVR Tracker (Left Foot),0.4909969,0.01929402,0.3075626,-0.4318802,0.5208309,0.4057746,0.6144605
1751960882405,68.68716,SteamVR Tracker (Waist),-0.5778486,0.7612878,1.227694,-0.4986091,0.4951992,0.5012507,0.5048906
1751960882438,68.71954,SteamVR Tracker (Right Foot),0.5794969,0.01018023,-0.0007103682,-0.3277473,0.6506605,0.4330071,0.53078
1751960882438,68.71954,SteamVR Tracker (Left Foot),0.468192,0.01780415,0.3075577,-0.4309152,0.5210136,0.3948708,0.6220402
1751960882438,68.71954,SteamVR Tracker (Waist),-0.5778459,0.7610931,1.227575,-0.4986016,0.4952367,0.5011893,0.5049222
1751960882473,68.7532,SteamVR Tracker (Right Foot),0.5795397,0.009954214,-0.001104057,-0.3268687,0.6507714,0.4340124,0.5303646
1751960882473,68.7532,SteamVR Tracker (Left Foot),0.4419881,0.01714921,0.3080982,-0.4325791,0.5158504,0.3904878,0.6279275
1751960882473,68.7532,SteamVR Tracker (Waist),-0.5779582,0.7612417,1.227595,-0.4985969,0.495122,0.5013691,0.5048608
1751960882511,68.79133,SteamVR Tracker (Right Foot),0.5789948,0.01121736,-0.0002899766,-0.32589,0.6511348,0.4351655,0.5295755
1751960882511,68.79133,SteamVR Tracker (Left Foot),0.4077759,0.01599169,0.3075702,-0.4296004,0.5118324,0.3805891,0.6392363
1751960882511,68.79133,SteamVR Tracker (Waist),-0.5779902,0.7610906,1.227504,-0.4986355,0.4952274,0.5012985,0.5047894
1751960882563,68.84254,SteamVR Tracker (Right Foot),0.5794492,0.01137495,-0.0004928112,-0.3257689,0.652897,0.4345775,0.5279607
1751960882563,68.84254,SteamVR Tracker (Left Foot),0.3786113,0.01489949,0.3059734,-0.4194071,0.5162325,0.3710334,0.6480247
1751960882563,68.84254,SteamVR Tracker (Waist),-0.5777909,0.7610852,1.227657,-0.498661,0.4950435,0.5013676,0.504876
1751960882587,68.86853,SteamVR Tracker (Right Foot),0.5793754,0.01201344,-0.000815928,-0.3263113,0.653337,0.43399,0.5275646
1751960882587,68.86853,SteamVR Tracker (Left Foot),0.3426268,0.01381111,0.3058851,-0.4086658,0.5195047,0.3605766,0.6580971
1751960882587,68.86853,SteamVR Tracker (Waist),-0.5777392,0.7610005,1.22767,-0.4986106,0.495084,0.5013369,0.5049165
1751960882620,68.90051,SteamVR Tracker (Right Foot),0.5794598,0.01175785,-0.0008310676,-0.3278832,0.6537482,0.4328895,0.5269844
1751960882620,68.90051,SteamVR Tracker (Left Foot),0.3252825,0.0130887,0.3085115,-0.4015172,0.5220776,0.3586624,0.6614985
1751960882620,68.90051,SteamVR Tracker (Waist),-0.5779055,0.7611735,1.227571,-0.4986389,0.4949929,0.5014292,0.5048862
1751960882652,68.93364,SteamVR Tracker (Right Foot),0.5790194,0.01258469,-0.001458406,-0.3330173,0.6542423,0.4304881,0.5251157
1751960882652,68.93364,SteamVR Tracker (Left Foot),0.3099833,0.01283097,0.3133867,-0.4031816,0.5164594,0.3582461,0.6651121
1751960882652,68.93364,SteamVR Tracker (Waist),-0.578018,0.761373,1.227668,-0.4986107,0.4950359,0.5014401,0.5048611
1751960882688,68.96818,SteamVR Tracker (Right Foot),0.579535,0.01206923,-0.001849174,-0.3326879,0.6565443,0.4260508,0.5260695
1751960882689,68.96818,SteamVR Tracker (Left Foot),0.3015676,0.01254535,0.3169392,-0.4018897,0.5216292,0.3627512,0.6593931
1751960882689,68.96818,SteamVR Tracker (Waist),-0.5779185,0.7613598,1.227455,-0.4986377,0.4951012,0.5013874,0.5048227
1751960882745,69.02516,SteamVR Tracker (Right Foot),0.5796981,0.01238561,-0.001748621,-0.3309879,0.6566801,0.4288295,0.5247129
1751960882745,69.02516,SteamVR Tracker (Left Foot),0.3003018,0.01268029,0.3212584,-0.3971188,0.5332621,0.3755537,0.6456684
1751960882745,69.02516,SteamVR Tracker (Waist),-0.5779148,0.7613406,1.227596,-0.4986208,0.4950827,0.5014275,0.5048176
1751960882762,69.04332,SteamVR Tracker (Right Foot),0.5797909,0.01264191,-0.00185293,-0.3305151,0.657188,0.4284283,0.5247027
1751960882762,69.04332,SteamVR Tracker (Left Foot),0.2933755,0.01250935,0.3249401,-0.392333,0.5416058,0.3861285,0.6353289
1751960882762,69.04332,SteamVR Tracker (Waist),-0.5778704,0.7611513,1.227489,-0.4986377,0.4950483,0.5013657,0.504896
1751960882798,69.07782,SteamVR Tracker (Right Foot),0.5796838,0.01237798,-0.001778245,-0.3292778,0.6575202,0.428916,0.5246659
1751960882798,69.07782,SteamVR Tracker (Left Foot),0.294356,0.01265621,0.3252712,-0.3915718,0.5459048,0.3952957,0.626419
1751960882798,69.07782,SteamVR Tracker (Waist),-0.5779363,0.7612156,1.227557,-0.4986074,0.4950611,0.5013538,0.5049254
1751960882829,69.10916,SteamVR Tracker (Right Foot),0.5796789,0.01237607,-0.001609623,-0.3295491,0.6575595,0.4289191,0.5244439
1751960882829,69.10916,SteamVR Tracker (Left Foot),0.2950926,0.01280975,0.3244998,-0.3979724,0.5427762,0.3995418,0.6223973
1751960882829,69.10916,SteamVR Tracker (Waist),-0.5778826,0.7611293,1.227649,-0.4986544,0.4949369,0.5014315,0.5049236
1751960882864,69.14365,SteamVR Tracker (Right Foot),0.5794494,0.01308441,-0.001941144,-0.3305309,0.6575844,0.4285235,0.5241181
1751960882864,69.14365,SteamVR Tracker (Left Foot),0.2961799,0.01294684,0.3231221,-0.4065917,0.53427,0.3958964,0.6265021
1751960882865,69.14365,SteamVR Tracker (Waist),-0.5779724,0.7612664,1.227597,-0.498617,0.4950402,0.5014496,0.5048413
1751960882921,69.201,SteamVR Tracker (Right Foot),0.5794803,0.01373076,-0.001957417,-0.3302442,0.6581599,0.4275778,0.5243488
1751960882921,69.201,SteamVR Tracker (Left Foot),0.2960805,0.01286125,0.3220246,-0.4132501,0.5317461,0.3935401,0.6257769
1751960882921,69.201,SteamVR Tracker (Waist),-0.5779046,0.7612972,1.227527,-0.4986089,0.4950553,0.5013779,0.5049055
1751960882940,69.22141,SteamVR Tracker (Right Foot),0.5793432,0.01387572,-0.001849771,-0.3303717,0.6578658,0.4279335,0.5243474
1751960882940,69.22141,SteamVR Tracker (Left Foot),0.2954872,0.01292825,0.3217792,-0.4188692,0.5295102,0.3967743,0.6218825
1751960882940,69.22141,SteamVR Tracker (Waist),-0.5778575,0.7613617,1.227558,-0.4986893,0.4949644,0.5013375,0.5049555
1751960882973,69.25356,SteamVR Tracker (Right Foot),0.5792058,0.01373887,-0.002132535,-0.3297726,0.6580163,0.4283222,0.5242182
1751960882973,69.25356,SteamVR Tracker (Left Foot),0.2953022,0.01268959,0.3217937,-0.4197052,0.528152,0.4014961,0.6194385
1751960882973,69.25356,SteamVR Tracker (Waist),-0.578095,0.7613044,1.227498,-0.4986943,0.4949689,0.5013807,0.5049033
1751960883006,69.28623,SteamVR Tracker (Right Foot),0.5789421,0.01402974,-0.001702905,-0.3292437,0.6579981,0.4286902,0.5242727
1751960883006,69.28623,SteamVR Tracker (Left Foot),0.2947464,0.01279521,0.3214538,-0.425329,0.525194,0.4039532,0.6165131
1751960883006,69.28623,SteamVR Tracker (Waist),-0.5779701,0.7610846,1.227504,-0.4986602,0.4949327,0.5013543,0.5049985
1751960883039,69.3196,SteamVR Tracker (Right Foot),0.5787299,0.01477885,-0.001575232,-0.3286664,0.6579618,0.4291562,0.5242992
1751960883039,69.3196,SteamVR Tracker (Left Foot),0.2943732,0.01292992,0.3220435,-0.4283126,0.5218945,0.4076234,0.6148314
1751960883039,69.3196,SteamVR Tracker (Waist),-0.5779349,0.761126,1.227743,-0.4986159,0.4948724,0.5014437,0.5050126
1751960883102,69.38094,SteamVR Tracker (Right Foot),0.5789696,0.01518345,-0.002549231,-0.32795,0.6576062,0.4281701,0.5259975
1751960883103,69.38094,SteamVR Tracker (Left Foot),0.2944541,0.01260352,0.3221869,-0.4268769,0.5225053,0.4059084,0.6164437
1751960883103,69.38094,SteamVR Tracker (Waist),-0.57786,0.7612084,1.227574,-0.4985589,0.4949334,0.5014044,0.5050482
1751960883113,69.39561,SteamVR Tracker (Right Foot),0.5786531,0.01591849,-0.002832592,-0.327913,0.657253,0.4275366,0.5269763
1751960883113,69.39561,SteamVR Tracker (Left Foot),0.294306,0.01245928,0.3225632,-0.4286852,0.5206533,0.4070795,0.6159834
1751960883113,69.39561,SteamVR Tracker (Waist),-0.5778469,0.7611799,1.227569,-0.4985819,0.4948795,0.5014223,0.5050604
1751960883148,69.42829,SteamVR Tracker (Right Foot),0.5769299,0.01732326,-0.002647817,-0.3312173,0.6562765,0.4244892,0.5285879
1751960883148,69.42829,SteamVR Tracker (Left Foot),0.2937889,0.01228666,0.3237188,-0.4295799,0.5171698,0.4112119,0.6155496
1751960883148,69.42829,SteamVR Tracker (Waist),-0.5780385,0.7613722,1.227516,-0.4985446,0.4949693,0.5014687,0.5049633
1751960883184,69.46357,SteamVR Tracker (Right Foot),0.5755737,0.01827431,-0.003040493,-0.3378153,0.6546925,0.4232586,0.527362
1751960883184,69.46357,SteamVR Tracker (Left Foot),0.2932717,0.01214862,0.3239794,-0.4307646,0.5160975,0.4116978,0.6152969
1751960883184,69.46357,SteamVR Tracker (Waist),-0.5779028,0.7611278,1.227416,-0.4984786,0.4950346,0.5014374,0.5049955
1751960883217,69.49738,SteamVR Tracker (Right Foot),0.5717227,0.02168608,-0.003980339,-0.3495912,0.6511157,0.4266945,0.5213121
1751960883218,69.49738,SteamVR Tracker (Left Foot),0.2934431,0.01214194,0.3240317,-0.4318754,0.515716,0.410856,0.6154007
1751960883218,69.49738,SteamVR Tracker (Waist),-0.577871,0.761091,1.227533,-0.4985581,0.4950165,0.5013853,0.5049865
1751960883269,69.54732,SteamVR Tracker (Right Foot),0.5549578,0.02004194,-0.00227803,-0.3429882,0.6581234,0.4225385,0.5202826
1751960883269,69.54732,SteamVR Tracker (Left Foot),0.2935241,0.0120101,0.3237273,-0.4312341,0.5158918,0.4108682,0.6156948
1751960883269,69.54732,SteamVR Tracker (Waist),-0.5780444,0.7613391,1.227399,-0.498491,0.4950709,0.5014802,0.5049051
1751960883318,69.59785,SteamVR Tracker (Right Foot),0.5222291,0.01995039,0.0005380511,-0.3329651,0.6618069,0.4330307,0.5134495
1751960883318,69.59785,SteamVR Tracker (Left Foot),0.2938216,0.01200581,0.3236192,-0.4299932,0.5164657,0.4091323,0.6172357
1751960883318,69.59785,SteamVR Tracker (Waist),-0.5778984,0.761407,1.227413,-0.498387,0.4951358,0.5014147,0.5050092
1751960883351,69.63202,SteamVR Tracker (Right Foot),0.5041342,0.01858592,0.004317582,-0.3347205,0.6598355,0.4307185,0.5167795
1751960883351,69.63202,SteamVR Tracker (Left Foot),0.2941264,0.01204324,0.3234675,-0.4293164,0.5163431,0.4085528,0.6181924
1751960883351,69.63202,SteamVR Tracker (Waist),-0.5778228,0.7611167,1.227721,-0.4984021,0.4951947,0.5014203,0.504931
1751960883382,69.66208,SteamVR Tracker (Right Foot),0.4859968,0.01654315,0.006515443,-0.3381179,0.6571678,0.4310045,0.5177277
1751960883382,69.66208,SteamVR Tracker (Left Foot),0.2941183,0.01208115,0.3234017,-0.429095,0.5166028,0.4082432,0.6183338
1751960883382,69.66208,SteamVR Tracker (Waist),-0.5777574,0.7610265,1.227636,-0.4984519,0.4952334,0.5013831,0.5048808
1751960883434,69.71536,SteamVR Tracker (Right Foot),0.4696656,0.01500916,0.00736171,-0.3382791,0.6554247,0.4306107,0.5201541
1751960883434,69.71536,SteamVR Tracker (Left Foot),0.2939676,0.01210165,0.3233982,-0.4296114,0.5164413,0.4088251,0.6177253
1751960883435,69.71536,SteamVR Tracker (Waist),-0.5779567,0.7612621,1.227577,-0.498451,0.4952903,0.5014156,0.5047938
1751960883448,69.72945,SteamVR Tracker (Right Foot),0.4492661,0.01371121,0.008572459,-0.3381056,0.6549407,0.4299278,0.5214398
1751960883448,69.72945,SteamVR Tracker (Left Foot),0.2940367,0.01225567,0.3233832,-0.4299444,0.5165365,0.4087884,0.6174382
1751960883448,69.72945,SteamVR Tracker (Waist),-0.5779054,0.761364,1.227488,-0.4986179,0.4952348,0.501352,0.5047464
1751960883482,69.76185,SteamVR Tracker (Right Foot),0.4368471,0.01276684,0.009182632,-0.3373937,0.6563636,0.4302585,0.5198365
1751960883482,69.76185,SteamVR Tracker (Left Foot),0.2939231,0.01205444,0.3233491,-0.4300497,0.5161391,0.4090375,0.6175323
1751960883482,69.76185,SteamVR Tracker (Waist),-0.5778702,0.7613457,1.227684,-0.4984771,0.4952619,0.5013965,0.5048147
1751960883517,69.79857,SteamVR Tracker (Right Foot),0.4130079,0.01052856,0.01138186,-0.3350599,0.6579985,0.4288286,0.5204604
1751960883517,69.79857,SteamVR Tracker (Left Foot),0.2938646,0.01210642,0.3233051,-0.4305431,0.516063,0.4092457,0.6171139
1751960883517,69.79857,SteamVR Tracker (Waist),-0.5780208,0.7612836,1.227472,-0.4985803,0.4951797,0.5014052,0.5047848
1751960883554,69.83337,SteamVR Tracker (Right Foot),0.389495,0.009096384,0.01651627,-0.3364094,0.6539331,0.4250067,0.5277969
1751960883554,69.83337,SteamVR Tracker (Left Foot),0.293737,0.01216435,0.323144,-0.4305679,0.5163053,0.409027,0.6170391
1751960883554,69.83337,SteamVR Tracker (Waist),-0.5780188,0.7614522,1.227508,-0.4986373,0.4952038,0.5013031,0.5048062
1751960883609,69.88976,SteamVR Tracker (Right Foot),0.3603754,0.007848024,0.02217859,-0.3377841,0.6494251,0.4182727,0.5377702
1751960883609,69.88976,SteamVR Tracker (Left Foot),0.2937811,0.01224685,0.3232144,-0.4304577,0.5162414,0.4099371,0.6165652
1751960883609,69.88976,SteamVR Tracker (Waist),-0.5778127,0.761254,1.227666,-0.4984394,0.4951684,0.5013375,0.5050022
1751960883628,69.91065,SteamVR Tracker (Right Foot),0.3148792,0.004817486,0.02856696,-0.3365713,0.6493176,0.4118673,0.5435732
1751960883628,69.91065,SteamVR Tracker (Left Foot),0.2937869,0.01239157,0.3232887,-0.4303805,0.5164617,0.4104125,0.6161181
1751960883628,69.91065,SteamVR Tracker (Waist),-0.5779023,0.7610732,1.227654,-0.4984673,0.4952025,0.5014099,0.5048692
1751960883660,69.94044,SteamVR Tracker (Right Foot),0.2867495,0.003240824,0.03064561,-0.3296194,0.6531425,0.4088663,0.5455129
1751960883660,69.94044,SteamVR Tracker (Left Foot),0.2935468,0.01235604,0.323342,-0.4304579,0.5166889,0.4106292,0.615729
1751960883660,69.94044,SteamVR Tracker (Waist),-0.5779555,0.761192,1.227524,-0.498402,0.4953232,0.501366,0.504859
1751960883698,69.97808,SteamVR Tracker (Right Foot),0.2537363,-6.341934E-05,0.03025365,-0.3244368,0.660573,0.4099796,0.5387958
1751960883698,69.97808,SteamVR Tracker (Left Foot),0.2935175,0.01250029,0.3236198,-0.4301651,0.5174308,0.4106481,0.6152979
1751960883698,69.97808,SteamVR Tracker (Waist),-0.5780648,0.761276,1.227542,-0.4984028,0.4952154,0.5013989,0.5049312
1751960883732,70.01099,SteamVR Tracker (Right Foot),0.241836,-0.001089096,0.0250625,-0.3239295,0.6673979,0.4114161,0.5295153
1751960883732,70.01099,SteamVR Tracker (Left Foot),0.2933522,0.01255774,0.3234841,-0.4304396,0.5176868,0.4115266,0.6143029
1751960883732,70.01099,SteamVR Tracker (Waist),-0.5779864,0.7614307,1.227614,-0.4983935,0.4952658,0.5014654,0.5048249
1751960883790,70.0686,SteamVR Tracker (Right Foot),0.2579532,-0.0006461143,0.02472758,-0.3327038,0.6620356,0.4036164,0.5367596
1751960883790,70.0686,SteamVR Tracker (Left Foot),0.2934649,0.01271033,0.3232272,-0.4302123,0.5174974,0.4109788,0.6149881
1751960883791,70.0686,SteamVR Tracker (Waist),-0.5779061,0.7611592,1.227638,-0.4983799,0.4952653,0.5014948,0.5048096
1751960883806,70.08752,SteamVR Tracker (Right Foot),0.2556911,-0.0009350777,0.02567559,-0.3364827,0.6552456,0.4202907,0.5298946
1751960883806,70.08752,SteamVR Tracker (Left Foot),0.2936096,0.01277375,0.3232886,-0.427878,0.5187564,0.4100581,0.6161693
1751960883806,70.08752,SteamVR Tracker (Waist),-0.5780071,0.7611873,1.227576,-0.4984562,0.4952676,0.5014539,0.5047728
1751960883838,70.11917,SteamVR Tracker (Right Foot),0.2588334,0.001116753,0.02341932,-0.3370057,0.6562194,0.4178852,0.5302597
1751960883838,70.11917,SteamVR Tracker (Left Foot),0.2935659,0.0126915,0.3229861,-0.4275926,0.5191103,0.4095445,0.616411
1751960883838,70.11917,SteamVR Tracker (Waist),-0.5780599,0.7612247,1.227458,-0.4984637,0.4953551,0.5014753,0.5046581
1751960883874,70.15279,SteamVR Tracker (Right Foot),0.2600103,0.0008928776,0.02267581,-0.3372042,0.6577221,0.4133896,0.5317934
1751960883874,70.15279,SteamVR Tracker (Left Foot),0.2935582,0.01261711,0.3229254,-0.4275748,0.5193291,0.4088904,0.6166733
1751960883874,70.15279,SteamVR Tracker (Waist),-0.577937,0.7611444,1.227504,-0.4984391,0.4954913,0.5014537,0.5045702
1751960883905,70.18649,SteamVR Tracker (Right Foot),0.2615224,0.002086401,0.02324986,-0.335219,0.6591392,0.4122472,0.5321805
1751960883905,70.18649,SteamVR Tracker (Left Foot),0.2936372,0.01269007,0.323076,-0.4267502,0.519493,0.4088256,0.617149
1751960883905,70.18649,SteamVR Tracker (Waist),-0.5778831,0.7610935,1.227491,-0.4985131,0.4954942,0.5014013,0.5045462
1751960883954,70.2351,SteamVR Tracker (Right Foot),0.2614498,0.003226042,0.0234735,-0.3340874,0.6595652,0.4126634,0.5320417
1751960883954,70.2351,SteamVR Tracker (Left Foot),0.2936968,0.01284885,0.3232662,-0.4250037,0.520277,0.4087984,0.6177116
1751960883954,70.2351,SteamVR Tracker (Waist),-0.5777856,0.7611223,1.227558,-0.4985788,0.4955584,0.5013319,0.5044872
1751960883970,70.2522,SteamVR Tracker (Right Foot),0.2614608,0.0031991,0.02323377,-0.3339126,0.6600432,0.4124717,0.5317072
1751960883970,70.2522,SteamVR Tracker (Left Foot),0.2937696,0.01287198,0.323293,-0.4239911,0.5203359,0.4092605,0.6180518
1751960883970,70.2522,SteamVR Tracker (Waist),-0.5778694,0.7611474,1.227483,-0.4984658,0.4956402,0.5014364,0.5044147
1751960884006,70.28627,SteamVR Tracker (Right Foot),0.2620207,0.003298998,0.02346629,-0.332544,0.661182,0.4113612,0.5320101
1751960884006,70.28627,SteamVR Tracker (Left Foot),0.293862,0.01298428,0.3233404,-0.4230907,0.5203952,0.4093134,0.6185836
1751960884006,70.28627,SteamVR Tracker (Waist),-0.5778447,0.7610009,1.227669,-0.4984908,0.4954916,0.5013483,0.5046236
1751960884040,70.32057,SteamVR Tracker (Right Foot),0.2622094,0.003628016,0.02343208,-0.3321105,0.6617015,0.411003,0.531912
1751960884041,70.32057,SteamVR Tracker (Left Foot),0.2938562,0.01294136,0.3236729,-0.4219764,0.5206088,0.4093589,0.6191347
1751960884041,70.32057,SteamVR Tracker (Waist),-0.577939,0.7611763,1.227746,-0.4986953,0.4952789,0.5012957,0.5046826
1751960884071,70.35189,SteamVR Tracker (Right Foot),0.2618536,0.003723145,0.02345872,-0.3325722,0.661595,0.4115036,0.5313686
1751960884071,70.35189,SteamVR Tracker (Left Foot),0.2938916,0.01308656,0.3236838,-0.4212611,0.5206023,0.4094283,0.6195812
1751960884071,70.35189,SteamVR Tracker (Waist),-0.5780365,0.7612216,1.227724,-0.4986288,0.4952136,0.5014198,0.504689
1751960884132,70.411,SteamVR Tracker (Right Foot),0.2622144,0.004209042,0.02344745,-0.3329426,0.6611687,0.4117375,0.5314862
1751960884132,70.411,SteamVR Tracker (Left Foot),0.2938534,0.01293182,0.3236736,-0.4204257,0.5207028,0.4091572,0.6202428
1751960884132,70.411,SteamVR Tracker (Waist),-0.5778791,0.761163,1.227582,-0.4986787,0.4952123,0.5012531,0.5048066
1751960884152,70.43378,SteamVR Tracker (Right Foot),0.2621881,0.004362106,0.02333093,-0.3333467,0.6606903,0.4120421,0.5315917
1751960884152,70.43378,SteamVR Tracker (Left Foot),0.2939871,0.01297235,0.323809,-0.4193122,0.5209553,0.4090714,0.6208409
1751960884152,70.43378,SteamVR Tracker (Waist),-0.5779126,0.7612278,1.227612,-0.4986919,0.4950685,0.5013303,0.504858
1751960884186,70.46579,SteamVR Tracker (Right Foot),0.2619839,0.00461483,0.02316803,-0.3336718,0.6604713,0.4123649,0.5314096
1751960884186,70.46579,SteamVR Tracker (Left Foot),0.2940743,0.01294804,0.3236265,-0.4189741,0.5210759,0.4082896,0.6214823
1751960884186,70.46579,SteamVR Tracker (Waist),-0.5778992,0.7613686,1.227558,-0.4987219,0.4949931,0.5013158,0.5049167
1751960884217,70.49761,SteamVR Tracker (Right Foot),0.2618966,0.005093575,0.0234136,-0.3338592,0.6603397,0.4124212,0.5314116
1751960884217,70.49761,SteamVR Tracker (Left Foot),0.2941777,0.01295447,0.3238205,-0.418411,0.521125,0.4080212,0.6219965
1751960884218,70.49761,SteamVR Tracker (Waist),-0.578001,0.7613103,1.227685,-0.4986162,0.4950756,0.5013888,0.5048676
1751960884251,70.53161,SteamVR Tracker (Right Foot),0.2616965,0.005556345,0.02314144,-0.333978,0.6602097,0.4126412,0.5313278
1751960884251,70.53161,SteamVR Tracker (Left Foot),0.2941546,0.01302743,0.3238727,-0.4182688,0.5212278,0.4079568,0.6220484
1751960884251,70.53161,SteamVR Tracker (Waist),-0.57795,0.7611668,1.227696,-0.4986485,0.4950505,0.5013698,0.5048793
1751960884316,70.59424,SteamVR Tracker (Right Foot),0.2620961,0.005614519,0.02288723,-0.3345495,0.65979,0.4130929,0.5311384
1751960884316,70.59424,SteamVR Tracker (Left Foot),0.2941005,0.01289606,0.3236395,-0.4190605,0.5209724,0.4081042,0.6216326
1751960884316,70.59424,SteamVR Tracker (Waist),-0.5780115,0.7612138,1.227526,-0.4985071,0.4952269,0.5014423,0.5047739
1751960884341,70.62132,SteamVR Tracker (Right Foot),0.2613067,0.005787611,0.02302402,-0.3350222,0.6588419,0.4145165,0.5309082
1751960884341,70.62132,SteamVR Tracker (Left Foot),0.2939053,0.01294208,0.3235997,-0.4195511,0.5208197,0.4083963,0.6212376
1751960884341,70.62132,SteamVR Tracker (Waist),-0.5779951,0.7613393,1.227357,-0.4985447,0.4952496,0.5013423,0.5048138
1751960884368,70.65018,SteamVR Tracker (Right Foot),0.2616022,0.006088257,0.02302063,-0.3351228,0.6586534,0.4147674,0.5308828
1751960884369,70.65018,SteamVR Tracker (Left Foot),0.2939638,0.01289153,0.3237191,-0.4195825,0.520902,0.4083785,0.6211591
1751960884369,70.65018,SteamVR Tracker (Waist),-0.5778923,0.7611884,1.22743,-0.4984538,0.4952917,0.5013534,0.5048513
1751960884403,70.68384,SteamVR Tracker (Right Foot),0.2613549,0.006123781,0.02324378,-0.3351142,0.6585232,0.4150165,0.530855
1751960884403,70.68384,SteamVR Tracker (Left Foot),0.2939609,0.01277518,0.3236621,-0.4193463,0.520923,0.4080893,0.6214911
1751960884403,70.68384,SteamVR Tracker (Waist),-0.5780141,0.7613227,1.22754,-0.4985252,0.49521,0.5013702,0.5048442
1751960884449,70.7308,SteamVR Tracker (Right Foot),0.2616109,0.006197691,0.02294499,-0.3350898,0.6587202,0.4143488,0.5311475
1751960884449,70.7308,SteamVR Tracker (Left Foot),0.2940674,0.01291037,0.3237808,-0.4192476,0.5208296,0.4081998,0.6215633
1751960884449,70.7308,SteamVR Tracker (Waist),-0.5779423,0.7612805,1.227588,-0.4985585,0.495281,0.5012485,0.5048625
1751960884474,70.75507,SteamVR Tracker (Right Foot),0.2615262,0.006375313,0.02293211,-0.3348674,0.6587356,0.4141996,0.531385
1751960884474,70.75507,SteamVR Tracker (Left Foot),0.2941462,0.01293588,0.3237741,-0.4191847,0.5207905,0.4082031,0.6216364
1751960884474,70.75507,SteamVR Tracker (Waist),-0.5779845,0.7612889,1.227574,-0.4985841,0.495205,0.5012489,0.5049114
1751960884515,70.79616,SteamVR Tracker (Right Foot),0.2618385,0.006638527,0.02312899,-0.3346629,0.6587717,0.4143274,0.5313694
1751960884516,70.79616,SteamVR Tracker (Left Foot),0.294181,0.01292229,0.3238157,-0.4196217,0.5205099,0.4081622,0.6216034
1751960884516,70.79616,SteamVR Tracker (Waist),-0.5777684,0.7612413,1.227547,-0.4985324,0.4952405,0.501245,0.5049314
1751960884569,70.84755,SteamVR Tracker (Right Foot),0.2613476,0.006838799,0.02290386,-0.334697,0.6586614,0.4150105,0.5309513
1751960884569,70.84755,SteamVR Tracker (Left Foot),0.2940789,0.01285696,0.3236068,-0.4200957,0.5203971,0.408439,0.6211958
1751960884569,70.84755,SteamVR Tracker (Waist),-0.5779513,0.7612218,1.22752,-0.4986487,0.4952423,0.5012556,0.5048043
1751960884634,70.91394,SteamVR Tracker (Right Foot),0.261632,0.007227898,0.02287728,-0.3346578,0.6583192,0.4151731,0.5312732
1751960884634,70.91394,SteamVR Tracker (Left Foot),0.2940345,0.01291776,0.3237604,-0.4204729,0.5204304,0.4085458,0.6208422
1751960884634,70.91394,SteamVR Tracker (Waist),-0.5778592,0.7611248,1.227632,-0.4985513,0.4951297,0.501316,0.5049509
1751960884654,70.93541,SteamVR Tracker (Right Foot),0.2614231,0.007053852,0.02283204,-0.3347889,0.6579368,0.4158655,0.5311228
1751960884654,70.93541,SteamVR Tracker (Left Foot),0.2940456,0.0130229,0.3237065,-0.4207322,0.5203694,0.4086592,0.6206431
1751960884654,70.93541,SteamVR Tracker (Waist),-0.5779183,0.7613175,1.227581,-0.4985289,0.4951403,0.5012885,0.50499
1751960884685,70.96529,SteamVR Tracker (Right Foot),0.2614063,0.007437468,0.02270997,-0.3348107,0.6578854,0.4159806,0.5310826
1751960884685,70.96529,SteamVR Tracker (Left Foot),0.2940322,0.01307845,0.3236784,-0.4209895,0.520449,0.4085895,0.6204476
1751960884685,70.96529,SteamVR Tracker (Waist),-0.5777915,0.7611196,1.227543,-0.4985762,0.4950615,0.5013818,0.504928
1751960884720,70.99965,SteamVR Tracker (Right Foot),0.2613617,0.007803202,0.02275503,-0.3349007,0.6577633,0.4159818,0.5311763
1751960884720,70.99965,SteamVR Tracker (Left Foot),0.2937927,0.01288152,0.3235531,-0.4211218,0.5203996,0.4085849,0.6204023
1751960884720,70.99965,SteamVR Tracker (Waist),-0.5777831,0.7610428,1.22752,-0.4984075,0.4950356,0.5013826,0.505119
1751960884786,71.06532,SteamVR Tracker (Right Foot),0.2614298,0.008028507,0.02303374,-0.3347717,0.6574501,0.4168662,0.5309519
1751960884786,71.06532,SteamVR Tracker (Left Foot),0.2939899,0.01306415,0.3236969,-0.4212888,0.5201737,0.4087551,0.6203664
1751960884786,71.06532,SteamVR Tracker (Waist),-0.5777571,0.7611551,1.2276,-0.4985344,0.4950234,0.5013631,0.5050252
1751960884805,71.08533,SteamVR Tracker (Right Foot),0.2611133,0.007986069,0.02294266,-0.3348182,0.6571888,0.4172249,0.5309643
1751960884805,71.08533,SteamVR Tracker (Left Foot),0.2939486,0.01313853,0.3236849,-0.4214529,0.5200779,0.4090526,0.6201391
1751960884805,71.08533,SteamVR Tracker (Waist),-0.5779016,0.7612598,1.227769,-0.4985425,0.4950479,0.501361,0.5049952
1751960884829,71.11086,SteamVR Tracker (Right Foot),0.2610533,0.008087635,0.02285624,-0.3346917,0.6571118,0.4174463,0.5309654
1751960884829,71.11086,SteamVR Tracker (Left Foot),0.2940018,0.0131948,0.323569,-0.4214458,0.5202069,0.4089604,0.6200964
1751960884829,71.11086,SteamVR Tracker (Waist),-0.5778438,0.7612123,1.227589,-0.4984855,0.4950967,0.5013636,0.5050011
1751960884867,71.14699,SteamVR Tracker (Right Foot),0.2611127,0.008228064,0.02279085,-0.3347341,0.6570469,0.4171467,0.5312544
1751960884868,71.14699,SteamVR Tracker (Left Foot),0.2936774,0.01305461,0.3235652,-0.4215215,0.5201968,0.4090575,0.6199895
1751960884868,71.14699,SteamVR Tracker (Waist),-0.5780004,0.7613149,1.227425,-0.498459,0.4952016,0.5013309,0.504957
1751960884904,71.18267,SteamVR Tracker (Right Foot),0.2611642,0.008427143,0.02283549,-0.3347308,0.6570766,0.4170251,0.5313151
1751960884904,71.18267,SteamVR Tracker (Left Foot),0.2937886,0.01305294,0.3235832,-0.4215995,0.5200852,0.4090033,0.6200657
1751960884904,71.18267,SteamVR Tracker (Waist),-0.5779246,0.7612675,1.227556,-0.4985551,0.495156,0.5012816,0.5049555
1751960884960,71.23991,SteamVR Tracker (Right Foot),0.2616314,0.008548498,0.02261025,-0.334358,0.657251,0.4174919,0.5309674
1751960884960,71.23991,SteamVR Tracker (Left Foot),0.293809,0.01306224,0.3236838,-0.4214792,0.5202088,0.4090369,0.6200216
1751960884960,71.23991,SteamVR Tracker (Waist),-0.5777321,0.7612181,1.227654,-0.4985151,0.4952048,0.5013176,0.5049115
1751960884976,71.25766,SteamVR Tracker (Right Foot),0.2613541,0.008595228,0.02241665,-0.3341497,0.6571674,0.4177106,0.5310301
1751960884976,71.25766,SteamVR Tracker (Left Foot),0.2937957,0.01300526,0.3234442,-0.4217536,0.5200717,0.4091468,0.6198777
1751960884976,71.25766,SteamVR Tracker (Waist),-0.5779166,0.7613127,1.227473,-0.4985831,0.4951803,0.501271,0.5049146
1751960885007,71.28752,SteamVR Tracker (Right Foot),0.2609566,0.008793831,0.02300501,-0.3342024,0.6570715,0.4179278,0.5309446
1751960885008,71.28752,SteamVR Tracker (Left Foot),0.2939157,0.01311302,0.3238661,-0.4216315,0.5200242,0.4090682,0.6200525
1751960885008,71.28752,SteamVR Tracker (Waist),-0.5778607,0.761163,1.227641,-0.4985503,0.4950774,0.5012994,0.5050197
1751960885046,71.32557,SteamVR Tracker (Right Foot),0.2608085,0.009271383,0.02306396,-0.333835,0.6571119,0.4177337,0.5312785
1751960885046,71.32557,SteamVR Tracker (Left Foot),0.2938966,0.01314235,0.3236353,-0.4215313,0.5200275,0.4092075,0.6200257
1751960885046,71.32557,SteamVR Tracker (Waist),-0.5779353,0.7614471,1.227774,-0.4984896,0.4952177,0.501286,0.5049554
1751960885078,71.35945,SteamVR Tracker (Right Foot),0.2612771,0.009262085,0.02268767,-0.3334161,0.6575042,0.4168587,0.5317432
1751960885078,71.35945,SteamVR Tracker (Left Foot),0.2937635,0.01307225,0.3237789,-0.4214386,0.5197251,0.4098106,0.619944
1751960885078,71.35945,SteamVR Tracker (Waist),-0.5779581,0.7613704,1.227368,-0.4984138,0.4952734,0.5012369,0.5050245
1751960885136,71.41489,SteamVR Tracker (Right Foot),0.261448,0.009790421,0.02255672,-0.3330297,0.6579855,0.4160415,0.5320299
1751960885137,71.41489,SteamVR Tracker (Left Foot),0.2937244,0.01299667,0.323797,-0.4212049,0.5198368,0.4098336,0.619994
1751960885137,71.41489,SteamVR Tracker (Waist),-0.5778358,0.7612597,1.227596,-0.4984571,0.4951856,0.5012951,0.5050099
1751960885156,71.43694,SteamVR Tracker (Right Foot),0.2613666,0.009576321,0.02253765,-0.3329382,0.6582753,0.4155713,0.5320961
1751960885156,71.43694,SteamVR Tracker (Left Foot),0.2938008,0.01300406,0.3238575,-0.4211242,0.519772,0.4100574,0.6199552
1751960885156,71.43694,SteamVR Tracker (Waist),-0.5779274,0.7612077,1.227656,-0.4984357,0.4951676,0.5013468,0.5049975
1751960885189,71.46936,SteamVR Tracker (Right Foot),0.2611866,0.01002145,0.02275622,-0.3332215,0.6580232,0.4155664,0.5322345
1751960885190,71.46936,SteamVR Tracker (Left Foot),0.2939348,0.01302266,0.3239656,-0.4216069,0.5197433,0.410127,0.6196051
1751960885190,71.46936,SteamVR Tracker (Waist),-0.5779127,0.7611905,1.227621,-0.498458,0.4951373,0.5013984,0.5049539
1751960885223,71.50271,SteamVR Tracker (Right Foot),0.2612231,0.01006079,0.02263343,-0.333265,0.6579338,0.4157408,0.5321816
1751960885223,71.50271,SteamVR Tracker (Left Foot),0.2938721,0.01308084,0.3238826,-0.4217462,0.5196832,0.4097837,0.6197878
1751960885223,71.50271,SteamVR Tracker (Waist),-0.5779011,0.761241,1.22763,-0.4984846,0.4951761,0.5014085,0.5048795
1751960885255,71.53592,SteamVR Tracker (Right Foot),0.2611563,0.01022243,0.02253675,-0.3333295,0.6580297,0.4158185,0.5319619
1751960885255,71.53592,SteamVR Tracker (Left Foot),0.2937125,0.01301503,0.323641,-0.4218095,0.5198056,0.4098604,0.6195912
1751960885255,71.53592,SteamVR Tracker (Waist),-0.577952,0.7611674,1.227576,-0.498549,0.4951861,0.5015392,0.5046762
1751960885317,71.5973,SteamVR Tracker (Right Foot),0.26116,0.01061964,0.02255881,-0.3335845,0.6577013,0.4159869,0.5320765
1751960885317,71.5973,SteamVR Tracker (Left Foot),0.2937521,0.01304865,0.3237831,-0.4223881,0.519659,0.4100271,0.6192097
1751960885317,71.5973,SteamVR Tracker (Waist),-0.5778854,0.7611862,1.227639,-0.4986374,0.4950879,0.5014524,0.5047715
1751960885367,71.64571,SteamVR Tracker (Right Foot),0.2605518,0.01045609,0.02241313,-0.3337569,0.6570992,0.4166983,0.5321555
1751960885367,71.64571,SteamVR Tracker (Left Foot),0.2936206,0.013129,0.3234988,-0.4235635,0.5194374,0.410465,0.618302
1751960885367,71.64571,SteamVR Tracker (Waist),-0.5779532,0.7612116,1.227463,-0.4986371,0.4949164,0.5015701,0.504823
1751960885397,71.67843,SteamVR Tracker (Right Foot),0.2608728,0.01041818,0.02264673,-0.3338594,0.6568105,0.4172895,0.5319845
1751960885397,71.67843,SteamVR Tracker (Left Foot),0.2935082,0.01300597,0.323459,-0.4240723,0.519234,0.4106236,0.6180187
1751960885398,71.67843,SteamVR Tracker (Waist),-0.5778334,0.7612606,1.227536,-0.4985069,0.4949122,0.5015612,0.5049645
1751960885431,71.7104,SteamVR Tracker (Right Foot),0.2611237,0.01062799,0.0224967,-0.3338268,0.6562925,0.4178654,0.5321921
1751960885431,71.7104,SteamVR Tracker (Left Foot),0.2935772,0.01303959,0.3234161,-0.4243353,0.5193233,0.4105551,0.6178086
1751960885431,71.7104,SteamVR Tracker (Waist),-0.5777807,0.7612045,1.227653,-0.4985134,0.4950793,0.5014758,0.5048792
1751960885493,71.77148,SteamVR Tracker (Right Foot),0.2608868,0.01072812,0.02296162,-0.3342313,0.6557877,0.4184304,0.5321164
1751960885493,71.77148,SteamVR Tracker (Left Foot),0.2933362,0.01327109,0.3235099,-0.4252627,0.51911,0.411041,0.6170265
1751960885493,71.77148,SteamVR Tracker (Waist),-0.5780125,0.7614357,1.227512,-0.4986154,0.4950129,0.501447,0.5048722
1751960885518,71.79948,SteamVR Tracker (Right Foot),0.2610987,0.01084995,0.02293521,-0.3338645,0.6553027,0.4191201,0.5324013
1751960885518,71.79948,SteamVR Tracker (Left Foot),0.293005,0.01352143,0.323589,-0.427053,0.5188362,0.4123829,0.6151221
1751960885518,71.79948,SteamVR Tracker (Waist),-0.5776343,0.761014,1.227665,-0.4985011,0.4951518,0.501395,0.5049005
1751960885561,71.83928,SteamVR Tracker (Right Foot),0.2608607,0.01129889,0.02212387,-0.3351525,0.6560567,0.4175983,0.5318591
1751960885561,71.83928,SteamVR Tracker (Left Foot),0.2928402,0.01376247,0.3234274,-0.4280371,0.5193021,0.4132327,0.6134725
1751960885561,71.83928,SteamVR Tracker (Waist),-0.5779853,0.7613868,1.227523,-0.4984711,0.495231,0.5013892,0.504858
1751960885610,71.8901,SteamVR Tracker (Right Foot),0.2610519,0.01132274,0.02178699,-0.3344552,0.6571115,0.4155262,0.5326184
1751960885610,71.8901,SteamVR Tracker (Left Foot),0.2923545,0.01408935,0.3239129,-0.4274717,0.5194869,0.4146799,0.6127331
1751960885610,71.8901,SteamVR Tracker (Waist),-0.5777493,0.7613504,1.227611,-0.4984403,0.4950935,0.5013518,0.5050606
1751960885664,71.94501,SteamVR Tracker (Right Foot),0.2340715,-0.001004457,0.00128293,-0.3283113,0.6552181,0.4211394,0.5343618
1751960885664,71.94501,SteamVR Tracker (Left Foot),0.2918868,0.01437473,0.3243611,-0.4268679,0.5183277,0.4167517,0.6127301
1751960885664,71.94501,SteamVR Tracker (Waist),-0.5780078,0.7611463,1.227515,-0.4985116,0.4951583,0.5013971,0.5048816
1751960885697,71.97633,SteamVR Tracker (Right Foot),0.2613,0.01350188,0.01842219,-0.3253305,0.652644,0.4222459,0.5384464
1751960885697,71.97633,SteamVR Tracker (Left Foot),0.2916155,0.01487446,0.3260274,-0.4275001,0.5161961,0.4153497,0.6150364
1751960885697,71.97633,SteamVR Tracker (Waist),-0.5778546,0.7611685,1.227694,-0.498439,0.4951367,0.5014732,0.5048988
1751960885741,72.02013,SteamVR Tracker (Right Foot),0.2657647,0.02554774,0.0230248,-0.3262489,0.6522757,0.4226246,0.5380394
1751960885742,72.02013,SteamVR Tracker (Left Foot),0.2909153,0.01543164,0.3302435,-0.4321389,0.5090951,0.4091378,0.6218395
1751960885742,72.02013,SteamVR Tracker (Waist),-0.5777372,0.7612133,1.227597,-0.4985416,0.4950245,0.5014533,0.5049274
1751960885787,72.0662,SteamVR Tracker (Right Foot),0.2608845,0.02395773,0.02062207,-0.3281082,0.6521198,0.4230812,0.5367374
1751960885787,72.0662,SteamVR Tracker (Left Foot),0.287329,0.01560116,0.3462593,-0.4519643,0.4760638,0.3843718,0.6491147
1751960885788,72.0662,SteamVR Tracker (Waist),-0.5780123,0.7612194,1.227521,-0.4983954,0.4951552,0.5014209,0.5049759
1751960885863,72.14082,SteamVR Tracker (Right Foot),0.260361,0.02143645,0.02012837,-0.3285224,0.6523259,0.4230745,0.5362387
1751960885863,72.14082,SteamVR Tracker (Left Foot),0.280181,0.01619697,0.3670776,-0.4709951,0.4417695,0.357881,0.674481
1751960885863,72.14082,SteamVR Tracker (Waist),-0.5780045,0.7612665,1.227592,-0.4983315,0.4951588,0.5015407,0.5049163
1751960885888,72.16937,SteamVR Tracker (Right Foot),0.2606927,0.02060342,0.02067727,-0.3289109,0.6524706,0.4233735,0.535588
1751960885889,72.16937,SteamVR Tracker (Left Foot),0.2747636,0.01617408,0.3841197,-0.4762214,0.4333348,0.3474473,0.6816997
1751960885889,72.16937,SteamVR Tracker (Waist),-0.5778832,0.7613281,1.22749,-0.4984116,0.4951698,0.5015819,0.5047855
1751960885930,72.21007,SteamVR Tracker (Right Foot),0.2596645,0.01757693,0.01934588,-0.3295288,0.6526314,0.4237772,0.5346923
1751960885930,72.21007,SteamVR Tracker (Left Foot),0.2715954,0.01616287,0.3954341,-0.468394,0.449501,0.3521012,0.674226
1751960885930,72.21007,SteamVR Tracker (Waist),-0.5778899,0.7610016,1.227459,-0.4982761,0.4952703,0.501602,0.5048008
1751960885975,72.25407,SteamVR Tracker (Right Foot),0.2603531,0.01841354,0.02032298,-0.3285573,0.6532817,0.422963,0.5351406
1751960885975,72.25407,SteamVR Tracker (Left Foot),0.268759,0.01628995,0.4113459,-0.4633891,0.4560564,0.3536267,0.6724814
1751960885975,72.25407,SteamVR Tracker (Waist),-0.5779951,0.7612262,1.227677,-0.4984299,0.4951566,0.5014062,0.5049549
1751960886054,72.33141,SteamVR Tracker (Right Foot),0.2607049,0.01879644,0.02081293,-0.3284392,0.6534545,0.4235512,0.5345367
1751960886054,72.33141,SteamVR Tracker (Left Foot),0.2638704,0.01615119,0.4383999,-0.4747809,0.4334241,0.3360405,0.6883339
1751960886054,72.33141,SteamVR Tracker (Waist),-0.5778253,0.7610402,1.227731,-0.498309,0.4952107,0.5013695,0.5050576
1751960886091,72.37123,SteamVR Tracker (Right Foot),0.2606771,0.01846671,0.02065039,-0.3271616,0.6536993,0.4241706,0.5345296
1751960886091,72.37123,SteamVR Tracker (Left Foot),0.2603922,0.01661992,0.4733289,-0.485706,0.4177219,0.3188889,0.6985041
1751960886091,72.37123,SteamVR Tracker (Waist),-0.5781529,0.7614939,1.227379,-0.4984168,0.4952703,0.5013959,0.5048665
1751960886131,72.4117,SteamVR Tracker (Right Foot),0.264393,0.009676218,0.0159691,-0.3333695,0.6463785,0.4287482,0.5359427
1751960886132,72.4117,SteamVR Tracker (Left Foot),0.260286,0.01622653,0.4934486,-0.4878048,0.4124998,0.3201407,0.6995715
1751960886132,72.4117,SteamVR Tracker (Waist),-0.5779926,0.7612708,1.227526,-0.4984358,0.4951918,0.5013955,0.5049252
1751960886201,72.48007,SteamVR Tracker (Right Foot),0.2597065,0.01753592,0.02124208,-0.3328156,0.6468512,0.4299192,0.5347772
1751960886201,72.48007,SteamVR Tracker (Left Foot),0.2620679,0.01601171,0.5130668,-0.4894357,0.4062373,0.3255531,0.6995993
1751960886201,72.48007,SteamVR Tracker (Waist),-0.5779729,0.7612801,1.227725,-0.4985213,0.4951841,0.5013072,0.504936
1751960886227,72.50869,SteamVR Tracker (Right Foot),0.2613994,0.01733661,0.02062821,-0.3318679,0.6473783,0.430159,0.5345355
1751960886227,72.50869,SteamVR Tracker (Left Foot),0.2636262,0.01569653,0.5390262,-0.4935761,0.4028262,0.3264389,0.6982487
1751960886228,72.50869,SteamVR Tracker (Waist),-0.5779299,0.7614071,1.227626,-0.4984616,0.4952018,0.5012537,0.5050308
1751960886273,72.5519,SteamVR Tracker (Right Foot),0.2618023,0.01625848,0.02025092,-0.3320268,0.6477728,0.4306061,0.5335982
1751960886273,72.5519,SteamVR Tracker (Left Foot),0.2636902,0.01575089,0.5593792,-0.4973576,0.3940568,0.3210021,0.7030735
1751960886273,72.5519,SteamVR Tracker (Waist),-0.5778798,0.7611506,1.227404,-0.4983475,0.4952011,0.5014564,0.5049428
1751960886316,72.59626,SteamVR Tracker (Right Foot),0.2610049,0.01622891,0.0211519,-0.3311477,0.6473073,0.432115,0.5334895
1751960886317,72.59626,SteamVR Tracker (Left Foot),0.264774,0.0154984,0.578104,-0.498605,0.3925957,0.3194741,0.7037031
1751960886317,72.59626,SteamVR Tracker (Waist),-0.5779393,0.7611275,1.22748,-0.4984255,0.4952087,0.5014549,0.5048598
1751960886378,72.65763,SteamVR Tracker (Right Foot),0.2605283,0.01599884,0.02172083,-0.3300026,0.6477333,0.4328673,0.5330721
1751960886378,72.65763,SteamVR Tracker (Left Foot),0.2646869,0.01541996,0.5906278,-0.4956377,0.399041,0.326871,0.6987596
1751960886378,72.65763,SteamVR Tracker (Waist),-0.5780584,0.7612945,1.22746,-0.4985059,0.4952268,0.5012454,0.5049707
1751960886410,72.68966,SteamVR Tracker (Right Foot),0.2608346,0.0160563,0.02192372,-0.3286163,0.6468022,0.4350313,0.5332973
1751960886411,72.68966,SteamVR Tracker (Left Foot),0.2646987,0.01512527,0.6028628,-0.4907759,0.4062856,0.3362325,0.6935552
1751960886411,72.68966,SteamVR Tracker (Waist),-0.5779107,0.7616302,1.227727,-0.4984702,0.4952453,0.5012202,0.5050128
1751960886453,72.73232,SteamVR Tracker (Right Foot),0.2608244,0.01643181,0.02201009,-0.3288512,0.6480529,0.4328161,0.5334365
1751960886453,72.73232,SteamVR Tracker (Left Foot),0.2646016,0.01512861,0.6063935,-0.4816732,0.4253829,0.3497099,0.6817209
1751960886453,72.73232,SteamVR Tracker (Waist),-0.5779179,0.7612679,1.227698,-0.4983906,0.495339,0.5011957,0.5050239
1751960886499,72.77798,SteamVR Tracker (Right Foot),0.2604493,0.01670694,0.02178049,-0.3290867,0.6479068,0.4336016,0.5328305
1751960886499,72.77798,SteamVR Tracker (Left Foot),0.2639176,0.01516294,0.6063921,-0.4760969,0.4371952,0.3612505,0.672079
1751960886499,72.77798,SteamVR Tracker (Waist),-0.5778751,0.7609065,1.227729,-0.4984418,0.4952443,0.5013596,0.5049036
1751960886567,72.84318,SteamVR Tracker (Right Foot),0.2602165,0.01679134,0.02187783,-0.3280031,0.648334,0.4339505,0.5326949
1751960886567,72.84318,SteamVR Tracker (Left Foot),0.2646676,0.01495409,0.6014746,-0.4819834,0.4321861,0.3544328,0.6747478
1751960886567,72.84318,SteamVR Tracker (Waist),-0.5780381,0.7612821,1.227653,-0.4984282,0.4951762,0.5013782,0.5049651
1751960886600,72.88032,SteamVR Tracker (Right Foot),0.260587,0.0173862,0.02265602,-0.325534,0.6489002,0.4347587,0.5328613
1751960886601,72.88032,SteamVR Tracker (Left Foot),0.2657051,0.01500034,0.5999036,-0.4877978,0.4327083,0.3425779,0.6763558
1751960886601,72.88032,SteamVR Tracker (Waist),-0.5777738,0.7612593,1.22772,-0.4984841,0.4951464,0.5013131,0.5050038
1751960886641,72.92029,SteamVR Tracker (Right Foot),0.2608916,0.01716518,0.02289844,-0.3240831,0.6501326,0.4346161,0.5323595
1751960886641,72.92029,SteamVR Tracker (Left Foot),0.2650702,0.01537514,0.5992324,-0.484784,0.4318716,0.3457805,0.6774269
1751960886641,72.92029,SteamVR Tracker (Waist),-0.5779016,0.7610254,1.227654,-0.4984354,0.4953507,0.5013102,0.5048544
1751960886684,72.9649,SteamVR Tracker (Right Foot),0.26089,0.01746082,0.02309173,-0.3211714,0.6524454,0.4328458,0.5327367
1751960886684,72.9649,SteamVR Tracker (Left Foot),0.264771,0.01542735,0.5993326,-0.4795605,0.4305341,0.3514065,0.6790992
1751960886684,72.9649,SteamVR Tracker (Waist),-0.5777518,0.7610275,1.227732,-0.4983869,0.4952242,0.5014169,0.5049205
1751960886755,73.03561,SteamVR Tracker (Right Foot),0.2624767,0.0188446,0.02583045,-0.3019194,0.6563805,0.4337715,0.5383787
1751960886755,73.03561,SteamVR Tracker (Left Foot),0.2646213,0.01517844,0.5997135,-0.4784921,0.4303715,0.3557989,0.6776673
1751960886755,73.03561,SteamVR Tracker (Waist),-0.5779164,0.7610967,1.22774,-0.4983474,0.4953472,0.5014274,0.5048284
1751960886777,73.05803,SteamVR Tracker (Right Foot),0.2643936,0.01979136,0.02943534,-0.2659563,0.6708201,0.445145,0.5302016
1751960886777,73.05803,SteamVR Tracker (Left Foot),0.2648233,0.0150373,0.6001962,-0.4740007,0.4307857,0.3570451,0.6799013
1751960886777,73.05803,SteamVR Tracker (Waist),-0.5778893,0.7613291,1.227708,-0.4983722,0.4952967,0.5014446,0.5048363
1751960886821,73.10079,SteamVR Tracker (Right Foot),0.2629699,0.02111077,0.03783983,-0.2168444,0.7385557,0.4801024,0.4207323
1751960886821,73.10079,SteamVR Tracker (Left Foot),0.264496,0.01511788,0.5994304,-0.4752123,0.4327419,0.3565278,0.6780823
1751960886821,73.10079,SteamVR Tracker (Waist),-0.5779032,0.761463,1.227392,-0.4984381,0.495259,0.501323,0.5049289
1751960886852,73.13357,SteamVR Tracker (Right Foot),0.2609322,0.02103639,0.05112952,-0.1875053,0.7598401,0.4960967,0.3759959
1751960886852,73.13357,SteamVR Tracker (Left Foot),0.2643442,0.01543903,0.5996051,-0.4735036,0.4323944,0.3570736,0.6792112
1751960886852,73.13357,SteamVR Tracker (Waist),-0.577997,0.7614568,1.227404,-0.4983306,0.4952998,0.5013867,0.5049318
1751960886918,73.19709,SteamVR Tracker (Right Foot),0.2634833,0.01949501,0.09956646,-0.2573079,0.7218781,0.4585219,0.4499361
1751960886918,73.19709,SteamVR Tracker (Left Foot),0.2637341,0.01631498,0.6004544,-0.4719765,0.4290141,0.3631733,0.6791835
1751960886918,73.19709,SteamVR Tracker (Waist),-0.577812,0.7610207,1.227685,-0.4984048,0.4952326,0.5014615,0.5048503
1751960886933,73.21475,SteamVR Tracker (Right Foot),0.266195,0.01949954,0.1340971,-0.2756949,0.711134,0.4519441,0.4626307
1751960886933,73.21475,SteamVR Tracker (Left Foot),0.2631801,0.0170784,0.601075,-0.4694682,0.425488,0.3691562,0.6799142
1751960886933,73.21475,SteamVR Tracker (Waist),-0.5777458,0.7609502,1.227602,-0.4983241,0.4953432,0.5014027,0.5048798
1751960886963,73.24259,SteamVR Tracker (Right Foot),0.2696327,0.01965809,0.1542875,-0.2866609,0.6911604,0.4451056,0.491939
1751960886963,73.24259,SteamVR Tracker (Left Foot),0.2621831,0.01807785,0.601976,-0.4682898,0.4197513,0.3765697,0.680227
1751960886963,73.24259,SteamVR Tracker (Waist),-0.5780936,0.7614119,1.227427,-0.4984338,0.4953134,0.5013548,0.5048483
1751960886996,73.2771,SteamVR Tracker (Right Foot),0.2711304,0.02011514,0.1697406,-0.2909177,0.6880521,0.4405682,0.4978464
1751960886997,73.2771,SteamVR Tracker (Left Foot),0.2621087,0.01798892,0.6020463,-0.4683968,0.41909,0.3788402,0.6792997
1751960886997,73.2771,SteamVR Tracker (Waist),-0.5778886,0.7614793,1.227555,-0.4984784,0.4952213,0.5013264,0.5049229
1751960887051,73.32809,SteamVR Tracker (Right Foot),0.2720048,0.02125549,0.1833162,-0.2785746,0.7020894,0.4478213,0.4784588
1751960887051,73.32809,SteamVR Tracker (Left Foot),0.2629992,0.01633716,0.6015525,-0.472725,0.4300787,0.3668405,0.6760115
1751960887051,73.32809,SteamVR Tracker (Waist),-0.5778297,0.7611153,1.227695,-0.4984168,0.4951739,0.5013114,0.5050449
1751960887118,73.39711,SteamVR Tracker (Right Foot),0.2756479,0.02102804,0.2157227,-0.305263,0.6764472,0.4286066,0.5152961
1751960887118,73.39711,SteamVR Tracker (Left Foot),0.2637304,0.01537156,0.6011412,-0.4759485,0.436361,0.3563722,0.6753228
1751960887118,73.39711,SteamVR Tracker (Waist),-0.5780169,0.7612779,1.227491,-0.4984983,0.4951942,0.5013017,0.5049542
1751960887144,73.42429,SteamVR Tracker (Right Foot),0.2769452,0.02089787,0.2452329,-0.3232976,0.6581893,0.4127725,0.5402633
1751960887144,73.42429,SteamVR Tracker (Left Foot),0.2636193,0.01598001,0.6013914,-0.4739144,0.4349434,0.3601364,0.6756709
1751960887144,73.42429,SteamVR Tracker (Waist),-0.5778517,0.7612221,1.227513,-0.4985466,0.4951895,0.5013412,0.504872
1751960887174,73.45498,SteamVR Tracker (Right Foot),0.2750066,0.02169561,0.2527584,-0.3177811,0.664719,0.4162241,0.5328428
1751960887174,73.45498,SteamVR Tracker (Left Foot),0.2635829,0.01577282,0.6011232,-0.4747439,0.4342882,0.3614713,0.6747966
1751960887174,73.45498,SteamVR Tracker (Waist),-0.5778029,0.7610822,1.227654,-0.4986109,0.4951344,0.5013078,0.5048957
1751960887212,73.49156,SteamVR Tracker (Right Foot),0.2732385,0.02184367,0.2665418,-0.3141255,0.6747168,0.4175486,0.5212827
1751960887212,73.49156,SteamVR Tracker (Left Foot),0.2636175,0.01511502,0.6011546,-0.4764489,0.4350422,0.3594595,0.6741837
1751960887212,73.49156,SteamVR Tracker (Waist),-0.5779036,0.761392,1.227657,-0.4986333,0.495119,0.5012742,0.5049221
1751960887263,73.54301,SteamVR Tracker (Right Foot),0.2714771,0.02156448,0.2818556,-0.3161609,0.6742442,0.4149292,0.5227531
1751960887263,73.54301,SteamVR Tracker (Left Foot),0.2635809,0.01479435,0.600977,-0.4785713,0.4355795,0.3586521,0.672762
1751960887264,73.54301,SteamVR Tracker (Waist),-0.5779897,0.7611754,1.227503,-0.4984922,0.4951666,0.5013614,0.504928
1751960887313,73.59223,SteamVR Tracker (Right Foot),0.2709436,0.02135587,0.3112282,-0.3217269,0.6716629,0.4078201,0.5282458
1751960887313,73.59223,SteamVR Tracker (Left Foot),0.263255,0.01502562,0.6009859,-0.4786165,0.4346491,0.3596484,0.6727996
1751960887313,73.59223,SteamVR Tracker (Waist),-0.5779352,0.7610209,1.227505,-0.498467,0.4953583,0.5012848,0.504841
1751960887337,73.61982,SteamVR Tracker (Right Foot),0.2716765,0.02124715,0.3225799,-0.325808,0.6645112,0.4032146,0.5382304
1751960887337,73.61982,SteamVR Tracker (Left Foot),0.2634916,0.01500964,0.6010212,-0.47861,0.434742,0.3599437,0.6725864
1751960887337,73.61982,SteamVR Tracker (Waist),-0.5778961,0.7611837,1.22758,-0.4984479,0.4952867,0.5012705,0.5049442
1751960887379,73.65943,SteamVR Tracker (Right Foot),0.2723205,0.0216856,0.3355315,-0.3314387,0.6576821,0.3976838,0.5472205
1751960887380,73.65943,SteamVR Tracker (Left Foot),0.2635116,0.01483393,0.6007059,-0.4798104,0.4355745,0.3587382,0.6718361
1751960887380,73.65943,SteamVR Tracker (Waist),-0.5780534,0.7614566,1.227439,-0.4984011,0.495397,0.5012484,0.5049042
1751960887436,73.71548,SteamVR Tracker (Right Foot),0.2719646,0.02239561,0.3464617,-0.3382917,0.653129,0.3907941,0.5534088
1751960887436,73.71548,SteamVR Tracker (Left Foot),0.2639023,0.01482987,0.6007219,-0.4799508,0.4357159,0.3573203,0.6723995
1751960887436,73.71548,SteamVR Tracker (Waist),-0.577843,0.7612196,1.22758,-0.4985621,0.495313,0.5013469,0.5047299
1751960887454,73.73589,SteamVR Tracker (Right Foot),0.2713003,0.02185798,0.365191,-0.3507625,0.6350009,0.3806361,0.5734593
1751960887454,73.73589,SteamVR Tracker (Left Foot),0.2638265,0.01476812,0.6006207,-0.4811664,0.4345763,0.3576135,0.6721123
1751960887454,73.73589,SteamVR Tracker (Waist),-0.5780715,0.7612875,1.227586,-0.4985683,0.4953817,0.5013203,0.5046828
1751960887486,73.76727,SteamVR Tracker (Right Foot),0.2710265,0.02108049,0.3630776,-0.3495253,0.6307862,0.3829585,0.5773073
1751960887486,73.76727,SteamVR Tracker (Left Foot),0.2639922,0.01467586,0.6003535,-0.4811507,0.4347688,0.3568875,0.6723849
1751960887487,73.76727,SteamVR Tracker (Waist),-0.5780574,0.7613969,1.227602,-0.4983655,0.4954511,0.5012721,0.5048627
1751960887531,73.81184,SteamVR Tracker (Right Foot),0.2713523,0.02127719,0.3515725,-0.3486705,0.6417341,0.3875509,0.5625038
1751960887531,73.81184,SteamVR Tracker (Left Foot),0.2641286,0.01457882,0.5999079,-0.482136,0.4339779,0.3570239,0.6721177
1751960887531,73.81184,SteamVR Tracker (Waist),-0.5779939,0.7613251,1.227531,-0.4984097,0.4954418,0.5013711,0.5047299
1751960887606,73.88625,SteamVR Tracker (Right Foot),0.2717214,0.02132392,0.3503305,-0.3506773,0.646094,0.3822066,0.5599161
1751960887606,73.88625,SteamVR Tracker (Left Foot),0.2642459,0.01460862,0.6001254,-0.4809572,0.4345051,0.356074,0.6731248
1751960887606,73.88625,SteamVR Tracker (Waist),-0.577879,0.7612113,1.227595,-0.4983607,0.4953456,0.5013518,0.504892
1751960887634,73.91575,SteamVR Tracker (Right Foot),0.2718865,0.02071929,0.3498085,-0.3514985,0.6461614,0.3828554,0.5588793
1751960887634,73.91575,SteamVR Tracker (Left Foot),0.2644183,0.0144434,0.6002089,-0.4808611,0.4341325,0.3557497,0.6736051
1751960887634,73.91575,SteamVR Tracker (Waist),-0.5778536,0.7611735,1.227529,-0.4983622,0.495417,0.5011808,0.50499
1751960887661,73.94244,SteamVR Tracker (Right Foot),0.2717846,0.02044678,0.3496589,-0.3525806,0.6457068,0.3834367,0.5583244
1751960887661,73.94244,SteamVR Tracker (Left Foot),0.264764,0.01440859,0.6000711,-0.4785717,0.4356479,0.353246,0.6755718
1751960887661,73.94244,SteamVR Tracker (Waist),-0.5778437,0.7612152,1.227634,-0.4982766,0.4952536,0.501277,0.5051394
1751960887698,73.97928,SteamVR Tracker (Right Foot),0.2715594,0.02084875,0.3492995,-0.3528416,0.6455188,0.383532,0.5583114
1751960887698,73.97928,SteamVR Tracker (Left Foot),0.2648858,0.01421189,0.6003773,-0.4785071,0.4343906,0.3535985,0.6762425
1751960887698,73.97928,SteamVR Tracker (Waist),-0.5779468,0.76121,1.227633,-0.4984665,0.4953055,0.501206,0.5049716
1751960887753,74.03276,SteamVR Tracker (Right Foot),0.2714584,0.02114868,0.3494484,-0.3526817,0.6449063,0.3842822,0.5586042
1751960887753,74.03276,SteamVR Tracker (Left Foot),0.2648697,0.01435971,0.6002229,-0.4787403,0.4339768,0.3540344,0.676115
1751960887753,74.03276,SteamVR Tracker (Waist),-0.5778568,0.7611319,1.227603,-0.4984585,0.4951947,0.5013973,0.5048981
1751960887764,74.04617,SteamVR Tracker (Right Foot),0.2713199,0.02112341,0.349304,-0.3533919,0.644401,0.3849508,0.5582782
1751960887764,74.04617,SteamVR Tracker (Left Foot),0.264998,0.01423526,0.6002726,-0.4776153,0.4333217,0.3539367,0.6773809
1751960887765,74.04617,SteamVR Tracker (Waist),-0.5778556,0.7610788,1.227462,-0.4985321,0.495154,0.5012501,0.5050114
1751960887801,74.08015,SteamVR Tracker (Right Foot),0.2711129,0.02127361,0.3493425,-0.3536427,0.6440123,0.3855385,0.5581623
1751960887801,74.08015,SteamVR Tracker (Left Foot),0.2643948,0.01464558,0.6003771,-0.4768299,0.4313423,0.3556166,0.678317
1751960887801,74.08015,SteamVR Tracker (Waist),-0.5778912,0.7610923,1.227449,-0.4986227,0.4951587,0.5013007,0.5048671
1751960887831,74.11285,SteamVR Tracker (Right Foot),0.2710076,0.02143908,0.349502,-0.3535864,0.6435947,0.3864889,0.5580224
1751960887831,74.11285,SteamVR Tracker (Left Foot),0.2640986,0.01480079,0.6003682,-0.4790394,0.4307628,0.3564071,0.6767117
1751960887831,74.11285,SteamVR Tracker (Waist),-0.5778391,0.7612129,1.227436,-0.4985345,0.4951046,0.5013068,0.5050014
1751960887870,74.15053,SteamVR Tracker (Right Foot),0.2709056,0.02152896,0.3495602,-0.3526599,0.6433331,0.3887008,0.5573736
1751960887870,74.15053,SteamVR Tracker (Left Foot),0.2642089,0.01479864,0.6005198,-0.4788873,0.4308259,0.3569701,0.6764823
1751960887870,74.15053,SteamVR Tracker (Waist),-0.5779443,0.7613614,1.227522,-0.4986022,0.49504,0.5013468,0.5049582
1751960887929,74.20795,SteamVR Tracker (Right Foot),0.2712083,0.02170253,0.3497539,-0.3518617,0.6435289,0.3888904,0.5575198
1751960887929,74.20795,SteamVR Tracker (Left Foot),0.264167,0.01480436,0.6007119,-0.4790234,0.4307762,0.3575845,0.676093
1751960887929,74.20795,SteamVR Tracker (Waist),-0.5778685,0.761404,1.227736,-0.4984279,0.4951647,0.5014688,0.5048869
1751960887946,74.22794,SteamVR Tracker (Right Foot),0.2711025,0.02149606,0.3498203,-0.3517565,0.6430068,0.3896651,0.5576476
1751960887946,74.22794,SteamVR Tracker (Left Foot),0.2640651,0.01481509,0.6008324,-0.4799215,0.429981,0.3586896,0.6753766
1751960887946,74.22794,SteamVR Tracker (Waist),-0.5779219,0.7615935,1.22771,-0.4983944,0.495206,0.5014982,0.5048502
1751960887975,74.25657,SteamVR Tracker (Right Foot),0.2712282,0.02152467,0.3495676,-0.3518284,0.6430756,0.3895166,0.5576266
1751960887975,74.25657,SteamVR Tracker (Left Foot),0.2643571,0.01459336,0.6007949,-0.479817,0.4303657,0.3577953,0.6756802
1751960887975,74.25657,SteamVR Tracker (Waist),-0.5779717,0.7614337,1.227637,-0.4984513,0.4951868,0.5015352,0.5047761
1751960888015,74.29493,SteamVR Tracker (Right Foot),0.2712232,0.02146554,0.3496476,-0.351474,0.6430885,0.3895511,0.5578111
1751960888015,74.29493,SteamVR Tracker (Left Foot),0.2645265,0.01439714,0.6008237,-0.4788642,0.4307083,0.3570316,0.6765411
1751960888015,74.29493,SteamVR Tracker (Waist),-0.5777819,0.7612485,1.22735,-0.4984441,0.4953087,0.5014341,0.504764
1751960888052,74.33012,SteamVR Tracker (Right Foot),0.2714537,0.02192998,0.3498985,-0.3510889,0.6433306,0.3894328,0.557857
1751960888052,74.33012,SteamVR Tracker (Left Foot),0.2645928,0.01426101,0.6010938,-0.4777662,0.4311001,0.3564183,0.6773908
1751960888053,74.33012,SteamVR Tracker (Waist),-0.5777705,0.7609071,1.227746,-0.4984528,0.4953265,0.501448,0.5047241
1751960888108,74.38673,SteamVR Tracker (Right Foot),0.2714201,0.02197933,0.3498437,-0.3510757,0.6432504,0.3895378,0.5578845
1751960888108,74.38673,SteamVR Tracker (Left Foot),0.2647736,0.01418352,0.6010339,-0.4780123,0.4306796,0.3564303,0.6774783
1751960888108,74.38673,SteamVR Tracker (Waist),-0.5778465,0.7611423,1.227545,-0.4985642,0.4952071,0.5012834,0.5048947
1751960888124,74.40583,SteamVR Tracker (Right Foot),0.2712199,0.02203655,0.3497906,-0.3510595,0.6433463,0.3895886,0.5577487
1751960888124,74.40583,SteamVR Tracker (Left Foot),0.2649843,0.01402664,0.601082,-0.4770463,0.4312001,0.3555182,0.6783068
1751960888125,74.40583,SteamVR Tracker (Waist),-0.5780392,0.7613852,1.227364,-0.4986832,0.4951408,0.5012989,0.5048268
1751960888158,74.43818,SteamVR Tracker (Right Foot),0.271288,0.02252316,0.3496899,-0.3506959,0.6435536,0.3893369,0.5579139
1751960888158,74.43818,SteamVR Tracker (Left Foot),0.2650866,0.01405215,0.6012356,-0.4769072,0.4308433,0.3553526,0.6787181
1751960888158,74.43818,SteamVR Tracker (Waist),-0.5777279,0.7611333,1.227684,-0.4985533,0.4951202,0.501325,0.5049496
1751960888189,74.46952,SteamVR Tracker (Right Foot),0.2710929,0.02254248,0.3497311,-0.3503901,0.6436509,0.3895417,0.5578509
1751960888189,74.46952,SteamVR Tracker (Left Foot),0.2651789,0.0140996,0.6010556,-0.4767543,0.430775,0.355039,0.6790328
1751960888189,74.46952,SteamVR Tracker (Waist),-0.577937,0.761364,1.227648,-0.498558,0.4950685,0.5013449,0.5049756
1751960888224,74.50328,SteamVR Tracker (Right Foot),0.2711574,0.02208304,0.3499365,-0.3505038,0.6434479,0.389652,0.5579366
1751960888224,74.50328,SteamVR Tracker (Left Foot),0.2652076,0.01410198,0.6011545,-0.4766177,0.4308236,0.3548852,0.6791784
1751960888225,74.50328,SteamVR Tracker (Waist),-0.5779314,0.7616177,1.227434,-0.4985869,0.4952274,0.5012853,0.5048506
1751960888283,74.56165,SteamVR Tracker (Right Foot),0.2711534,0.02224541,0.3498794,-0.3503,0.6433424,0.3900583,0.5579022
1751960888283,74.56165,SteamVR Tracker (Left Foot),0.2652363,0.01404953,0.601158,-0.4767604,0.4307941,0.3550858,0.678992
1751960888283,74.56165,SteamVR Tracker (Waist),-0.5779891,0.7615327,1.227573,-0.4985201,0.4950978,0.5014105,0.5049192
1751960888296,74.5788,SteamVR Tracker (Right Foot),0.2712671,0.0221467,0.3497797,-0.3501987,0.6432899,0.3902024,0.5579257
1751960888296,74.5788,SteamVR Tracker (Left Foot),0.2653964,0.01405811,0.6011109,-0.4764794,0.4307805,0.3547926,0.679351
1751960888296,74.5788,SteamVR Tracker (Waist),-0.5779024,0.7613672,1.227576,-0.4985827,0.4951636,0.5013038,0.5048988
1751960888334,74.61366,SteamVR Tracker (Right Foot),0.2713507,0.02220941,0.349699,-0.3499509,0.6434062,0.3903307,0.5578574
1751960888334,74.61366,SteamVR Tracker (Left Foot),0.2651979,0.01391554,0.6011407,-0.4763309,0.430828,0.3547796,0.6794319
1751960888334,74.61366,SteamVR Tracker (Waist),-0.577796,0.7613807,1.227467,-0.4984725,0.4951385,0.5013426,0.5049937
1751960888367,74.64716,SteamVR Tracker (Right Foot),0.2712758,0.02254891,0.3495412,-0.3500584,0.6433879,0.3900698,0.5579936
1751960888367,74.64716,SteamVR Tracker (Left Foot),0.2651266,0.01376987,0.6008945,-0.4764873,0.4308682,0.354775,0.679299
1751960888367,74.64716,SteamVR Tracker (Waist),-0.5778167,0.7609742,1.227413,-0.4984151,0.4950996,0.5013024,0.5051284
1751960888401,74.68025,SteamVR Tracker (Right Foot),0.2714733,0.02288032,0.3493661,-0.3499481,0.6431689,0.3898873,0.5584426
1751960888401,74.68025,SteamVR Tracker (Left Foot),0.2651873,0.01378489,0.6011524,-0.4765264,0.430713,0.3546687,0.6794255
1751960888401,74.68025,SteamVR Tracker (Waist),-0.5777318,0.761132,1.227468,-0.4985406,0.495016,0.501239,0.5051494
1751960888463,74.74358,SteamVR Tracker (Right Foot),0.2712187,0.02256989,0.3496068,-0.3496545,0.6432463,0.3897545,0.5586299
1751960888463,74.74358,SteamVR Tracker (Left Foot),0.2653417,0.01387548,0.6011896,-0.475933,0.4309724,0.3543829,0.679826
1751960888463,74.74358,SteamVR Tracker (Waist),-0.5780737,0.7613307,1.227488,-0.4986121,0.495005,0.5013412,0.5049883
1751960888473,74.75655,SteamVR Tracker (Right Foot),0.271168,0.02268839,0.3493434,-0.3494473,0.6433548,0.3896477,0.5587092
1751960888473,74.75655,SteamVR Tracker (Left Foot),0.2654727,0.01388669,0.6011165,-0.4758059,0.4307688,0.3543624,0.6800547
1751960888473,74.75655,SteamVR Tracker (Waist),-0.5780159,0.7615724,1.227671,-0.4985236,0.4951161,0.5013139,0.5049937
1751960888510,74.7911,SteamVR Tracker (Right Foot),0.2713604,0.02277565,0.3495787,-0.3493102,0.6434444,0.389607,0.5587201
1751960888510,74.7911,SteamVR Tracker (Left Foot),0.2655476,0.01385951,0.601145,-0.4755494,0.4308709,0.3539852,0.6803657
1751960888511,74.7911,SteamVR Tracker (Waist),-0.5779308,0.7613364,1.227636,-0.4984895,0.4951664,0.5013673,0.5049251
1751960888545,74.82527,SteamVR Tracker (Right Foot),0.2714232,0.0229342,0.3497629,-0.3492871,0.6435465,0.3897005,0.5585517
1751960888546,74.82527,SteamVR Tracker (Left Foot),0.2654905,0.01378465,0.6013067,-0.4753375,0.4309002,0.3538776,0.6805512
1751960888546,74.82527,SteamVR Tracker (Waist),-0.5778247,0.7610986,1.227484,-0.4985643,0.4952707,0.5013045,0.5048113
1751960888579,74.85986,SteamVR Tracker (Right Foot),0.2713595,0.0229919,0.3496993,-0.3492694,0.6436307,0.389777,0.5584123
1751960888579,74.85986,SteamVR Tracker (Left Foot),0.2654905,0.01371741,0.6011372,-0.4752097,0.4308286,0.3538338,0.6807086
1751960888579,74.85986,SteamVR Tracker (Waist),-0.5779113,0.7610799,1.227486,-0.4985664,0.4952681,0.5012682,0.5048478
1751960888630,74.91058,SteamVR Tracker (Right Foot),0.2711412,0.02278304,0.3497573,-0.3493226,0.6435782,0.3899296,0.558333
1751960888630,74.91058,SteamVR Tracker (Left Foot),0.2655799,0.01365232,0.6012549,-0.4750923,0.430616,0.3536384,0.6810266
1751960888630,74.91058,SteamVR Tracker (Waist),-0.5779816,0.7614625,1.227514,-0.4985218,0.4952733,0.5012743,0.5048808
1751960888652,74.93396,SteamVR Tracker (Right Foot),0.271286,0.02297926,0.3495988,-0.3493212,0.6435239,0.3900059,0.5583432
1751960888652,74.93396,SteamVR Tracker (Left Foot),0.2656168,0.01368666,0.6012375,-0.4749613,0.4304463,0.3534647,0.6813153
1751960888652,74.93396,SteamVR Tracker (Waist),-0.5779172,0.7614738,1.227509,-0.4984745,0.4952796,0.5011974,0.5049976
1751960888689,74.96977,SteamVR Tracker (Right Foot),0.2711104,0.02295709,0.3495501,-0.3494479,0.643405,0.3901589,0.5582941
1751960888690,74.96977,SteamVR Tracker (Left Foot),0.2655251,0.01364493,0.6014199,-0.4747232,0.4304162,0.3537315,0.6813618
1751960888690,74.96977,SteamVR Tracker (Waist),-0.578155,0.7614957,1.22739,-0.4984988,0.4952922,0.5012746,0.5048845
1751960888723,75.00378,SteamVR Tracker (Right Foot),0.2711461,0.02293587,0.3494827,-0.3494956,0.6434065,0.3901747,0.5582515
1751960888723,75.00378,SteamVR Tracker (Left Foot),0.2656196,0.01361704,0.6015297,-0.474542,0.4303653,0.3537883,0.6814907
1751960888723,75.00378,SteamVR Tracker (Waist),-0.5780169,0.761379,1.227585,-0.4985264,0.4952992,0.501222,0.5049028
1751960888755,75.03641,SteamVR Tracker (Right Foot),0.2712567,0.02303243,0.3496267,-0.3494105,0.6434228,0.3904086,0.5581224
1751960888755,75.03641,SteamVR Tracker (Left Foot),0.2655572,0.01357627,0.601347,-0.4745674,0.4304435,0.3535881,0.6815275
1751960888756,75.03641,SteamVR Tracker (Waist),-0.5778768,0.7611967,1.227491,-0.4985357,0.4952594,0.5012662,0.5048885
1751960888813,75.09335,SteamVR Tracker (Right Foot),0.2715825,0.02333808,0.3494905,-0.3492647,0.643537,0.3901364,0.5582722
1751960888813,75.09335,SteamVR Tracker (Left Foot),0.2656601,0.01354671,0.6012201,-0.4742047,0.4305067,0.3532957,0.6818916
1751960888813,75.09335,SteamVR Tracker (Waist),-0.5778728,0.7611798,1.227529,-0.4984471,0.4952889,0.5012515,0.5049618
1751960888832,75.11385,SteamVR Tracker (Right Foot),0.2716398,0.02336788,0.3492981,-0.3493335,0.6435861,0.3900701,0.558219
1751960888832,75.11385,SteamVR Tracker (Left Foot),0.2657655,0.01341152,0.6012043,-0.4741218,0.430526,0.3531081,0.6820341
1751960888832,75.11385,SteamVR Tracker (Waist),-0.577822,0.7610908,1.227514,-0.4985371,0.4951431,0.5012927,0.504975
1751960888872,75.15041,SteamVR Tracker (Right Foot),0.2717895,0.02337742,0.3489906,-0.3493658,0.6436473,0.3898386,0.55829
1751960888872,75.15041,SteamVR Tracker (Left Foot),0.2658895,0.01344323,0.6013134,-0.4738893,0.4305491,0.3527367,0.6823733
1751960888872,75.15041,SteamVR Tracker (Waist),-0.5778637,0.7614185,1.227582,-0.4985767,0.4950491,0.501232,0.5050883
1751960888904,75.1832,SteamVR Tracker (Right Foot),0.2710544,0.02339792,0.349503,-0.3491795,0.6434722,0.3902424,0.5583262
1751960888904,75.1832,SteamVR Tracker (Left Foot),0.2657618,0.01352262,0.6014941,-0.4739415,0.4305113,0.3528541,0.6823002
1751960888904,75.1832,SteamVR Tracker (Waist),-0.5780671,0.7614549,1.227525,-0.498612,0.4949895,0.5012748,0.5050694
1751960888936,75.21761,SteamVR Tracker (Right Foot),0.2713103,0.023314,0.3492824,-0.3492354,0.6435333,0.3899545,0.558422
1751960888936,75.21761,SteamVR Tracker (Left Foot),0.2658752,0.01345634,0.6012649,-0.4738815,0.4305175,0.3528104,0.6823606
1751960888936,75.21761,SteamVR Tracker (Waist),-0.5779008,0.761399,1.227458,-0.4985605,0.4949957,0.5012504,0.5051383
1751960889003,75.28122,SteamVR Tracker (Right Foot),0.2711971,0.02332211,0.349438,-0.3490354,0.6436779,0.3897266,0.5585395
1751960889004,75.28122,SteamVR Tracker (Left Foot),0.2657529,0.01341748,0.6013085,-0.4738749,0.4305022,0.3526981,0.6824328
1751960889004,75.28122,SteamVR Tracker (Waist),-0.5779698,0.7614502,1.227499,-0.4986823,0.4948109,0.5012364,0.5052131
1751960889021,75.30296,SteamVR Tracker (Right Foot),0.2714169,0.02314544,0.3494081,-0.3488488,0.6438074,0.3895464,0.5586326
1751960889021,75.30296,SteamVR Tracker (Left Foot),0.2658305,0.01339602,0.6014231,-0.473576,0.4305578,0.3523873,0.6827657
1751960889021,75.30296,SteamVR Tracker (Waist),-0.5778215,0.7613897,1.227472,-0.4986624,0.4949114,0.501178,0.5051923
1751960889054,75.33529,SteamVR Tracker (Right Foot),0.2713039,0.02346349,0.3493378,-0.3487546,0.6438594,0.3896298,0.5585731
1751960889054,75.33529,SteamVR Tracker (Left Foot),0.2658707,0.01350451,0.6014412,-0.4736823,0.430536,0.3523576,0.6827211
1751960889054,75.33529,SteamVR Tracker (Waist),-0.5780215,0.7613515,1.227561,-0.4987583,0.4948248,0.5012601,0.5051009
1751960889090,75.37012,SteamVR Tracker (Right Foot),0.2714521,0.02346683,0.3494604,-0.3487902,0.6440589,0.3895417,0.5583823
1751960889090,75.37012,SteamVR Tracker (Left Foot),0.2658635,0.01348495,0.6014646,-0.4732701,0.4307458,0.3521218,0.6829962
1751960889090,75.37012,SteamVR Tracker (Waist),-0.5779734,0.7612205,1.227611,-0.498713,0.4947681,0.5013043,0.5051573
1751960889149,75.42825,SteamVR Tracker (Right Foot),0.2713915,0.02359915,0.3494561,-0.3487168,0.6441898,0.3894422,0.5583465
1751960889149,75.42825,SteamVR Tracker (Left Foot),0.2659446,0.01321054,0.6015145,-0.4732059,0.4305962,0.3519251,0.6832363
1751960889149,75.42825,SteamVR Tracker (Waist),-0.5781137,0.7613798,1.227552,-0.4985182,0.494968,0.5012669,0.5051909
1751960889178,75.45863,SteamVR Tracker (Right Foot),0.2715831,0.02351594,0.3493608,-0.3485188,0.6446646,0.3888544,0.5583318
1751960889179,75.45863,SteamVR Tracker (Left Foot),0.2659906,0.01326275,0.6013489,-0.4730805,0.4305537,0.3516757,0.6834784
1751960889179,75.45863,SteamVR Tracker (Waist),-0.5778427,0.761212,1.227526,-0.4985799,0.4948814,0.5012482,0.5052335
1751960889216,75.49688,SteamVR Tracker (Right Foot),0.2716235,0.02372932,0.3492841,-0.3487641,0.6448706,0.3885007,0.5581871
1751960889216,75.49688,SteamVR Tracker (Left Foot),0.2659955,0.01322842,0.6012009,-0.4729419,0.4307034,0.3513973,0.683623
1751960889216,75.49688,SteamVR Tracker (Waist),-0.5779209,0.7612168,1.227509,-0.4985404,0.4949795,0.5012471,0.5051773
1751960889266,75.54517,SteamVR Tracker (Right Foot),0.2716835,0.02380753,0.3493014,-0.3490975,0.6447911,0.388332,0.5581877
1751960889266,75.54517,SteamVR Tracker (Left Foot),0.2660288,0.01327968,0.6015057,-0.4729858,0.4304846,0.3515356,0.6836594
1751960889266,75.54517,SteamVR Tracker (Waist),-0.577863,0.7610024,1.22765,-0.4984868,0.4950722,0.5013288,0.5050583
1751960889340,75.6195,SteamVR Tracker (Right Foot),0.2714244,0.02385545,0.3491226,-0.3494133,0.6446832,0.3882253,0.558189
1751960889340,75.6195,SteamVR Tracker (Left Foot),0.2660373,0.01327324,0.601249,-0.473064,0.4306048,0.3514403,0.6835787
1751960889340,75.6195,SteamVR Tracker (Waist),-0.5781232,0.7614307,1.227523,-0.498544,0.4951362,0.5012468,0.5050205
1751960889376,75.65604,SteamVR Tracker (Right Foot),0.2713838,0.02376842,0.3492842,-0.3494221,0.6446427,0.3882689,0.5582001
1751960889376,75.65604,SteamVR Tracker (Left Foot),0.2660701,0.01336718,0.6012178,-0.4732631,0.4303901,0.3515444,0.6835225
1751960889376,75.65604,SteamVR Tracker (Waist),-0.5779644,0.7616038,1.227333,-0.4984351,0.4953025,0.5012235,0.5049881
1751960889416,75.69564,SteamVR Tracker (Right Foot),0.2716352,0.02395582,0.3490191,-0.3496646,0.6445718,0.3884871,0.5579782
1751960889416,75.69564,SteamVR Tracker (Left Foot),0.2660917,0.01329064,0.6012549,-0.473337,0.4304288,0.3516088,0.6834138
1751960889416,75.69564,SteamVR Tracker (Waist),-0.577682,0.7613534,1.227349,-0.4986328,0.4950518,0.5012519,0.5050105
1751960889485,75.76369,SteamVR Tracker (Right Foot),0.2713593,0.02420616,0.3493029,-0.3495146,0.6444644,0.3887682,0.5580004
1751960889485,75.76369,SteamVR Tracker (Left Foot),0.2659693,0.01319075,0.6013536,-0.4735192,0.4303426,0.351669,0.6833109
1751960889485,75.76369,SteamVR Tracker (Waist),-0.5778066,0.7612698,1.227647,-0.4985639,0.4951109,0.5012876,0.5049852
1751960889508,75.78902,SteamVR Tracker (Right Foot),0.2714426,0.02417755,0.349189,-0.3495647,0.6443728,0.3887493,0.5580881
1751960889508,75.78902,SteamVR Tracker (Left Foot),0.2660409,0.01336551,0.6012383,-0.4736325,0.4304162,0.351712,0.6831638
1751960889508,75.78902,SteamVR Tracker (Waist),-0.5777993,0.761198,1.227592,-0.4985818,0.4951112,0.501236,0.5050184
1751960889552,75.83178,SteamVR Tracker (Right Foot),0.2713953,0.02429342,0.3489768,-0.3495876,0.6442772,0.38896,0.5580372
1751960889552,75.83178,SteamVR Tracker (Left Foot),0.2661927,0.01350689,0.601271,-0.4737483,0.430365,0.3519385,0.6829992
1751960889552,75.83178,SteamVR Tracker (Waist),-0.5778966,0.7613183,1.227612,-0.4986469,0.4950283,0.5012175,0.5050536
1751960889598,75.87581,SteamVR Tracker (Right Foot),0.2711027,0.02398229,0.3493107,-0.3494941,0.6441088,0.3891996,0.5581232
1751960889598,75.87581,SteamVR Tracker (Left Foot),0.2658327,0.01327324,0.6011907,-0.4736726,0.4303856,0.3520401,0.6829863
1751960889598,75.87581,SteamVR Tracker (Waist),-0.5780194,0.7614948,1.227314,-0.4984771,0.4951386,0.5012988,0.5050326
1751960889667,75.94492,SteamVR Tracker (Right Foot),0.2714019,0.02429008,0.3491279,-0.3495007,0.6439061,0.3895168,0.5581317
1751960889667,75.94492,SteamVR Tracker (Left Foot),0.2659507,0.01339436,0.6012836,-0.4739317,0.4302554,0.3520232,0.6828973
1751960889667,75.94492,SteamVR Tracker (Waist),-0.5778096,0.7611239,1.227505,-0.4986501,0.4951482,0.5012304,0.5049204
1751960889695,75.97672,SteamVR Tracker (Right Foot),0.2713981,0.0243876,0.348933,-0.349472,0.643805,0.3897981,0.5580698
1751960889695,75.97672,SteamVR Tracker (Left Foot),0.2659987,0.01330519,0.6012815,-0.4739653,0.4302872,0.3521223,0.682803
1751960889695,75.97672,SteamVR Tracker (Waist),-0.5778574,0.761057,1.227562,-0.4987138,0.4951307,0.5012472,0.5048578
1751960889737,76.01733,SteamVR Tracker (Right Foot),0.2711895,0.02444553,0.3488702,-0.3496237,0.643699,0.3895185,0.5582922
1751960889737,76.01733,SteamVR Tracker (Left Foot),0.2659473,0.01328588,0.6012473,-0.4741528,0.4302406,0.3522572,0.6826325
1751960889737,76.01733,SteamVR Tracker (Waist),-0.5780692,0.7613524,1.227398,-0.4986782,0.4951387,0.5012708,0.5048617
1751960889785,76.06393,SteamVR Tracker (Right Foot),0.2712366,0.02437115,0.3490446,-0.3498672,0.643569,0.3896863,0.5581726
1751960889785,76.06393,SteamVR Tracker (Left Foot),0.2659034,0.01338291,0.6013165,-0.4744321,0.4301673,0.352487,0.6823659
1751960889785,76.06393,SteamVR Tracker (Waist),-0.5778784,0.7614239,1.227567,-0.4985761,0.4950765,0.5013365,0.5049584
1751960889856,76.13475,SteamVR Tracker (Right Foot),0.271389,0.02468586,0.349066,-0.3498783,0.6435464,0.3898321,0.5580898
1751960889856,76.13475,SteamVR Tracker (Left Foot),0.2658556,0.01335359,0.6012679,-0.4747157,0.4301666,0.3525387,0.6821423
1751960889856,76.13475,SteamVR Tracker (Waist),-0.5777775,0.7611365,1.22764,-0.4986028,0.4951148,0.5012712,0.5049592
1751960889891,76.17092,SteamVR Tracker (Right Foot),0.2712732,0.02467489,0.3489043,-0.3498411,0.6437005,0.3895221,0.5581518
1751960889891,76.17092,SteamVR Tracker (Left Foot),0.2658787,0.01338768,0.6012054,-0.4747075,0.4299794,0.3527029,0.6821812
1751960889891,76.17092,SteamVR Tracker (Waist),-0.5777075,0.7611674,1.22758,-0.4985724,0.4950865,0.501341,0.5049477
1751960889932,76.21073,SteamVR Tracker (Right Foot),0.2710242,0.02495432,0.3487694,-0.349813,0.6437472,0.3894004,0.5582005
1751960889932,76.21073,SteamVR Tracker (Left Foot),0.2659841,0.01354504,0.6013257,-0.474434,0.430068,0.3525684,0.6823851
1751960889932,76.21073,SteamVR Tracker (Waist),-0.5779641,0.7615339,1.227589,-0.4984992,0.4951105,0.5013627,0.5049749
1751960889976,76.25476,SteamVR Tracker (Right Foot),0.2712207,0.02492404,0.3487601,-0.3499986,0.6437612,0.3895098,0.5579917
1751960889976,76.25476,SteamVR Tracker (Left Foot),0.2660348,0.01361275,0.601402,-0.4743864,0.4299861,0.3526525,0.6824263
1751960889976,76.25476,SteamVR Tracker (Waist),-0.5778545,0.761173,1.227569,-0.4986507,0.4951225,0.5012836,0.5048921
1751960890047,76.32535,SteamVR Tracker (Right Foot),0.2712097,0.02475071,0.3491111,-0.3496908,0.6438013,0.3895543,0.5581073
1751960890047,76.32535,SteamVR Tracker (Left Foot),0.2659209,0.01341438,0.6014487,-0.4740743,0.430116,0.3522483,0.6827701
1751960890047,76.32535,SteamVR Tracker (Waist),-0.5778413,0.7613225,1.22742,-0.4986508,0.4950695,0.5013587,0.5048693
1751960890077,76.35806,SteamVR Tracker (Right Foot),0.2711542,0.0248301,0.3490315,-0.349749,0.6440387,0.389331,0.5579525
1751960890077,76.35806,SteamVR Tracker (Left Foot),0.2660018,0.01331162,0.60153,-0.4740003,0.4301423,0.3521328,0.6828644
1751960890077,76.35806,SteamVR Tracker (Waist),-0.577957,0.7613832,1.227653,-0.4987035,0.4950336,0.5013549,0.5048563
1751960890121,76.4007,SteamVR Tracker (Right Foot),0.2715881,0.02505088,0.3487638,-0.3497858,0.6441405,0.3891738,0.5579219
1751960890121,76.4007,SteamVR Tracker (Left Foot),0.2660403,0.01336837,0.6013609,-0.4742894,0.4303204,0.3518808,0.6826814
1751960890121,76.4007,SteamVR Tracker (Waist),-0.57769,0.7610846,1.227652,-0.4986602,0.4952065,0.5013216,0.5047626
1751960890163,76.44289,SteamVR Tracker (Right Foot),0.2714457,0.02515316,0.3486817,-0.3497618,0.6442882,0.3888203,0.5580127
1751960890163,76.44289,SteamVR Tracker (Left Foot),0.2660583,0.01336312,0.6012689,-0.4752036,0.4300188,0.3520904,0.6821274
1751960890163,76.44289,SteamVR Tracker (Waist),-0.5778407,0.7610718,1.227568,-0.4986662,0.4952309,0.5014441,0.504611
1751960890241,76.52016,SteamVR Tracker (Right Foot),0.2712052,0.02513027,0.34854,-0.3499286,0.6444873,0.3883168,0.5580289
1751960890241,76.52016,SteamVR Tracker (Left Foot),0.2660464,0.01327586,0.6011886,-0.4747019,0.430145,0.3517569,0.6825691
1751960890242,76.52016,SteamVR Tracker (Waist),-0.5779232,0.7613317,1.22757,-0.4986274,0.4956309,0.5012443,0.5044551
1751960890265,76.54619,SteamVR Tracker (Right Foot),0.2713164,0.02510357,0.3485422,-0.349548,0.644772,0.3880107,0.5581515
1751960890265,76.54619,SteamVR Tracker (Left Foot),0.2661549,0.01326537,0.601358,-0.4746439,0.4301202,0.3514992,0.6827578
1751960890266,76.54619,SteamVR Tracker (Waist),-0.5776514,0.761116,1.227648,-0.4986141,0.495664,0.5012367,0.5044433
1751960890308,76.58844,SteamVR Tracker (Right Foot),0.2711026,0.02509236,0.3485513,-0.3498176,0.6446421,0.3881353,0.558046
1751960890308,76.58844,SteamVR Tracker (Left Foot),0.2662641,0.01337385,0.6013551,-0.4749443,0.430055,0.3516346,0.6825202
1751960890308,76.58844,SteamVR Tracker (Waist),-0.5780603,0.7611285,1.227862,-0.49853,0.49554,0.5013828,0.504503
1751960890353,76.63267,SteamVR Tracker (Right Foot),0.2710847,0.02549362,0.3485966,-0.3494775,0.6445828,0.3881627,0.5583084
1751960890353,76.63267,SteamVR Tracker (Left Foot),0.266189,0.01337576,0.6013532,-0.4748323,0.430233,0.351453,0.6825795
1751960890353,76.63267,SteamVR Tracker (Waist),-0.5779576,0.761212,1.227706,-0.4986369,0.4954779,0.5013426,0.5044984
1751960890417,76.6978,SteamVR Tracker (Right Foot),0.2714199,0.02549648,0.3485373,-0.3495459,0.6445665,0.3879202,0.5584529
1751960890417,76.6978,SteamVR Tracker (Left Foot),0.2661141,0.01342034,0.6012798,-0.4749389,0.4300803,0.3516847,0.6824821
1751960890417,76.6978,SteamVR Tracker (Waist),-0.5779138,0.7612581,1.227743,-0.4987345,0.4952014,0.5012513,0.5047639
1751960890446,76.7263,SteamVR Tracker (Right Foot),0.2713466,0.02558374,0.3484523,-0.3497332,0.644539,0.3880188,0.5582989
1751960890446,76.7263,SteamVR Tracker (Left Foot),0.2660308,0.01329446,0.601203,-0.4749123,0.4300549,0.3518336,0.6824399
1751960890446,76.7263,SteamVR Tracker (Waist),-0.5779343,0.7613846,1.227545,-0.4988021,0.4951799,0.5013229,0.5046472
1751960890489,76.76879,SteamVR Tracker (Right Foot),0.271397,0.02532077,0.3485397,-0.3493609,0.6446478,0.387573,0.5587158
1751960890489,76.76879,SteamVR Tracker (Left Foot),0.2661355,0.01323915,0.6011481,-0.4750061,0.4300753,0.3516721,0.682445
1751960890489,76.76879,SteamVR Tracker (Waist),-0.5779978,0.7612883,1.227655,-0.4987406,0.4952257,0.5012967,0.504689
1751960890533,76.81252,SteamVR Tracker (Right Foot),0.2714213,0.02559257,0.3484811,-0.3494322,0.644839,0.3874199,0.5585569
1751960890533,76.81252,SteamVR Tracker (Left Foot),0.266185,0.01305366,0.6012449,-0.4752197,0.4299586,0.3516185,0.6823975
1751960890533,76.81252,SteamVR Tracker (Waist),-0.5778359,0.7612619,1.22776,-0.498829,0.4951008,0.5012897,0.5047311
1751960890611,76.89042,SteamVR Tracker (Right Foot),0.2713113,0.02576542,0.3484187,-0.3494338,0.6448155,0.387441,0.5585684
1751960890611,76.89042,SteamVR Tracker (Left Foot),0.2661843,0.01325178,0.6012123,-0.4754983,0.4299098,0.3514983,0.6822961
1751960890611,76.89042,SteamVR Tracker (Waist),-0.5779985,0.7612513,1.227671,-0.4988244,0.4951034,0.5013175,0.5047055
1751960890650,76.92861,SteamVR Tracker (Right Foot),0.2712412,0.02565336,0.3483474,-0.349237,0.6450981,0.3872301,0.5585113
1751960890651,76.92861,SteamVR Tracker (Left Foot),0.2661317,0.0132072,0.6011371,-0.4753219,0.4300457,0.3513109,0.6824299
1751960890651,76.92861,SteamVR Tracker (Waist),-0.5781374,0.7614148,1.227401,-0.4989001,0.4950782,0.5014179,0.5045556
1751960890673,76.95467,SteamVR Tracker (Right Foot),0.2716078,0.02599478,0.3483276,-0.3491104,0.6451148,0.3872856,0.5585327
1751960890673,76.95467,SteamVR Tracker (Left Foot),0.2663156,0.01329517,0.6011623,-0.4750991,0.429965,0.3511848,0.6827006
1751960890673,76.95467,SteamVR Tracker (Waist),-0.5778339,0.7613761,1.227677,-0.4988539,0.4950756,0.5012189,0.5048015
1751960890707,76.98687,SteamVR Tracker (Right Foot),0.2717303,0.02614284,0.3483388,-0.3492493,0.6450018,0.3875911,0.5583644
1751960890708,76.98687,SteamVR Tracker (Left Foot),0.2663222,0.01331329,0.6011083,-0.4753053,0.4300387,0.3509099,0.6826521
1751960890708,76.98687,SteamVR Tracker (Waist),-0.5776819,0.7611804,1.227674,-0.4987966,0.4951511,0.5012174,0.5047856
1751960890774,77.05294,SteamVR Tracker (Right Foot),0.2713425,0.02596951,0.3484403,-0.3492821,0.645087,0.3875113,0.5583009
1751960890774,77.05294,SteamVR Tracker (Left Foot),0.2662211,0.01320601,0.6012968,-0.4753852,0.4299138,0.3511812,0.6825356
1751960890774,77.05294,SteamVR Tracker (Waist),-0.5779972,0.7612828,1.227619,-0.4987034,0.495093,0.5013511,0.5048019
1751960890789,77.07054,SteamVR Tracker (Right Foot),0.2714556,0.02599883,0.3483483,-0.3492823,0.6450758,0.3873399,0.5584326
1751960890789,77.07054,SteamVR Tracker (Left Foot),0.2663537,0.01334143,0.6012118,-0.4754364,0.4298731,0.3511174,0.6825584
1751960890789,77.07054,SteamVR Tracker (Waist),-0.5778226,0.761274,1.227724,-0.4985658,0.4952207,0.5012555,0.5049076
1751960890819,77.1002,SteamVR Tracker (Right Foot),0.2714234,0.02609277,0.3483656,-0.3493065,0.6451658,0.3874986,0.5582033
1751960890819,77.1002,SteamVR Tracker (Left Foot),0.2663625,0.01332998,0.6011335,-0.4754922,0.4298557,0.3511918,0.6824922
1751960890819,77.1002,SteamVR Tracker (Waist),-0.5778743,0.7610697,1.227601,-0.4985742,0.4951342,0.5013245,0.5049156
1751960890866,77.14435,SteamVR Tracker (Right Foot),0.2713524,0.02626395,0.3482125,-0.3491336,0.6453115,0.3873342,0.5582572
1751960890866,77.14435,SteamVR Tracker (Left Foot),0.2664121,0.01330328,0.6011718,-0.4753108,0.4298979,0.3509015,0.6827412
1751960890866,77.14435,SteamVR Tracker (Waist),-0.5780581,0.7612021,1.227667,-0.4987244,0.495147,0.5013459,0.5047334
1751960890939,77.21741,SteamVR Tracker (Right Foot),0.2714507,0.02614427,0.3484001,-0.3490028,0.6453427,0.387214,0.5583863
1751960890939,77.21741,SteamVR Tracker (Left Foot),0.2661206,0.01309514,0.6010237,-0.4752821,0.4297971,0.351148,0.682698
1751960890939,77.21741,SteamVR Tracker (Waist),-0.577994,0.7612456,1.22748,-0.4986256,0.495236,0.5013603,0.5047293
1751960890966,77.24697,SteamVR Tracker (Right Foot),0.2716124,0.02615738,0.3482168,-0.349129,0.6451998,0.3871085,0.5585456
1751960890966,77.24697,SteamVR Tracker (Left Foot),0.2661952,0.01298523,0.6011279,-0.4752367,0.4297326,0.3510715,0.6828095
1751960890966,77.24697,SteamVR Tracker (Waist),-0.5778902,0.7612658,1.227439,-0.4986085,0.4952498,0.5013182,0.5047745
1751960891010,77.28804,SteamVR Tracker (Right Foot),0.2711248,0.02615499,0.3482173,-0.3489951,0.6451378,0.387004,0.5587733
1751960891010,77.28804,SteamVR Tracker (Left Foot),0.2664065,0.01310372,0.6012862,-0.4753315,0.4297138,0.3510853,0.6827483
1751960891010,77.28804,SteamVR Tracker (Waist),-0.5780656,0.7616147,1.227495,-0.498689,0.4951907,0.5012274,0.5048432
1751960891053,77.33244,SteamVR Tracker (Right Foot),0.2715192,0.02634573,0.3482339,-0.3489149,0.6451312,0.3868737,0.5589212
1751960891053,77.33244,SteamVR Tracker (Left Foot),0.266276,0.01335382,0.6011828,-0.4754418,0.4296982,0.3509347,0.6827586
1751960891053,77.33244,SteamVR Tracker (Waist),-0.5778648,0.7613348,1.227549,-0.4988382,0.4950922,0.5012109,0.5048089
1751960891131,77.40852,SteamVR Tracker (Right Foot),0.2712256,0.02626729,0.3485042,-0.3489586,0.6449637,0.3872607,0.5588192
1751960891131,77.40852,SteamVR Tracker (Left Foot),0.266167,0.01323605,0.6012301,-0.4755346,0.4296364,0.3511811,0.6826063
1751960891131,77.40852,SteamVR Tracker (Waist),-0.5779499,0.7612976,1.227592,-0.4987056,0.4952263,0.5013647,0.5046555
1751960891153,77.4344,SteamVR Tracker (Right Foot),0.271371,0.02646661,0.3482707,-0.3490264,0.6450544,0.3874242,0.5585588
1751960891154,77.4344,SteamVR Tracker (Left Foot),0.2662536,0.01327753,0.6012403,-0.4757167,0.4295653,0.3511072,0.6825622
1751960891154,77.4344,SteamVR Tracker (Waist),-0.5778182,0.7610728,1.227553,-0.4985425,0.4953156,0.5013554,0.5047381
1751960891197,77.4768,SteamVR Tracker (Right Foot),0.2715288,0.02630639,0.3479399,-0.3490025,0.6451123,0.3875447,0.5584233
1751960891197,77.4768,SteamVR Tracker (Left Foot),0.2665006,0.01311374,0.601199,-0.4757301,0.4296143,0.3511153,0.6825177
1751960891197,77.4768,SteamVR Tracker (Waist),-0.5779338,0.7612973,1.22773,-0.498587,0.4953075,0.5013108,0.5047465
1751960891240,77.51996,SteamVR Tracker (Right Foot),0.271381,0.02659774,0.3480486,-0.349004,0.645023,0.3875147,0.5585462
1751960891240,77.51996,SteamVR Tracker (Left Foot),0.2662796,0.01320219,0.6010309,-0.4758284,0.4296426,0.351166,0.6824053
1751960891240,77.51996,SteamVR Tracker (Waist),-0.5778834,0.7610663,1.22759,-0.4987206,0.4951594,0.5013956,0.5046755
1751960891310,77.58797,SteamVR Tracker (Right Foot),0.2712009,0.02651691,0.3483942,-0.3490105,0.644946,0.3876842,0.5585136
1751960891310,77.58797,SteamVR Tracker (Left Foot),0.266208,0.01322603,0.6010417,-0.4759919,0.4297059,0.351101,0.6822849
1751960891310,77.58797,SteamVR Tracker (Waist),-0.5779471,0.7613109,1.227579,-0.4986887,0.495193,0.5013866,0.5046831
1751960891334,77.61403,SteamVR Tracker (Right Foot),0.2711785,0.02636552,0.3484328,-0.3491456,0.6446787,0.3879798,0.5585324
1751960891334,77.61403,SteamVR Tracker (Left Foot),0.2660989,0.01320338,0.6010218,-0.4762635,0.4296602,0.3512761,0.682034
1751960891334,77.61403,SteamVR Tracker (Waist),-0.5779186,0.7613305,1.227554,-0.4986804,0.4952563,0.5013259,0.5046895
1751960891376,77.65405,SteamVR Tracker (Right Foot),0.2712189,0.02651262,0.3482223,-0.3491633,0.6445472,0.3883026,0.5584488
1751960891376,77.65405,SteamVR Tracker (Left Foot),0.266256,0.01318073,0.6009942,-0.4766612,0.4296755,0.3512715,0.6817488
1751960891376,77.65405,SteamVR Tracker (Waist),-0.5778941,0.7612238,1.227612,-0.4988071,0.4952928,0.5012082,0.5046453
1751960891419,77.69863,SteamVR Tracker (Right Foot),0.2714851,0.0267415,0.3479585,-0.3491738,0.644719,0.3880567,0.5584148
1751960891419,77.69863,SteamVR Tracker (Left Foot),0.2662795,0.01330233,0.6009868,-0.4767561,0.4297765,0.3512742,0.6816174
1751960891419,77.69863,SteamVR Tracker (Waist),-0.5778182,0.7611361,1.227715,-0.4986587,0.4953418,0.5011796,0.5047722
1751960891487,77.76672,SteamVR Tracker (Right Foot),0.2709301,0.0268662,0.3483273,-0.3493415,0.6443184,0.3886884,0.558333
1751960891487,77.76672,SteamVR Tracker (Left Foot),0.2663973,0.01323271,0.6010166,-0.4767981,0.4299206,0.351229,0.6815203
1751960891487,77.76672,SteamVR Tracker (Waist),-0.5780759,0.7612612,1.227721,-0.4985858,0.4952646,0.5013846,0.5047165
1751960891511,77.79117,SteamVR Tracker (Right Foot),0.2709879,0.02664733,0.3481367,-0.3494567,0.6442406,0.3888322,0.5582505
1751960891511,77.79117,SteamVR Tracker (Left Foot),0.2662476,0.01327682,0.601126,-0.4768004,0.4298772,0.3513424,0.6814878
1751960891511,77.79117,SteamVR Tracker (Waist),-0.5779251,0.7612576,1.22768,-0.4987865,0.4952289,0.5013409,0.5045966
1751960891554,77.83416,SteamVR Tracker (Right Foot),0.2712304,0.02677202,0.3483614,-0.3493067,0.6442068,0.3889629,0.5582924
1751960891554,77.83416,SteamVR Tracker (Left Foot),0.2661518,0.01323366,0.6009914,-0.4769262,0.4299087,0.3513063,0.6813985
1751960891554,77.83416,SteamVR Tracker (Waist),-0.5778613,0.7610836,1.227633,-0.4987682,0.4951362,0.5012152,0.5048305
1751960891602,77.88032,SteamVR Tracker (Right Foot),0.2709965,0.02679014,0.3481157,-0.34944,0.6441249,0.3889197,0.5583335
1751960891602,77.88032,SteamVR Tracker (Left Foot),0.2661648,0.01339936,0.6009987,-0.476878,0.4300186,0.3514195,0.6813044
1751960891602,77.88032,SteamVR Tracker (Waist),-0.5780863,0.7613844,1.22784,-0.4988529,0.4950341,0.5012912,0.5047715
1751960891666,77.94584,SteamVR Tracker (Right Foot),0.2711918,0.02694774,0.3482531,-0.3494191,0.6441216,0.3891781,0.5581703
1751960891666,77.94584,SteamVR Tracker (Left Foot),0.2661491,0.0133605,0.6010016,-0.4768356,0.429841,0.3513046,0.6815054
1751960891666,77.94584,SteamVR Tracker (Waist),-0.5778865,0.7611521,1.227643,-0.4987729,0.4950699,0.5011951,0.5049108
1751960891681,77.96239,SteamVR Tracker (Right Foot),0.271322,0.02681136,0.3481199,-0.3494357,0.6440696,0.389199,0.5582054
1751960891681,77.96239,SteamVR Tracker (Left Foot),0.266135,0.01334906,0.601005,-0.4769681,0.4297448,0.3515463,0.6813487
1751960891681,77.96239,SteamVR Tracker (Waist),-0.5778947,0.7610245,1.227642,-0.4988187,0.495014,0.5012152,0.5049003
1751960891714,77.99499,SteamVR Tracker (Right Foot),0.2709499,0.02686286,0.3481532,-0.349532,0.6439803,0.3891607,0.5582748
1751960891714,77.99499,SteamVR Tracker (Left Foot),0.2661688,0.01329589,0.6010218,-0.4769354,0.4299619,0.3515873,0.6812134
1751960891715,77.99499,SteamVR Tracker (Waist),-0.5780979,0.7612957,1.227587,-0.4988585,0.4949038,0.5012087,0.5049757
1751960891746,78.02612,SteamVR Tracker (Right Foot),0.27092,0.0272572,0.347971,-0.3495443,0.644094,0.3889065,0.5583131
1751960891746,78.02612,SteamVR Tracker (Left Foot),0.2662039,0.01343513,0.6010934,-0.4770608,0.4299883,0.35149,0.6811593
1751960891746,78.02612,SteamVR Tracker (Waist),-0.5778122,0.7613891,1.22765,-0.4989135,0.4948914,0.5012611,0.5048814
1751960891785,78.06548,SteamVR Tracker (Right Foot),0.2710159,0.02706313,0.3481582,-0.3494667,0.6441802,0.3887073,0.5584009
1751960891785,78.06548,SteamVR Tracker (Left Foot),0.2661543,0.01328588,0.6010105,-0.4772248,0.4299058,0.3515385,0.6810713
1751960891785,78.06548,SteamVR Tracker (Waist),-0.577805,0.7613373,1.227768,-0.4989364,0.4948874,0.5012673,0.5048566
1751960891846,78.12451,SteamVR Tracker (Right Foot),0.2710242,0.02694607,0.3483866,-0.3493118,0.6441577,0.3888516,0.5584234
1751960891846,78.12451,SteamVR Tracker (Left Foot),0.2662013,0.01336241,0.6010441,-0.476994,0.4300691,0.3514649,0.681168
1751960891846,78.12451,SteamVR Tracker (Waist),-0.5780478,0.7613475,1.227574,-0.4989422,0.4947489,0.5013908,0.5048639
1751960891873,78.15388,SteamVR Tracker (Right Foot),0.2714368,0.02694631,0.3481088,-0.3492229,0.6442468,0.3887039,0.558479
1751960891874,78.15388,SteamVR Tracker (Left Foot),0.2661584,0.01342392,0.6010424,-0.4769872,0.4300961,0.351541,0.6811164
1751960891874,78.15388,SteamVR Tracker (Waist),-0.5777735,0.7608335,1.227635,-0.4987782,0.4948839,0.5014365,0.5048483
1751960891902,78.18142,SteamVR Tracker (Right Foot),0.2712666,0.02712846,0.3481601,-0.3492715,0.6441256,0.3888051,0.558518
1751960891902,78.18142,SteamVR Tracker (Left Foot),0.266121,0.01340103,0.6011975,-0.4770318,0.4301542,0.351584,0.6810262
1751960891902,78.18142,SteamVR Tracker (Waist),-0.5779489,0.7610363,1.227762,-0.4986805,0.4949426,0.5014809,0.5048431
1751960891937,78.21766,SteamVR Tracker (Right Foot),0.2712549,0.02702689,0.3481353,-0.3493933,0.6441486,0.388742,0.5584592
1751960891937,78.21766,SteamVR Tracker (Left Foot),0.266116,0.01342082,0.601027,-0.4771119,0.4300899,0.3514971,0.6810555
1751960891937,78.21766,SteamVR Tracker (Waist),-0.5777363,0.761153,1.227842,-0.498564,0.4950444,0.5014892,0.5048501
1751960891998,78.27736,SteamVR Tracker (Right Foot),0.2710256,0.02698398,0.3482019,-0.3495017,0.644168,0.3888648,0.5582834
1751960891998,78.27736,SteamVR Tracker (Left Foot),0.26616,0.01340795,0.6010759,-0.4772697,0.4300283,0.3515817,0.6809403
1751960891998,78.27736,SteamVR Tracker (Waist),-0.5780388,0.7613351,1.227662,-0.4986374,0.495048,0.5015885,0.5046753
1751960892014,78.29527,SteamVR Tracker (Right Foot),0.2710311,0.02702212,0.3480456,-0.3495164,0.644268,0.3888144,0.5581938
1751960892014,78.29527,SteamVR Tracker (Left Foot),0.2660392,0.0134244,0.6008996,-0.4772724,0.4300854,0.3515704,0.6809082
1751960892014,78.29527,SteamVR Tracker (Waist),-0.5779155,0.7611868,1.227655,-0.4985901,0.4951082,0.501467,0.5047838
1751960892044,78.32414,SteamVR Tracker (Right Foot),0.2712408,0.02739167,0.3480224,-0.349526,0.6443148,0.3886743,0.5582316
1751960892045,78.32414,SteamVR Tracker (Left Foot),0.2661173,0.01349902,0.6009269,-0.4772647,0.4299755,0.3514929,0.681023
1751960892045,78.32414,SteamVR Tracker (Waist),-0.5779036,0.7612201,1.227552,-0.498631,0.495036,0.5015951,0.5046869
1751960892078,78.35899,SteamVR Tracker (Right Foot),0.270918,0.02712846,0.3482042,-0.3493165,0.6441319,0.3890187,0.5583338
1751960892078,78.35899,SteamVR Tracker (Left Foot),0.2661458,0.01353216,0.6010565,-0.4772685,0.4299591,0.3515296,0.6810117
1751960892078,78.35899,SteamVR Tracker (Waist),-0.578042,0.7614176,1.227652,-0.4987004,0.4949788,0.5015487,0.5047206
1751960892113,78.39307,SteamVR Tracker (Right Foot),0.2709374,0.02704406,0.3480962,-0.3495159,0.6440748,0.3890177,0.5582756
1751960892113,78.39307,SteamVR Tracker (Left Foot),0.2662179,0.01360488,0.6010781,-0.4772222,0.4299823,0.3514869,0.6810515
1751960892113,78.39307,SteamVR Tracker (Waist),-0.5779403,0.7613747,1.227765,-0.4985771,0.4950327,0.5016553,0.5046837
1751960892170,78.451,SteamVR Tracker (Right Foot),0.2710884,0.02729535,0.348076,-0.3495941,0.6440103,0.3891374,0.5582176
1751960892170,78.451,SteamVR Tracker (Left Foot),0.2661931,0.01350093,0.6009782,-0.4772023,0.4300659,0.3514854,0.6810135
1751960892170,78.451,SteamVR Tracker (Waist),-0.5778371,0.7611741,1.227679,-0.4985554,0.4951877,0.5015861,0.5046217
1751960892186,78.46726,SteamVR Tracker (Right Foot),0.2712324,0.02736259,0.3479891,-0.3496651,0.6439457,0.3891101,0.5582667
1751960892186,78.46726,SteamVR Tracker (Left Foot),0.2662162,0.01353884,0.601005,-0.4774538,0.43,0.3514805,0.6808813
1751960892186,78.46726,SteamVR Tracker (Waist),-0.5776991,0.7612014,1.22776,-0.4985633,0.4951416,0.5015712,0.504674
1751960892218,78.4996,SteamVR Tracker (Right Foot),0.2711658,0.02732778,0.348024,-0.34988,0.6437828,0.389269,0.5582091
1751960892218,78.4996,SteamVR Tracker (Left Foot),0.2663465,0.01358771,0.601057,-0.4775504,0.4298758,0.3515991,0.6808308
1751960892218,78.4996,SteamVR Tracker (Waist),-0.577822,0.7609948,1.227681,-0.4986008,0.4951625,0.5015495,0.5046379
1751960892258,78.53802,SteamVR Tracker (Right Foot),0.2711762,0.02748704,0.3479399,-0.3500983,0.6438723,0.3891014,0.5580859
1751960892258,78.53802,SteamVR Tracker (Left Foot),0.2661759,0.0135026,0.6008306,-0.4775424,0.4298921,0.3514631,0.6808963
1751960892258,78.53802,SteamVR Tracker (Waist),-0.5779635,0.7610803,1.227646,-0.498656,0.4951385,0.5014883,0.5046679
1751960892292,78.57176,SteamVR Tracker (Right Foot),0.2708542,0.02731562,0.3479597,-0.3503206,0.6437585,0.3890107,0.5581409
1751960892292,78.57176,SteamVR Tracker (Left Foot),0.2661928,0.01352954,0.6008443,-0.4775806,0.4299169,0.3513181,0.6809286
1751960892292,78.57176,SteamVR Tracker (Waist),-0.5779656,0.7614238,1.227523,-0.4987355,0.4951233,0.5014565,0.5046358
1751960892342,78.62065,SteamVR Tracker (Right Foot),0.2708081,0.02737808,0.3477227,-0.3504369,0.6438086,0.3889259,0.5580692
1751960892342,78.62065,SteamVR Tracker (Left Foot),0.2662726,0.01347113,0.6006923,-0.477571,0.4299879,0.3513728,0.6808623
1751960892342,78.62065,SteamVR Tracker (Waist),-0.5779746,0.7614881,1.227608,-0.4986131,0.4952111,0.5014085,0.5047183
1751960892353,78.63625,SteamVR Tracker (Right Foot),0.2709998,0.02754855,0.3475667,-0.3505039,0.6438244,0.3888123,0.5580881
1751960892353,78.63625,SteamVR Tracker (Left Foot),0.2664076,0.01348257,0.6008859,-0.4777021,0.4299626,0.3512508,0.6808493
1751960892353,78.63625,SteamVR Tracker (Waist),-0.5778725,0.7611988,1.227826,-0.4985342,0.4951504,0.5016011,0.5046643
1751960892393,78.67393,SteamVR Tracker (Right Foot),0.271228,0.0277257,0.3479161,-0.3506505,0.643797,0.3888095,0.5580295
1751960892393,78.67393,SteamVR Tracker (Left Foot),0.2662533,0.01348853,0.6008924,-0.4776558,0.429949,0.3513023,0.6808639
1751960892393,78.67393,SteamVR Tracker (Waist),-0.577987,0.7610173,1.227665,-0.4986755,0.495217,0.5014861,0.5045737
1751960892428,78.70766,SteamVR Tracker (Right Foot),0.2708809,0.02758908,0.347763,-0.3507222,0.6437308,0.3889484,0.557964
1751960892428,78.70766,SteamVR Tracker (Left Foot),0.2661897,0.01352644,0.6007902,-0.47796,0.4298261,0.3514042,0.6806753
1751960892428,78.70766,SteamVR Tracker (Waist),-0.5780137,0.7611371,1.227577,-0.4987494,0.4951096,0.5014707,0.5046213
1751960892462,78.74171,SteamVR Tracker (Right Foot),0.2709496,0.0275321,0.3479818,-0.3502203,0.643951,0.3888659,0.5580826
1751960892462,78.74171,SteamVR Tracker (Left Foot),0.2663218,0.01340675,0.6010148,-0.4771502,0.4300593,0.3509931,0.681308
1751960892462,78.74171,SteamVR Tracker (Waist),-0.577943,0.7611393,1.227697,-0.4986914,0.4950407,0.5014551,0.5047617
1751960892522,78.80065,SteamVR Tracker (Right Foot),0.2707875,0.02765393,0.3478753,-0.3502616,0.6439968,0.3889006,0.5579798
1751960892522,78.80065,SteamVR Tracker (Left Foot),0.266394,0.0133965,0.6009204,-0.4763704,0.4303096,0.3510072,0.6816882
1751960892522,78.80065,SteamVR Tracker (Waist),-0.5779384,0.7613622,1.227551,-0.4986429,0.4950522,0.5014472,0.5048062
1751960892551,78.82943,SteamVR Tracker (Right Foot),0.270817,0.02769566,0.3480151,-0.3500103,0.6439765,0.3890355,0.5580668
1751960892551,78.82943,SteamVR Tracker (Left Foot),0.2663794,0.01342368,0.6010655,-0.4756372,0.4305582,0.3508772,0.68211
1751960892551,78.82943,SteamVR Tracker (Waist),-0.5780424,0.7613233,1.227495,-0.4985909,0.495103,0.5014083,0.5048463
1751960892581,78.86115,SteamVR Tracker (Right Foot),0.2709052,0.02766895,0.3480766,-0.3496863,0.6438606,0.3894345,0.5581251
1751960892592,78.86115,SteamVR Tracker (Left Foot),0.2664728,0.01349449,0.6012294,-0.4755804,0.4304673,0.351173,0.6820548
1751960892592,78.86115,SteamVR Tracker (Waist),-0.5778805,0.7615215,1.227691,-0.4985639,0.4950641,0.5014151,0.5049045
1751960892613,78.89478,SteamVR Tracker (Right Foot),0.2710544,0.02767968,0.3479341,-0.3493832,0.6440994,0.38894,0.5583844
1751960892613,78.89478,SteamVR Tracker (Left Foot),0.2664943,0.01351666,0.6013178,-0.4755728,0.4304318,0.3512913,0.6820215
1751960892613,78.89478,SteamVR Tracker (Waist),-0.5779572,0.7613531,1.227551,-0.4985767,0.4950302,0.5013592,0.5049806
1751960892664,78.9436,SteamVR Tracker (Right Foot),0.2710499,0.02795959,0.3480797,-0.3490159,0.6439788,0.3892478,0.5585386
1751960892664,78.9436,SteamVR Tracker (Left Foot),0.2663993,0.01338315,0.6012018,-0.4753438,0.4304975,0.3515304,0.6820166
1751960892664,78.9436,SteamVR Tracker (Waist),-0.5778863,0.7612443,1.227687,-0.4986846,0.4950486,0.5013692,0.5048461
1751960892680,78.96062,SteamVR Tracker (Right Foot),0.2709084,0.02786207,0.3481932,-0.3488088,0.6439227,0.3893417,0.5586672
1751960892680,78.96062,SteamVR Tracker (Left Foot),0.2664024,0.0133431,0.6013392,-0.475119,0.4306254,0.3516108,0.6820511
1751960892680,78.96062,SteamVR Tracker (Waist),-0.5779104,0.7612332,1.227629,-0.4986742,0.4950949,0.5012643,0.5049151
1751960892708,78.98918,SteamVR Tracker (Right Foot),0.2709833,0.02782059,0.3481835,-0.3485898,0.6439996,0.3895901,0.5585422
1751960892709,78.98918,SteamVR Tracker (Left Foot),0.2664424,0.01335573,0.6013691,-0.4743815,0.4308159,0.3516369,0.6824305
1751960892709,78.98918,SteamVR Tracker (Waist),-0.5778946,0.7611352,1.227717,-0.4986232,0.49513,0.5013853,0.5048109
1751960892745,79.02552,SteamVR Tracker (Right Foot),0.2714149,0.02795124,0.3480168,-0.3483358,0.6439564,0.3896191,0.5587302
1751960892745,79.02552,SteamVR Tracker (Left Foot),0.2664793,0.01347327,0.6013008,-0.4741817,0.4310687,0.351476,0.6824927
1751960892745,79.02552,SteamVR Tracker (Waist),-0.57787,0.7609349,1.227741,-0.4985809,0.4953192,0.5013376,0.5047144
1751960892777,79.05881,SteamVR Tracker (Right Foot),0.2710713,0.02792931,0.3481596,-0.3483549,0.6437294,0.3900572,0.558674
1751960892777,79.05881,SteamVR Tracker (Left Foot),0.2664563,0.01337051,0.6011702,-0.473364,0.4314857,0.3513299,0.6828718
1751960892777,79.05881,SteamVR Tracker (Waist),-0.5781554,0.7612261,1.227651,-0.498623,0.4953334,0.5012948,0.5047014
1751960892842,79.12087,SteamVR Tracker (Right Foot),0.2711451,0.02792025,0.3483742,-0.3482324,0.6434917,0.3901933,0.5589293
1751960892842,79.12087,SteamVR Tracker (Left Foot),0.2666438,0.01341057,0.6014187,-0.4728707,0.4316625,0.3509646,0.6832895
1751960892842,79.12087,SteamVR Tracker (Waist),-0.5779482,0.7610745,1.227699,-0.4986687,0.4952411,0.5012591,0.5047822
1751960892890,79.16994,SteamVR Tracker (Right Foot),0.2710824,0.02840233,0.3482868,-0.3478878,0.6431805,0.3906129,0.5592088
1751960892890,79.16994,SteamVR Tracker (Left Foot),0.2666644,0.01332211,0.601286,-0.4715227,0.4323017,0.3503968,0.6841081
1751960892890,79.16994,SteamVR Tracker (Waist),-0.5778167,0.7612095,1.227628,-0.4987332,0.495007,0.5012884,0.5049191
1751960892916,79.19799,SteamVR Tracker (Right Foot),0.2709872,0.02808952,0.3484738,-0.3477351,0.6430882,0.3908217,0.5592642
1751960892916,79.19799,SteamVR Tracker (Left Foot),0.266693,0.01331711,0.6011476,-0.4711542,0.4324321,0.3503206,0.6843184
1751960892916,79.19799,SteamVR Tracker (Waist),-0.5779335,0.7613924,1.227563,-0.4986279,0.4950836,0.5013506,0.5048862
1751960892959,79.23816,SteamVR Tracker (Right Foot),0.2707896,0.02804542,0.3485385,-0.3478476,0.6424313,0.3917694,0.5592861
1751960892959,79.23816,SteamVR Tracker (Left Foot),0.2667264,0.0134511,0.6014715,-0.4710417,0.4326624,0.3505077,0.6841545
1751960892959,79.23816,SteamVR Tracker (Waist),-0.5779479,0.761289,1.227648,-0.4987833,0.4948966,0.5013642,0.5049025
1751960893011,79.29018,SteamVR Tracker (Right Foot),0.2709593,0.0279839,0.3485928,-0.3474138,0.6424365,0.3917041,0.5595953
1751960893011,79.29018,SteamVR Tracker (Left Foot),0.2667547,0.01358414,0.6015193,-0.4708999,0.4325111,0.350703,0.6842476
1751960893011,79.29018,SteamVR Tracker (Waist),-0.5779886,0.7613212,1.227693,-0.498606,0.4951059,0.5013806,0.5048562
1751960893059,79.33907,SteamVR Tracker (Right Foot),0.2710319,0.02783871,0.3488304,-0.3461598,0.6423674,0.3923292,0.5600138
1751960893059,79.33907,SteamVR Tracker (Left Foot),0.2665996,0.0136404,0.6013566,-0.47088,0.4324009,0.3510841,0.6841356
1751960893059,79.33907,SteamVR Tracker (Waist),-0.5779246,0.761348,1.227592,-0.4987061,0.4950463,0.5013173,0.5048786
1751960893089,79.37009,SteamVR Tracker (Right Foot),0.2709492,0.02791023,0.3485753,-0.3470429,0.6428812,0.3910626,0.5597634
1751960893089,79.37009,SteamVR Tracker (Left Foot),0.266579,0.01368761,0.6013656,-0.4707138,0.432098,0.3513792,0.6842898
1751960893089,79.37009,SteamVR Tracker (Waist),-0.5779766,0.761179,1.227623,-0.4985652,0.4950488,0.5013154,0.5050173
1751960893125,79.40498,SteamVR Tracker (Right Foot),0.2710968,0.02790737,0.3486492,-0.3464195,0.643285,0.3900549,0.5603884
1751960893125,79.40498,SteamVR Tracker (Left Foot),0.2665275,0.01383066,0.6014886,-0.4708769,0.4320823,0.3520309,0.6838524
1751960893125,79.40498,SteamVR Tracker (Waist),-0.5778706,0.7611662,1.227639,-0.4985418,0.4950759,0.501363,0.5049664
1751960893175,79.45592,SteamVR Tracker (Right Foot),0.271259,0.02777028,0.3486592,-0.3447471,0.6444442,0.3877071,0.5617155
1751960893175,79.45592,SteamVR Tracker (Left Foot),0.2664372,0.01377797,0.6014633,-0.4711772,0.4318472,0.3524608,0.6835726
1751960893175,79.45592,SteamVR Tracker (Waist),-0.5779737,0.7612458,1.227639,-0.4985337,0.4952261,0.5014042,0.5047863
1751960893189,79.47069,SteamVR Tracker (Right Foot),0.2717342,0.02781487,0.3485796,-0.3436768,0.6449869,0.3858851,0.5630018
1751960893189,79.47069,SteamVR Tracker (Left Foot),0.266334,0.01380777,0.6015473,-0.4712778,0.4315387,0.3526461,0.6836025
1751960893189,79.47069,SteamVR Tracker (Waist),-0.5777873,0.7610589,1.22757,-0.4985342,0.4951805,0.5014136,0.5048212
1751960893222,79.50269,SteamVR Tracker (Right Foot),0.2716728,0.02795577,0.3481461,-0.3444296,0.6438417,0.38435,0.5648993
1751960893222,79.50269,SteamVR Tracker (Left Foot),0.2661634,0.01381016,0.6013455,-0.4712655,0.4314094,0.3528015,0.6836124
1751960893222,79.50269,SteamVR Tracker (Waist),-0.5779685,0.7611562,1.227551,-0.4986272,0.4951229,0.5014632,0.5047364
1751960893256,79.53678,SteamVR Tracker (Right Foot),0.2718574,0.02797699,0.3480539,-0.3473625,0.6407106,0.380319,0.569374
1751960893256,79.53678,SteamVR Tracker (Left Foot),0.2661096,0.01390409,0.6013964,-0.4714443,0.431077,0.3532076,0.6834891
1751960893256,79.53678,SteamVR Tracker (Waist),-0.577951,0.7611886,1.22751,-0.4986056,0.495159,0.5014405,0.5047451
1751960893298,79.57788,SteamVR Tracker (Right Foot),0.2715583,0.02779317,0.3478914,-0.3532127,0.629857,0.3749411,0.5813262
1751960893298,79.57788,SteamVR Tracker (Left Foot),0.2661158,0.01387191,0.6015503,-0.4717882,0.4307193,0.3533818,0.6833872
1751960893298,79.57788,SteamVR Tracker (Waist),-0.5780429,0.7612736,1.227563,-0.4986826,0.4951521,0.5014328,0.5046834
1751960893350,79.63105,SteamVR Tracker (Right Foot),0.2714802,0.02781463,0.3479139,-0.3534082,0.6316021,0.3801935,0.5758771
1751960893350,79.63105,SteamVR Tracker (Left Foot),0.2661904,0.01418066,0.6015494,-0.4721179,0.4304949,0.3539155,0.6830246
1751960893350,79.63105,SteamVR Tracker (Waist),-0.5778755,0.7611545,1.227787,-0.4986615,0.4950458,0.5014328,0.5048084
1751960893371,79.65347,SteamVR Tracker (Right Foot),0.2715768,0.02758121,0.3484511,-0.3508455,0.6307739,0.3844247,0.5755427
1751960893371,79.65347,SteamVR Tracker (Left Foot),0.2662636,0.01435876,0.6016096,-0.4714358,0.4306952,0.353874,0.683391
1751960893371,79.65347,SteamVR Tracker (Waist),-0.5779979,0.7611554,1.227851,-0.4987659,0.4949578,0.5014981,0.5047267
1751960893404,79.68393,SteamVR Tracker (Right Foot),0.2710354,0.02746224,0.3486506,-0.3510385,0.6281347,0.3899797,0.5745735
1751960893404,79.68393,SteamVR Tracker (Left Foot),0.2663381,0.01459765,0.6018797,-0.4712222,0.4305859,0.3539136,0.6835866
1751960893404,79.68393,SteamVR Tracker (Waist),-0.5779233,0.7613196,1.227558,-0.4986484,0.495214,0.5015415,0.5045483
1751960893440,79.72071,SteamVR Tracker (Right Foot),0.2705273,0.02743602,0.3486479,-0.3543787,0.6256729,0.3926158,0.5734126
1751960893440,79.72071,SteamVR Tracker (Left Foot),0.2657974,0.0147593,0.6017022,-0.4694978,0.430889,0.3539117,0.6845824
1751960893440,79.72071,SteamVR Tracker (Waist),-0.5779808,0.7613876,1.227511,-0.4986991,0.4952908,0.5014787,0.5044852
1751960893472,79.75336,SteamVR Tracker (Right Foot),0.2702755,0.02747583,0.3487955,-0.3566825,0.6236315,0.3949623,0.5725961
1751960893472,79.75336,SteamVR Tracker (Left Foot),0.2650988,0.01516128,0.6017901,-0.4667834,0.4314224,0.3552739,0.6853965
1751960893472,79.75336,SteamVR Tracker (Waist),-0.5779068,0.7612921,1.227415,-0.4985636,0.4954516,0.5014684,0.5044715
1751960893536,79.81538,SteamVR Tracker (Right Foot),0.2699417,0.02749014,0.3496444,-0.3541833,0.6207563,0.4012266,0.5729162
1751960893536,79.81538,SteamVR Tracker (Left Foot),0.2628288,0.0179553,0.603385,-0.4661044,0.4273845,0.3653609,0.6830817
1751960893536,79.81538,SteamVR Tracker (Waist),-0.5778872,0.7610722,1.227514,-0.4985873,0.4956421,0.5014128,0.5043162
1751960893566,79.84456,SteamVR Tracker (Right Foot),0.2697402,0.02764535,0.3500134,-0.3530307,0.6185301,0.4043398,0.5738459
1751960893566,79.84456,SteamVR Tracker (Left Foot),0.2564575,0.02309608,0.6117244,-0.4678686,0.402034,0.3789685,0.6898192
1751960893566,79.84456,SteamVR Tracker (Waist),-0.5780119,0.7610321,1.227701,-0.4986688,0.4955053,0.5013689,0.5044138
1751960893594,79.87425,SteamVR Tracker (Right Foot),0.2693322,0.02782345,0.350482,-0.3521419,0.6185019,0.4043003,0.5744499
1751960893595,79.87425,SteamVR Tracker (Left Foot),0.2412524,0.0246079,0.6302746,-0.488407,0.3465149,0.3550366,0.7178685
1751960893595,79.87425,SteamVR Tracker (Waist),-0.5780407,0.7611688,1.227636,-0.4986394,0.495488,0.5014495,0.5043797
1751960893626,79.9071,SteamVR Tracker (Right Foot),0.2692613,0.0282743,0.3509158,-0.351276,0.6181085,0.4046275,0.5751728
1751960893626,79.9071,SteamVR Tracker (Left Foot),0.2164022,0.02655578,0.6495326,-0.5251502,0.3166378,0.2852691,0.7365999
1751960893626,79.9071,SteamVR Tracker (Waist),-0.5780137,0.7613165,1.227693,-0.4986629,0.4954687,0.5013099,0.5045141
1751960893686,79.96609,SteamVR Tracker (Right Foot),0.2695511,0.02825499,0.3515281,-0.3503589,0.6168972,0.4069026,0.5754275
1751960893686,79.96609,SteamVR Tracker (Left Foot),0.174398,0.02438974,0.672985,-0.5514996,0.2421539,0.223618,0.7662928
1751960893686,79.96609,SteamVR Tracker (Waist),-0.5778098,0.7609887,1.227704,-0.4985376,0.4955609,0.5012224,0.5046344
1751960893703,79.98432,SteamVR Tracker (Right Foot),0.2695469,0.02832198,0.3520197,-0.3491916,0.6152695,0.40988,0.5757666
1751960893703,79.98432,SteamVR Tracker (Left Foot),0.1268727,0.02280569,0.6997955,-0.5745355,0.157675,0.1476093,0.7894676
1751960893703,79.98432,SteamVR Tracker (Waist),-0.5777458,0.7608821,1.227709,-0.4986521,0.4954063,0.5011777,0.5047173
1751960893731,80.01234,SteamVR Tracker (Right Foot),0.2692,0.02822614,0.352183,-0.3484632,0.614754,0.410475,0.5763344
1751960893731,80.01234,SteamVR Tracker (Left Foot),0.09216976,0.01951075,0.7104869,-0.5719316,0.1063508,0.1024073,0.8069055
1751960893731,80.01234,SteamVR Tracker (Waist),-0.5779454,0.7610471,1.22769,-0.4987033,0.495376,0.5012485,0.5046263
1751960893769,80.04923,SteamVR Tracker (Right Foot),0.2693905,0.02819085,0.3531526,-0.3465227,0.6126319,0.4143161,0.5770151
1751960893769,80.04923,SteamVR Tracker (Left Foot),0.05859091,0.018677,0.7143112,-0.5776126,0.06250886,0.05795426,0.8118483
1751960893769,80.04923,SteamVR Tracker (Waist),-0.5778109,0.7608333,1.227677,-0.4984421,0.4956463,0.5011642,0.5047026
1751960893803,80.08187,SteamVR Tracker (Right Foot),0.269195,0.02817369,0.3534889,-0.3455271,0.6126624,0.4143431,0.5775601
1751960893803,80.08187,SteamVR Tracker (Left Foot),0.04004265,0.01344156,0.7120268,-0.5634358,0.02930011,0.04585274,0.8243659
1751960893803,80.08187,SteamVR Tracker (Waist),-0.5780262,0.760981,1.227565,-0.498478,0.4955406,0.5012031,0.5047323
1751960893872,80.15133,SteamVR Tracker (Right Foot),0.2695329,0.02868748,0.3539248,-0.342543,0.6112034,0.4169048,0.579038
1751960893872,80.15133,SteamVR Tracker (Left Foot),0.05660369,0.01216125,0.7073446,-0.5361921,0.07160714,0.09057633,0.8361618
1751960893873,80.15133,SteamVR Tracker (Waist),-0.5778925,0.7612469,1.227705,-0.4985467,0.4954789,0.5012544,0.5046741
1751960893904,80.18162,SteamVR Tracker (Right Foot),0.2697455,0.02864289,0.3547677,-0.3391875,0.6099712,0.4192737,0.5806003
1751960893904,80.18162,SteamVR Tracker (Left Foot),0.05252091,0.01321363,0.7066628,-0.5667731,0.05965721,0.08725425,0.8170655
1751960893905,80.18162,SteamVR Tracker (Waist),-0.5778102,0.7611276,1.227631,-0.498571,0.4953338,0.5013153,0.504732
1751960893941,80.22173,SteamVR Tracker (Right Foot),0.2698256,0.02904916,0.3550918,-0.3359233,0.6101215,0.4193204,0.5823039
1751960893942,80.22173,SteamVR Tracker (Left Foot),0.05423032,0.01162839,0.7044274,-0.5723109,0.05567425,0.09472899,0.812642
1751960893942,80.22173,SteamVR Tracker (Waist),-0.5779411,0.7613418,1.227565,-0.4986123,0.4952288,0.5012795,0.5048297
1751960893991,80.27084,SteamVR Tracker (Right Foot),0.2705801,0.02987552,0.356302,-0.3268771,0.6098245,0.4199958,0.5872555
1751960893991,80.27084,SteamVR Tracker (Left Foot),0.05640678,0.009988546,0.7044211,-0.574778,0.05324741,0.09619979,0.8108888
1751960893991,80.27084,SteamVR Tracker (Waist),-0.577993,0.7612242,1.227589,-0.498726,0.4951434,0.5012036,0.5048767
1751960894062,80.34046,SteamVR Tracker (Right Foot),0.2730553,0.03080869,0.3571141,-0.3184892,0.5976273,0.4128958,0.6090348
1751960894062,80.34046,SteamVR Tracker (Left Foot),0.05713587,0.009043217,0.704374,-0.5711002,0.05299881,0.09529558,0.8136058
1751960894062,80.34046,SteamVR Tracker (Waist),-0.5780338,0.7613505,1.227623,-0.4987858,0.4950249,0.5011981,0.5049392
1751960894091,80.3717,SteamVR Tracker (Right Foot),0.2769437,0.03201699,0.3574323,-0.3107278,0.5681635,0.3989711,0.6492
1751960894091,80.3717,SteamVR Tracker (Left Foot),0.05661339,0.008612156,0.7047635,-0.570865,0.05223332,0.09644376,0.8136851
1751960894091,80.3717,SteamVR Tracker (Waist),-0.5780265,0.7611814,1.227588,-0.4988135,0.4950304,0.5012712,0.5048339
1751960894131,80.41097,SteamVR Tracker (Right Foot),0.2807454,0.03317642,0.3574623,-0.3032579,0.5461172,0.3800939,0.6821433
1751960894131,80.41097,SteamVR Tracker (Left Foot),0.05673238,0.0087111,0.7047426,-0.5688512,0.0528985,0.095989,0.8151051
1751960894131,80.41097,SteamVR Tracker (Waist),-0.5778199,0.7611603,1.227809,-0.4986393,0.495063,0.5013225,0.5049229
1751960894180,80.45961,SteamVR Tracker (Right Foot),0.2857627,0.03529453,0.3579819,-0.2872781,0.5092759,0.3618403,0.7260723
1751960894180,80.45961,SteamVR Tracker (Left Foot),0.05670165,0.008596659,0.7045339,-0.570425,0.05293774,0.0960964,0.8139892
1751960894180,80.45961,SteamVR Tracker (Waist),-0.5779994,0.7612733,1.227521,-0.4987156,0.4951242,0.5013872,0.5047233
1751960894250,80.52825,SteamVR Tracker (Right Foot),0.2900252,0.03836036,0.3630279,-0.262218,0.4596158,0.3545868,0.7708848
1751960894250,80.52825,SteamVR Tracker (Left Foot),0.05696063,0.008174419,0.7048895,-0.5676776,0.05257297,0.09555773,0.8159946
1751960894250,80.52825,SteamVR Tracker (Waist),-0.5779858,0.7612634,1.227578,-0.4986414,0.4952422,0.5013998,0.5046684
1751960894279,80.55962,SteamVR Tracker (Right Foot),0.2942128,0.0416894,0.3711349,-0.2544979,0.3891608,0.3424759,0.8163915
1751960894279,80.55962,SteamVR Tracker (Left Foot),0.05715286,0.008095741,0.7051623,-0.5660275,0.05188544,0.09542493,0.8171993
1751960894279,80.55962,SteamVR Tracker (Waist),-0.5779383,0.7611531,1.22752,-0.4986914,0.4950613,0.5014183,0.504778
1751960894321,80.59981,SteamVR Tracker (Right Foot),0.2937225,0.04481292,0.3953955,-0.3217322,0.3224131,0.274929,0.8467303
1751960894321,80.59981,SteamVR Tracker (Left Foot),0.05734801,0.007873058,0.7055715,-0.5635121,0.05160375,0.09487957,0.8190172
1751960894321,80.59981,SteamVR Tracker (Waist),-0.5776609,0.7607546,1.227788,-0.4986616,0.4950624,0.5014953,0.50473
1751960894367,80.64461,SteamVR Tracker (Right Foot),0.2980313,0.04332638,0.4167528,-0.3518973,0.2815127,0.2292849,0.8627557
1751960894367,80.64461,SteamVR Tracker (Left Foot),0.05738543,0.007707596,0.7057276,-0.5623583,0.05184736,0.09500415,0.8197801
1751960894367,80.64461,SteamVR Tracker (Waist),-0.5780109,0.7613366,1.227671,-0.4986934,0.4950416,0.5014289,0.5047849
1751960894440,80.71968,SteamVR Tracker (Right Foot),0.3139342,0.04245019,0.4453788,-0.3705184,0.2798409,0.2260898,0.8563227
1751960894440,80.71968,SteamVR Tracker (Left Foot),0.05719219,0.007618427,0.7057315,-0.5607822,0.05226638,0.09479788,0.8208562
1751960894440,80.71968,SteamVR Tracker (Waist),-0.5779903,0.7611699,1.227631,-0.4985917,0.4952469,0.5014152,0.5046977
1751960894470,80.74883,SteamVR Tracker (Right Foot),0.3318213,0.04188132,0.4765469,-0.390561,0.2689412,0.225162,0.8511373
1751960894470,80.74883,SteamVR Tracker (Left Foot),0.05726857,0.007404089,0.7060886,-0.5600135,0.05253268,0.09458811,0.821388
1751960894470,80.74883,SteamVR Tracker (Waist),-0.5778661,0.7611284,1.227619,-0.4986123,0.4952599,0.5014105,0.5046692
1751960894511,80.79032,SteamVR Tracker (Right Foot),0.3493776,0.04241467,0.5024762,-0.4063937,0.2761503,0.2361324,0.8383476
1751960894512,80.79032,SteamVR Tracker (Left Foot),0.05728409,0.007275105,0.7058799,-0.5602215,0.05310363,0.0945185,0.8212175
1751960894512,80.79032,SteamVR Tracker (Waist),-0.5779226,0.7612796,1.227795,-0.4986174,0.4950308,0.501622,0.5046787
1751960894553,80.83253,SteamVR Tracker (Right Foot),0.3655046,0.0428226,0.5328314,-0.4263639,0.2644998,0.233785,0.8328255
1751960894554,80.83253,SteamVR Tracker (Left Foot),0.05725902,0.007271051,0.7058262,-0.5611897,0.0533658,0.09434112,0.8205596
1751960894554,80.83253,SteamVR Tracker (Waist),-0.5779321,0.761263,1.227592,-0.4987637,0.4952091,0.5015141,0.5044665
1751960894623,80.90369,SteamVR Tracker (Right Foot),0.3840022,0.04324341,0.5658582,-0.4410148,0.2432514,0.2193369,0.8355992
1751960894624,80.90369,SteamVR Tracker (Left Foot),0.05700688,0.007290602,0.7052247,-0.566247,0.05456739,0.09428892,0.8170045
1751960894624,80.90369,SteamVR Tracker (Waist),-0.5780659,0.7612747,1.227574,-0.4987765,0.4949909,0.5015678,0.5046145
1751960894655,80.9369,SteamVR Tracker (Right Foot),0.4066521,0.04293799,0.6014325,-0.4574088,0.2256011,0.2055525,0.8352422
1751960894655,80.9369,SteamVR Tracker (Left Foot),0.05697747,0.007290602,0.7050831,-0.5674134,0.05489113,0.09407037,0.8161983
1751960894655,80.9369,SteamVR Tracker (Waist),-0.5781465,0.761225,1.227512,-0.4985966,0.4951773,0.5015767,0.5046007
1751960894700,80.97971,SteamVR Tracker (Right Foot),0.4268589,0.0432899,0.6273124,-0.4680114,0.2005026,0.2056283,0.8357518
1751960894700,80.97971,SteamVR Tracker (Left Foot),0.0569679,0.007391214,0.7050601,-0.5696878,0.05448383,0.0932935,0.8147293
1751960894700,80.97971,SteamVR Tracker (Waist),-0.577798,0.7610019,1.227807,-0.4984624,0.4951059,0.5014632,0.504916
1751960894744,81.02313,SteamVR Tracker (Right Foot),0.450556,0.04484797,0.6550515,-0.4839207,0.1844485,0.2060428,0.8302686
1751960894744,81.02313,SteamVR Tracker (Left Foot),0.05649152,0.007030249,0.7050975,-0.5690701,0.05351105,0.09321768,0.8152339
1751960894744,81.02313,SteamVR Tracker (Waist),-0.577999,0.7611405,1.227397,-0.4986071,0.4952245,0.5015485,0.5045719
1751960894822,81.10091,SteamVR Tracker (Right Foot),0.474556,0.04785562,0.6819229,-0.5026317,0.1713776,0.2112793,0.8205804
1751960894822,81.10091,SteamVR Tracker (Left Foot),0.05640312,0.007121325,0.7049716,-0.5740072,0.05207855,0.09198342,0.8119991
1751960894822,81.10091,SteamVR Tracker (Waist),-0.5779483,0.7611855,1.22771,-0.4985755,0.4950517,0.5013573,0.5049625
1751960894870,81.15024,SteamVR Tracker (Right Foot),0.5054928,0.04926586,0.7199439,-0.5279837,0.1574494,0.2143343,0.8065382
1751960894870,81.15024,SteamVR Tracker (Left Foot),0.05580181,0.007114887,0.7045457,-0.5793118,0.04921652,0.09135091,0.8084742
1751960894870,81.15024,SteamVR Tracker (Waist),-0.5778762,0.7609593,1.227656,-0.4986953,0.4949946,0.5014657,0.5047926
1751960894897,81.17849,SteamVR Tracker (Right Foot),0.5061772,0.04397964,0.7237757,-0.5150554,0.1591143,0.1975184,0.8187717
1751960894898,81.17849,SteamVR Tracker (Left Foot),0.05556998,0.007124662,0.7043504,-0.5798845,0.04821223,0.09123884,0.8081368
1751960894898,81.17849,SteamVR Tracker (Waist),-0.5778347,0.7608027,1.227619,-0.4982904,0.4954208,0.5011107,0.5051267
1751960894962,81.24053,SteamVR Tracker (Right Foot),0.4912789,0.031178,0.7216013,-0.4974516,0.1382562,0.1657795,0.840205
1751960894963,81.24053,SteamVR Tracker (Left Foot),0.05565289,0.006805182,0.7045673,-0.5788921,0.04701756,0.09123176,0.8089191
1751960894963,81.24053,SteamVR Tracker (Waist),-0.5777912,0.7610319,1.227612,-0.4985074,0.4951288,0.5012967,0.5050145
1751960894982,81.26136,SteamVR Tracker (Right Foot),0.4897171,0.03121758,0.7222125,-0.5277882,0.1260696,0.1382827,0.8285071
1751960894982,81.26136,SteamVR Tracker (Left Foot),0.05592823,0.006464958,0.7048628,-0.5775903,0.04620579,0.08976289,0.81006
1751960894982,81.26136,SteamVR Tracker (Waist),-0.5778823,0.7612057,1.227474,-0.4987068,0.4949268,0.5014408,0.5048724
1751960895007,81.28812,SteamVR Tracker (Right Foot),0.5014981,0.02883697,0.717735,-0.5104509,0.1868281,0.1396142,0.8276733
1751960895007,81.28812,SteamVR Tracker (Left Foot),0.05612705,0.006244183,0.7054816,-0.5724003,0.04449693,0.08940575,0.8138702
1751960895007,81.28812,SteamVR Tracker (Waist),-0.5778846,0.7611783,1.22757,-0.4986255,0.4951308,0.5011622,0.5050292
1751960895041,81.32104,SteamVR Tracker (Right Foot),0.497227,0.02799416,0.719689,-0.5141248,0.1626144,0.1440137,0.8297544
1751960895041,81.32104,SteamVR Tracker (Left Foot),0.05659966,0.005990267,0.7066829,-0.5635906,0.04053067,0.0872882,0.820429
1751960895041,81.32104,SteamVR Tracker (Waist),-0.5781485,0.7611679,1.227452,-0.4987366,0.4949157,0.5012879,0.5050055
1751960895073,81.35474,SteamVR Tracker (Right Foot),0.4990143,0.02690792,0.7185534,-0.5117774,0.1655355,0.1314559,0.8327072
1751960895074,81.35474,SteamVR Tracker (Left Foot),0.05829753,0.005820513,0.7096912,-0.5371973,0.03672805,0.07538975,0.8392774
1751960895074,81.35474,SteamVR Tracker (Waist),-0.5779819,0.761413,1.227566,-0.4986168,0.4950356,0.5013372,0.5049576
1751960895136,81.41565,SteamVR Tracker (Right Foot),0.4993339,0.02765393,0.7176796,-0.5161784,0.1702996,0.1274419,0.8296485
1751960895136,81.41565,SteamVR Tracker (Left Foot),0.06144521,0.006926537,0.7184029,-0.4519003,0.02313545,0.03760158,0.8909754
1751960895136,81.41565,SteamVR Tracker (Waist),-0.5779581,0.7612828,1.227632,-0.4985643,0.4949274,0.5013822,0.5050707
1751960895168,81.44854,SteamVR Tracker (Right Foot),0.5001285,0.02633595,0.7166172,-0.5195516,0.1717942,0.1232947,0.8278595
1751960895168,81.44854,SteamVR Tracker (Left Foot),0.07914846,0.02377534,0.7352329,-0.3409961,0.04464288,-0.05482163,0.9374024
1751960895168,81.44854,SteamVR Tracker (Waist),-0.577877,0.7610534,1.22759,-0.4985775,0.4950177,0.5014179,0.5049338
1751960895211,81.49018,SteamVR Tracker (Right Foot),0.500747,0.02625751,0.7164096,-0.5203794,0.1721638,0.1241733,0.8271311
1751960895211,81.49018,SteamVR Tracker (Left Foot),0.1108513,0.04194474,0.7765673,-0.4017248,-0.004307539,-0.05455979,0.9141235
1751960895212,81.49018,SteamVR Tracker (Waist),-0.578007,0.7612267,1.227619,-0.4986102,0.4948993,0.5014554,0.5049803
1751960895252,81.53094,SteamVR Tracker (Right Foot),0.5000106,0.02603078,0.7163906,-0.5201139,0.1713485,0.1268902,0.827055
1751960895252,81.53094,SteamVR Tracker (Left Foot),0.1606047,0.03704548,0.8365055,-0.4261218,-0.05314507,-0.04769852,0.901843
1751960895252,81.53094,SteamVR Tracker (Waist),-0.5779108,0.76131,1.227619,-0.4984736,0.4950245,0.5014442,0.5050036
1751960895334,81.61173,SteamVR Tracker (Right Foot),0.5007821,0.02668118,0.7165936,-0.5204746,0.1735627,0.1273321,0.8262982
1751960895334,81.61173,SteamVR Tracker (Left Foot),0.240041,0.0282681,0.9473265,-0.491041,-0.1170582,0.037191,0.8624344
1751960895334,81.61173,SteamVR Tracker (Waist),-0.5777476,0.7610412,1.227563,-0.49847,0.4950036,0.501376,0.5050953
1751960895368,81.64745,SteamVR Tracker (Right Foot),0.5011079,0.02643442,0.7166054,-0.5182549,0.177518,0.1255957,0.8271185
1751960895368,81.64745,SteamVR Tracker (Left Foot),0.3395459,0.03056407,1.106096,-0.5761483,-0.1858584,0.1264405,0.7858261
1751960895368,81.64745,SteamVR Tracker (Waist),-0.5780005,0.7614952,1.227586,-0.4984919,0.494967,0.5013825,0.505103
1751960895407,81.68619,SteamVR Tracker (Right Foot),0.5012237,0.02634883,0.7169113,-0.5157968,0.1793717,0.1250781,0.8283327
1751960895407,81.68619,SteamVR Tracker (Left Foot),0.3713998,0.04149055,1.198745,-0.6264738,-0.2369604,0.1261722,0.7317519
1751960895407,81.68619,SteamVR Tracker (Waist),-0.5780628,0.7612698,1.22745,-0.4985352,0.4948694,0.5014591,0.50508
1751960895486,81.76426,SteamVR Tracker (Right Foot),0.5031298,0.02610159,0.7177553,-0.5039874,0.1870985,0.1155419,0.835249
1751960895486,81.76426,SteamVR Tracker (Left Foot),0.3728672,0.05709791,1.282885,-0.6671761,-0.2830444,0.08852664,0.6833192
1751960895486,81.76426,SteamVR Tracker (Waist),-0.577742,0.7610358,1.22764,-0.4983866,0.4950263,0.5014074,0.5051242
1751960895511,81.79208,SteamVR Tracker (Right Foot),0.5062013,0.02639508,0.7199495,-0.4737684,0.2020222,0.1001011,0.8512992
1751960895512,81.79208,SteamVR Tracker (Left Foot),0.3809686,0.07052517,1.387805,-0.7204546,-0.3183755,0.05483182,0.6136576
1751960895512,81.79208,SteamVR Tracker (Waist),-0.577847,0.7610021,1.227707,-0.4985153,0.4950309,0.5014074,0.5049927
1751960895551,81.8317,SteamVR Tracker (Right Foot),0.5107672,0.02672076,0.7237449,-0.4224759,0.2138895,0.07816441,0.8773003
1751960895552,81.8317,SteamVR Tracker (Left Foot),0.3709196,0.06464791,1.418561,-0.7271661,-0.3307968,0.01161121,0.6013886
1751960895552,81.8317,SteamVR Tracker (Waist),-0.5779175,0.7612249,1.227612,-0.4984542,0.49519,0.5013126,0.5049912
1751960895599,81.87677,SteamVR Tracker (Right Foot),0.5175779,0.02707648,0.7317377,-0.3232629,0.2229306,0.04737452,0.9184545
1751960895599,81.87677,SteamVR Tracker (Left Foot),0.3783873,0.03840327,1.42606,-0.704209,-0.349408,-0.01884689,0.617777
1751960895599,81.87677,SteamVR Tracker (Waist),-0.578048,0.7615649,1.227486,-0.4985672,0.495143,0.5013495,0.504889
1751960895669,81.94682,SteamVR Tracker (Right Foot),0.5297049,0.02529669,0.7538893,-0.06293005,0.2180713,-0.01346447,0.9738088
1751960895669,81.94682,SteamVR Tracker (Left Foot),0.388411,0.02557826,1.423649,-0.5788271,-0.2564525,-0.06614618,0.7712431
1751960895669,81.94682,SteamVR Tracker (Waist),-0.5778834,0.7611829,1.22749,-0.4985212,0.4953408,0.501264,0.5048252
1751960895701,81.98061,SteamVR Tracker (Right Foot),0.545519,0.05227113,0.7918409,0.2266401,0.1954948,-0.0582321,0.9523786
1751960895701,81.98061,SteamVR Tracker (Left Foot),0.4012498,0.01500368,1.438804,-0.5320385,-0.193936,-0.09677489,0.8185099
1751960895701,81.98061,SteamVR Tracker (Waist),-0.5779516,0.7613324,1.227694,-0.4985763,0.4952886,0.5013536,0.5047331
1751960895736,82.01833,SteamVR Tracker (Right Foot),0.5694335,0.1177204,0.8669053,0.1712045,0.045784,-0.04002825,0.9833568
1751960895736,82.01833,SteamVR Tracker (Left Foot),0.4020353,0.01233077,1.435941,-0.5538626,-0.1994753,-0.1365123,0.7967499
1751960895737,82.01833,SteamVR Tracker (Waist),-0.57793,0.7611153,1.227718,-0.498486,0.4953762,0.5015185,0.5045724
1751960895784,82.06287,SteamVR Tracker (Right Foot),0.5906594,0.1228061,1.010703,-0.03128937,-0.04918123,0.02718413,0.9979295
1751960895784,82.06287,SteamVR Tracker (Left Foot),0.400684,0.01402617,1.433085,-0.5566168,-0.2004808,-0.1329059,0.7951862
1751960895784,82.06287,SteamVR Tracker (Waist),-0.5780531,0.7613926,1.227421,-0.4983646,0.495436,0.5014196,0.504732
1751960895840,82.12051,SteamVR Tracker (Right Foot),0.6103841,0.1026163,1.153069,-0.1143206,-0.02578086,0.1049903,0.987544
1751960895841,82.12051,SteamVR Tracker (Left Foot),0.3997365,0.01435661,1.432132,-0.5692714,-0.2101084,-0.1237454,0.7851571
1751960895841,82.12051,SteamVR Tracker (Waist),-0.5778202,0.7609689,1.227664,-0.4986025,0.4952228,0.5015072,0.5046191
1751960895867,82.14779,SteamVR Tracker (Right Foot),0.617517,0.0860467,1.329621,-0.2313773,-0.07729112,0.1446956,0.9589337
1751960895867,82.14779,SteamVR Tracker (Left Foot),0.3992587,0.01332879,1.432265,-0.5678499,-0.2084865,-0.1256851,0.7863098
1751960895868,82.14779,SteamVR Tracker (Waist),-0.5779618,0.7609452,1.227554,-0.4985075,0.495346,0.5013752,0.5047233
1751960895913,82.18959,SteamVR Tracker (Right Foot),0.5788804,0.06555963,1.486468,-0.3624404,-0.1434145,0.09353407,0.9161445
1751960895913,82.18959,SteamVR Tracker (Left Foot),0.3985265,0.01221418,1.433239,-0.5663414,-0.2115424,-0.1268736,0.7863908
1751960895913,82.18959,SteamVR Tracker (Waist),-0.5780379,0.761245,1.227596,-0.4986826,0.4951811,0.5015,0.5045881
1751960895953,82.23309,SteamVR Tracker (Right Foot),0.5247194,0.04815865,1.649605,-0.4800983,-0.1914891,0.04547294,0.8548507
1751960895953,82.23309,SteamVR Tracker (Left Foot),0.3979667,0.01111507,1.434192,-0.5600659,-0.2158714,-0.1262202,0.7898065
1751960895953,82.23309,SteamVR Tracker (Waist),-0.5778692,0.7612156,1.227576,-0.4985771,0.4953004,0.5014102,0.5046645
1751960896030,82.3088,SteamVR Tracker (Right Foot),0.4028592,0.05850458,1.824572,-0.5989918,-0.2696969,-0.1094787,0.7459804
1751960896030,82.3088,SteamVR Tracker (Left Foot),0.3968939,0.01082301,1.433811,-0.5634726,-0.2192848,-0.1269666,0.7863157
1751960896030,82.3088,SteamVR Tracker (Waist),-0.5778491,0.7610948,1.227619,-0.4985487,0.4952592,0.5014365,0.5047068
1751960896056,82.33749,SteamVR Tracker (Right Foot),0.2738489,0.09261036,2.008435,-0.7050956,-0.319775,-0.253724,0.5798348
1751960896056,82.33749,SteamVR Tracker (Left Foot),0.3956825,0.009636879,1.434608,-0.5620333,-0.2245786,-0.1260971,0.7859914
1751960896056,82.33749,SteamVR Tracker (Waist),-0.5778828,0.760976,1.227495,-0.4987331,0.4952883,0.5013725,0.5045597
1751960896100,82.37783,SteamVR Tracker (Right Foot),0.197803,0.1320496,2.052094,-0.7388065,-0.340752,-0.2932515,0.5020523
1751960896100,82.37783,SteamVR Tracker (Left Foot),0.394382,0.008556366,1.434885,-0.5559898,-0.2287206,-0.122185,0.7897044
1751960896100,82.37783,SteamVR Tracker (Waist),-0.5778766,0.7610685,1.22771,-0.4985508,0.4952846,0.5014316,0.5046846
1751960896143,82.4223,SteamVR Tracker (Right Foot),0.1377553,0.1300244,2.059337,-0.6696709,-0.3373465,-0.4238449,0.5080292
1751960896144,82.4223,SteamVR Tracker (Left Foot),0.3940659,0.008085251,1.435348,-0.5453045,-0.2445179,-0.126645,0.7917166
1751960896144,82.4223,SteamVR Tracker (Waist),-0.5778899,0.7611707,1.227683,-0.4985188,0.4953457,0.5014091,0.5046787
1751960896217,82.49664,SteamVR Tracker (Right Foot),0.1284876,0.08043146,2.006716,-0.6048069,-0.4522263,-0.4045927,0.5157564
1751960896217,82.49664,SteamVR Tracker (Left Foot),0.3960947,0.006626368,1.436031,-0.4955471,-0.3287993,-0.1771954,0.7841721
1751960896217,82.49664,SteamVR Tracker (Waist),-0.5779521,0.7613122,1.227638,-0.4985537,0.4951884,0.5013078,0.5048991
1751960896246,82.52657,SteamVR Tracker (Right Foot),0.09367278,0.05738974,2.025094,-0.227301,-0.5274652,-0.3902715,0.7195853
1751960896246,82.52657,SteamVR Tracker (Left Foot),0.399312,0.007008791,1.440947,-0.4260118,-0.4135752,-0.2236623,0.7729455
1751960896246,82.52657,SteamVR Tracker (Waist),-0.5777892,0.7610641,1.227817,-0.4985174,0.4951942,0.5013613,0.5048762
1751960896283,82.56214,SteamVR Tracker (Right Foot),0.1155332,0.06362128,2.03356,-0.4633507,-0.4675163,-0.3995003,0.6380706
1751960896283,82.56214,SteamVR Tracker (Left Foot),0.3987135,0.01968312,1.4537,-0.3683659,-0.423568,-0.2795362,0.7789456
1751960896283,82.56214,SteamVR Tracker (Waist),-0.577987,0.7612907,1.22759,-0.4986283,0.4950728,0.5013418,0.5049051
1751960896326,82.60593,SteamVR Tracker (Right Foot),0.1128223,0.05290413,2.032478,-0.438846,-0.4545306,-0.4073892,0.6594318
1751960896326,82.60593,SteamVR Tracker (Left Foot),0.4040662,0.02715707,1.463919,-0.2987586,-0.4722036,-0.3571999,0.7484486
1751960896326,82.60593,SteamVR Tracker (Waist),-0.5778522,0.7613232,1.227751,-0.4985261,0.4951264,0.5014418,0.5048541
1751960896400,82.67841,SteamVR Tracker (Right Foot),0.115161,0.05027843,2.031383,-0.4409406,-0.453999,-0.4050413,0.6598468
1751960896400,82.67841,SteamVR Tracker (Left Foot),0.3934109,0.05084276,1.469499,-0.149184,-0.5404574,-0.4793803,0.6751626
1751960896400,82.67841,SteamVR Tracker (Waist),-0.5778356,0.7611459,1.227687,-0.4984618,0.4952707,0.501358,0.5048593
1751960896423,82.70251,SteamVR Tracker (Right Foot),0.1155903,0.0476346,2.036695,-0.4276752,-0.44344,-0.4056751,0.6751907
1751960896423,82.70251,SteamVR Tracker (Left Foot),0.39848,0.07824707,1.474223,-0.137,-0.6173427,-0.5772716,0.516601
1751960896423,82.70251,SteamVR Tracker (Waist),-0.577832,0.7609152,1.227639,-0.4984148,0.4953166,0.5014613,0.5047582
1751960896465,82.74476,SteamVR Tracker (Right Foot),0.1158878,0.0483129,2.038651,-0.4205504,-0.437251,-0.4147425,0.678187
1751960896465,82.74476,SteamVR Tracker (Left Foot),0.4195216,0.1055598,1.481568,0.1695443,0.63978,0.5906666,-0.4615727
1751960896465,82.74476,SteamVR Tracker (Waist),-0.5779723,0.761184,1.227668,-0.498484,0.4953346,0.5014184,0.5047148
1751960896512,82.79044,SteamVR Tracker (Right Foot),0.1115935,0.04275227,2.039112,-0.4110767,-0.4519579,-0.3986949,0.6839535
1751960896512,82.79044,SteamVR Tracker (Left Foot),0.4541891,0.131289,1.487108,0.1409732,0.6163242,0.5955107,-0.495619
1751960896512,82.79044,SteamVR Tracker (Waist),-0.5778009,0.7610855,1.227673,-0.4985532,0.4952664,0.5014354,0.5046964
1751960896585,82.86372,SteamVR Tracker (Right Foot),0.1092607,0.04363847,2.034573,-0.3975569,-0.4750986,-0.3808776,0.6864126
1751960896586,82.86372,SteamVR Tracker (Left Foot),0.5202671,0.1610503,1.492145,-0.08735409,-0.630333,-0.5738611,0.515493
1751960896586,82.86372,SteamVR Tracker (Waist),-0.57785,0.7612128,1.227607,-0.4986023,0.4952082,0.5012656,0.5048737
1751960896613,82.89436,SteamVR Tracker (Right Foot),0.107511,0.04372239,2.032588,-0.3874871,-0.5032815,-0.3546161,0.6861551
1751960896613,82.89436,SteamVR Tracker (Left Foot),0.57591,0.1950667,1.501934,-0.04222138,-0.6375355,-0.551953,0.53583
1751960896613,82.89436,SteamVR Tracker (Waist),-0.5778687,0.7610037,1.22768,-0.4984038,0.4952495,0.5013522,0.5049432
1751960896656,82.93494,SteamVR Tracker (Right Foot),0.1068234,0.0405786,2.034384,-0.3966658,-0.4887159,-0.3650457,0.6859699
1751960896656,82.93494,SteamVR Tracker (Left Foot),0.6131964,0.2224166,1.510566,-0.01158681,-0.6444391,-0.5352666,0.545943
1751960896656,82.93494,SteamVR Tracker (Waist),-0.5780011,0.7611771,1.227608,-0.4986329,0.4951213,0.5013733,0.5048218
1751960896700,82.97961,SteamVR Tracker (Right Foot),0.1034692,0.03776479,2.031756,-0.3896375,-0.5045028,-0.3426566,0.6901059
1751960896700,82.97961,SteamVR Tracker (Left Foot),0.6431884,0.2503662,1.520692,0.01376784,-0.6525399,-0.5279407,0.5433975
1751960896700,82.97961,SteamVR Tracker (Waist),-0.5779173,0.7614545,1.227803,-0.4986205,0.495203,0.5013914,0.5047358
1751960896772,83.05089,SteamVR Tracker (Right Foot),0.1018927,0.03717828,2.031027,-0.389842,-0.506184,-0.3341864,0.6929072
1751960896772,83.05089,SteamVR Tracker (Left Foot),0.6677594,0.2808278,1.528816,0.04152227,-0.661068,-0.5408034,0.5184561
1751960896772,83.05089,SteamVR Tracker (Waist),-0.5780503,0.7612789,1.227549,-0.4985788,0.4951656,0.5014485,0.504757
1751960896804,83.08447,SteamVR Tracker (Right Foot),0.09848323,0.03503513,2.029069,-0.3769406,-0.5063709,-0.3262508,0.7036084
1751960896804,83.08447,SteamVR Tracker (Left Foot),0.6943226,0.3148303,1.539649,0.07364237,-0.665277,-0.5483843,0.5012565
1751960896804,83.08447,SteamVR Tracker (Waist),-0.5779872,0.7615129,1.227764,-0.4985631,0.4949411,0.5014386,0.5050025
1751960896842,83.12223,SteamVR Tracker (Right Foot),0.09878355,0.03635645,2.029542,-0.3732174,-0.5070883,-0.3305831,0.7030541
1751960896843,83.12223,SteamVR Tracker (Left Foot),0.7089154,0.3363912,1.546472,-0.0888842,0.6703303,0.5491201,-0.4911457
1751960896843,83.12223,SteamVR Tracker (Waist),-0.5779219,0.7608334,1.227535,-0.4988082,0.4950326,0.5013385,0.50477
1751960896888,83.16826,SteamVR Tracker (Right Foot),0.09708413,0.03692079,2.030046,-0.3622517,-0.5147153,-0.3300681,0.7034892
1751960896888,83.16826,SteamVR Tracker (Left Foot),0.7227895,0.3627796,1.55522,-0.1077122,0.6699123,0.5531288,-0.4833882
1751960896888,83.16826,SteamVR Tracker (Waist),-0.5780622,0.7612689,1.227846,-0.4986708,0.4950351,0.5014148,0.5048276
1751960896962,83.24078,SteamVR Tracker (Right Foot),0.09691849,0.03828812,2.031655,-0.3453681,-0.5281389,-0.3311927,0.7014996
1751960896962,83.24078,SteamVR Tracker (Left Foot),0.7341458,0.3907359,1.560024,-0.1183997,0.6722161,0.5456819,-0.4861464
1751960896962,83.24078,SteamVR Tracker (Waist),-0.577933,0.7611408,1.227707,-0.498661,0.4950569,0.5014461,0.5047849
1751960896992,83.27332,SteamVR Tracker (Right Foot),0.09669313,0.03932285,2.032116,-0.3335817,-0.5418171,-0.3325228,0.6961223
1751960896993,83.27332,SteamVR Tracker (Left Foot),0.7497718,0.4244483,1.565909,-0.1355416,0.6686624,0.5397559,-0.4931355
1751960896993,83.27332,SteamVR Tracker (Waist),-0.5779908,0.7614286,1.227817,-0.498471,0.4951814,0.5013962,0.5048999
1751960897032,83.31194,SteamVR Tracker (Right Foot),0.09680417,0.0399754,2.030165,-0.3381123,-0.5441715,-0.3344986,0.6911354
1751960897032,83.31194,SteamVR Tracker (Left Foot),0.7608137,0.4497159,1.567439,-0.1511732,0.6670552,0.5329472,-0.4981478
1751960897032,83.31194,SteamVR Tracker (Waist),-0.5779784,0.7613062,1.227763,-0.4985255,0.4952578,0.5011938,0.5049721
1751960897078,83.35905,SteamVR Tracker (Right Foot),0.09679827,0.04082012,2.027004,-0.3533724,-0.5321541,-0.3304319,0.6948056
1751960897078,83.35905,SteamVR Tracker (Left Foot),0.7733227,0.4776245,1.568058,-0.1788497,0.6626694,0.5372705,-0.490125
1751960897078,83.35905,SteamVR Tracker (Waist),-0.5780087,0.7612562,1.227751,-0.498513,0.4952301,0.501364,0.5048426
1751960897149,83.42795,SteamVR Tracker (Right Foot),0.09714618,0.04308414,2.025392,-0.3505294,-0.5343334,-0.3310207,0.6942927
1751960897149,83.42795,SteamVR Tracker (Left Foot),0.7851408,0.5062053,1.572682,-0.2064371,0.6591325,0.5501716,-0.4692966
1751960897149,83.42795,SteamVR Tracker (Waist),-0.5779936,0.761138,1.227679,-0.4982378,0.4953918,0.5013875,0.5049324
1751960897167,83.44858,SteamVR Tracker (Right Foot),0.09688595,0.04408383,2.024376,-0.347502,-0.5358511,-0.3298575,0.6951978
1751960897168,83.44858,SteamVR Tracker (Left Foot),0.7933345,0.5281804,1.57905,-0.2238179,0.6566114,0.5505798,-0.4643586
1751960897168,83.44858,SteamVR Tracker (Waist),-0.5781145,0.7611201,1.227608,-0.4984986,0.4951281,0.5017178,0.5046055
1751960897203,83.48201,SteamVR Tracker (Right Foot),0.09650761,0.04499722,2.024107,-0.3406432,-0.5437847,-0.3304844,0.6921275
1751960897203,83.48201,SteamVR Tracker (Left Foot),0.7997818,0.5400133,1.584407,-0.2262516,0.6626459,0.5381339,-0.4691722
1751960897203,83.48201,SteamVR Tracker (Waist),-0.578016,0.7613463,1.227651,-0.4984856,0.4951788,0.5015567,0.5047286
1751960897238,83.51857,SteamVR Tracker (Right Foot),0.09582555,0.04613876,2.026488,-0.3235059,-0.5804171,-0.3423112,0.6642914
1751960897238,83.51857,SteamVR Tracker (Left Foot),0.8079941,0.5560783,1.59189,-0.2246331,0.6709523,0.5235516,-0.4746121
1751960897238,83.51857,SteamVR Tracker (Waist),-0.5778416,0.7611728,1.227887,-0.4983538,0.4952802,0.5013655,0.5049491
1751960897298,83.5771,SteamVR Tracker (Right Foot),0.09307483,0.04754686,2.030888,-0.2907526,-0.6324178,-0.3565823,0.6231852
1751960897298,83.5771,SteamVR Tracker (Left Foot),0.8182,0.5753157,1.597865,-0.239386,0.6667955,0.5184178,-0.4788749
1751960897299,83.5771,SteamVR Tracker (Waist),-0.5781026,0.7612876,1.227704,-0.498488,0.495204,0.5015561,0.5047021
1751960897316,83.59831,SteamVR Tracker (Right Foot),0.09092692,0.04882336,2.033911,-0.2631041,-0.6689441,-0.3667816,0.5905602
1751960897317,83.59831,SteamVR Tracker (Left Foot),0.8328222,0.6014382,1.606209,-0.2616131,0.664818,0.5159447,-0.4726274
1751960897317,83.59831,SteamVR Tracker (Waist),-0.5780556,0.7610533,1.22773,-0.4981686,0.4953374,0.5013474,0.5050937
1751960897346,83.62574,SteamVR Tracker (Right Foot),0.0903379,0.04966283,2.033851,-0.2552409,-0.6765772,-0.3728503,0.5814448
1751960897346,83.62574,SteamVR Tracker (Left Foot),0.8408844,0.6162112,1.612105,-0.2782889,0.6625243,0.5140777,-0.4683385
1751960897346,83.62574,SteamVR Tracker (Waist),-0.578096,0.7611712,1.227845,-0.4984519,0.4952107,0.5015666,0.5047208
1751960897376,83.65852,SteamVR Tracker (Right Foot),0.09044152,0.05053806,2.032104,-0.2567347,-0.6736279,-0.3744759,0.5831643
1751960897376,83.65852,SteamVR Tracker (Left Foot),0.8488733,0.6320368,1.620055,-0.2922175,0.6597335,0.5152019,-0.4625231
1751960897376,83.65852,SteamVR Tracker (Waist),-0.5780325,0.7611318,1.22758,-0.4983925,0.4953337,0.5015374,0.5046878
1751960897414,83.69534,SteamVR Tracker (Right Foot),0.09090793,0.0514071,2.029915,-0.2643241,-0.6661053,-0.3719824,0.5899709
1751960897415,83.69534,SteamVR Tracker (Left Foot),0.8564725,0.6473181,1.631829,-0.3083995,0.6585708,0.5135986,-0.4554019
1751960897415,83.69534,SteamVR Tracker (Waist),-0.5780382,0.7612454,1.227646,-0.4982441,0.4952367,0.5017233,0.5047447
1751960897478,83.75512,SteamVR Tracker (Right Foot),0.09087461,0.03546119,2.048056,-0.2714896,-0.6602077,-0.3746892,0.5916311
1751960897478,83.75512,SteamVR Tracker (Left Foot),0.8618512,0.6554031,1.645585,-0.3177658,0.6624083,0.5101625,-0.4471849
1751960897478,83.75512,SteamVR Tracker (Waist),-0.5779378,0.7615361,1.227726,-0.4982164,0.4954865,0.5014472,0.5048013
1751960897540,83.81802,SteamVR Tracker (Right Foot),0.09097216,0.03555036,2.047747,-0.2740262,-0.6604776,-0.3755169,0.589632
1751960897540,83.81802,SteamVR Tracker (Left Foot),0.8743776,0.6736542,1.675826,-0.3413087,0.6675826,0.5023028,-0.4307364
1751960897540,83.81802,SteamVR Tracker (Waist),-0.5780545,0.7614797,1.227671,-0.4982952,0.495451,0.5015901,0.5046163
1751960897592,83.87172,SteamVR Tracker (Right Foot),0.0908314,0.0354681,2.047921,-0.2707135,-0.6623438,-0.3726978,0.5908564
1751960897592,83.87172,SteamVR Tracker (Left Foot),0.8795831,0.6773504,1.699601,-0.3525069,0.6748493,0.4897316,-0.4248296
1751960897592,83.87172,SteamVR Tracker (Waist),-0.5781519,0.7615365,1.227647,-0.4981751,0.4954881,0.5015463,0.504742
1751960897647,83.92645,SteamVR Tracker (Right Foot),0.09128204,0.03540492,2.048105,-0.2715153,-0.6621554,-0.3739527,0.5899061
1751960897647,83.92645,SteamVR Tracker (Left Foot),0.8800358,0.6721327,1.710931,-0.3502503,0.6839188,0.4779811,-0.4255748
1751960897647,83.92645,SteamVR Tracker (Waist),-0.5779803,0.7612435,1.227647,-0.4982557,0.4954272,0.50151,0.5047584
1751960897690,83.97039,SteamVR Tracker (Right Foot),0.09149015,0.03532553,2.047961,-0.273555,-0.6622514,-0.3734102,0.5891991
1751960897690,83.97039,SteamVR Tracker (Left Foot),0.8790064,0.6643726,1.729024,-0.350614,0.6925842,0.4703471,-0.4197268
1751960897690,83.97039,SteamVR Tracker (Waist),-0.5779129,0.7611183,1.227662,-0.4982699,0.4953602,0.5015841,0.5047364
1751960897731,84.01189,SteamVR Tracker (Right Foot),0.09171942,0.03524995,2.047938,-0.2781747,-0.6615775,-0.3744936,0.587102
1751960897731,84.01189,SteamVR Tracker (Left Foot),0.8755037,0.6563828,1.734396,-0.3475475,0.6948584,0.4740497,-0.4143182
1751960897731,84.01189,SteamVR Tracker (Waist),-0.5780741,0.7612237,1.227664,-0.4983063,0.4953642,0.5015693,0.5047111
1751960897778,84.05811,SteamVR Tracker (Right Foot),0.09193295,0.03527093,2.048134,-0.281477,-0.6604373,-0.3775622,0.584842
1751960897779,84.05811,SteamVR Tracker (Left Foot),0.8707594,0.6486156,1.736186,-0.3458099,0.6923434,0.4840547,-0.4083714
1751960897779,84.05811,SteamVR Tracker (Waist),-0.5779289,0.7616417,1.227771,-0.4983568,0.4951944,0.5015239,0.504873
1751960897850,84.12828,SteamVR Tracker (Right Foot),0.09230188,0.03510714,2.048133,-0.2814669,-0.6609994,-0.3774941,0.5842555
1751960897850,84.12828,SteamVR Tracker (Left Foot),0.8639303,0.6371405,1.734617,-0.3339956,0.6920486,0.4918684,-0.4093668
1751960897850,84.12828,SteamVR Tracker (Waist),-0.5779786,0.7612339,1.227683,-0.4984,0.4952465,0.5014614,0.5048414
1751960897889,84.16833,SteamVR Tracker (Right Foot),0.09210861,0.03514385,2.047938,-0.2816985,-0.6628038,-0.3755848,0.5833294
1751960897889,84.16833,SteamVR Tracker (Left Foot),0.8570857,0.6270348,1.734168,-0.3228503,0.6923224,0.4971046,-0.4115148
1751960897889,84.16833,SteamVR Tracker (Waist),-0.5781227,0.7613226,1.227732,-0.4984146,0.495137,0.5014597,0.5049361
1751960897928,84.20794,SteamVR Tracker (Right Foot),0.09246373,0.03533959,2.047604,-0.2855462,-0.6628309,-0.3754537,0.5815094
1751960897928,84.20794,SteamVR Tracker (Left Foot),0.8529879,0.6206219,1.733987,-0.3160513,0.6933409,0.4989574,-0.4128337
1751960897928,84.20794,SteamVR Tracker (Waist),-0.5780733,0.761308,1.22756,-0.4984589,0.495175,0.5014632,0.5048517
1751960897967,84.24727,SteamVR Tracker (Right Foot),0.09361246,0.03523874,2.047195,-0.2928968,-0.6608346,-0.3785684,0.5780962
1751960897967,84.24727,SteamVR Tracker (Left Foot),0.8494252,0.6164656,1.733531,-0.3122895,0.6928325,0.5031915,-0.4114084
1751960897967,84.24727,SteamVR Tracker (Waist),-0.577935,0.7610512,1.227634,-0.4984322,0.4951596,0.5014808,0.5048755
1751960898038,84.31789,SteamVR Tracker (Right Foot),0.09429699,0.03519797,2.047104,-0.2939035,-0.6594051,-0.3820005,0.5769587
1751960898038,84.31789,SteamVR Tracker (Left Foot),0.8481574,0.6164517,1.733684,-0.3142126,0.6915769,0.5078397,-0.4063137
1751960898038,84.31789,SteamVR Tracker (Waist),-0.5779029,0.7610056,1.227645,-0.4984035,0.4952469,0.5014032,0.5048954
1751960898070,84.35051,SteamVR Tracker (Right Foot),0.09360221,0.03504968,2.047616,-0.291693,-0.6595151,-0.3830183,0.5772797
1751960898070,84.35051,SteamVR Tracker (Left Foot),0.8457609,0.6159748,1.73429,-0.3151012,0.6902419,0.5115474,-0.4032326
1751960898070,84.35051,SteamVR Tracker (Waist),-0.5781823,0.7616808,1.227807,-0.4983683,0.4952555,0.5015635,0.5047624
1751960898123,84.40215,SteamVR Tracker (Right Foot),0.09306183,0.03447843,2.04812,-0.2874233,-0.6607403,-0.3805048,0.5796776
1751960898123,84.40215,SteamVR Tracker (Left Foot),0.8466138,0.6185522,1.734923,-0.3134234,0.6920823,0.5054549,-0.4090272
1751960898123,84.40215,SteamVR Tracker (Waist),-0.5778965,0.7614498,1.227615,-0.4984532,0.495249,0.5015491,0.5046993
1751960898216,84.49387,SteamVR Tracker (Right Foot),0.09361118,0.03499079,2.047873,-0.2882632,-0.6606702,-0.3800999,0.5796061
1751960898216,84.49387,SteamVR Tracker (Left Foot),0.8488785,0.6229346,1.735286,-0.3157118,0.6905749,0.5052446,-0.4100735
1751960898216,84.49387,SteamVR Tracker (Waist),-0.5779493,0.7611853,1.227867,-0.4983175,0.4953129,0.5016587,0.5046617
1751960898253,84.53456,SteamVR Tracker (Right Foot),0.09308934,0.03475666,2.047981,-0.2895321,-0.6598131,-0.3813299,0.579142
1751960898253,84.53456,SteamVR Tracker (Left Foot),0.8511313,0.6291361,1.736135,-0.3228082,0.6881313,0.5059409,-0.4077918
1751960898253,84.53456,SteamVR Tracker (Waist),-0.5781949,0.7614675,1.227556,-0.4983105,0.495374,0.5015615,0.5047053
1751960898278,84.55958,SteamVR Tracker (Right Foot),0.09305367,0.03472352,2.047824,-0.289908,-0.6595415,-0.3814892,0.5791584
1751960898278,84.55958,SteamVR Tracker (Left Foot),0.8516344,0.6296659,1.736994,-0.3226664,0.6881696,0.5066662,-0.4069377
1751960898278,84.55958,SteamVR Tracker (Waist),-0.578095,0.7615631,1.22765,-0.4982217,0.4953855,0.5015545,0.5047886
1751960898347,84.62491,SteamVR Tracker (Right Foot),0.09399429,0.03493857,2.047876,-0.2905156,-0.6594086,-0.3816796,0.5788798
1751960898347,84.62491,SteamVR Tracker (Left Foot),0.8521789,0.6287233,1.738283,-0.3209229,0.6894946,0.5052684,-0.4078108
1751960898347,84.62491,SteamVR Tracker (Waist),-0.5779294,0.7613506,1.227778,-0.4983094,0.4952394,0.5015553,0.5048445
1751960898379,84.6596,SteamVR Tracker (Right Foot),0.09365359,0.03481865,2.048018,-0.2901054,-0.6593903,-0.3818566,0.5789894
1751960898379,84.6596,SteamVR Tracker (Left Foot),0.8520633,0.6273338,1.740091,-0.3205102,0.6911553,0.5031962,-0.4078862
1751960898379,84.6596,SteamVR Tracker (Waist),-0.5781711,0.7614563,1.22785,-0.4984275,0.4951278,0.5015485,0.5048442
1751960898433,84.71211,SteamVR Tracker (Right Foot),0.09358206,0.03498983,2.047989,-0.2895041,-0.6596802,-0.3816393,0.5791036
1751960898433,84.71211,SteamVR Tracker (Left Foot),0.8520257,0.6243943,1.740832,-0.3184879,0.6922828,0.5023035,-0.4086579
1751960898433,84.71211,SteamVR Tracker (Waist),-0.5780833,0.7612442,1.227638,-0.4984081,0.4951961,0.5014243,0.5049198
1751960898537,84.81383,SteamVR Tracker (Right Foot),0.09409872,0.03474474,2.047934,-0.2904092,-0.6600048,-0.3807448,0.5788692
1751960898538,84.81383,SteamVR Tracker (Left Foot),0.8516197,0.6204671,1.741627,-0.3163023,0.694262,0.5013217,-0.4082031
1751960898538,84.81383,SteamVR Tracker (Waist),-0.577911,0.761124,1.227719,-0.4983281,0.4951451,0.501508,0.5049655
1751960898618,84.89159,SteamVR Tracker (Right Foot),0.09370503,0.03458071,2.048167,-0.290793,-0.6599835,-0.3807758,0.5786805
1751960898618,84.89159,SteamVR Tracker (Left Foot),0.8500079,0.6141901,1.741366,-0.314287,0.6952953,0.5027671,-0.4062184
1751960898618,84.89159,SteamVR Tracker (Waist),-0.5780241,0.761328,1.227662,-0.4983822,0.4950787,0.5015907,0.504895
1751960898717,84.99496,SteamVR Tracker (Right Foot),0.09302291,0.03428602,2.048335,-0.2892956,-0.6604648,-0.3799587,0.5794184
1751960898717,84.99496,SteamVR Tracker (Left Foot),0.8454943,0.6004169,1.738193,-0.3061889,0.6984519,0.5044723,-0.4048717
1751960898718,84.99496,SteamVR Tracker (Waist),-0.5780525,0.7616539,1.227888,-0.4984542,0.4950154,0.5016066,0.5048704
1751960898751,85.03186,SteamVR Tracker (Right Foot),0.09306943,0.03457046,2.048273,-0.2889405,-0.6605038,-0.3794287,0.5798983
1751960898751,85.03186,SteamVR Tracker (Left Foot),0.8427474,0.5911676,1.73648,-0.3002498,0.7011539,0.5049739,-0.4040232
1751960898751,85.03186,SteamVR Tracker (Waist),-0.577969,0.7613823,1.227652,-0.4985487,0.494907,0.5016118,0.5048781
1751960898818,85.09734,SteamVR Tracker (Right Foot),0.09394303,0.03463316,2.047562,-0.29435,-0.6583698,-0.3823898,0.5776551
1751960898818,85.09734,SteamVR Tracker (Left Foot),0.8391367,0.581259,1.735332,-0.2918752,0.7032824,0.5062128,-0.4049091
1751960898818,85.09734,SteamVR Tracker (Waist),-0.5780265,0.7615972,1.227507,-0.4984957,0.4951412,0.5015789,0.5047336
1751960898898,85.17731,SteamVR Tracker (Right Foot),0.09542423,0.03420258,2.047466,-0.3046856,-0.6555573,-0.3856083,0.573339
1751960898898,85.17731,SteamVR Tracker (Left Foot),0.836465,0.5702804,1.735461,-0.2864915,0.7053957,0.5079889,-0.4028484
1751960898898,85.17731,SteamVR Tracker (Waist),-0.5777985,0.7611141,1.22782,-0.4984351,0.495159,0.5015026,0.5048516
1751960898960,85.23948,SteamVR Tracker (Right Foot),0.09787571,0.03429222,2.045258,-0.3262173,-0.6498411,-0.3915248,0.5639126
1751960898961,85.23948,SteamVR Tracker (Left Foot),0.8323177,0.5579637,1.736008,-0.2814495,0.7098019,0.5066562,-0.4003336
1751960898961,85.23948,SteamVR Tracker (Waist),-0.577885,0.7610552,1.227754,-0.4985985,0.4950566,0.5015923,0.5047016
1751960899028,85.30663,SteamVR Tracker (Right Foot),0.09838542,0.03402424,2.045015,-0.3353581,-0.6464145,-0.3977204,0.5581235
1751960899028,85.30663,SteamVR Tracker (Left Foot),0.8268762,0.5473069,1.735987,-0.2760621,0.7116215,0.51132,-0.3948879
1751960899028,85.30663,SteamVR Tracker (Waist),-0.5780733,0.7613891,1.227654,-0.4985906,0.4950104,0.5015107,0.5048358
1751960899123,85.40098,SteamVR Tracker (Right Foot),0.09787476,0.03429699,2.04606,-0.3210985,-0.6501696,-0.3934429,0.5651353
1751960899124,85.40098,SteamVR Tracker (Left Foot),0.8211309,0.5391611,1.736491,-0.2625522,0.7168845,0.5083162,-0.3984439
1751960899124,85.40098,SteamVR Tracker (Waist),-0.5779914,0.7611916,1.227703,-0.4983784,0.4951835,0.501511,0.5048752
1751960899164,85.44359,SteamVR Tracker (Right Foot),0.09753799,0.03435659,2.046319,-0.3190214,-0.6509088,-0.392737,0.5659512
1751960899164,85.44359,SteamVR Tracker (Left Foot),0.8180037,0.5334327,1.737304,-0.2542824,0.7198633,0.5043381,-0.4034606
1751960899164,85.44359,SteamVR Tracker (Waist),-0.578034,0.7611378,1.227611,-0.4982996,0.4952032,0.5014775,0.5049671
1751960899220,85.49884,SteamVR Tracker (Right Foot),0.0980891,0.03441358,2.04598,-0.3226886,-0.649985,-0.3935238,0.5643852
1751960899221,85.49884,SteamVR Tracker (Left Foot),0.8195627,0.5330395,1.737073,-0.2575735,0.7194457,0.5049996,-0.4012845
1751960899221,85.49884,SteamVR Tracker (Waist),-0.5776808,0.7610039,1.227556,-0.4985516,0.4950875,0.5015782,0.5047316
1751960899285,85.56342,SteamVR Tracker (Right Foot),0.0977034,0.03453231,2.045638,-0.3228507,-0.6498756,-0.3934072,0.5644999
1751960899285,85.56342,SteamVR Tracker (Left Foot),0.8191488,0.5320768,1.737444,-0.2613722,0.7193322,0.5079369,-0.3952796
1751960899285,85.56342,SteamVR Tracker (Waist),-0.5779829,0.761511,1.227832,-0.4984431,0.4951014,0.5015355,0.5048676
1751960899332,85.6117,SteamVR Tracker (Right Foot),0.09751186,0.03396678,2.046273,-0.3222761,-0.6502329,-0.3927017,0.5649077
1751960899332,85.6117,SteamVR Tracker (Left Foot),0.8175704,0.5289737,1.737559,-0.2597521,0.7208648,0.5068473,-0.394954
1751960899332,85.6117,SteamVR Tracker (Waist),-0.5781747,0.7615501,1.227525,-0.4983814,0.49526,0.5015504,0.5047581
1751960899420,85.69868,SteamVR Tracker (Right Foot),0.09809685,0.03426361,2.046207,-0.3222927,-0.6502479,-0.3927395,0.5648547
1751960899421,85.69868,SteamVR Tracker (Left Foot),0.8176278,0.5266079,1.736865,-0.2574855,0.7219866,0.5051514,-0.3965587
1751960899421,85.69868,SteamVR Tracker (Waist),-0.5778372,0.7609673,1.227752,-0.4982767,0.4953912,0.5015271,0.5047559
1751960899497,85.77445,SteamVR Tracker (Right Foot),0.09774557,0.03418422,2.045888,-0.3225415,-0.6502001,-0.392608,0.5648592
1751960899497,85.77445,SteamVR Tracker (Left Foot),0.8157765,0.5227667,1.735943,-0.255308,0.7229846,0.5047551,-0.3966527
1751960899497,85.77445,SteamVR Tracker (Waist),-0.5779989,0.7614666,1.227754,-0.4984577,0.495276,0.5014945,0.5047226
