raw_timestamp,relative_to_unix_epoch_timestamp,device_name,position_x,position_y,position_z,rotation_x,rotation_y,rotation_z,rotation_w
1751960721232,0,SteamVR Tracker (Right Foot),-4.576605,-1.168347,3.344939,0.3298615,0.05626464,0.5679613,0.7519612
1751960721233,0,SteamVR Tracker (Left Foot),-0.1839111,0.04131651,-0.08563459,0.3678496,0.6584163,0.4319164,-0.4945937
1751960721233,0,SteamVR Tracker (Waist),-0.3177145,0.9840039,0.1363108,-0.01835562,-0.5288379,0.03819218,0.8476644
1751960723004,0.01999999,SteamVR Tracker (Right Foot),-4.576963,-1.16838,3.34479,0.3295907,0.05348606,0.5685778,0.7518168
1751960723004,0.01999999,SteamVR Tracker (Left Foot),-0.1838584,0.03678274,-0.08453155,0.3705497,0.6571851,0.4323617,-0.4938259
1751960723005,0.01999999,SteamVR Tracker (Waist),-0.3179012,0.9870516,0.1175213,-0.01523723,-0.5827191,0.02216779,0.8122283
1751960723092,0.1144966,SteamVR Tracker (Right Foot),-4.576969,-1.16843,3.344845,0.3299136,0.05330718,0.5686166,0.7516585
1751960723092,0.1144966,SteamVR Tracker (Left Foot),-0.183917,0.03699374,-0.08454776,0.3705185,0.6571345,0.4325343,-0.4937655
1751960723092,0.1144966,SteamVR Tracker (Waist),-0.3190486,0.9865991,0.116408,-0.01800339,-0.5810618,0.02303873,0.813334
1751960723123,0.1455038,SteamVR Tracker (Right Foot),-4.576996,-1.168367,3.344881,0.3299946,0.05332305,0.5686586,0.7515901
1751960723123,0.1455038,SteamVR Tracker (Left Foot),-0.1839522,0.03702569,-0.08448231,0.3705436,0.6570196,0.43266,-0.4937895
1751960723123,0.1455038,SteamVR Tracker (Waist),-0.3194562,0.9866974,0.1162251,-0.01846057,-0.5791323,0.02315336,0.8146957
1751960723171,0.1877646,SteamVR Tracker (Right Foot),-4.576931,-1.168508,3.344855,0.3300831,0.05327122,0.5686792,0.7515393
1751960723171,0.1877646,SteamVR Tracker (Left Foot),-0.183987,0.03711557,-0.08454317,0.3705709,0.6570315,0.4326685,-0.4937458
1751960723171,0.1877646,SteamVR Tracker (Waist),-0.3196315,0.9867225,0.1161196,-0.01876508,-0.5783819,0.02301643,0.8152254
1751960723187,0.2118968,SteamVR Tracker (Right Foot),-4.576921,-1.168496,3.344795,0.3301219,0.05316432,0.5686674,0.7515388
1751960723187,0.2118968,SteamVR Tracker (Left Foot),-0.1840251,0.03712654,-0.0845114,0.370546,0.6571004,0.4326114,-0.4937229
1751960723187,0.2118968,SteamVR Tracker (Waist),-0.3198192,0.9867132,0.1160265,-0.01961416,-0.5779985,0.02257396,0.8154898
1751960723219,0.2441489,SteamVR Tracker (Right Foot),-4.576938,-1.168546,3.344875,0.3301764,0.05305992,0.5686681,0.7515216
1751960723219,0.2441489,SteamVR Tracker (Left Foot),-0.1840023,0.03716469,-0.08453822,0.3705297,0.6571189,0.4325739,-0.4937434
1751960723219,0.2441489,SteamVR Tracker (Waist),-0.3199765,0.9866128,0.1158418,-0.01950195,-0.5773971,0.02255532,0.8159188
1751960723254,0.2786179,SteamVR Tracker (Right Foot),-4.57691,-1.168424,3.344908,0.3301562,0.05303646,0.5686951,0.7515118
1751960723254,0.2786179,SteamVR Tracker (Left Foot),-0.1839448,0.03707194,-0.0845167,0.3705128,0.6571953,0.4324529,-0.4937601
1751960723254,0.2786179,SteamVR Tracker (Waist),-0.3201016,0.9866303,0.1159588,-0.0192741,-0.5771917,0.02286106,0.8160611
1751960723286,0.3117913,SteamVR Tracker (Right Foot),-4.576962,-1.168532,3.344894,0.3302075,0.05290517,0.5686674,0.7515194
1751960723286,0.3117913,SteamVR Tracker (Left Foot),-0.1838438,0.03702688,-0.08458632,0.3704481,0.6573176,0.432327,-0.4937561
1751960723286,0.3117913,SteamVR Tracker (Waist),-0.3201824,0.9866499,0.1157151,-0.01937597,-0.5768709,0.02288269,0.8162848
1751960723335,0.3585075,SteamVR Tracker (Right Foot),-4.576909,-1.168463,3.344843,0.3301858,0.05289599,0.5686808,0.7515195
1751960723335,0.3585075,SteamVR Tracker (Left Foot),-0.1840118,0.03711152,-0.0845899,0.3703139,0.6574169,0.4322353,-0.4938051
1751960723335,0.3585075,SteamVR Tracker (Waist),-0.3203907,0.9870013,0.1156842,-0.0195721,-0.5767176,0.02272546,0.816393
1751960723354,0.3787277,SteamVR Tracker (Right Foot),-4.576905,-1.168463,3.344865,0.3302327,0.05283865,0.5687156,0.7514766
1751960723354,0.3787277,SteamVR Tracker (Left Foot),-0.1840369,0.03719473,-0.08454692,0.3702152,0.6575371,0.4321314,-0.4938099
1751960723354,0.3787277,SteamVR Tracker (Waist),-0.3204003,0.9869927,0.1154491,-0.01992733,-0.5767493,0.02256909,0.8163663
1751960723385,0.4108217,SteamVR Tracker (Right Foot),-4.576959,-1.168502,3.344826,0.3302677,0.05272898,0.568708,0.7514747
1751960723385,0.4108217,SteamVR Tracker (Left Foot),-0.1839611,0.03722334,-0.08458453,0.3701313,0.6576285,0.4320306,-0.4938392
1751960723385,0.4108217,SteamVR Tracker (Waist),-0.3205281,0.9871933,0.1153604,-0.01996925,-0.5766051,0.02249329,0.8164691
1751960723419,0.441628,SteamVR Tracker (Right Foot),-4.576953,-1.168535,3.344802,0.3302577,0.05269461,0.5687292,0.7514654
1751960723419,0.441628,SteamVR Tracker (Left Foot),-0.1839369,0.03725886,-0.08465594,0.3701651,0.6576372,0.4320343,-0.4937992
1751960723419,0.441628,SteamVR Tracker (Waist),-0.3204442,0.9871134,0.1150932,-0.0200427,-0.5764425,0.02242831,0.8165839
1751960723446,0.4709786,SteamVR Tracker (Right Foot),-4.576877,-1.168505,3.344902,0.3302845,0.05271134,0.5686961,0.7514775
1751960723446,0.4709786,SteamVR Tracker (Left Foot),-0.1839332,0.03718352,-0.08457392,0.3701012,0.6576745,0.4320461,-0.493787
1751960723446,0.4709786,SteamVR Tracker (Waist),-0.3204224,0.9873369,0.1151679,-0.0205831,-0.5767716,0.02209062,0.8163472
1751960723500,0.5215162,SteamVR Tracker (Right Foot),-4.576945,-1.16857,3.344771,0.3302847,0.05264939,0.5687265,0.7514588
1751960723500,0.5215162,SteamVR Tracker (Left Foot),-0.1839176,0.03713679,-0.08459848,0.370092,0.657653,0.4320495,-0.4938196
1751960723500,0.5215162,SteamVR Tracker (Waist),-0.3194263,0.9853662,0.1136478,-0.02060701,-0.5765915,0.02206974,0.8164745
1751960723513,0.5385074,SteamVR Tracker (Right Foot),-4.576965,-1.168653,3.344713,0.3302856,0.05259287,0.5687428,0.75145
1751960723513,0.5385074,SteamVR Tracker (Left Foot),-0.1839803,0.03718281,-0.08470643,0.3700988,0.6576241,0.4320697,-0.4938354
1751960723513,0.5385074,SteamVR Tracker (Waist),-0.319319,0.9852476,0.1134356,-0.02034417,-0.5759325,0.02220277,0.8169424
1751960723549,0.5732492,SteamVR Tracker (Right Foot),-4.577015,-1.168603,3.344803,0.3301989,0.05255504,0.5688079,0.7514415
1751960723549,0.5732492,SteamVR Tracker (Left Foot),-0.1838724,0.03726006,-0.08463848,0.3701659,0.6575727,0.4321774,-0.4937592
1751960723549,0.5732492,SteamVR Tracker (Waist),-0.3189909,0.9852071,0.1135208,-0.02013028,-0.5756691,0.02229385,0.8171309
1751960723588,0.6099389,SteamVR Tracker (Right Foot),-4.576982,-1.16854,3.344818,0.3301443,0.05258462,0.5688275,0.7514485
1751960723588,0.6099389,SteamVR Tracker (Left Foot),-0.1840114,0.03729415,-0.08458716,0.3702036,0.6574748,0.4322684,-0.4937816
1751960723588,0.6099389,SteamVR Tracker (Waist),-0.3187135,0.9852362,0.1135857,-0.02018107,-0.5756956,0.0221874,0.8171138
1751960723614,0.6393882,SteamVR Tracker (Right Foot),-4.577014,-1.168523,3.344889,0.3299689,0.052552,0.5688056,0.7515444
1751960723614,0.6393882,SteamVR Tracker (Left Foot),-0.1840396,0.03734565,-0.08437401,0.3702787,0.6572995,0.4324386,-0.4938096
1751960723614,0.6393882,SteamVR Tracker (Waist),-0.3180141,0.9850107,0.1138534,-0.02058196,-0.575331,0.02184917,0.8173698
1751960723672,0.6961711,SteamVR Tracker (Right Foot),-4.576953,-1.168455,3.34482,0.3299602,0.05248263,0.5688312,0.7515337
1751960723672,0.6961711,SteamVR Tracker (Left Foot),-0.1839065,0.03728604,-0.084521,0.3703734,0.6571597,0.4326992,-0.4936963
1751960723672,0.6961711,SteamVR Tracker (Waist),-0.318135,0.9855732,0.1141584,-0.01996145,-0.5754555,0.02209983,0.8172907
1751960723686,0.7107988,SteamVR Tracker (Right Foot),-4.57698,-1.168389,3.344943,0.3300107,0.0523949,0.5688351,0.7515148
1751960723686,0.7107988,SteamVR Tracker (Left Foot),-0.1837255,0.03723645,-0.08450675,0.3704311,0.6570777,0.4328691,-0.4936133
1751960723686,0.7107988,SteamVR Tracker (Waist),-0.3177653,0.9855205,0.1142918,-0.02038,-0.5761698,0.0217704,0.8167858
1751960723718,0.7427146,SteamVR Tracker (Right Foot),-4.577074,-1.168465,3.344895,0.3299347,0.05245436,0.568806,0.751566
1751960723718,0.7427146,SteamVR Tracker (Left Foot),-0.1836973,0.03723598,-0.08443755,0.3705253,0.6569103,0.4330128,-0.4936393
1751960723718,0.7427146,SteamVR Tracker (Waist),-0.3176132,0.9854848,0.1145035,-0.02014275,-0.57619,0.02190446,0.816774
1751960723750,0.7747541,SteamVR Tracker (Right Foot),-4.577074,-1.168463,3.344932,0.3299663,0.05234671,0.5687892,0.7515723
1751960723750,0.7747541,SteamVR Tracker (Left Foot),-0.1837331,0.0372076,-0.08442086,0.3706212,0.656836,0.432977,-0.4936976
1751960723750,0.7747541,SteamVR Tracker (Waist),-0.3174589,0.9855101,0.1145692,-0.01984607,-0.5764159,0.02206831,0.8166173
1751960723784,0.8086722,SteamVR Tracker (Right Foot),-4.577069,-1.168436,3.344869,0.329933,0.05237605,0.5687467,0.7516171
1751960723784,0.8086722,SteamVR Tracker (Left Foot),-0.1837963,0.03725123,-0.08448535,0.3706304,0.656764,0.4331995,-0.4935913
1751960723784,0.8086722,SteamVR Tracker (Waist),-0.317202,0.9856827,0.1145815,-0.01988886,-0.5770065,0.02171315,0.8162086
1751960723833,0.8569819,SteamVR Tracker (Right Foot),-4.577032,-1.168541,3.3449,0.3299882,0.05227149,0.5688084,0.7515534
1751960723834,0.8569819,SteamVR Tracker (Left Foot),-0.1837803,0.03734922,-0.08455461,0.3706646,0.656669,0.4332897,-0.4936129
1751960723834,0.8569819,SteamVR Tracker (Waist),-0.3172274,0.9856062,0.1146806,-0.01964843,-0.57714,0.02221869,0.8161064
1751960723847,0.8726103,SteamVR Tracker (Right Foot),-4.577108,-1.168498,3.344936,0.3299051,0.05213338,0.568836,0.7515786
1751960723847,0.8726103,SteamVR Tracker (Left Foot),-0.1837917,0.03742075,-0.08453196,0.3707063,0.6566173,0.4333276,-0.4936171
1751960723847,0.8726103,SteamVR Tracker (Waist),-0.3169806,0.9855334,0.1147566,-0.01952687,-0.5772859,0.02250172,0.8159984
1751960723881,0.9053886,SteamVR Tracker (Right Foot),-4.577041,-1.168491,3.344893,0.3298399,0.05215776,0.568833,0.7516078
1751960723882,0.9053886,SteamVR Tracker (Left Foot),-0.1836387,0.0373404,-0.08455878,0.3707832,0.656527,0.4334923,-0.4935347
1751960723882,0.9053886,SteamVR Tracker (Waist),-0.3166734,0.9855059,0.1149405,-0.02029162,-0.5771573,0.02200156,0.8160844
1751960723908,0.933089,SteamVR Tracker (Right Foot),-4.577054,-1.168495,3.344943,0.3300047,0.05211787,0.5688224,0.7515462
1751960723908,0.933089,SteamVR Tracker (Left Foot),-0.1835451,0.03734183,-0.08454067,0.3708712,0.6564834,0.4334461,-0.4935673
1751960723908,0.933089,SteamVR Tracker (Waist),-0.3163974,0.9854665,0.1150045,-0.01972219,-0.5769364,0.02258409,0.8162386
1751960723939,0.9631387,SteamVR Tracker (Right Foot),-4.576973,-1.168578,3.344919,0.3298781,0.05203931,0.5687938,0.7516289
1751960723939,0.9631387,SteamVR Tracker (Left Foot),-0.1836719,0.03738213,-0.08462,0.3708549,0.6564329,0.4335881,-0.4935218
1751960723939,0.9631387,SteamVR Tracker (Waist),-0.3161868,0.9857054,0.1149921,-0.01999605,-0.576953,0.0226997,0.816217
1751960723982,1.007502,SteamVR Tracker (Right Foot),-4.576957,-1.168605,3.344806,0.3298719,0.05209533,0.5687585,0.7516544
1751960723982,1.007502,SteamVR Tracker (Left Foot),-0.1838803,0.03764653,-0.08458596,0.3708158,0.6564131,0.4336126,-0.4935562
1751960723982,1.007502,SteamVR Tracker (Waist),-0.3158357,0.9857459,0.1148025,-0.02122558,-0.5773617,0.02200666,0.8159159
1751960723996,1.022154,SteamVR Tracker (Right Foot),-4.576935,-1.168579,3.344875,0.3297694,0.0521698,0.5687395,0.7517086
1751960723996,1.022154,SteamVR Tracker (Left Foot),-0.18386,0.03756452,-0.08443415,0.3707396,0.6564129,0.4336205,-0.4936067
1751960723996,1.022154,SteamVR Tracker (Waist),-0.3156108,0.985665,0.1148762,-0.02170955,-0.5774485,0.02172962,0.8158491
1751960724029,1.054064,SteamVR Tracker (Right Foot),-4.576976,-1.168648,3.344779,0.3298748,0.05205556,0.5687432,0.7516676
1751960724029,1.054064,SteamVR Tracker (Left Foot),-0.1836686,0.03749776,-0.08452177,0.3708611,0.6563344,0.4336986,-0.4935513
1751960724029,1.054064,SteamVR Tracker (Waist),-0.3153529,0.9857321,0.1148198,-0.02131469,-0.5777754,0.02222293,0.8156148
1751960724065,1.090029,SteamVR Tracker (Right Foot),-4.577023,-1.168481,3.344771,0.329784,0.05205103,0.5687543,0.7516993
1751960724065,1.090029,SteamVR Tracker (Left Foot),-0.1835539,0.03745031,-0.08442038,0.3707566,0.656327,0.433741,-0.4936023
1751960724066,1.090029,SteamVR Tracker (Waist),-0.3149355,0.9858085,0.1149527,-0.02227121,-0.5781248,0.02168312,0.8153561
1751960724101,1.12371,SteamVR Tracker (Right Foot),-4.577203,-1.168285,3.344827,0.3296381,0.05200882,0.5688088,0.751725
1751960724101,1.12371,SteamVR Tracker (Left Foot),-0.1835977,0.03743219,-0.08441615,0.3708227,0.6562681,0.4336996,-0.4936673
1751960724101,1.12371,SteamVR Tracker (Waist),-0.3146413,0.9858112,0.1149623,-0.02218066,-0.5776845,0.02167603,0.8156708
1751960724148,1.171207,SteamVR Tracker (Right Foot),-4.57702,-1.168455,3.34475,0.3296616,0.05201878,0.5687864,0.7517309
1751960724148,1.171207,SteamVR Tracker (Left Foot),-0.1838484,0.03762889,-0.08452594,0.3707495,0.6563597,0.4336202,-0.4936702
1751960724148,1.171207,SteamVR Tracker (Waist),-0.3144444,0.9859104,0.1148528,-0.02235805,-0.5780662,0.02150159,0.8154001
1751960724166,1.192183,SteamVR Tracker (Right Foot),-4.577078,-1.168465,3.344747,0.3297074,0.05195341,0.5688241,0.7516869
1751960724166,1.192183,SteamVR Tracker (Left Foot),-0.1837591,0.03759313,-0.08450407,0.3707974,0.6562808,0.4336089,-0.4937493
1751960724166,1.192183,SteamVR Tracker (Waist),-0.3140639,0.9859995,0.1148426,-0.02318279,-0.5783088,0.02067851,0.8152263
1751960724199,1.222619,SteamVR Tracker (Right Foot),-4.576976,-1.168577,3.344712,0.3297394,0.05183214,0.5687656,0.7517254
1751960724199,1.222619,SteamVR Tracker (Left Foot),-0.1837928,0.03757811,-0.08468872,0.3707922,0.6562576,0.4336324,-0.4937633
1751960724199,1.222619,SteamVR Tracker (Waist),-0.3137476,0.9861062,0.1148069,-0.02373037,-0.5777208,0.02034915,0.8156357
1751960724228,1.253533,SteamVR Tracker (Right Foot),-4.577023,-1.168484,3.344777,0.3296659,0.0519256,0.5688056,0.7517209
1751960724228,1.253533,SteamVR Tracker (Left Foot),-0.1838368,0.03773618,-0.08474457,0.3708172,0.656278,0.4335833,-0.4937605
1751960724228,1.253533,SteamVR Tracker (Waist),-0.3135668,0.9862157,0.1146623,-0.02346721,-0.5783733,0.02056218,0.8151754
1751960724265,1.289577,SteamVR Tracker (Right Foot),-4.576944,-1.168437,3.34478,0.3296779,0.05184346,0.5687591,0.7517565
1751960724265,1.289577,SteamVR Tracker (Left Foot),-0.1837736,0.03775978,-0.08454943,0.370821,0.6561797,0.4337923,-0.4937046
1751960724265,1.289577,SteamVR Tracker (Waist),-0.3132371,0.9861795,0.1147104,-0.02401527,-0.5785606,0.02019021,0.8150358
1751960724325,1.348273,SteamVR Tracker (Right Foot),-4.577146,-1.168524,3.3447,0.3296508,0.0517338,0.5687513,0.7517819
1751960724325,1.348273,SteamVR Tracker (Left Foot),-0.1836529,0.03769755,-0.08458531,0.3708623,0.656119,0.4338378,-0.4937144
1751960724325,1.348273,SteamVR Tracker (Waist),-0.3129111,0.9862968,0.1148397,-0.02423001,-0.5785128,0.02024513,0.8150619
1751960724338,1.36274,SteamVR Tracker (Right Foot),-4.577158,-1.168542,3.344714,0.3296663,0.05163972,0.5687231,0.7518028
1751960724338,1.36274,SteamVR Tracker (Left Foot),-0.1836277,0.03781152,-0.08465576,0.3709145,0.6560274,0.433952,-0.4936965
1751960724338,1.36274,SteamVR Tracker (Waist),-0.3125865,0.9863757,0.1148517,-0.02469396,-0.5789989,0.01987716,0.8147119
1751960724371,1.395897,SteamVR Tracker (Right Foot),-4.577215,-1.168468,3.344712,0.3296078,0.05158222,0.5687279,0.7518289
1751960724371,1.395897,SteamVR Tracker (Left Foot),-0.1836231,0.03785825,-0.08457392,0.3709118,0.6559253,0.4340195,-0.4937747
1751960724371,1.395897,SteamVR Tracker (Waist),-0.3120607,0.9862785,0.1148287,-0.02545893,-0.5787947,0.01954804,0.8148414
1751960724403,1.428052,SteamVR Tracker (Right Foot),-4.577209,-1.168309,3.344717,0.3295803,0.05148808,0.5687099,0.751861
1751960724403,1.428052,SteamVR Tracker (Left Foot),-0.1835733,0.03778863,-0.08441573,0.3709486,0.6558565,0.4341009,-0.493767
1751960724403,1.428052,SteamVR Tracker (Waist),-0.3116571,0.9863179,0.1150354,-0.02548186,-0.5785958,0.0195735,0.8149813
1751960724439,1.463183,SteamVR Tracker (Right Foot),-4.577051,-1.168533,3.344652,0.3296171,0.05143672,0.5687328,0.7518311
1751960724440,1.463183,SteamVR Tracker (Left Foot),-0.1837494,0.0379498,-0.08462715,0.3709921,0.6557725,0.4341293,-0.493821
1751960724440,1.463183,SteamVR Tracker (Waist),-0.3115359,0.9865531,0.1149911,-0.02592165,-0.5780198,0.01898547,0.81539
1751960724500,1.524373,SteamVR Tracker (Right Foot),-4.577073,-1.168501,3.344521,0.3295294,0.05143223,0.568762,0.7518476
1751960724501,1.524373,SteamVR Tracker (Left Foot),-0.1835092,0.03804016,-0.08462268,0.3710674,0.6557019,0.4343099,-0.4936993
1751960724501,1.524373,SteamVR Tracker (Waist),-0.3113673,0.9866561,0.1150002,-0.02598313,-0.5783077,0.01903501,0.8151827
1751960724513,1.539107,SteamVR Tracker (Right Foot),-4.577056,-1.168441,3.344511,0.3294731,0.05138909,0.568809,0.7518398
1751960724513,1.539107,SteamVR Tracker (Left Foot),-0.1833814,0.03794456,-0.0844366,0.3710738,0.6555998,0.4344873,-0.4936739
1751960724513,1.539107,SteamVR Tracker (Waist),-0.3109469,0.9866642,0.1151126,-0.02633736,-0.5784743,0.01876119,0.8150595
1751960724549,1.572899,SteamVR Tracker (Right Foot),-4.577204,-1.168371,3.344791,0.3294912,0.05138478,0.5687355,0.7518877
1751960724549,1.572899,SteamVR Tracker (Left Foot),-0.1832993,0.03786564,-0.08448219,0.3710265,0.6555665,0.4345585,-0.4936911
1751960724549,1.572899,SteamVR Tracker (Waist),-0.3106327,0.9868182,0.1152811,-0.02769271,-0.5779133,0.01772993,0.8154354
1751960724584,1.608062,SteamVR Tracker (Right Foot),-4.577294,-1.16829,3.34477,0.3295197,0.05136656,0.5687917,0.751834
1751960724584,1.608062,SteamVR Tracker (Left Foot),-0.1836286,0.0378952,-0.08451104,0.3709286,0.6556296,0.4345423,-0.4936949
1751960724584,1.608062,SteamVR Tracker (Waist),-0.3105668,0.9868556,0.1153308,-0.0271073,-0.5778921,0.01823408,0.815459
1751960724618,1.641855,SteamVR Tracker (Right Foot),-4.577217,-1.16837,3.344725,0.329534,0.05141366,0.5687792,0.751834
1751960724618,1.641855,SteamVR Tracker (Left Foot),-0.1837046,0.03799725,-0.08448881,0.3708777,0.6556003,0.4346106,-0.4937121
1751960724618,1.641855,SteamVR Tracker (Waist),-0.3104216,0.9870905,0.1152641,-0.02811082,-0.5786304,0.01755037,0.8149163
1751960724673,1.697387,SteamVR Tracker (Right Foot),-4.577168,-1.168412,3.344739,0.3295037,0.05144564,0.5687612,0.7518587
1751960724673,1.697387,SteamVR Tracker (Left Foot),-0.1835855,0.03808618,-0.08463937,0.3710923,0.6554965,0.4346611,-0.4936444
1751960724673,1.697387,SteamVR Tracker (Waist),-0.3103301,0.987167,0.1152928,-0.0279843,-0.5781223,0.01775943,0.8152767
1751960724691,1.71562,SteamVR Tracker (Right Foot),-4.577151,-1.168371,3.344824,0.3294734,0.0514778,0.5688139,0.7518298
1751960724691,1.71562,SteamVR Tracker (Left Foot),-0.1835565,0.03812981,-0.08474922,0.3711474,0.6554199,0.4347121,-0.4936595
1751960724691,1.71562,SteamVR Tracker (Waist),-0.310055,0.9870771,0.1152685,-0.02823867,-0.5781271,0.01758168,0.8152683
1751960724724,1.748184,SteamVR Tracker (Right Foot),-4.577047,-1.168574,3.34475,0.3295587,0.05131365,0.5687405,0.7518592
1751960724724,1.748184,SteamVR Tracker (Left Foot),-0.1835938,0.03810763,-0.08461952,0.3710947,0.6554009,0.4347543,-0.4936872
1751960724724,1.748184,SteamVR Tracker (Waist),-0.3101543,0.9872019,0.1153165,-0.02891167,-0.5780075,0.01714821,0.8153389
1751960724760,1.78419,SteamVR Tracker (Right Foot),-4.577217,-1.168577,3.34462,0.3295842,0.05123646,0.5687714,0.75183
1751960724760,1.78419,SteamVR Tracker (Left Foot),-0.1836811,0.03822565,-0.0846166,0.3711047,0.6553973,0.4347036,-0.4937292
1751960724760,1.78419,SteamVR Tracker (Waist),-0.3100412,0.9873341,0.115202,-0.02903036,-0.5779493,0.0167428,0.8153843
1751960724793,1.816789,SteamVR Tracker (Right Foot),-4.577295,-1.16837,3.344688,0.3294946,0.05125524,0.5687811,0.7518606
1751960724793,1.816789,SteamVR Tracker (Left Foot),-0.183383,0.03818154,-0.08449274,0.3712153,0.655238,0.4348085,-0.493765
1751960724793,1.816789,SteamVR Tracker (Waist),-0.3096848,0.9874455,0.1152161,-0.02989876,-0.5774361,0.01550561,0.8157409
1751960724854,1.875101,SteamVR Tracker (Right Foot),-4.577199,-1.168325,3.344649,0.3295011,0.0512726,0.5688082,0.7518361
1751960724854,1.875101,SteamVR Tracker (Left Foot),-0.1836543,0.03829741,-0.0845713,0.3711091,0.6553226,0.4348586,-0.4936885
1751960724854,1.875101,SteamVR Tracker (Waist),-0.3096644,0.9876674,0.1152217,-0.03081218,-0.5773543,0.01449177,0.8157834
1751960724873,1.898247,SteamVR Tracker (Right Foot),-4.577182,-1.168344,3.344694,0.3294199,0.05119222,0.5688014,0.7518822
1751960724873,1.898247,SteamVR Tracker (Left Foot),-0.1835527,0.03839254,-0.08449715,0.3711901,0.6551829,0.4349451,-0.4937367
1751960724873,1.898247,SteamVR Tracker (Waist),-0.3094952,0.9878091,0.1150976,-0.030771,-0.5768833,0.01391316,0.8161283
1751960724903,1.928589,SteamVR Tracker (Right Foot),-4.577202,-1.168451,3.344713,0.3293214,0.0509668,0.5688335,0.7519164
1751960724903,1.928589,SteamVR Tracker (Left Foot),-0.1833934,0.03831005,-0.0845899,0.3713519,0.655132,0.4350798,-0.493564
1751960724903,1.928589,SteamVR Tracker (Waist),-0.3095739,0.9877905,0.114714,-0.03177383,-0.5769399,0.01380279,0.8160517
1751960724939,1.96391,SteamVR Tracker (Right Foot),-4.577253,-1.16854,3.344735,0.3293385,0.05078427,0.5688363,0.7519192
1751960724939,1.96391,SteamVR Tracker (Left Foot),-0.1835446,0.03829527,-0.08467287,0.3713753,0.6550788,0.4351098,-0.4935907
1751960724939,1.96391,SteamVR Tracker (Waist),-0.3096423,0.9880385,0.1145247,-0.03466502,-0.5762733,0.01280671,0.8164211
1751960724974,1.998367,SteamVR Tracker (Right Foot),-4.577212,-1.16853,3.344593,0.3292819,0.05069713,0.5688763,0.7519195
1751960724974,1.998367,SteamVR Tracker (Left Foot),-0.183538,0.03820324,-0.08468843,0.3712671,0.6551689,0.4349895,-0.4936586
1751960724974,1.998367,SteamVR Tracker (Waist),-0.3096392,0.9880426,0.1142917,-0.03451636,-0.5751144,0.01259055,0.8172476
1751960725038,2.059891,SteamVR Tracker (Right Foot),-4.577387,-1.16848,3.344447,0.3293383,0.05071523,0.5689514,0.7518368
1751960725038,2.059891,SteamVR Tracker (Left Foot),-0.1834156,0.03842282,-0.0847134,0.3713969,0.6551085,0.4350611,-0.4935779
1751960725038,2.059891,SteamVR Tracker (Waist),-0.3092832,0.9878484,0.1142626,-0.03298787,-0.5752037,0.01309443,0.8172399
1751960725053,2.078302,SteamVR Tracker (Right Foot),-4.577467,-1.16835,3.344432,0.3293149,0.05075485,0.5689137,0.751873
1751960725053,2.078302,SteamVR Tracker (Left Foot),-0.1831472,0.03838253,-0.08460563,0.3713333,0.6550108,0.4352521,-0.493587
1751960725053,2.078302,SteamVR Tracker (Waist),-0.3088765,0.9878863,0.1140589,-0.03324453,-0.5750289,0.01287114,0.8173561
1751960725088,2.111982,SteamVR Tracker (Right Foot),-4.577442,-1.168216,3.344457,0.3292968,0.05078439,0.5689356,0.7518622
1751960725088,2.111982,SteamVR Tracker (Left Foot),-0.1833826,0.03852487,-0.08452421,0.3712803,0.6550081,0.4352075,-0.4936698
1751960725089,2.111982,SteamVR Tracker (Waist),-0.3088584,0.9882255,0.1140152,-0.03615855,-0.5749894,0.01043273,0.8172948
1751960725117,2.142835,SteamVR Tracker (Right Foot),-4.577306,-1.168185,3.344667,0.3292883,0.05083199,0.5688915,0.7518961
1751960725118,2.142835,SteamVR Tracker (Left Foot),-0.1834938,0.03851557,-0.08457541,0.3714043,0.6550998,0.4350695,-0.4935764
1751960725118,2.142835,SteamVR Tracker (Waist),-0.3086886,0.9883958,0.1139789,-0.03614251,-0.5753098,0.01020447,0.817073
1751960725156,2.179027,SteamVR Tracker (Right Foot),-4.577308,-1.168356,3.344727,0.3293916,0.05081414,0.5688746,0.751865
1751960725156,2.179027,SteamVR Tracker (Left Foot),-0.1834649,0.03863072,-0.0845955,0.3713947,0.6549727,0.4351257,-0.4937027
1751960725156,2.179027,SteamVR Tracker (Waist),-0.3086325,0.9882919,0.113923,-0.03358915,-0.5748975,0.01184013,0.81745
1751960725212,2.235896,SteamVR Tracker (Right Foot),-4.577394,-1.168501,3.344619,0.3292759,0.05057907,0.5688525,0.7519481
1751960725213,2.235896,SteamVR Tracker (Left Foot),-0.183506,0.03857756,-0.0846588,0.3714682,0.6550094,0.43524,-0.493498
1751960725213,2.235896,SteamVR Tracker (Waist),-0.3084908,0.9884189,0.1136249,-0.03488959,-0.5749311,0.01110548,0.8173822
1751960725229,2.254623,SteamVR Tracker (Right Foot),-4.577436,-1.1685,3.344655,0.3292245,0.05066005,0.5687813,0.7520191
1751960725230,2.254623,SteamVR Tracker (Left Foot),-0.1834763,0.03865004,-0.08461726,0.3715948,0.6549121,0.4352768,-0.4934994
1751960725230,2.254623,SteamVR Tracker (Waist),-0.3083071,0.98857,0.1135288,-0.03471834,-0.5750388,0.01091485,0.8173163
1751960725265,2.28894,SteamVR Tracker (Right Foot),-4.577274,-1.168556,3.344575,0.329321,0.05060343,0.5688181,0.7519528
1751960725265,2.28894,SteamVR Tracker (Left Foot),-0.1831312,0.0384922,-0.08469808,0.3716561,0.6549174,0.4352967,-0.4934288
1751960725265,2.28894,SteamVR Tracker (Waist),-0.3083403,0.9887104,0.1134799,-0.03466498,-0.5754427,0.01063456,0.817038
1751960725297,2.321122,SteamVR Tracker (Right Foot),-4.577436,-1.16841,3.344454,0.3292413,0.05044461,0.5687655,0.7520381
1751960725297,2.321122,SteamVR Tracker (Left Foot),-0.1831277,0.03833652,-0.08466589,0.3717392,0.6547437,0.4354168,-0.4934904
1751960725297,2.321122,SteamVR Tracker (Waist),-0.3081143,0.9888808,0.1134231,-0.03504645,-0.575736,0.01024291,0.81682
1751960725331,2.355642,SteamVR Tracker (Right Foot),-4.577268,-1.168257,3.344425,0.3293483,0.05057241,0.5688172,0.7519436
1751960725331,2.355642,SteamVR Tracker (Left Foot),-0.1833956,0.0384407,-0.08463484,0.3716477,0.6546996,0.4355359,-0.4935128
1751960725332,2.355642,SteamVR Tracker (Waist),-0.3079464,0.9890593,0.1133205,-0.03535685,-0.5754883,0.009981416,0.8169844
1751960725388,2.410037,SteamVR Tracker (Right Foot),-4.577375,-1.168306,3.344451,0.3293468,0.05041904,0.5688056,0.7519634
1751960725388,2.410037,SteamVR Tracker (Left Foot),-0.1833633,0.03858089,-0.08463579,0.3716193,0.6548288,0.4354319,-0.4934545
1751960725388,2.410037,SteamVR Tracker (Waist),-0.3078168,0.9888543,0.1134433,-0.03538006,-0.5763353,0.009841312,0.8163878
1751960725402,2.426377,SteamVR Tracker (Right Foot),-4.577247,-1.168334,3.344476,0.3293743,0.05042179,0.5687488,0.7519941
1751960725402,2.426377,SteamVR Tracker (Left Foot),-0.1832235,0.03856969,-0.0846386,0.3717803,0.6547433,0.4354301,-0.4934484
1751960725402,2.426377,SteamVR Tracker (Waist),-0.3078343,0.9888051,0.1136639,-0.03452513,-0.5769426,0.01023354,0.8159906
1751960725438,2.461437,SteamVR Tracker (Right Foot),-4.577373,-1.168412,3.344575,0.3294374,0.05030154,0.5687844,0.7519476
1751960725438,2.461437,SteamVR Tracker (Left Foot),-0.1830991,0.03866839,-0.08463174,0.3718283,0.654715,0.4354663,-0.4934179
1751960725438,2.461437,SteamVR Tracker (Waist),-0.3079898,0.9886211,0.1138775,-0.03292893,-0.5768672,0.01069758,0.8161039
1751960725469,2.493908,SteamVR Tracker (Right Foot),-4.577368,-1.168534,3.344466,0.3293929,0.05038439,0.5688494,0.7519122
1751960725469,2.493908,SteamVR Tracker (Left Foot),-0.1831743,0.03869796,-0.08475268,0.3716356,0.6548746,0.4353215,-0.4934789
1751960725469,2.493908,SteamVR Tracker (Waist),-0.3083211,0.9883534,0.1139889,-0.03080629,-0.5770981,0.01186458,0.8160074
1751960725503,2.526936,SteamVR Tracker (Right Foot),-4.577446,-1.168303,3.344622,0.329459,0.05046074,0.568794,0.7519201
1751960725503,2.526936,SteamVR Tracker (Left Foot),-0.1833842,0.03868127,-0.08467418,0.3716351,0.6548981,0.4353219,-0.4934478
1751960725503,2.526936,SteamVR Tracker (Waist),-0.3083378,0.988286,0.1142965,-0.02907664,-0.5770039,0.01270883,0.8161247
1751960725558,2.580856,SteamVR Tracker (Right Foot),-4.577377,-1.168329,3.34467,0.3294848,0.05043935,0.5688699,0.7518529
1751960725558,2.580856,SteamVR Tracker (Left Foot),-0.1833132,0.03864503,-0.0846678,0.3715299,0.6549356,0.4352984,-0.493498
1751960725558,2.580856,SteamVR Tracker (Waist),-0.3087036,0.988677,0.1146564,-0.02970887,-0.5775266,0.0122863,0.8157386
1751960725569,2.595472,SteamVR Tracker (Right Foot),-4.577381,-1.168376,3.344772,0.3293568,0.05058812,0.5688505,0.7519136
1751960725569,2.595472,SteamVR Tracker (Left Foot),-0.1833233,0.03865504,-0.08471376,0.371532,0.6549933,0.4352147,-0.4934936
1751960725569,2.595472,SteamVR Tracker (Waist),-0.3090662,0.9886687,0.1147022,-0.02958533,-0.577895,0.01241917,0.8154801
1751960725605,2.628841,SteamVR Tracker (Right Foot),-4.57738,-1.168757,3.344623,0.3294625,0.05055162,0.5688868,0.7518424
1751960725605,2.628841,SteamVR Tracker (Left Foot),-0.1833162,0.03881502,-0.08489764,0.3715328,0.6549655,0.4352046,-0.4935389
1751960725605,2.628841,SteamVR Tracker (Waist),-0.3092774,0.9887484,0.1145594,-0.02962701,-0.5780532,0.01254641,0.8153645
1751960725639,2.663614,SteamVR Tracker (Right Foot),-4.577338,-1.168413,3.344646,0.3294091,0.05067421,0.5688325,0.7518985
1751960725639,2.663614,SteamVR Tracker (Left Foot),-0.1830996,0.0387845,-0.08474237,0.3714496,0.6549148,0.4352926,-0.4935911
1751960725639,2.663614,SteamVR Tracker (Waist),-0.3090711,0.9886628,0.1147913,-0.03025356,-0.5771406,0.01198111,0.8159963
1751960725670,2.695173,SteamVR Tracker (Right Foot),-4.577338,-1.168424,3.344564,0.3293978,0.05073584,0.5688003,0.7519236
1751960725670,2.695173,SteamVR Tracker (Left Foot),-0.1832091,0.03874826,-0.08473015,0.3713522,0.6549849,0.4353551,-0.4935163
1751960725670,2.695173,SteamVR Tracker (Waist),-0.3093152,0.9888066,0.1148234,-0.03066234,-0.5771414,0.01210571,0.8159786
1751960725723,2.746981,SteamVR Tracker (Right Foot),-4.57746,-1.168373,3.34448,0.3294953,0.05078924,0.5688226,0.7518605
1751960725723,2.746981,SteamVR Tracker (Left Foot),-0.1832711,0.03873181,-0.08472753,0.3713314,0.6549355,0.4353071,-0.4936398
1751960725723,2.746981,SteamVR Tracker (Waist),-0.3094355,0.9886523,0.1150624,-0.03118649,-0.5778857,0.01199244,0.8154334
1751960725735,2.760897,SteamVR Tracker (Right Foot),-4.57744,-1.16833,3.344524,0.3294592,0.05077447,0.5687748,0.7519135
1751960725735,2.760897,SteamVR Tracker (Left Foot),-0.1832209,0.03870583,-0.08466834,0.3713139,0.6549836,0.4352528,-0.4936371
1751960725736,2.760897,SteamVR Tracker (Waist),-0.3095521,0.9884517,0.1152788,-0.02988964,-0.5782543,0.01266347,0.8152106
1751960725770,2.795476,SteamVR Tracker (Right Foot),-4.577457,-1.168397,3.344453,0.3295213,0.0507665,0.5688763,0.7518101
1751960725770,2.795476,SteamVR Tracker (Left Foot),-0.1832736,0.0387578,-0.08475631,0.3713257,0.6549996,0.4352831,-0.4935801
1751960725770,2.795476,SteamVR Tracker (Waist),-0.3097436,0.9884534,0.1153291,-0.02900858,-0.5776241,0.01353815,0.815675
1751960725805,2.828802,SteamVR Tracker (Right Foot),-4.577402,-1.168377,3.344404,0.3295242,0.0507908,0.5688268,0.7518445
1751960725805,2.828802,SteamVR Tracker (Left Foot),-0.1832778,0.03868628,-0.08474123,0.3712633,0.6549739,0.435324,-0.4936252
1751960725805,2.828802,SteamVR Tracker (Waist),-0.3098726,0.9886631,0.1152507,-0.03005146,-0.5771157,0.01291815,0.8160071
1751960725835,2.860171,SteamVR Tracker (Right Foot),-4.577313,-1.168413,3.344622,0.3294866,0.05082788,0.5687873,0.7518884
1751960725836,2.860171,SteamVR Tracker (Left Foot),-0.1831593,0.03869009,-0.08478385,0.3713794,0.6549581,0.4352638,-0.4936119
1751960725836,2.860171,SteamVR Tracker (Waist),-0.3100297,0.9886806,0.115235,-0.03096436,-0.577225,0.01218117,0.8159069
1751960725890,2.913155,SteamVR Tracker (Right Foot),-4.577323,-1.16836,3.34443,0.3295649,0.05089378,0.568763,0.751868
1751960725890,2.913155,SteamVR Tracker (Left Foot),-0.1832657,0.03881979,-0.08472413,0.3712935,0.6549587,0.4352781,-0.4936631
1751960725890,2.913155,SteamVR Tracker (Waist),-0.310198,0.9885763,0.1153505,-0.02988,-0.5776502,0.01299542,0.8156338
1751960725905,2.930283,SteamVR Tracker (Right Foot),-4.577335,-1.168352,3.344455,0.3295847,0.05090594,0.5687813,0.7518447
1751960725905,2.930283,SteamVR Tracker (Left Foot),-0.1832305,0.03885102,-0.08471543,0.3713003,0.6549491,0.4352936,-0.493657
1751960725905,2.930283,SteamVR Tracker (Waist),-0.3103539,0.9886484,0.1153712,-0.029646,-0.5775583,0.01295885,0.815708
1751960725936,2.960844,SteamVR Tracker (Right Foot),-4.577338,-1.168345,3.344508,0.3295401,0.0508185,0.5688055,0.7518519
1751960725936,2.960844,SteamVR Tracker (Left Foot),-0.1833479,0.03896904,-0.08463895,0.3712843,0.6549488,0.4352544,-0.4937041
1751960725936,2.960844,SteamVR Tracker (Waist),-0.3103829,0.9886664,0.1153925,-0.03057808,-0.5776181,0.01249557,0.8156385
1751960725972,2.996343,SteamVR Tracker (Right Foot),-4.577452,-1.168571,3.344449,0.329544,0.05094066,0.5687889,0.7518544
1751960725972,2.996343,SteamVR Tracker (Left Foot),-0.1832818,0.039083,-0.08478552,0.3714336,0.6548796,0.4353029,-0.4936408
1751960725972,2.996343,SteamVR Tracker (Waist),-0.3106007,0.9887224,0.1152858,-0.03073737,-0.5780936,0.01262674,0.8152936
1751960726007,3.030765,SteamVR Tracker (Right Foot),-4.577408,-1.168561,3.344436,0.3296422,0.05090502,0.5687424,0.751849
1751960726007,3.030765,SteamVR Tracker (Left Foot),-0.1833922,0.03918242,-0.08480132,0.3713112,0.6549085,0.4352632,-0.4937295
1751960726007,3.030765,SteamVR Tracker (Waist),-0.3108014,0.9887673,0.1152462,-0.02993121,-0.5779721,0.01305375,0.815403
1751960726066,3.090224,SteamVR Tracker (Right Foot),-4.57739,-1.16835,3.344517,0.3296019,0.05091826,0.5687774,0.7518392
1751960726067,3.090224,SteamVR Tracker (Left Foot),-0.1832519,0.03901958,-0.08474267,0.3713677,0.6549149,0.4353608,-0.4935925
1751960726067,3.090224,SteamVR Tracker (Waist),-0.310876,0.9889004,0.1154221,-0.03059839,-0.5780434,0.01266181,0.8153338
1751960726080,3.106663,SteamVR Tracker (Right Foot),-4.577405,-1.168322,3.344654,0.3295846,0.05093797,0.568753,0.751864
1751960726080,3.106663,SteamVR Tracker (Left Foot),-0.1833943,0.03911543,-0.08476532,0.3713323,0.6549639,0.4352992,-0.4936083
1751960726080,3.106663,SteamVR Tracker (Waist),-0.3109916,0.9889349,0.1154976,-0.03072543,-0.5784139,0.01259223,0.8150674
1751960726116,3.140678,SteamVR Tracker (Right Foot),-4.577309,-1.168445,3.344609,0.3296281,0.05091093,0.5688292,0.751789
1751960726116,3.140678,SteamVR Tracker (Left Foot),-0.1833664,0.03894091,-0.08484715,0.3713347,0.6549587,0.4352664,-0.4936423
1751960726116,3.140678,SteamVR Tracker (Waist),-0.3109432,0.9890903,0.1156644,-0.030943,-0.5784224,0.01181123,0.8150648
1751960726151,3.174785,SteamVR Tracker (Right Foot),-4.577263,-1.168676,3.344649,0.3298042,0.05101885,0.5688313,0.7517029
1751960726151,3.174785,SteamVR Tracker (Left Foot),-0.1833588,0.03913307,-0.08494186,0.3712889,0.6549732,0.4352225,-0.4936963
1751960726151,3.174785,SteamVR Tracker (Waist),-0.3109142,0.989399,0.1156088,-0.03047494,-0.5791404,0.01184057,0.814572
1751960726186,3.209131,SteamVR Tracker (Right Foot),-4.577384,-1.168549,3.34445,0.3297108,0.05102304,0.5688479,0.751731
1751960726186,3.209131,SteamVR Tracker (Left Foot),-0.1832971,0.03915167,-0.08484489,0.3713038,0.6550281,0.4351328,-0.4936914
1751960726186,3.209131,SteamVR Tracker (Waist),-0.3100493,0.9886456,0.1150372,-0.02980652,-0.5795842,0.01236357,0.8142733
1751960726245,3.266773,SteamVR Tracker (Right Foot),-4.577408,-1.168495,3.344348,0.3298564,0.05102875,0.5688429,0.7516706
1751960726245,3.266773,SteamVR Tracker (Left Foot),-0.1834387,0.03921723,-0.08483046,0.3711728,0.6551927,0.43505,-0.4936446
1751960726246,3.266773,SteamVR Tracker (Waist),-0.3104014,0.9885598,0.1150855,-0.02969514,-0.5788307,0.01316498,0.8148006
1751960726259,3.284178,SteamVR Tracker (Right Foot),-4.577422,-1.16852,3.344347,0.3298092,0.05105747,0.5688429,0.7516894
1751960726259,3.284178,SteamVR Tracker (Left Foot),-0.1834016,0.03917456,-0.08470565,0.3711108,0.6552434,0.4348424,-0.4938066
1751960726259,3.284178,SteamVR Tracker (Waist),-0.3102075,0.988024,0.114648,-0.0282342,-0.578166,0.01458119,0.8153001
1751960726294,3.318871,SteamVR Tracker (Right Foot),-4.577224,-1.168209,3.34462,0.3298445,0.05115828,0.568799,0.7517002
1751960726294,3.318871,SteamVR Tracker (Left Foot),-0.1833554,0.03932524,-0.08464605,0.3710567,0.6552917,0.4349311,-0.4937051
1751960726295,3.318871,SteamVR Tracker (Waist),-0.3100218,0.9880981,0.114669,-0.02852064,-0.5785041,0.01456099,0.8150507
1751960726329,3.353553,SteamVR Tracker (Right Foot),-4.577321,-1.168347,3.344532,0.3298007,0.05101959,0.5688056,0.7517239
1751960726330,3.353553,SteamVR Tracker (Left Foot),-0.1832358,0.03910303,-0.08487755,0.3711061,0.6553448,0.4348482,-0.4936704
1751960726330,3.353553,SteamVR Tracker (Waist),-0.3102361,0.9882076,0.1147029,-0.03047156,-0.5789529,0.01334894,0.814682
1751960726363,3.386847,SteamVR Tracker (Right Foot),-4.57735,-1.168424,3.34454,0.3299452,0.05104677,0.5688015,0.7516617
1751960726363,3.386847,SteamVR Tracker (Left Foot),-0.1832831,0.03902602,-0.08487552,0.3710715,0.6553212,0.4348013,-0.4937691
1751960726363,3.386847,SteamVR Tracker (Waist),-0.3107429,0.9881871,0.1147729,-0.02967817,-0.5788344,0.01425483,0.8147802
1751960726407,3.431741,SteamVR Tracker (Right Foot),-4.577419,-1.168433,3.344526,0.3299105,0.05095608,0.5687883,0.7516931
1751960726407,3.431741,SteamVR Tracker (Left Foot),-0.1832917,0.03910875,-0.08491498,0.3709648,0.6554123,0.4347134,-0.4938058
1751960726407,3.431741,SteamVR Tracker (Waist),-0.3108896,0.9881606,0.1148735,-0.02885742,-0.5787979,0.01513688,0.8148197
1751960726424,3.450649,SteamVR Tracker (Right Foot),-4.577395,-1.168421,3.344548,0.3299359,0.05098942,0.5688533,0.7516305
1751960726424,3.450649,SteamVR Tracker (Left Foot),-0.1832885,0.03916764,-0.08481127,0.3709834,0.6553522,0.4346759,-0.4939047
1751960726424,3.450649,SteamVR Tracker (Waist),-0.3109217,0.987965,0.1148923,-0.02879741,-0.5793297,0.01548157,0.8144373
1751960726460,3.483623,SteamVR Tracker (Right Foot),-4.577355,-1.168489,3.344371,0.3299018,0.05088724,0.5688896,0.7516249
1751960726460,3.483623,SteamVR Tracker (Left Foot),-0.1832735,0.03924942,-0.08495361,0.3709805,0.6553819,0.4347443,-0.4938072
1751960726460,3.483623,SteamVR Tracker (Waist),-0.3111108,0.9882122,0.1150316,-0.02780738,-0.5781131,0.0161957,0.8153218
1751960726495,3.519948,SteamVR Tracker (Right Foot),-4.577367,-1.168328,3.344319,0.3298972,0.05086273,0.5688492,0.7516592
1751960726495,3.519948,SteamVR Tracker (Left Foot),-0.1834655,0.03924155,-0.08485788,0.3709548,0.6553579,0.4347286,-0.493872
1751960726495,3.519948,SteamVR Tracker (Waist),-0.311422,0.9884422,0.115321,-0.02902411,-0.5790126,0.01583727,0.8146479
1751960726529,3.552487,SteamVR Tracker (Right Foot),-4.577352,-1.168452,3.344263,0.3299156,0.05090471,0.5688237,0.7516675
1751960726529,3.552487,SteamVR Tracker (Left Foot),-0.1835474,0.03943038,-0.08489919,0.3709406,0.6553416,0.434744,-0.4938909
1751960726529,3.552487,SteamVR Tracker (Waist),-0.311546,0.9884062,0.1151729,-0.02989979,-0.579511,0.01558175,0.8142666
1751960726588,3.612405,SteamVR Tracker (Right Foot),-4.57745,-1.168351,3.344334,0.329878,0.0509107,0.5688679,0.7516501
1751960726588,3.612405,SteamVR Tracker (Left Foot),-0.1834218,0.03932166,-0.0848484,0.3709524,0.6554012,0.4347844,-0.4937674
1751960726588,3.612405,SteamVR Tracker (Waist),-0.3117298,0.9886467,0.1152805,-0.02876326,-0.5794004,0.01651344,0.814368
1751960726598,3.624432,SteamVR Tracker (Right Foot),-4.577488,-1.168327,3.344381,0.3299377,0.05083993,0.5688818,0.7516183
1751960726598,3.624432,SteamVR Tracker (Left Foot),-0.1832857,0.03932643,-0.08488297,0.3709406,0.6553528,0.4347772,-0.4938468
1751960726598,3.624432,SteamVR Tracker (Waist),-0.3119294,0.9886575,0.1152375,-0.02844685,-0.5798787,0.01721571,0.814024
1751960726634,3.659261,SteamVR Tracker (Right Foot),-4.577365,-1.168253,3.344341,0.3299351,0.05097306,0.5688125,0.7516629
1751960726634,3.659261,SteamVR Tracker (Left Foot),-0.1832482,0.03922272,-0.08491313,0.3709202,0.6553448,0.4348052,-0.493848
1751960726634,3.659261,SteamVR Tracker (Waist),-0.3120782,0.9887658,0.1152326,-0.02900221,-0.579686,0.01691706,0.8141479
1751960726670,3.693629,SteamVR Tracker (Right Foot),-4.577334,-1.168161,3.344459,0.3299042,0.05089401,0.568889,0.7516238
1751960726670,3.693629,SteamVR Tracker (Left Foot),-0.1832325,0.0392468,-0.08489609,0.3710045,0.6552894,0.434933,-0.4937457
1751960726670,3.693629,SteamVR Tracker (Waist),-0.3120925,0.9888345,0.115265,-0.02935642,-0.5800377,0.01690841,0.8138849
1751960726701,3.726069,SteamVR Tracker (Right Foot),-4.577374,-1.168209,3.344579,0.3298863,0.05086384,0.5688795,0.7516409
1751960726702,3.726069,SteamVR Tracker (Left Foot),-0.1830784,0.03913832,-0.0849247,0.3710393,0.6552429,0.4348275,-0.4938743
1751960726702,3.726069,SteamVR Tracker (Waist),-0.311428,0.9872946,0.1140923,-0.02922597,-0.5803252,0.01692901,0.8136842
1751960726762,3.785222,SteamVR Tracker (Right Foot),-4.577356,-1.168555,3.344352,0.329966,0.05091371,0.5688778,0.7516038
1751960726762,3.785222,SteamVR Tracker (Left Foot),-0.1834399,0.03928304,-0.08496279,0.3708847,0.6553671,0.4347419,-0.4939009
1751960726762,3.785222,SteamVR Tracker (Waist),-0.311638,0.9871317,0.1135992,-0.02942041,-0.5801306,0.01707856,0.8138128
1751960726777,3.801451,SteamVR Tracker (Right Foot),-4.57734,-1.168673,3.344403,0.3300575,0.05096428,0.5688646,0.7515703
1751960726777,3.801451,SteamVR Tracker (Left Foot),-0.1834415,0.03939581,-0.08491743,0.3710145,0.655364,0.434712,-0.4938339
1751960726777,3.801451,SteamVR Tracker (Waist),-0.3117622,0.9870154,0.1132757,-0.02926117,-0.5806249,0.01747175,0.8134576
1751960726808,3.834288,SteamVR Tracker (Right Foot),-4.577207,-1.168276,3.344425,0.3299002,0.05109563,0.5688645,0.7516304
1751960726808,3.834288,SteamVR Tracker (Left Foot),-0.1832581,0.03927183,-0.08487487,0.3707883,0.6555186,0.4346037,-0.4938939
1751960726809,3.834288,SteamVR Tracker (Waist),-0.3118322,0.9870154,0.1133924,-0.02880589,-0.5800053,0.01776103,0.8139095
1751960726845,3.869066,SteamVR Tracker (Right Foot),-4.577447,-1.168261,3.344495,0.3298945,0.05098158,0.5689135,0.7516037
1751960726845,3.869066,SteamVR Tracker (Left Foot),-0.1832401,0.0392065,-0.08482599,0.3708516,0.6553869,0.4346524,-0.4939783
1751960726846,3.869066,SteamVR Tracker (Waist),-0.3119647,0.9871105,0.1132451,-0.02993377,-0.5804184,0.01738877,0.8135822
1751960726878,3.900777,SteamVR Tracker (Right Foot),-4.577467,-1.16831,3.344494,0.3299297,0.05100646,0.5689116,0.7515879
1751960726878,3.900777,SteamVR Tracker (Left Foot),-0.183387,0.0393393,-0.08496958,0.370845,0.6554809,0.4345661,-0.4939343
1751960726878,3.900777,SteamVR Tracker (Waist),-0.3122272,0.9869623,0.1130393,-0.02972717,-0.5803999,0.01777709,0.8135946
1751960726945,3.967525,SteamVR Tracker (Right Foot),-4.577384,-1.168379,3.34424,0.3299956,0.05110001,0.568909,0.7515545
1751960726945,3.967525,SteamVR Tracker (Left Foot),-0.1833759,0.03939414,-0.0849793,0.3707024,0.6555766,0.4344186,-0.4940442
1751960726945,3.967525,SteamVR Tracker (Waist),-0.3125339,0.9870058,0.1129653,-0.02978063,-0.580802,0.01783504,0.8133045
1751960726961,3.985932,SteamVR Tracker (Right Foot),-4.577384,-1.168437,3.344314,0.3300348,0.05104983,0.5688927,0.7515531
1751960726961,3.985932,SteamVR Tracker (Left Foot),-0.1835484,0.03941441,-0.08491582,0.3706065,0.6556641,0.4343328,-0.4940753
1751960726961,3.985932,SteamVR Tracker (Waist),-0.3129025,0.986913,0.1129317,-0.02985266,-0.5806851,0.01799719,0.8133817
1751960726994,4.018173,SteamVR Tracker (Right Foot),-4.577367,-1.168307,3.344337,0.3300259,0.05122034,0.5689425,0.7515076
1751960726994,4.018173,SteamVR Tracker (Left Foot),-0.1834059,0.039572,-0.08494335,0.3705393,0.6557782,0.4341597,-0.4941266
1751960726994,4.018173,SteamVR Tracker (Waist),-0.3132234,0.9867743,0.1128144,-0.02898011,-0.5804504,0.01863852,0.8135663
1751960727029,4.05301,SteamVR Tracker (Right Foot),-4.577473,-1.168408,3.344416,0.3299781,0.05119064,0.5689225,0.7515458
1751960727030,4.05301,SteamVR Tracker (Left Foot),-0.1833186,0.039675,-0.08498907,0.3706542,0.6557708,0.4340937,-0.4941082
1751960727030,4.05301,SteamVR Tracker (Waist),-0.313251,0.9868999,0.1126063,-0.02919584,-0.5808356,0.01859347,0.8132846
1751960727084,4.106958,SteamVR Tracker (Right Foot),-4.577462,-1.168319,3.344373,0.3300335,0.05122947,0.5689164,0.7515236
1751960727084,4.106958,SteamVR Tracker (Left Foot),-0.1835189,0.03975487,-0.08509171,0.3705035,0.6558988,0.4338432,-0.4942712
1751960727085,4.106958,SteamVR Tracker (Waist),-0.3134432,0.9867382,0.1125016,-0.02999635,-0.5807705,0.01840471,0.8133063
1751960727098,4.122769,SteamVR Tracker (Right Foot),-4.57745,-1.168349,3.344409,0.3301368,0.05121762,0.5688406,0.7515364
1751960727098,4.122769,SteamVR Tracker (Left Foot),-0.1835597,0.03973794,-0.08507109,0.3703939,0.6560169,0.4338355,-0.4942033
1751960727098,4.122769,SteamVR Tracker (Waist),-0.3137858,0.9865794,0.1123651,-0.02876394,-0.5808768,0.01936766,0.8132526
1751960727132,4.156991,SteamVR Tracker (Right Foot),-4.577322,-1.168305,3.344411,0.3301815,0.05123677,0.5689567,0.7514274
1751960727132,4.156991,SteamVR Tracker (Left Foot),-0.1835277,0.03968978,-0.08505028,0.3703686,0.6561328,0.4336732,-0.4942108
1751960727132,4.156991,SteamVR Tracker (Waist),-0.3142299,0.9865575,0.1123174,-0.02888043,-0.5798767,0.01936581,0.8139619
1751960727166,4.190358,SteamVR Tracker (Right Foot),-4.577248,-1.168407,3.344434,0.3300337,0.05128326,0.5689782,0.7514729
1751960727166,4.190358,SteamVR Tracker (Left Foot),-0.1834007,0.03948689,-0.08503443,0.3702954,0.6561956,0.4336829,-0.4941738
1751960727166,4.190358,SteamVR Tracker (Waist),-0.3144676,0.9866939,0.1123016,-0.02922388,-0.5799793,0.01938943,0.813876
1751960727200,4.223955,SteamVR Tracker (Right Foot),-4.577352,-1.168303,3.344467,0.3300673,0.05120883,0.5689521,0.7514831
1751960727200,4.223955,SteamVR Tracker (Left Foot),-0.183406,0.03954601,-0.08497298,0.3702744,0.6562748,0.4335534,-0.4941981
1751960727200,4.223955,SteamVR Tracker (Waist),-0.3146338,0.9868969,0.1121961,-0.02950131,-0.5805805,0.01916675,0.8134424
1751960727252,4.276575,SteamVR Tracker (Right Foot),-4.577445,-1.168572,3.344245,0.3301683,0.05131038,0.5689636,0.7514231
1751960727252,4.276575,SteamVR Tracker (Left Foot),-0.1835321,0.03967762,-0.08523577,0.3701781,0.6563687,0.4334864,-0.4942044
1751960727252,4.276575,SteamVR Tracker (Waist),-0.3149785,0.986915,0.111973,-0.0289249,-0.580571,0.01941936,0.8134639
1751960727266,4.292439,SteamVR Tracker (Right Foot),-4.577397,-1.168478,3.344177,0.3302933,0.05134211,0.5689433,0.7513813
1751960727266,4.292439,SteamVR Tracker (Left Foot),-0.183452,0.03953171,-0.08521807,0.3701263,0.6563979,0.4334291,-0.4942547
1751960727266,4.292439,SteamVR Tracker (Waist),-0.3151381,0.9865997,0.111839,-0.02848683,-0.5806161,0.01980265,0.8134379
1751960727302,4.325791,SteamVR Tracker (Right Foot),-4.577404,-1.168423,3.344346,0.3302808,0.05119144,0.5688773,0.751447
1751960727302,4.325791,SteamVR Tracker (Left Foot),-0.1833513,0.03946853,-0.08503944,0.3700764,0.6564309,0.4333924,-0.4942802
1751960727302,4.325791,SteamVR Tracker (Waist),-0.3154111,0.9866675,0.1115718,-0.02895681,-0.5809183,0.01966695,0.8132089
1751960727333,4.358503,SteamVR Tracker (Right Foot),-4.577304,-1.168277,3.344415,0.3303351,0.05126797,0.5689602,0.7513552
1751960727333,4.358503,SteamVR Tracker (Left Foot),-0.1836108,0.03951502,-0.08497834,0.3700537,0.6565029,0.4333229,-0.4942626
1751960727333,4.358503,SteamVR Tracker (Waist),-0.3156753,0.9866002,0.111519,-0.02986674,-0.5808076,0.01924022,0.8132652
1751960727366,4.390956,SteamVR Tracker (Right Foot),-4.577293,-1.168486,3.34445,0.3303166,0.05135347,0.5689077,0.7513973
1751960727366,4.390956,SteamVR Tracker (Left Foot),-0.1834673,0.03953791,-0.08510321,0.3700822,0.6565046,0.4334055,-0.4941666
1751960727366,4.390956,SteamVR Tracker (Waist),-0.3159691,0.9864584,0.1112555,-0.02864248,-0.5810608,0.02019913,0.8131052
1751960727427,4.450037,SteamVR Tracker (Right Foot),-4.577374,-1.168409,3.34439,0.3302893,0.05128381,0.5689901,0.7513517
1751960727427,4.450037,SteamVR Tracker (Left Foot),-0.1835977,0.03958321,-0.08515811,0.3700609,0.6565071,0.4333454,-0.4942319
1751960727427,4.450037,SteamVR Tracker (Waist),-0.3161271,0.9863065,0.1110857,-0.0295751,-0.5808612,0.01966301,0.8132275
1751960727441,4.46573,SteamVR Tracker (Right Foot),-4.577322,-1.168444,3.3444,0.3303602,0.0512765,0.5689709,0.7513355
1751960727441,4.46573,SteamVR Tracker (Left Foot),-0.183538,0.03959441,-0.08523512,0.3699417,0.6565682,0.4334042,-0.4941883
1751960727441,4.46573,SteamVR Tracker (Waist),-0.3164108,0.9863589,0.1109503,-0.03005125,-0.5810291,0.01959059,0.8130918
1751960727473,4.498293,SteamVR Tracker (Right Foot),-4.577474,-1.168385,3.344337,0.3303159,0.0511581,0.5690229,0.7513236
1751960727473,4.498293,SteamVR Tracker (Left Foot),-0.183414,0.03953505,-0.08520293,0.3700422,0.6566201,0.4333399,-0.4941006
1751960727473,4.498293,SteamVR Tracker (Waist),-0.3165339,0.9862932,0.1109361,-0.02983421,-0.5804721,0.01995147,0.8134888
1751960727508,4.532382,SteamVR Tracker (Right Foot),-4.577434,-1.168396,3.344348,0.3303669,0.0512105,0.5690845,0.751251
1751960727508,4.532382,SteamVR Tracker (Left Foot),-0.1835123,0.03949118,-0.08514434,0.3698623,0.6566803,0.4332749,-0.4942123
1751960727508,4.532382,SteamVR Tracker (Waist),-0.3165345,0.9862038,0.1109301,-0.02981092,-0.5803825,0.01974539,0.8135586
1751960727542,4.565915,SteamVR Tracker (Right Foot),-4.577361,-1.168375,3.344412,0.330496,0.05115696,0.5689816,0.7512757
1751960727542,4.565915,SteamVR Tracker (Left Foot),-0.1835676,0.03959036,-0.08517915,0.3698055,0.6567494,0.4331981,-0.4942303
1751960727542,4.565915,SteamVR Tracker (Waist),-0.3168635,0.9861394,0.1108581,-0.02981895,-0.5803697,0.0198636,0.8135645
1751960727601,4.624181,SteamVR Tracker (Right Foot),-4.577337,-1.168634,3.344148,0.3305252,0.05122184,0.5690326,0.7512199
1751960727601,4.624181,SteamVR Tracker (Left Foot),-0.1835645,0.03974581,-0.08526969,0.3698762,0.6568038,0.4331424,-0.4941537
1751960727601,4.624181,SteamVR Tracker (Waist),-0.3171094,0.9861324,0.1106522,-0.02897119,-0.580314,0.02046913,0.81362
1751960727615,4.640581,SteamVR Tracker (Right Foot),-4.577435,-1.168479,3.344357,0.3304069,0.05134635,0.5690431,0.7512556
1751960727615,4.640581,SteamVR Tracker (Left Foot),-0.1836162,0.03974819,-0.08528155,0.3698544,0.6569768,0.4328446,-0.4942012
1751960727615,4.640581,SteamVR Tracker (Waist),-0.3171898,0.9861246,0.1105082,-0.02898742,-0.5801324,0.02049361,0.8137482
1751960727646,4.672326,SteamVR Tracker (Right Foot),-4.577213,-1.168609,3.344341,0.3306145,0.05132859,0.569022,0.7511814
1751960727648,4.672326,SteamVR Tracker (Left Foot),-0.1834908,0.03965068,-0.0852167,0.369749,0.6569546,0.4329506,-0.4942167
1751960727648,4.672326,SteamVR Tracker (Waist),-0.3172188,0.9861982,0.1105785,-0.02941749,-0.5803298,0.02026242,0.8135977
1751960727680,4.703701,SteamVR Tracker (Right Foot),-4.577313,-1.168472,3.344251,0.3305633,0.05129968,0.5690838,0.7511591
1751960727680,4.703701,SteamVR Tracker (Left Foot),-0.1836123,0.03963709,-0.08509308,0.3697619,0.6570096,0.4328353,-0.4942349
1751960727680,4.703701,SteamVR Tracker (Waist),-0.3172317,0.9861243,0.1106553,-0.02919319,-0.5806806,0.02033252,0.8133538
1751960727710,4.734938,SteamVR Tracker (Right Foot),-4.577219,-1.1683,3.344317,0.3305299,0.05137355,0.5691165,0.7511439
1751960727711,4.734938,SteamVR Tracker (Left Foot),-0.1836244,0.03957558,-0.08499712,0.3697931,0.6569619,0.4328763,-0.4942392
1751960727711,4.734938,SteamVR Tracker (Waist),-0.3173799,0.9861315,0.1106321,-0.02875432,-0.5805269,0.02076037,0.8134683
1751960727764,4.788027,SteamVR Tracker (Right Foot),-4.577421,-1.168523,3.344251,0.3304954,0.05139593,0.5690475,0.7512099
1751960727764,4.788027,SteamVR Tracker (Left Foot),-0.1835331,0.03962469,-0.08527386,0.3697721,0.6571299,0.4327622,-0.4941314
1751960727765,4.788027,SteamVR Tracker (Waist),-0.3175965,0.9861331,0.1104407,-0.02922544,-0.5800456,0.02057135,0.8137996
1751960727780,4.804661,SteamVR Tracker (Right Foot),-4.577502,-1.168523,3.34425,0.330485,0.05128891,0.5690151,0.7512462
1751960727780,4.804661,SteamVR Tracker (Left Foot),-0.1835598,0.03951764,-0.08517265,0.3696524,0.6570994,0.4328038,-0.4942251
1751960727780,4.804661,SteamVR Tracker (Waist),-0.317727,0.9860857,0.1103891,-0.02922527,-0.5798538,0.02067974,0.8139336
1751960727816,4.839606,SteamVR Tracker (Right Foot),-4.577262,-1.168308,3.344344,0.3305399,0.0514377,0.5690755,0.7511662
1751960727816,4.839606,SteamVR Tracker (Left Foot),-0.1836186,0.03949928,-0.08517146,0.3696784,0.6572463,0.4326667,-0.4941302
1751960727816,4.839606,SteamVR Tracker (Waist),-0.3178643,0.9861323,0.1106093,-0.02947369,-0.5800036,0.02051654,0.813822
1751960727851,4.875066,SteamVR Tracker (Right Foot),-4.577202,-1.168642,3.344349,0.3306934,0.05152064,0.5690157,0.7511383
1751960727851,4.875066,SteamVR Tracker (Left Foot),-0.1836959,0.03953648,-0.08528507,0.3695097,0.6574563,0.4324471,-0.4941694
1751960727851,4.875066,SteamVR Tracker (Waist),-0.3181472,0.9862444,0.1105062,-0.0289064,-0.5794845,0.02083931,0.8142038
1751960727883,4.905435,SteamVR Tracker (Right Foot),-4.577253,-1.1686,3.344395,0.3305892,0.05155661,0.5690306,0.7511703
1751960727883,4.905435,SteamVR Tracker (Left Foot),-0.1835884,0.03959274,-0.08519751,0.3695349,0.6574774,0.4323032,-0.4942484
1751960727883,4.905435,SteamVR Tracker (Waist),-0.3182233,0.9862355,0.1106895,-0.02966446,-0.5789958,0.0201183,0.8145423
1751960727937,4.960666,SteamVR Tracker (Right Foot),-4.57736,-1.168345,3.344436,0.3305331,0.05149478,0.5691097,0.7511394
1751960727937,4.960666,SteamVR Tracker (Left Foot),-0.1836946,0.03967786,-0.08522838,0.3693672,0.6575978,0.4322364,-0.4942719
1751960727937,4.960666,SteamVR Tracker (Waist),-0.3181955,0.9863948,0.1107635,-0.02973787,-0.5792785,0.02006678,0.8143399
1751960727948,4.974528,SteamVR Tracker (Right Foot),-4.577446,-1.168417,3.344281,0.3305439,0.05147306,0.5690933,0.7511485
1751960727948,4.974528,SteamVR Tracker (Left Foot),-0.1837333,0.03970814,-0.08526337,0.3693843,0.6576733,0.4321448,-0.4942389
1751960727949,4.974528,SteamVR Tracker (Waist),-0.318543,0.9864836,0.1107985,-0.03013256,-0.5790855,0.01974622,0.8144705
1751960727985,5.009121,SteamVR Tracker (Right Foot),-4.577362,-1.168714,3.344107,0.3306229,0.05144062,0.5691152,0.7510995
1751960727985,5.009121,SteamVR Tracker (Left Foot),-0.1838119,0.039711,-0.08533198,0.3692756,0.6576824,0.4321651,-0.4942902
1751960727985,5.009121,SteamVR Tracker (Waist),-0.3187724,0.9866265,0.1107212,-0.03064961,-0.5789676,0.01921265,0.8145478
1751960728020,5.043337,SteamVR Tracker (Right Foot),-4.577317,-1.168636,3.344126,0.3305984,0.05146715,0.5691672,0.7510689
1751960728020,5.043337,SteamVR Tracker (Left Foot),-0.1838058,0.03963685,-0.08525997,0.3692456,0.657748,0.4322263,-0.4941717
1751960728020,5.043337,SteamVR Tracker (Waist),-0.3188455,0.9866459,0.1107497,-0.03031093,-0.5791209,0.01902365,0.8144559
1751960728050,5.076014,SteamVR Tracker (Right Foot),-4.577256,-1.16844,3.344179,0.3304527,0.05146193,0.5691231,0.7511668
1751960728050,5.076014,SteamVR Tracker (Left Foot),-0.1837592,0.03966069,-0.08516753,0.369398,0.6575969,0.4323713,-0.494132
1751960728050,5.076014,SteamVR Tracker (Waist),-0.3187285,0.9868277,0.1109908,-0.0316228,-0.5803494,0.01796533,0.8135551
1751960728109,5.132189,SteamVR Tracker (Right Foot),-4.577288,-1.168359,3.344316,0.3304169,0.05143697,0.5691723,0.751147
1751960728109,5.132189,SteamVR Tracker (Left Foot),-0.1836077,0.0394609,-0.08514392,0.3693973,0.6576785,0.4322366,-0.4941419
1751960728109,5.132189,SteamVR Tracker (Waist),-0.3186399,0.98689,0.1110723,-0.03215515,-0.5810915,0.01718076,0.8130213
1751960728125,5.150692,SteamVR Tracker (Right Foot),-4.577343,-1.168414,3.344455,0.3304332,0.0513298,0.5691983,0.7511275
1751960728126,5.150692,SteamVR Tracker (Left Foot),-0.1836675,0.03937292,-0.08503801,0.3693584,0.657747,0.4321644,-0.4941429
1751960728126,5.150692,SteamVR Tracker (Waist),-0.3186074,0.9868342,0.1112324,-0.03082199,-0.5821486,0.01738781,0.8123119
1751960728157,5.183071,SteamVR Tracker (Right Foot),-4.577319,-1.168395,3.344437,0.3303871,0.05131394,0.5691589,0.7511787
1751960728157,5.183071,SteamVR Tracker (Left Foot),-0.1837074,0.03936934,-0.0851624,0.3693627,0.657797,0.4322066,-0.4940362
1751960728157,5.183071,SteamVR Tracker (Waist),-0.3185105,0.9868931,0.1112294,-0.02906738,-0.5824061,0.01798962,0.8121789
1751960728189,5.215209,SteamVR Tracker (Right Foot),-4.577314,-1.168532,3.344294,0.3304938,0.05131233,0.569185,0.7511121
1751960728190,5.215209,SteamVR Tracker (Left Foot),-0.1837832,0.03947902,-0.08527869,0.3694661,0.6577027,0.4322671,-0.4940315
1751960728190,5.215209,SteamVR Tracker (Waist),-0.318334,0.987226,0.1108274,-0.03134602,-0.5821135,0.01667118,0.812332
1751960728227,5.249702,SteamVR Tracker (Right Foot),-4.577349,-1.168435,3.344235,0.3305199,0.05121489,0.569213,0.7510861
1751960728227,5.249702,SteamVR Tracker (Left Foot),-0.1835828,0.03941131,-0.08520991,0.3694836,0.6577564,0.4321234,-0.4940726
1751960728227,5.249702,SteamVR Tracker (Waist),-0.3179561,0.9873652,0.110857,-0.03316864,-0.5823886,0.01515294,0.8120923
1751960728284,5.309112,SteamVR Tracker (Right Foot),-4.577339,-1.168479,3.344132,0.3305029,0.051093,0.5691471,0.7511517
1751960728285,5.309112,SteamVR Tracker (Left Foot),-0.1836593,0.03943419,-0.0852567,0.3695572,0.6577187,0.4322353,-0.4939699
1751960728285,5.309112,SteamVR Tracker (Waist),-0.317892,0.9872359,0.1110687,-0.03122921,-0.5825315,0.01605636,0.8120493
1751960728300,5.325116,SteamVR Tracker (Right Foot),-4.577225,-1.168424,3.344208,0.3305087,0.05107916,0.5692099,0.7511026
1751960728300,5.325116,SteamVR Tracker (Left Foot),-0.1834807,0.03945684,-0.08521336,0.3695877,0.6576136,0.4323249,-0.4940086
1751960728300,5.325116,SteamVR Tracker (Waist),-0.3176715,0.9871596,0.111231,-0.03011187,-0.5824106,0.0165314,0.8121687
1751960728334,5.359055,SteamVR Tracker (Right Foot),-4.577432,-1.168509,3.344186,0.3304534,0.0510627,0.5691377,0.7511827
1751960728334,5.359055,SteamVR Tracker (Left Foot),-0.183601,0.03948069,-0.08518016,0.3695935,0.6575388,0.4324027,-0.4940357
1751960728334,5.359055,SteamVR Tracker (Waist),-0.317268,0.9870949,0.1114506,-0.03008894,-0.5820011,0.01705895,0.8124521
1751960728367,5.390378,SteamVR Tracker (Right Foot),-4.577395,-1.168466,3.344242,0.3304409,0.05112883,0.5691025,0.7512103
1751960728367,5.390378,SteamVR Tracker (Left Foot),-0.1834715,0.0393877,-0.08513814,0.3695692,0.6575533,0.4323309,-0.4940973
1751960728367,5.390378,SteamVR Tracker (Waist),-0.3171232,0.9872015,0.1117282,-0.0306497,-0.5815908,0.01647724,0.8127369
1751960728404,5.427637,SteamVR Tracker (Right Foot),-4.577304,-1.168235,3.344239,0.3303463,0.05111712,0.5691252,0.7512355
1751960728404,5.427637,SteamVR Tracker (Left Foot),-0.1836359,0.03930569,-0.08504677,0.3695003,0.6575527,0.432369,-0.4941165
1751960728404,5.427637,SteamVR Tracker (Waist),-0.3169323,0.9872479,0.1121361,-0.03051214,-0.5819491,0.01624385,0.8124902
1751960728448,5.473324,SteamVR Tracker (Right Foot),-4.577273,-1.168402,3.344393,0.3304315,0.05109773,0.5691183,0.7512047
1751960728448,5.473324,SteamVR Tracker (Left Foot),-0.183773,0.03931499,-0.08515644,0.3694749,0.6576154,0.4323187,-0.4940961
1751960728448,5.473324,SteamVR Tracker (Waist),-0.3169284,0.9872377,0.112657,-0.02893242,-0.581212,0.0173537,0.8130525
1751960728466,5.491662,SteamVR Tracker (Right Foot),-4.577304,-1.168532,3.344405,0.3303859,0.05102703,0.5691376,0.7512149
1751960728466,5.491662,SteamVR Tracker (Left Foot),-0.1837479,0.0393405,-0.08526725,0.3695805,0.6575611,0.4323024,-0.4941035
1751960728466,5.491662,SteamVR Tracker (Waist),-0.3169308,0.987105,0.1129965,-0.02689424,-0.5816069,0.01899336,0.8128035
1751960728498,5.523252,SteamVR Tracker (Right Foot),-4.577319,-1.168468,3.344396,0.3303285,0.05103252,0.5691407,0.7512375
1751960728498,5.523252,SteamVR Tracker (Left Foot),-0.1837679,0.0393796,-0.08516806,0.3695391,0.6574835,0.4324515,-0.4941074
1751960728498,5.523252,SteamVR Tracker (Waist),-0.3168519,0.9868064,0.1136555,-0.02402478,-0.5808662,0.02091209,0.8133757
1751960728531,5.556892,SteamVR Tracker (Right Foot),-4.577604,-1.168406,3.344212,0.330259,0.0510322,0.569149,0.7512617
1751960728531,5.556892,SteamVR Tracker (Left Foot),-0.1836501,0.03948236,-0.0850358,0.3696865,0.6572841,0.4327402,-0.4940096
1751960728531,5.556892,SteamVR Tracker (Waist),-0.3163836,0.9869056,0.1138533,-0.02460152,-0.5792058,0.02152921,0.8145257
1751960728567,5.592408,SteamVR Tracker (Right Foot),-4.577437,-1.168453,3.343981,0.3303485,0.05117666,0.5690683,0.7512737
1751960728567,5.592408,SteamVR Tracker (Left Foot),-0.1836525,0.03946996,-0.0851233,0.369854,0.6571808,0.4329061,-0.4938762
1751960728567,5.592408,SteamVR Tracker (Waist),-0.3159764,0.987362,0.1140491,-0.02733458,-0.5824029,0.01948548,0.8122069
1751960728616,5.63975,SteamVR Tracker (Right Foot),-4.577327,-1.168565,3.344155,0.3303877,0.05135936,0.5691315,0.7511961
1751960728616,5.63975,SteamVR Tracker (Left Foot),-0.1836797,0.03955746,-0.08517313,0.369802,0.6571496,0.4329285,-0.4939371
1751960728616,5.63975,SteamVR Tracker (Waist),-0.3158984,0.9872521,0.1143746,-0.02676268,-0.5814309,0.0197176,0.8129165
1751960728629,5.654688,SteamVR Tracker (Right Foot),-4.577382,-1.168571,3.344118,0.3303418,0.05125246,0.5690386,0.751294
1751960728629,5.654688,SteamVR Tracker (Left Foot),-0.1836313,0.03952408,-0.08524597,0.3698585,0.6570835,0.4329236,-0.493987
1751960728629,5.654688,SteamVR Tracker (Waist),-0.3157758,0.9871784,0.1147645,-0.02493607,-0.581081,0.02129314,0.8131849
1751960728663,5.687708,SteamVR Tracker (Right Foot),-4.577417,-1.168466,3.344174,0.3302177,0.05126695,0.569101,0.7513003
1751960728664,5.687708,SteamVR Tracker (Left Foot),-0.1835855,0.03941917,-0.08507782,0.3699336,0.6569809,0.4331904,-0.4938332
1751960728664,5.687708,SteamVR Tracker (Waist),-0.3153721,0.9870621,0.1152413,-0.0247166,-0.5802819,0.02199831,0.8137433
1751960728691,5.716166,SteamVR Tracker (Right Foot),-4.577435,-1.168352,3.344208,0.3302029,0.05132455,0.5690367,0.7513515
1751960728691,5.716166,SteamVR Tracker (Left Foot),-0.1835304,0.03941631,-0.08499348,0.3698878,0.6568905,0.4332658,-0.4939218
1751960728691,5.716166,SteamVR Tracker (Waist),-0.314946,0.9872309,0.1156563,-0.02503393,-0.5803528,0.02156597,0.8136947
1751960728726,5.748929,SteamVR Tracker (Right Foot),-4.577435,-1.168264,3.344333,0.3300792,0.05124282,0.5690983,0.7513648
1751960728726,5.748929,SteamVR Tracker (Left Foot),-0.1833147,0.03933048,-0.08499497,0.3700046,0.6568277,0.4332147,-0.4939626
1751960728726,5.748929,SteamVR Tracker (Waist),-0.3148401,0.9873806,0.1160254,-0.02468755,-0.5798115,0.02173737,0.8140864
1751960728771,5.796577,SteamVR Tracker (Right Foot),-4.577357,-1.168355,3.344226,0.330173,0.05137762,0.5690821,0.7513267
1751960728771,5.796577,SteamVR Tracker (Left Foot),-0.1836632,0.03948784,-0.08511305,0.3700136,0.6567813,0.4333308,-0.4939158
1751960728771,5.796577,SteamVR Tracker (Waist),-0.3146413,0.9871325,0.1159208,-0.02491228,-0.5797261,0.02175716,0.8141398
1751960728785,5.810665,SteamVR Tracker (Right Foot),-4.577331,-1.168389,3.344306,0.3301423,0.05124283,0.5691336,0.7513103
1751960728785,5.810665,SteamVR Tracker (Left Foot),-0.1837443,0.03951693,-0.08507723,0.3700025,0.656693,0.4334132,-0.4939691
1751960728785,5.810665,SteamVR Tracker (Waist),-0.3144125,0.9872724,0.1161005,-0.02485564,-0.5792444,0.02164278,0.8144874
1751960728817,5.840697,SteamVR Tracker (Right Foot),-4.57737,-1.168412,3.344334,0.3300601,0.05115293,0.5690585,0.7514095
1751960728817,5.840697,SteamVR Tracker (Left Foot),-0.183779,0.03944731,-0.08494431,0.3700858,0.6566568,0.4334547,-0.4939185
1751960728817,5.840697,SteamVR Tracker (Waist),-0.3142577,0.9873935,0.1161529,-0.02506494,-0.5791743,0.02106919,0.8145459
1751960728844,5.868419,SteamVR Tracker (Right Foot),-4.577313,-1.168321,3.344404,0.3300665,0.05133634,0.5690291,0.7514164
1751960728844,5.868419,SteamVR Tracker (Left Foot),-0.1834945,0.03939843,-0.08500761,0.3700357,0.6566471,0.4334826,-0.4939443
1751960728844,5.868419,SteamVR Tracker (Waist),-0.3140706,0.9876606,0.1162143,-0.0259061,-0.579506,0.02044839,0.8142995
1751960728871,5.896562,SteamVR Tracker (Right Foot),-4.577368,-1.168186,3.344488,0.3300532,0.0512999,0.5689591,0.7514778
1751960728871,5.896562,SteamVR Tracker (Left Foot),-0.1833921,0.03930116,-0.08497125,0.3700807,0.6565966,0.433566,-0.4939046
1751960728871,5.896562,SteamVR Tracker (Waist),-0.3137493,0.9877305,0.1163262,-0.02611186,-0.5789701,0.02024387,0.8146791
1751960728901,5.925537,SteamVR Tracker (Right Foot),-4.577476,-1.168329,3.344289,0.3301338,0.05128209,0.5689771,0.7514299
1751960728901,5.925537,SteamVR Tracker (Left Foot),-0.1835294,0.03920317,-0.08511847,0.3701145,0.65656,0.4337164,-0.4937959
1751960728901,5.925537,SteamVR Tracker (Waist),-0.3134989,0.9877224,0.116209,-0.02619692,-0.5779698,0.02013606,0.815389
1751960728960,5.981794,SteamVR Tracker (Right Foot),-4.577338,-1.16844,3.344165,0.3299506,0.05131864,0.5689746,0.7515097
1751960728960,5.981794,SteamVR Tracker (Left Foot),-0.1835455,0.0393784,-0.08501148,0.3701415,0.6564691,0.4336797,-0.4939286
1751960728960,5.981794,SteamVR Tracker (Waist),-0.3133092,0.9879285,0.1162896,-0.02587845,-0.5782644,0.02015056,0.8151899
1751960728970,5.997023,SteamVR Tracker (Right Foot),-4.577457,-1.168468,3.344302,0.3297855,0.05132008,0.5690596,0.7515178
1751960728970,5.997023,SteamVR Tracker (Left Foot),-0.1835537,0.03942323,-0.08494419,0.3702408,0.6564392,0.4337634,-0.4938204
1751960728970,5.997023,SteamVR Tracker (Waist),-0.3129816,0.9880396,0.116356,-0.02582312,-0.5780395,0.01991256,0.815357
1751960729008,6.03201,SteamVR Tracker (Right Foot),-4.57736,-1.168626,3.344241,0.3298317,0.05117651,0.5690202,0.7515371
1751960729008,6.03201,SteamVR Tracker (Left Foot),-0.1837228,0.03975248,-0.08504254,0.3701927,0.6563563,0.4337886,-0.4939447
1751960729008,6.03201,SteamVR Tracker (Waist),-0.3129361,0.9882802,0.1162304,-0.02686861,-0.5771685,0.01898345,0.8159621
1751960729041,6.065561,SteamVR Tracker (Right Foot),-4.577287,-1.168326,3.344448,0.3298192,0.05125568,0.5689951,0.7515562
1751960729041,6.065561,SteamVR Tracker (Left Foot),-0.1834041,0.03951001,-0.08502364,0.370435,0.6561719,0.4339596,-0.4938579
1751960729041,6.065561,SteamVR Tracker (Waist),-0.3125446,0.9883482,0.1162291,-0.02651893,-0.5756547,0.01872413,0.8170482
1751960729071,6.097038,SteamVR Tracker (Right Foot),-4.577416,-1.168185,3.344391,0.3297136,0.05117915,0.5689355,0.7516529
1751960729071,6.097038,SteamVR Tracker (Left Foot),-0.1832126,0.03943515,-0.084966,0.3704549,0.6561183,0.4340127,-0.4938673
1751960729072,6.097038,SteamVR Tracker (Waist),-0.312209,0.9883111,0.1161401,-0.02624332,-0.5753625,0.01904725,0.8172554
1751960729131,6.155381,SteamVR Tracker (Right Foot),-4.577344,-1.168373,3.344273,0.3297703,0.05110444,0.5689791,0.7516
1751960729131,6.155381,SteamVR Tracker (Left Foot),-0.1833498,0.0394938,-0.08509338,0.3705175,0.6561254,0.4340214,-0.4938033
1751960729131,6.155381,SteamVR Tracker (Waist),-0.3119893,0.9885868,0.1158495,-0.02733357,-0.5759054,0.01825799,0.8168553
1751960729145,6.171097,SteamVR Tracker (Right Foot),-4.577308,-1.16831,3.344322,0.3297046,0.05108506,0.5690431,0.7515818
1751960729145,6.171097,SteamVR Tracker (Left Foot),-0.1831745,0.03946376,-0.08503717,0.3706022,0.6559792,0.4341595,-0.4938126
1751960729145,6.171097,SteamVR Tracker (Waist),-0.3115554,0.9886342,0.1156871,-0.02774981,-0.5753389,0.01746693,0.8172577
1751960729179,6.20336,SteamVR Tracker (Right Foot),-4.577321,-1.168452,3.344254,0.3297752,0.05096018,0.5690224,0.7515749
1751960729179,6.20336,SteamVR Tracker (Left Foot),-0.1834109,0.03962421,-0.08500922,0.370611,0.655971,0.4342305,-0.4937544
1751960729179,6.20336,SteamVR Tracker (Waist),-0.3115446,0.9886638,0.1153653,-0.02732318,-0.5748219,0.01746764,0.8176358
1751960729211,6.236303,SteamVR Tracker (Right Foot),-4.577555,-1.168359,3.344169,0.3298104,0.05085625,0.5690603,0.7515379
1751960729211,6.236303,SteamVR Tracker (Left Foot),-0.1833477,0.03965878,-0.08491582,0.3706914,0.6559216,0.4342257,-0.4937639
1751960729211,6.236303,SteamVR Tracker (Waist),-0.3112437,0.9886628,0.1151874,-0.02681142,-0.5745874,0.01781816,0.8178099
1751960729245,6.268367,SteamVR Tracker (Right Foot),-4.577574,-1.168513,3.344105,0.3298486,0.05078714,0.5690056,0.7515672
1751960729245,6.268367,SteamVR Tracker (Left Foot),-0.1834465,0.03950763,-0.08513159,0.3706418,0.6558688,0.4342166,-0.4938792
1751960729245,6.268367,SteamVR Tracker (Waist),-0.311376,0.98891,0.1149176,-0.02737168,-0.5747092,0.01782871,0.8177056
1751960729307,6.330467,SteamVR Tracker (Right Foot),-4.577399,-1.168321,3.344296,0.3296878,0.05079825,0.569091,0.7515724
1751960729307,6.330467,SteamVR Tracker (Left Foot),-0.18341,0.03944778,-0.08491242,0.3706931,0.6557652,0.4343049,-0.4939007
1751960729307,6.330467,SteamVR Tracker (Waist),-0.3108489,0.9889175,0.1149674,-0.02728506,-0.5749705,0.01761387,0.8175293
1751960729322,6.34743,SteamVR Tracker (Right Foot),-4.577573,-1.168365,3.344222,0.3296839,0.05057861,0.5691132,0.7515721
1751960729323,6.34743,SteamVR Tracker (Left Foot),-0.1835271,0.03945708,-0.08494401,0.3708057,0.6555963,0.4346102,-0.4937719
1751960729323,6.34743,SteamVR Tracker (Waist),-0.3104897,0.9888321,0.1145691,-0.02722226,-0.5744871,0.0174384,0.8178749
1751960729360,6.382936,SteamVR Tracker (Right Foot),-4.577534,-1.168391,3.34418,0.3296619,0.05058707,0.5691292,0.7515691
1751960729360,6.382936,SteamVR Tracker (Left Foot),-0.1833147,0.03956866,-0.08496249,0.3709595,0.6554212,0.4348382,-0.493688
1751960729360,6.382936,SteamVR Tracker (Waist),-0.3100673,0.9886893,0.1142669,-0.02749204,-0.5739359,0.0176672,0.8182479
1751960729389,6.414705,SteamVR Tracker (Right Foot),-4.577554,-1.168392,3.34428,0.3296348,0.050343,0.5691735,0.7515637
1751960729389,6.414705,SteamVR Tracker (Left Foot),-0.183263,0.03955245,-0.08490437,0.3708852,0.6554642,0.4347227,-0.4937885
1751960729389,6.414705,SteamVR Tracker (Waist),-0.3096034,0.9885266,0.1143215,-0.0270561,-0.5728085,0.01829877,0.8190382
1751960729424,6.448774,SteamVR Tracker (Right Foot),-4.57752,-1.168351,3.344239,0.3295078,0.04985714,0.5691358,0.7516804
1751960729424,6.448774,SteamVR Tracker (Left Foot),-0.1833515,0.03952241,-0.08490497,0.3709473,0.6552958,0.4348584,-0.4938458
1751960729424,6.448774,SteamVR Tracker (Waist),-0.309255,0.9882357,0.1144393,-0.02659922,-0.5719675,0.018101,0.819645
1751960729481,6.503553,SteamVR Tracker (Right Foot),-4.577479,-1.168444,3.34428,0.3295479,0.04982389,0.5690877,0.7517014
1751960729481,6.503553,SteamVR Tracker (Left Foot),-0.1833008,0.03964829,-0.08502364,0.3709956,0.6553311,0.4347547,-0.4938542
1751960729481,6.503553,SteamVR Tracker (Waist),-0.3095579,0.9884558,0.11423,-0.02632162,-0.572144,0.01828992,0.8195266
1751960729495,6.520728,SteamVR Tracker (Right Foot),-4.577397,-1.168447,3.344345,0.3293037,0.04966867,0.5691962,0.7517365
1751960729495,6.520728,SteamVR Tracker (Left Foot),-0.1832176,0.03951764,-0.0850597,0.3709196,0.6553558,0.4348291,-0.493813
1751960729495,6.520728,SteamVR Tracker (Waist),-0.3094077,0.9884928,0.1140268,-0.02759141,-0.572491,0.01757677,0.8192581
1751960729530,6.554875,SteamVR Tracker (Right Foot),-4.577513,-1.168431,3.344419,0.3294412,0.0497302,0.5691339,0.7517194
1751960729530,6.554875,SteamVR Tracker (Left Foot),-0.1831839,0.03958893,-0.08508235,0.3710166,0.6552618,0.4348034,-0.4938873
1751960729530,6.554875,SteamVR Tracker (Waist),-0.3089978,0.9884437,0.1137042,-0.0267947,-0.5731414,0.01788957,0.8188229
1751960729562,6.586302,SteamVR Tracker (Right Foot),-4.57745,-1.16845,3.344205,0.3297008,0.04986846,0.5690851,0.7516333
1751960729562,6.586302,SteamVR Tracker (Left Foot),-0.1834176,0.0396986,-0.08511478,0.3709191,0.6552835,0.4347637,-0.4939668
1751960729562,6.586302,SteamVR Tracker (Waist),-0.3090179,0.9886366,0.113327,-0.02598124,-0.5727464,0.01885801,0.8191037
1751960729596,6.620338,SteamVR Tracker (Right Foot),-4.577474,-1.168375,3.344256,0.3296044,0.04992351,0.5690727,0.7516814
1751960729596,6.620338,SteamVR Tracker (Left Foot),-0.1834175,0.0396409,-0.08498365,0.3710544,0.6551485,0.4348764,-0.4939448
1751960729596,6.620338,SteamVR Tracker (Waist),-0.3088683,0.9888495,0.1130025,-0.02802775,-0.5732722,0.01750525,0.8186984
1751960729657,6.680491,SteamVR Tracker (Right Foot),-4.577617,-1.168387,3.344207,0.3296646,0.04980603,0.5690494,0.7516804
1751960729657,6.680491,SteamVR Tracker (Left Foot),-0.183234,0.03958321,-0.0850063,0.3711248,0.6552614,0.4347449,-0.4938581
1751960729657,6.680491,SteamVR Tracker (Waist),-0.3087806,0.9887445,0.1130864,-0.02659785,-0.5724365,0.01804877,0.8193188
1751960729670,6.69566,SteamVR Tracker (Right Foot),-4.577562,-1.168265,3.344249,0.3296291,0.04974204,0.5691426,0.7516296
1751960729670,6.69566,SteamVR Tracker (Left Foot),-0.1831747,0.03962827,-0.08497506,0.3710971,0.6552436,0.4347311,-0.4939147
1751960729670,6.69566,SteamVR Tracker (Waist),-0.3086356,0.9887133,0.1128542,-0.02593787,-0.5722067,0.01837632,0.8194932
1751960729703,6.727553,SteamVR Tracker (Right Foot),-4.577466,-1.168551,3.344141,0.3298146,0.04974966,0.5690902,0.7515874
1751960729704,6.727553,SteamVR Tracker (Left Foot),-0.1833074,0.03962302,-0.08515549,0.3711062,0.6553062,0.4345961,-0.4939435
1751960729704,6.727553,SteamVR Tracker (Waist),-0.3086329,0.988638,0.1124976,-0.02639455,-0.5721468,0.01810159,0.8195266
1751960729738,6.762427,SteamVR Tracker (Right Foot),-4.577474,-1.168439,3.344185,0.3296897,0.04985707,0.569161,0.7515815
1751960729738,6.762427,SteamVR Tracker (Left Foot),-0.1832252,0.03964186,-0.08500004,0.370989,0.655345,0.4346402,-0.4939414
1751960729738,6.762427,SteamVR Tracker (Waist),-0.3084769,0.9885378,0.112351,-0.02599818,-0.5720804,0.01857894,0.819575
1751960729769,6.793874,SteamVR Tracker (Right Foot),-4.577632,-1.16831,3.34435,0.3297311,0.04978533,0.569095,0.7516181
1751960729769,6.793874,SteamVR Tracker (Left Foot),-0.183221,0.03962421,-0.08495009,0.3710989,0.6553373,0.4346179,-0.4938887
1751960729769,6.793874,SteamVR Tracker (Waist),-0.308195,0.9886084,0.1122219,-0.02601232,-0.5722713,0.01847624,0.8194435
1751960729831,6.853811,SteamVR Tracker (Right Foot),-4.57754,-1.168432,3.344195,0.329785,0.04980207,0.5690444,0.7516315
1751960729831,6.853811,SteamVR Tracker (Left Foot),-0.1832851,0.03968477,-0.08513868,0.3710636,0.6553572,0.434648,-0.4938623
1751960729831,6.853811,SteamVR Tracker (Waist),-0.3081069,0.98843,0.1118068,-0.0256664,-0.5720924,0.01887148,0.8195702
1751960729845,6.87031,SteamVR Tracker (Right Foot),-4.577515,-1.168453,3.34408,0.329688,0.04983981,0.5691525,0.7515899
1751960729845,6.87031,SteamVR Tracker (Left Foot),-0.1833093,0.03982973,-0.08508557,0.3710657,0.6552923,0.4346482,-0.4939466
1751960729845,6.87031,SteamVR Tracker (Waist),-0.3080523,0.9884484,0.1114683,-0.02549982,-0.5722464,0.01894889,0.8194662
1751960729879,6.903622,SteamVR Tracker (Right Foot),-4.577512,-1.168583,3.344036,0.3298675,0.04979496,0.5690773,0.751571
1751960729880,6.903622,SteamVR Tracker (Left Foot),-0.1832665,0.0398345,-0.08515489,0.371055,0.6552863,0.4346305,-0.4939783
1751960729880,6.903622,SteamVR Tracker (Waist),-0.3079821,0.9885843,0.1113009,-0.02606085,-0.5728732,0.01863576,0.8190176
1751960729913,6.937929,SteamVR Tracker (Right Foot),-4.577601,-1.168361,3.34407,0.3297429,0.04992977,0.569155,0.7515578
1751960729913,6.937929,SteamVR Tracker (Left Foot),-0.1832881,0.03984189,-0.08509368,0.3709974,0.6553833,0.4346713,-0.4938568
1751960729914,6.937929,SteamVR Tracker (Waist),-0.3079202,0.9886175,0.1112338,-0.02572783,-0.5727031,0.01914999,0.8191352
1751960729947,6.971308,SteamVR Tracker (Right Foot),-4.577671,-1.168204,3.344249,0.3297475,0.04981209,0.5691237,0.7515874
1751960729947,6.971308,SteamVR Tracker (Left Foot),-0.1831605,0.03966236,-0.08496547,0.3710207,0.6553557,0.4346213,-0.49392
1751960729947,6.971308,SteamVR Tracker (Waist),-0.3076953,0.9882295,0.1110725,-0.02570804,-0.5730438,0.01901611,0.8189007
1751960730003,7.026865,SteamVR Tracker (Right Foot),-4.577703,-1.168371,3.344076,0.3297997,0.049709,0.5690672,0.7516142
1751960730003,7.026865,SteamVR Tracker (Left Foot),-0.1833337,0.03981352,-0.08504623,0.3710168,0.6553805,0.4345011,-0.4939958
1751960730003,7.026865,SteamVR Tracker (Waist),-0.3077582,0.9879882,0.1106958,-0.02578024,-0.5729378,0.01920267,0.8189682
1751960730018,7.042761,SteamVR Tracker (Right Foot),-4.577758,-1.16849,3.344128,0.3297653,0.04962713,0.5691105,0.7516018
1751960730018,7.042761,SteamVR Tracker (Left Foot),-0.1834388,0.03996062,-0.08513147,0.3709967,0.6554093,0.4344373,-0.4940287
1751960730018,7.042761,SteamVR Tracker (Waist),-0.3077225,0.9878842,0.1103508,-0.0256537,-0.5733946,0.01970292,0.8186405
1751960730052,7.077036,SteamVR Tracker (Right Foot),-4.577579,-1.168516,3.344047,0.3298794,0.04961753,0.5690991,0.751561
1751960730052,7.077036,SteamVR Tracker (Left Foot),-0.1833937,0.03988957,-0.08511162,0.3710392,0.6553631,0.434563,-0.4939475
1751960730052,7.077036,SteamVR Tracker (Waist),-0.3076355,0.9879928,0.1103348,-0.0262192,-0.5735349,0.0193051,0.8185339
1751960730085,7.109637,SteamVR Tracker (Right Foot),-4.577579,-1.168429,3.344064,0.3298746,0.04982911,0.5691328,0.7515236
1751960730085,7.109637,SteamVR Tracker (Left Foot),-0.183149,0.03980422,-0.08513391,0.3711693,0.6553059,0.4345539,-0.4939336
1751960730085,7.109637,SteamVR Tracker (Waist),-0.3077231,0.9879214,0.1103039,-0.02664223,-0.5728196,0.01937973,0.8190192
1751960730119,7.143553,SteamVR Tracker (Right Foot),-4.577636,-1.1684,3.344102,0.3299288,0.04975506,0.5690521,0.7515659
1751960730119,7.143553,SteamVR Tracker (Left Foot),-0.1833506,0.03983998,-0.08509654,0.3710917,0.655355,0.4345551,-0.4939258
1751960730119,7.143553,SteamVR Tracker (Waist),-0.3076351,0.9878716,0.1104245,-0.02573675,-0.5727211,0.02010642,0.8190994
1751960730170,7.195858,SteamVR Tracker (Right Foot),-4.577605,-1.168384,3.344191,0.3298436,0.04975045,0.5690715,0.7515888
1751960730170,7.195858,SteamVR Tracker (Left Foot),-0.1832592,0.03983426,-0.08521473,0.3710113,0.6553128,0.4345972,-0.4940051
1751960730170,7.195858,SteamVR Tracker (Waist),-0.3075422,0.9879607,0.1105092,-0.02605547,-0.5722063,0.01976117,0.8194575
1751960730181,7.207271,SteamVR Tracker (Right Foot),-4.577528,-1.168279,3.344214,0.3298377,0.04981463,0.5691544,0.7515244
1751960730181,7.207271,SteamVR Tracker (Left Foot),-0.1832187,0.03977513,-0.08512783,0.3710663,0.6553543,0.4345783,-0.4939254
1751960730181,7.207271,SteamVR Tracker (Waist),-0.3075415,0.9878128,0.110578,-0.02645599,-0.5712233,0.0195744,0.8201347
1751960730217,7.241461,SteamVR Tracker (Right Foot),-4.577493,-1.168456,3.344041,0.3299188,0.04993955,0.5691492,0.7514845
1751960730217,7.241461,SteamVR Tracker (Left Foot),-0.1832929,0.03975439,-0.08523315,0.3710111,0.6553717,0.434489,-0.4940224
1751960730217,7.241461,SteamVR Tracker (Waist),-0.3078624,0.9878396,0.1106122,-0.02654199,-0.5719486,0.01963444,0.8196248
1751960730255,7.278188,SteamVR Tracker (Right Foot),-4.577549,-1.168503,3.344004,0.3300391,0.04994284,0.5690609,0.7514983
1751960730255,7.278188,SteamVR Tracker (Left Foot),-0.183268,0.03969097,-0.08523095,0.3710197,0.6554173,0.4344662,-0.4939754
1751960730255,7.278188,SteamVR Tracker (Waist),-0.3080819,0.9878187,0.1108522,-0.02561375,-0.5709521,0.02023095,0.8203343
1751960730283,7.306625,SteamVR Tracker (Right Foot),-4.577498,-1.16831,3.344245,0.3299976,0.04983459,0.5691714,0.75144
1751960730283,7.306625,SteamVR Tracker (Left Foot),-0.1831758,0.03971314,-0.08514661,0.3708259,0.6553989,0.4344728,-0.4941396
1751960730283,7.306625,SteamVR Tracker (Waist),-0.3079956,0.9879496,0.1109042,-0.02564185,-0.5706005,0.01990792,0.820586
1751960730345,7.36838,SteamVR Tracker (Right Foot),-4.577606,-1.168571,3.344079,0.3300121,0.04983668,0.5691109,0.7514793
1751960730345,7.36838,SteamVR Tracker (Left Foot),-0.1832106,0.03983426,-0.08525079,0.3709233,0.6554179,0.434506,-0.494012
1751960730345,7.36838,SteamVR Tracker (Waist),-0.3081486,0.9879421,0.1106428,-0.02573918,-0.5706044,0.0202681,0.8205714
1751960730361,7.387084,SteamVR Tracker (Right Foot),-4.577669,-1.168589,3.344114,0.3298916,0.04982822,0.5692178,0.7514518
1751960730362,7.387084,SteamVR Tracker (Left Foot),-0.1833068,0.03990293,-0.08514947,0.3709264,0.6553593,0.4345839,-0.494019
1751960730362,7.387084,SteamVR Tracker (Waist),-0.3082872,0.9879137,0.1105684,-0.02564045,-0.570067,0.0204811,0.8209426
1751960730396,7.42043,SteamVR Tracker (Right Foot),-4.577677,-1.168482,3.344229,0.3300639,0.0496941,0.5691612,0.7514279
1751960730396,7.42043,SteamVR Tracker (Left Foot),-0.1834582,0.0397408,-0.08500713,0.3710036,0.6553695,0.4345458,-0.4939809
1751960730396,7.42043,SteamVR Tracker (Waist),-0.3080734,0.9878964,0.1106589,-0.02588072,-0.5705075,0.02009931,0.8206384
1751960730429,7.454442,SteamVR Tracker (Right Foot),-4.577592,-1.168498,3.344187,0.330088,0.04964893,0.5691537,0.7514259
1751960730429,7.454442,SteamVR Tracker (Left Foot),-0.1832013,0.03965664,-0.08517534,0.3708904,0.6554931,0.4344351,-0.4939993
1751960730429,7.454442,SteamVR Tracker (Waist),-0.3082371,0.9879929,0.1104537,-0.0259425,-0.5709584,0.02014979,0.8203216
1751960730464,7.488507,SteamVR Tracker (Right Foot),-4.577606,-1.168366,3.344154,0.3300654,0.04975274,0.5692951,0.7513219
1751960730464,7.488507,SteamVR Tracker (Left Foot),-0.1832067,0.0397644,-0.08513641,0.370864,0.6554466,0.4345458,-0.4939834
1751960730464,7.488507,SteamVR Tracker (Waist),-0.3083809,0.987718,0.1102667,-0.02619123,-0.5708199,0.02020705,0.8204086
1751960730525,7.548522,SteamVR Tracker (Right Foot),-4.57756,-1.168424,3.344055,0.3300354,0.04968215,0.5692331,0.7513868
1751960730525,7.548522,SteamVR Tracker (Left Foot),-0.1832769,0.03982425,-0.08512807,0.3708186,0.6554718,0.4344703,-0.4940505
1751960730525,7.548522,SteamVR Tracker (Waist),-0.3086852,0.9876206,0.1100107,-0.0259598,-0.5706691,0.02025519,0.8205197
1751960730537,7.562547,SteamVR Tracker (Right Foot),-4.577558,-1.16847,3.344066,0.3300841,0.04949174,0.5692521,0.7513636
1751960730537,7.562547,SteamVR Tracker (Left Foot),-0.1832316,0.03981137,-0.08509326,0.3708195,0.6554236,0.4344419,-0.4941387
1751960730537,7.562547,SteamVR Tracker (Waist),-0.3089337,0.9875482,0.1099535,-0.02613719,-0.5708618,0.02023055,0.8203807
1751960730571,7.597493,SteamVR Tracker (Right Foot),-4.577613,-1.168453,3.343961,0.3301212,0.0494874,0.5692239,0.7513688
1751960730571,7.597493,SteamVR Tracker (Left Foot),-0.1832609,0.03990054,-0.08503306,0.3708697,0.6554384,0.4345064,-0.4940247
1751960730571,7.597493,SteamVR Tracker (Waist),-0.3089687,0.9875258,0.1099021,-0.02607605,-0.5712665,0.0204133,0.8200963
1751960730604,7.629425,SteamVR Tracker (Right Foot),-4.577545,-1.168344,3.344116,0.3301018,0.04966819,0.5692524,0.7513438
1751960730605,7.629425,SteamVR Tracker (Left Foot),-0.1833869,0.04000235,-0.0851357,0.3707728,0.6554801,0.4343908,-0.4941437
1751960730605,7.629425,SteamVR Tracker (Waist),-0.308898,0.9875985,0.1098587,-0.02594529,-0.5713435,0.02048627,0.8200451
1751960730640,7.664244,SteamVR Tracker (Right Foot),-4.577638,-1.16841,3.344065,0.3300348,0.04953204,0.5692208,0.7514063
1751960730641,7.664244,SteamVR Tracker (Left Foot),-0.1833306,0.03999877,-0.08518618,0.3708048,0.6555293,0.4344314,-0.4940187
1751960730641,7.664244,SteamVR Tracker (Waist),-0.308984,0.9873308,0.1095685,-0.02637718,-0.5716227,0.02025451,0.8198423
1751960730699,7.722936,SteamVR Tracker (Right Foot),-4.577594,-1.168452,3.34409,0.330073,0.04966885,0.5691993,0.7513967
1751960730699,7.722936,SteamVR Tracker (Left Foot),-0.1833788,0.03999925,-0.08520454,0.3707663,0.6556581,0.4343431,-0.4939545
1751960730700,7.722936,SteamVR Tracker (Waist),-0.3091945,0.9875071,0.1093624,-0.02662736,-0.5718296,0.02040965,0.8196862
1751960730712,7.738461,SteamVR Tracker (Right Foot),-4.57769,-1.168525,3.344081,0.3301584,0.04959887,0.5691061,0.7514344
1751960730713,7.738461,SteamVR Tracker (Left Foot),-0.1834452,0.04014492,-0.08521235,0.3708028,0.6556357,0.4343404,-0.493959
1751960730713,7.738461,SteamVR Tracker (Waist),-0.3092791,0.9874094,0.1090057,-0.02678868,-0.5721547,0.02046067,0.8194527
1751960730747,7.772133,SteamVR Tracker (Right Foot),-4.577759,-1.168605,3.344115,0.330044,0.04957458,0.569169,0.7514386
1751960730747,7.772133,SteamVR Tracker (Left Foot),-0.183371,0.04012036,-0.08514583,0.3708397,0.6556106,0.434397,-0.493915
1751960730747,7.772133,SteamVR Tracker (Waist),-0.3092469,0.9873254,0.1089265,-0.02639335,-0.5724008,0.02076741,0.8192859
1751960730782,7.806106,SteamVR Tracker (Right Foot),-4.577689,-1.168474,3.344064,0.3300659,0.04954768,0.5691259,0.7514635
1751960730782,7.806106,SteamVR Tracker (Left Foot),-0.1832044,0.03988957,-0.08510941,0.3708064,0.6555712,0.4344479,-0.4939474
1751960730782,7.806106,SteamVR Tracker (Waist),-0.3092119,0.9872644,0.10869,-0.02661211,-0.5715616,0.02108312,0.8198565
1751960730814,7.838857,SteamVR Tracker (Right Foot),-4.57764,-1.168329,3.344111,0.3301249,0.04962387,0.5691572,0.7514087
1751960730814,7.838857,SteamVR Tracker (Left Foot),-0.1833737,0.03989148,-0.08507341,0.3708194,0.6556574,0.4343177,-0.4939377
1751960730814,7.838857,SteamVR Tracker (Waist),-0.3092739,0.98734,0.1086017,-0.0279635,-0.5717756,0.02047375,0.8196778
1751960730874,7.896802,SteamVR Tracker (Right Foot),-4.57757,-1.168482,3.344115,0.330112,0.04973342,0.5692011,0.7513739
1751960730875,7.896802,SteamVR Tracker (Left Foot),-0.1833753,0.03992009,-0.08523214,0.3707677,0.6557353,0.4342989,-0.4938897
1751960730875,7.896802,SteamVR Tracker (Waist),-0.3095277,0.9872164,0.1084603,-0.02733355,-0.5715366,0.02107203,0.8198504
1751960730888,7.913867,SteamVR Tracker (Right Foot),-4.577567,-1.168507,3.344126,0.330142,0.04964609,0.5691311,0.7514194
1751960730888,7.913867,SteamVR Tracker (Left Foot),-0.1833811,0.03999853,-0.08522087,0.3707446,0.6557547,0.4341945,-0.4939731
1751960730889,7.913867,SteamVR Tracker (Waist),-0.3097024,0.9871216,0.1083651,-0.02727966,-0.5711781,0.02151141,0.8200906
1751960730924,7.947693,SteamVR Tracker (Right Foot),-4.577538,-1.168501,3.344098,0.3301977,0.04959722,0.5692376,0.7513176
1751960730925,7.947693,SteamVR Tracker (Left Foot),-0.1834119,0.03997707,-0.08521026,0.3707688,0.6557505,0.4343034,-0.4938648
1751960730925,7.947693,SteamVR Tracker (Waist),-0.3099485,0.9872022,0.1083216,-0.0293215,-0.571147,0.02030648,0.8200725
1751960730954,7.979541,SteamVR Tracker (Right Foot),-4.577538,-1.168519,3.344056,0.3301397,0.0496357,0.569212,0.75136
1751960730954,7.979541,SteamVR Tracker (Left Foot),-0.1835054,0.03992534,-0.08511376,0.3707747,0.6556716,0.4343232,-0.4939477
1751960730955,7.979541,SteamVR Tracker (Waist),-0.3101678,0.9871087,0.1083056,-0.02900685,-0.5715705,0.02062839,0.8197807
1751960730991,8.014294,SteamVR Tracker (Right Foot),-4.577592,-1.168479,3.343945,0.3301548,0.04959996,0.569264,0.7513162
1751960730991,8.014294,SteamVR Tracker (Left Foot),-0.1833426,0.03998089,-0.08524758,0.3706466,0.6557211,0.4343744,-0.493933
1751960730991,8.014294,SteamVR Tracker (Waist),-0.310219,0.9870487,0.1083661,-0.02848211,-0.5714979,0.02137286,0.8198307
1751960731048,8.071321,SteamVR Tracker (Right Foot),-4.577611,-1.168404,3.344038,0.330219,0.04966855,0.5692265,0.751312
1751960731048,8.071321,SteamVR Tracker (Left Foot),-0.183336,0.03982162,-0.0852108,0.3706799,0.6557491,0.4343178,-0.4939205
1751960731048,8.071321,SteamVR Tracker (Waist),-0.3105974,0.9870543,0.1081528,-0.02908837,-0.5714841,0.02082595,0.819833
1751960731061,8.085708,SteamVR Tracker (Right Foot),-4.577591,-1.168469,3.344155,0.3302591,0.04977497,0.5692317,0.7512833
1751960731061,8.085708,SteamVR Tracker (Left Foot),-0.183329,0.03995419,-0.08524042,0.3706347,0.655769,0.4344005,-0.4938555
1751960731061,8.085708,SteamVR Tracker (Waist),-0.3108685,0.9870708,0.1080222,-0.02960174,-0.5718923,0.02078126,0.819531
1751960731095,8.11905,SteamVR Tracker (Right Foot),-4.577582,-1.168438,3.344266,0.3302722,0.04970393,0.5692545,0.751265
1751960731095,8.11905,SteamVR Tracker (Left Foot),-0.1833137,0.03988218,-0.08518958,0.3707054,0.6558165,0.4342469,-0.4938743
1751960731095,8.11905,SteamVR Tracker (Waist),-0.311168,0.9869046,0.1080429,-0.0294785,-0.5725548,0.02149068,0.8190544
1751960731130,8.152499,SteamVR Tracker (Right Foot),-4.577651,-1.168519,3.344035,0.3302463,0.04964742,0.5692984,0.7512469
1751960731130,8.152499,SteamVR Tracker (Left Foot),-0.1832082,0.03984952,-0.08522761,0.3705544,0.6558401,0.4343126,-0.4938985
1751960731130,8.152499,SteamVR Tracker (Waist),-0.3115171,0.9868892,0.1079587,-0.02941826,-0.5727413,0.02138363,0.8189291
1751960731161,8.183918,SteamVR Tracker (Right Foot),-4.577481,-1.168509,3.344162,0.3302591,0.04977387,0.5692153,0.7512959
1751960731161,8.183918,SteamVR Tracker (Left Foot),-0.1833437,0.04000235,-0.08512801,0.3705208,0.6558483,0.4342944,-0.4939289
1751960731161,8.183918,SteamVR Tracker (Waist),-0.3117082,0.9869404,0.1078204,-0.0298831,-0.5725226,0.02135609,0.8190658
1751960731224,8.24765,SteamVR Tracker (Right Foot),-4.577551,-1.168406,3.344021,0.3303296,0.04967998,0.5692686,0.7512308
1751960731225,8.24765,SteamVR Tracker (Left Foot),-0.1833715,0.03987908,-0.08521348,0.3705904,0.656015,0.4340791,-0.4938446
1751960731225,8.24765,SteamVR Tracker (Waist),-0.3120365,0.9870405,0.1077174,-0.03018572,-0.5735387,0.02169201,0.8183346
1751960731238,8.26297,SteamVR Tracker (Right Foot),-4.57763,-1.168532,3.343842,0.3303025,0.04965006,0.5692571,0.7512532
1751960731238,8.26297,SteamVR Tracker (Left Foot),-0.1833569,0.03990889,-0.08529681,0.3703704,0.6560329,0.4341612,-0.4939137
1751960731238,8.26297,SteamVR Tracker (Waist),-0.3125948,0.9870366,0.1074568,-0.03052732,-0.5746614,0.02199798,0.8175259
1751960731272,8.296916,SteamVR Tracker (Right Foot),-4.57757,-1.168457,3.34387,0.3303771,0.04971426,0.5692566,0.7512166
1751960731272,8.296916,SteamVR Tracker (Left Foot),-0.1833493,0.03990865,-0.08516753,0.3703475,0.6561208,0.4339744,-0.4939782
1751960731272,8.296916,SteamVR Tracker (Waist),-0.3126526,0.986753,0.1072901,-0.03091573,-0.575468,0.02188094,0.8169468
1751960731303,8.327515,SteamVR Tracker (Right Foot),-4.577567,-1.168542,3.343894,0.3304211,0.04976929,0.5692999,0.7511608
1751960731303,8.327515,SteamVR Tracker (Left Foot),-0.1834236,0.03997087,-0.08528256,0.3702663,0.6562719,0.4337966,-0.4939944
1751960731303,8.327515,SteamVR Tracker (Waist),-0.3128,0.9867176,0.1070254,-0.03052501,-0.5744432,0.02246518,0.8176666
1751960731337,8.361834,SteamVR Tracker (Right Foot),-4.577614,-1.168307,3.343982,0.3303773,0.04985924,0.5692841,0.7511861
1751960731337,8.361834,SteamVR Tracker (Left Foot),-0.1833927,0.0399437,-0.08518636,0.3702455,0.656351,0.433695,-0.4939942
1751960731337,8.361834,SteamVR Tracker (Waist),-0.3128885,0.9865878,0.1068812,-0.03044728,-0.575137,0.02250591,0.8171805
1751960731394,8.41818,SteamVR Tracker (Right Foot),-4.577588,-1.168405,3.34395,0.3304846,0.04973513,0.569279,0.751151
1751960731394,8.41818,SteamVR Tracker (Left Foot),-0.1832922,0.03981543,-0.0852018,0.3702449,0.6564192,0.433656,-0.4939383
1751960731394,8.41818,SteamVR Tracker (Waist),-0.3132745,0.9864981,0.1066014,-0.03070119,-0.5750562,0.02280577,0.8172196
1751960731410,8.43501,SteamVR Tracker (Right Foot),-4.577579,-1.168418,3.343867,0.3305154,0.04973544,0.5693196,0.7511066
1751960731410,8.43501,SteamVR Tracker (Left Foot),-0.1832517,0.0398922,-0.08522904,0.3700935,0.6564104,0.4337117,-0.4940145
1751960731410,8.43501,SteamVR Tracker (Waist),-0.3135357,0.9865348,0.1063408,-0.03154539,-0.5754869,0.02237226,0.8168961
1751960731438,8.46195,SteamVR Tracker (Right Foot),-4.577522,-1.168337,3.343982,0.3303385,0.04980044,0.569445,0.7510852
1751960731439,8.46195,SteamVR Tracker (Left Foot),-0.1833145,0.03980279,-0.08516788,0.3701535,0.6565166,0.4335705,-0.4939525
1751960731439,8.46195,SteamVR Tracker (Waist),-0.3134553,0.9864873,0.1062679,-0.03137466,-0.5751238,0.02231893,0.8171598
1751960731468,8.49244,SteamVR Tracker (Right Foot),-4.577598,-1.168358,3.343917,0.3304665,0.04988223,0.5693637,0.751085
1751960731469,8.49244,SteamVR Tracker (Left Foot),-0.1832622,0.03983164,-0.08524352,0.3701064,0.65659,0.4334821,-0.4939679
1751960731469,8.49244,SteamVR Tracker (Waist),-0.3136663,0.9863091,0.1062182,-0.03020747,-0.5750877,0.02361793,0.8171927
1751960731494,8.519892,SteamVR Tracker (Right Foot),-4.57764,-1.168527,3.343858,0.3304729,0.04984427,0.5693834,0.7510698
1751960731494,8.519892,SteamVR Tracker (Left Foot),-0.1835546,0.03990126,-0.08520991,0.3701152,0.6566302,0.4334276,-0.4939556
1751960731494,8.519892,SteamVR Tracker (Waist),-0.3139774,0.9862311,0.1062052,-0.02966243,-0.5748342,0.02420711,0.8173737
1751960731547,8.570932,SteamVR Tracker (Right Foot),-4.577674,-1.168417,3.3439,0.3305001,0.0498723,0.5694008,0.7510427
1751960731547,8.570932,SteamVR Tracker (Left Foot),-0.1835162,0.03986287,-0.08524877,0.3699973,0.6566975,0.4334062,-0.4939732
1751960731547,8.570932,SteamVR Tracker (Waist),-0.3142496,0.986377,0.1061825,-0.03081707,-0.5743052,0.02343818,0.8177252
1751960731559,8.584546,SteamVR Tracker (Right Foot),-4.577701,-1.168451,3.34393,0.3304254,0.04985281,0.5693674,0.7511023
1751960731559,8.584546,SteamVR Tracker (Left Foot),-0.1834462,0.0398283,-0.08529156,0.3699247,0.6567785,0.4332906,-0.4940214
1751960731559,8.584546,SteamVR Tracker (Waist),-0.3144784,0.9863689,0.1062279,-0.03147462,-0.5736669,0.02312177,0.8181571
1751960731589,8.614448,SteamVR Tracker (Right Foot),-4.577745,-1.168489,3.343926,0.3305762,0.0499715,0.5693891,0.7510115
1751960731589,8.614448,SteamVR Tracker (Left Foot),-0.1834905,0.03986979,-0.08521527,0.3698305,0.6569273,0.4332507,-0.4939288
1751960731589,8.614448,SteamVR Tracker (Waist),-0.3146274,0.9864094,0.1062148,-0.0312434,-0.5730926,0.02350086,0.8185576
1751960731621,8.646193,SteamVR Tracker (Right Foot),-4.577487,-1.168428,3.343893,0.3305347,0.04988529,0.5693449,0.751069
1751960731621,8.646193,SteamVR Tracker (Left Foot),-0.1836813,0.03981924,-0.08520359,0.3697661,0.656857,0.4332188,-0.4940986
1751960731621,8.646193,SteamVR Tracker (Waist),-0.314733,0.9863014,0.1062012,-0.03056389,-0.5730631,0.0240032,0.8185893
1751960731648,8.673922,SteamVR Tracker (Right Foot),-4.577518,-1.168381,3.343893,0.330615,0.04988702,0.5694159,0.7509797
1751960731648,8.673922,SteamVR Tracker (Left Foot),-0.18345,0.03978372,-0.08519518,0.3698654,0.6568159,0.4332291,-0.4940699
1751960731648,8.673922,SteamVR Tracker (Waist),-0.3147489,0.9863467,0.1062489,-0.03066132,-0.5724362,0.02384329,0.8190288
1751960731700,8.724831,SteamVR Tracker (Right Foot),-4.577646,-1.168502,3.343884,0.33061,0.0499559,0.5693943,0.7509937
1751960731700,8.724831,SteamVR Tracker (Left Foot),-0.1835025,0.03974485,-0.08526593,0.3698132,0.6569229,0.4331121,-0.4940695
1751960731700,8.724831,SteamVR Tracker (Waist),-0.3151098,0.9866341,0.1061463,-0.031541,-0.5730854,0.0235781,0.8185489
1751960731710,8.736465,SteamVR Tracker (Right Foot),-4.577658,-1.16845,3.343939,0.3307416,0.04994266,0.5693951,0.750936
1751960731711,8.736465,SteamVR Tracker (Left Foot),-0.1835491,0.03973913,-0.08522922,0.3697223,0.6569803,0.4330188,-0.4941428
1751960731711,8.736465,SteamVR Tracker (Waist),-0.3152147,0.9867305,0.1061431,-0.03238312,-0.5732584,0.02308672,0.8184089
1751960731742,8.766252,SteamVR Tracker (Right Foot),-4.577697,-1.168336,3.34394,0.3307163,0.05004617,0.5694243,0.7509182
1751960731742,8.766252,SteamVR Tracker (Left Foot),-0.1835789,0.03968501,-0.08512974,0.3697883,0.6569209,0.433091,-0.4941091
1751960731742,8.766252,SteamVR Tracker (Waist),-0.3152744,0.9865546,0.1061872,-0.03211006,-0.5725951,0.02325935,0.8188791
1751960731770,8.794089,SteamVR Tracker (Right Foot),-4.577615,-1.168427,3.344042,0.3306355,0.05013813,0.5693439,0.7510086
1751960731770,8.794089,SteamVR Tracker (Left Foot),-0.1835075,0.03977966,-0.08531451,0.3697735,0.6570057,0.4330145,-0.4940744
1751960731770,8.794089,SteamVR Tracker (Waist),-0.3154604,0.9865304,0.1060321,-0.03127965,-0.5721972,0.0239879,0.8191683
1751960731793,8.818923,SteamVR Tracker (Right Foot),-4.577591,-1.168598,3.343921,0.3308728,0.05003016,0.5693947,0.7508728
1751960731793,8.818923,SteamVR Tracker (Left Foot),-0.183644,0.03987527,-0.08530009,0.3696397,0.6571307,0.4328527,-0.4941501
1751960731793,8.818923,SteamVR Tracker (Waist),-0.3158377,0.9865745,0.1058329,-0.03147051,-0.5727694,0.02380639,0.8187662
1751960731828,8.851985,SteamVR Tracker (Right Foot),-4.577636,-1.168584,3.344013,0.330821,0.05005518,0.5693623,0.7509184
1751960731828,8.851985,SteamVR Tracker (Left Foot),-0.1835231,0.03982425,-0.08530855,0.3695628,0.6572082,0.4327562,-0.4941889
1751960731829,8.851985,SteamVR Tracker (Waist),-0.315842,0.9865544,0.1058208,-0.03195153,-0.5738367,0.02365686,0.8180042
1751960731875,8.899363,SteamVR Tracker (Right Foot),-4.577695,-1.168405,3.344005,0.3306721,0.05011075,0.5694113,0.7509432
1751960731875,8.899363,SteamVR Tracker (Left Foot),-0.1836375,0.03984475,-0.08518797,0.3695731,0.657124,0.4328655,-0.4941975
1751960731875,8.899363,SteamVR Tracker (Waist),-0.3157722,0.9865495,0.1058452,-0.03133054,-0.5727529,0.0238531,0.8187817
1751960731885,8.910706,SteamVR Tracker (Right Foot),-4.577705,-1.16841,3.344065,0.3306892,0.05017159,0.5694011,0.7509392
1751960731885,8.910706,SteamVR Tracker (Left Foot),-0.1836672,0.03987217,-0.08514851,0.3695117,0.6572501,0.4327819,-0.4941489
1751960731885,8.910706,SteamVR Tracker (Waist),-0.3158004,0.986405,0.1056912,-0.03125012,-0.5726337,0.02388366,0.8188673
1751960731916,8.942178,SteamVR Tracker (Right Foot),-4.577562,-1.168418,3.34388,0.3307484,0.05003538,0.5694185,0.7509091
1751960731916,8.942178,SteamVR Tracker (Left Foot),-0.1836046,0.03978252,-0.08523524,0.3695103,0.657244,0.4328152,-0.4941292
1751960731916,8.942178,SteamVR Tracker (Waist),-0.3159504,0.9864607,0.1054949,-0.03204491,-0.5738392,0.02360197,0.8180003
1751960731945,8.970875,SteamVR Tracker (Right Foot),-4.577584,-1.168434,3.343873,0.3307484,0.05001752,0.569456,0.7508819
1751960731945,8.970875,SteamVR Tracker (Left Foot),-0.1837862,0.03993654,-0.08529991,0.3696296,0.6571453,0.432843,-0.4941467
1751960731945,8.970875,SteamVR Tracker (Waist),-0.3159349,0.986457,0.1053373,-0.03180004,-0.5738721,0.02361091,0.8179866
1751960731978,9.002522,SteamVR Tracker (Right Foot),-4.577584,-1.168499,3.343892,0.3307361,0.05011659,0.5693821,0.7509367
1751960731978,9.002522,SteamVR Tracker (Left Foot),-0.1836989,0.03991699,-0.08526337,0.3695513,0.6572422,0.4328672,-0.4940552
1751960731978,9.002522,SteamVR Tracker (Waist),-0.3159666,0.9863384,0.1052972,-0.0309243,-0.5734823,0.02409567,0.8182794
1751960732035,9.05952,SteamVR Tracker (Right Foot),-4.577534,-1.168557,3.343833,0.3307305,0.05001469,0.5694607,0.7508864
1751960732035,9.05952,SteamVR Tracker (Left Foot),-0.1835965,0.03982401,-0.08532906,0.3697041,0.6571507,0.4328854,-0.4940465
1751960732035,9.05952,SteamVR Tracker (Waist),-0.3160423,0.9865199,0.1051354,-0.03209462,-0.5735534,0.02347238,0.8182026
1751960732049,9.073832,SteamVR Tracker (Right Foot),-4.577396,-1.168654,3.343933,0.3306935,0.05005855,0.569457,0.7509025
1751960732049,9.073832,SteamVR Tracker (Left Foot),-0.183488,0.03978872,-0.08524323,0.3696463,0.6571777,0.4329565,-0.4939916
1751960732049,9.073832,SteamVR Tracker (Waist),-0.3160882,0.9865824,0.1050332,-0.03256128,-0.573875,0.02323857,0.8179654
1751960732084,9.107789,SteamVR Tracker (Right Foot),-4.57747,-1.16834,3.344037,0.3305908,0.05003628,0.5694422,0.7509605
1751960732084,9.107789,SteamVR Tracker (Left Foot),-0.1834967,0.03970027,-0.08520669,0.3697519,0.657047,0.4330011,-0.4940474
1751960732084,9.107789,SteamVR Tracker (Waist),-0.3158259,0.98627,0.1052306,-0.03183607,-0.5737487,0.02340626,0.8180776
1751960732117,9.141687,SteamVR Tracker (Right Foot),-4.577577,-1.168392,3.344,0.3306279,0.04998321,0.5694677,0.7509284
1751960732117,9.141687,SteamVR Tracker (Left Foot),-0.1834826,0.03959656,-0.08518481,0.3697039,0.6571081,0.4328573,-0.4941282
1751960732117,9.141687,SteamVR Tracker (Waist),-0.3158475,0.9863712,0.1051368,-0.032158,-0.5735145,0.0231322,0.8182371
1751960732153,9.176045,SteamVR Tracker (Right Foot),-4.577734,-1.168363,3.343916,0.3305703,0.04994963,0.5694503,0.7509692
1751960732153,9.176045,SteamVR Tracker (Left Foot),-0.1836413,0.03971839,-0.08527195,0.3697108,0.6570857,0.4329401,-0.4940802
1751960732153,9.176045,SteamVR Tracker (Waist),-0.3158291,0.9863784,0.1050758,-0.03247135,-0.5738568,0.02297461,0.8179891
1751960732211,9.235137,SteamVR Tracker (Right Foot),-4.57762,-1.168416,3.343859,0.3305867,0.04997075,0.5695046,0.7509193
1751960732211,9.235137,SteamVR Tracker (Left Foot),-0.1836044,0.0397439,-0.0852952,0.3696928,0.6570891,0.4329363,-0.4940925
1751960732211,9.235137,SteamVR Tracker (Waist),-0.3162702,0.986379,0.1051111,-0.03264838,-0.5739892,0.02271435,0.8178964
1751960732223,9.246731,SteamVR Tracker (Right Foot),-4.577621,-1.168442,3.343886,0.3305516,0.04995578,0.5695264,0.7509193
1751960732223,9.246731,SteamVR Tracker (Left Foot),-0.1836462,0.03982139,-0.08527279,0.3696559,0.6571552,0.432887,-0.4940753
1751960732223,9.246731,SteamVR Tracker (Waist),-0.3165216,0.9863707,0.1050913,-0.03303057,-0.5739263,0.02235479,0.8179352
1751960732260,9.284411,SteamVR Tracker (Right Foot),-4.577634,-1.168472,3.343674,0.3306044,0.04986812,0.5694382,0.7509688
1751960732260,9.284411,SteamVR Tracker (Left Foot),-0.1837183,0.03990293,-0.08534682,0.3696682,0.6571874,0.4328477,-0.4940577
1751960732260,9.284411,SteamVR Tracker (Waist),-0.3166404,0.9863899,0.1049777,-0.03349001,-0.5740337,0.02206196,0.817849
1751960732291,9.316474,SteamVR Tracker (Right Foot),-4.577556,-1.168392,3.343871,0.3306303,0.0499091,0.5694657,0.7509338
1751960732291,9.316474,SteamVR Tracker (Left Foot),-0.1836077,0.03992319,-0.08532691,0.3696215,0.6570969,0.4330251,-0.4940577
1751960732291,9.316474,SteamVR Tracker (Waist),-0.3167779,0.9865172,0.1051264,-0.03466097,-0.5744076,0.02138304,0.8175557
1751960732324,9.348404,SteamVR Tracker (Right Foot),-4.577497,-1.168399,3.343931,0.3305281,0.04999555,0.5694717,0.7509685
1751960732324,9.348404,SteamVR Tracker (Left Foot),-0.1835293,0.03992057,-0.08523762,0.3696736,0.6571118,0.4329978,-0.4940227
1751960732324,9.348404,SteamVR Tracker (Waist),-0.3168545,0.9864901,0.1052324,-0.0351179,-0.5740598,0.02125425,0.8177838
1751960732383,9.407964,SteamVR Tracker (Right Foot),-4.577776,-1.168448,3.343744,0.3306164,0.04998256,0.5694818,0.7509227
1751960732383,9.407964,SteamVR Tracker (Left Foot),-0.1836244,0.03982592,-0.08524042,0.3695908,0.6572034,0.4329082,-0.4940414
1751960732383,9.407964,SteamVR Tracker (Waist),-0.3167882,0.9863719,0.1052898,-0.03512031,-0.5745985,0.0211964,0.8174068
1751960732396,9.421882,SteamVR Tracker (Right Foot),-4.577731,-1.168369,3.343674,0.3306424,0.05000779,0.5694889,0.7509042
1751960732396,9.421882,SteamVR Tracker (Left Foot),-0.1835179,0.03971839,-0.08525419,0.3696282,0.6571889,0.4329594,-0.4939879
1751960732396,9.421882,SteamVR Tracker (Waist),-0.3168928,0.9862837,0.1054574,-0.03590686,-0.5747024,0.02030487,0.8173221
1751960732430,9.455719,SteamVR Tracker (Right Foot),-4.577567,-1.168443,3.343824,0.3305474,0.04999102,0.5694499,0.7509768
1751960732430,9.455719,SteamVR Tracker (Left Foot),-0.1835836,0.03971887,-0.08524072,0.3696452,0.6571415,0.4329458,-0.4940501
1751960732431,9.455719,SteamVR Tracker (Waist),-0.3171496,0.9862576,0.1055358,-0.03524261,-0.5747406,0.02040417,0.8173218
1751960732465,9.489144,SteamVR Tracker (Right Foot),-4.577558,-1.168465,3.343835,0.33062,0.04999961,0.5693862,0.7509926
1751960732465,9.489144,SteamVR Tracker (Left Foot),-0.1835354,0.03980517,-0.08524448,0.3696602,0.6571718,0.432905,-0.4940343
1751960732465,9.489144,SteamVR Tracker (Waist),-0.3174104,0.986349,0.1055322,-0.03574874,-0.5749992,0.02047993,0.817116
1751960732498,9.52155,SteamVR Tracker (Right Foot),-4.577473,-1.168461,3.343824,0.3305709,0.04998643,0.5695316,0.7509048
1751960732498,9.52155,SteamVR Tracker (Left Foot),-0.183653,0.03983521,-0.08537549,0.3696672,0.6571771,0.432868,-0.4940544
1751960732498,9.52155,SteamVR Tracker (Waist),-0.3175929,0.9866796,0.1057814,-0.03688642,-0.5750034,0.01929811,0.8170912
1751960732555,9.579368,SteamVR Tracker (Right Foot),-4.57773,-1.168307,3.343791,0.3306553,0.05004375,0.5694818,0.7509016
1751960732555,9.579368,SteamVR Tracker (Left Foot),-0.1837176,0.03970289,-0.0852232,0.3696268,0.6572503,0.432855,-0.4939986
1751960732555,9.579368,SteamVR Tracker (Waist),-0.3176284,0.9868428,0.1059849,-0.0362104,-0.5755877,0.01930483,0.8167099
1751960732569,9.59519,SteamVR Tracker (Right Foot),-4.577714,-1.168312,3.343795,0.3306035,0.05014804,0.5694231,0.750962
1751960732569,9.59519,SteamVR Tracker (Left Foot),-0.1835396,0.03956819,-0.08525205,0.3696001,0.6572436,0.4328131,-0.4940643
1751960732569,9.59519,SteamVR Tracker (Waist),-0.3179786,0.9870778,0.1060934,-0.03720392,-0.5759086,0.0185081,0.8164573
1751960732604,9.628446,SteamVR Tracker (Right Foot),-4.57764,-1.168352,3.343893,0.3306682,0.0500676,0.5694934,0.7508856
1751960732604,9.628446,SteamVR Tracker (Left Foot),-0.1834378,0.0394814,-0.08526474,0.3696745,0.6572928,0.4327464,-0.4940015
1751960732604,9.628446,SteamVR Tracker (Waist),-0.3179694,0.9870731,0.1061566,-0.03738708,-0.5751886,0.01806562,0.8169662
1751960732641,9.66384,SteamVR Tracker (Right Foot),-4.577597,-1.168268,3.343914,0.3306432,0.05010057,0.56944,0.7509349
1751960732641,9.66384,SteamVR Tracker (Left Foot),-0.1836333,0.03958607,-0.08517855,0.3697152,0.657232,0.4328951,-0.4939217
1751960732641,9.66384,SteamVR Tracker (Waist),-0.3179795,0.9868954,0.1063751,-0.03495395,-0.574943,0.01975979,0.8172076
1751960732673,9.698159,SteamVR Tracker (Right Foot),-4.577568,-1.168459,3.343794,0.3306802,0.0500499,0.5694387,0.750923
1751960732673,9.698159,SteamVR Tracker (Left Foot),-0.1838498,0.03975773,-0.08532095,0.3695759,0.6572981,0.4328854,-0.4939464
1751960732673,9.698159,SteamVR Tracker (Waist),-0.3182432,0.9871185,0.1064166,-0.03647842,-0.5755879,0.01871416,0.8167115
1751960732745,9.766889,SteamVR Tracker (Right Foot),-4.577625,-1.168309,3.343839,0.3306623,0.05006587,0.5693964,0.7509618
1751960732745,9.766889,SteamVR Tracker (Left Foot),-0.1834979,0.03946567,-0.08520281,0.3697032,0.6572531,0.4328861,-0.4939105
1751960732745,9.766889,SteamVR Tracker (Waist),-0.3181596,0.9867706,0.1065651,-0.03557021,-0.5746993,0.01892897,0.8173722
1751960732762,9.78616,SteamVR Tracker (Right Foot),-4.577598,-1.168324,3.343886,0.3306183,0.0501123,0.5693826,0.7509885
1751960732762,9.78616,SteamVR Tracker (Left Foot),-0.1833662,0.03946972,-0.08517373,0.369577,0.6573074,0.43286,-0.4939556
1751960732762,9.78616,SteamVR Tracker (Waist),-0.3183973,0.986656,0.1067234,-0.03379513,-0.5742916,0.02013254,0.8177052
1751960732794,9.818889,SteamVR Tracker (Right Foot),-4.577522,-1.168561,3.343835,0.3307069,0.0501483,0.5693772,0.7509512
1751960732794,9.818889,SteamVR Tracker (Left Foot),-0.1836364,0.03962827,-0.08532768,0.3695421,0.6573055,0.4328631,-0.4939815
1751960732794,9.818889,SteamVR Tracker (Waist),-0.3187644,0.9869928,0.1065831,-0.0356491,-0.5739739,0.01903115,0.8178759
1751960732829,9.853456,SteamVR Tracker (Right Foot),-4.577567,-1.168516,3.343762,0.3306494,0.05018163,0.569505,0.7508774
1751960732830,9.853456,SteamVR Tracker (Left Foot),-0.1836209,0.03949261,-0.08524263,0.3696135,0.6573454,0.4328247,-0.4939086
1751960732830,9.853456,SteamVR Tracker (Waist),-0.3188198,0.9871355,0.1067545,-0.03786561,-0.5741156,0.01633308,0.8177351
1751960732887,9.910481,SteamVR Tracker (Right Foot),-4.577689,-1.168424,3.343676,0.330683,0.05016385,0.5694414,0.7509121
1751960732887,9.910481,SteamVR Tracker (Left Foot),-0.183695,0.03976226,-0.08528262,0.3696258,0.6573133,0.4328912,-0.4938838
1751960732887,9.910481,SteamVR Tracker (Waist),-0.3191882,0.9866265,0.1065406,-0.03427316,-0.5733185,0.0190301,0.8183942
1751960732900,9.925604,SteamVR Tracker (Right Foot),-4.577737,-1.168422,3.34367,0.3306348,0.05043759,0.5694428,0.7509138
1751960732900,9.925604,SteamVR Tracker (Left Foot),-0.1835731,0.03983045,-0.08530486,0.3696546,0.6573678,0.4327658,-0.4938998
1751960732900,9.925604,SteamVR Tracker (Waist),-0.319451,0.9866536,0.1063054,-0.03295955,-0.5734424,0.020169,0.8183341
1751960732936,9.961109,SteamVR Tracker (Right Foot),-4.57767,-1.168337,3.343829,0.3306524,0.05045275,0.5694592,0.7508927
1751960732936,9.961109,SteamVR Tracker (Left Foot),-0.1837497,0.03978992,-0.08508259,0.3694872,0.6574087,0.4327119,-0.4940178
1751960732936,9.961109,SteamVR Tracker (Waist),-0.3193296,0.9869576,0.106078,-0.03623325,-0.574996,0.01804735,0.8171542
1751960732971,9.994337,SteamVR Tracker (Right Foot),-4.577614,-1.168419,3.343712,0.3307935,0.05033723,0.569463,0.7508354
1751960732971,9.994337,SteamVR Tracker (Left Foot),-0.183716,0.03965425,-0.08530611,0.3694311,0.6575595,0.4325554,-0.4939961
1751960732971,9.994337,SteamVR Tracker (Waist),-0.3197245,0.9869359,0.1060777,-0.03532407,-0.5740048,0.01742794,0.8179041
1751960733004,10.02809,SteamVR Tracker (Right Foot),-4.577611,-1.168366,3.34383,0.3307374,0.05047159,0.5693896,0.7509068
1751960733004,10.02809,SteamVR Tracker (Left Foot),-0.1837146,0.03977728,-0.08515418,0.3693189,0.6576402,0.4325256,-0.4939986
1751960733004,10.02809,SteamVR Tracker (Waist),-0.3198295,0.9867438,0.106335,-0.0321601,-0.5720527,0.01832106,0.8193814
1751960733059,10.08122,SteamVR Tracker (Right Foot),-4.577711,-1.168345,3.343753,0.3307655,0.05052411,0.5693777,0.7508998
1751960733059,10.08122,SteamVR Tracker (Left Foot),-0.1838317,0.03963351,-0.08526927,0.3692296,0.6577871,0.4323117,-0.494057
1751960733059,10.08122,SteamVR Tracker (Waist),-0.3198199,0.9869103,0.1064054,-0.03355256,-0.5732099,0.01751166,0.8185341
1751960733072,10.09797,SteamVR Tracker (Right Foot),-4.577651,-1.168263,3.343853,0.3308893,0.05060282,0.5693492,0.7508616
1751960733072,10.09797,SteamVR Tracker (Left Foot),-0.1837608,0.03948307,-0.08524156,0.36923,0.6578166,0.4321823,-0.4941305
1751960733072,10.09797,SteamVR Tracker (Waist),-0.3197013,0.9869717,0.1066542,-0.03371882,-0.5731575,0.01714036,0.8185718
1751960733109,10.1334,SteamVR Tracker (Right Foot),-4.577508,-1.16839,3.343656,0.3308297,0.0505681,0.5694273,0.750831
1751960733109,10.1334,SteamVR Tracker (Left Foot),-0.1839497,0.03948379,-0.08536857,0.3691024,0.6579178,0.4321297,-0.4941372
1751960733109,10.1334,SteamVR Tracker (Waist),-0.3195996,0.9868224,0.1066641,-0.0326042,-0.5722917,0.0177755,0.8192089
1751960733141,10.16564,SteamVR Tracker (Right Foot),-4.577702,-1.168615,3.343716,0.3308478,0.05049272,0.5694811,0.7507872
1751960733142,10.16564,SteamVR Tracker (Left Foot),-0.18371,0.03957915,-0.08534509,0.3692209,0.6578029,0.4322541,-0.4940927
1751960733142,10.16564,SteamVR Tracker (Waist),-0.3196791,0.987002,0.1066753,-0.03258649,-0.5728851,0.0178135,0.818794
1751960733176,10.20035,SteamVR Tracker (Right Foot),-4.57769,-1.168208,3.343775,0.3307673,0.05049049,0.569476,0.7508268
1751960733176,10.20035,SteamVR Tracker (Left Foot),-0.1837417,0.03961229,-0.08508068,0.3692477,0.6577075,0.432388,-0.4940826
1751960733176,10.20035,SteamVR Tracker (Waist),-0.3193718,0.9869639,0.1069468,-0.03207197,-0.5719678,0.01754077,0.8194611
1751960733233,10.25819,SteamVR Tracker (Right Foot),-4.577504,-1.168537,3.34364,0.3308081,0.05057177,0.5694734,0.7508053
1751960733233,10.25819,SteamVR Tracker (Left Foot),-0.1836451,0.03957033,-0.08538502,0.3692698,0.6577709,0.4323887,-0.4939811
1751960733233,10.25819,SteamVR Tracker (Waist),-0.319354,0.9872397,0.106654,-0.03253784,-0.5713785,0.01703363,0.8198646
1751960733249,10.27301,SteamVR Tracker (Right Foot),-4.577542,-1.16858,3.343792,0.3308244,0.05059621,0.5695016,0.750775
1751960733249,10.27301,SteamVR Tracker (Left Foot),-0.1836529,0.03954911,-0.08552325,0.3693623,0.6577881,0.4322787,-0.4939854
1751960733249,10.27301,SteamVR Tracker (Waist),-0.3189015,0.9874529,0.1065821,-0.03247701,-0.5706779,0.01612877,0.8203729
1751960733282,10.30555,SteamVR Tracker (Right Foot),-4.5775,-1.168396,3.34367,0.3308601,0.0506016,0.5695037,0.7507574
1751960733282,10.30555,SteamVR Tracker (Left Foot),-0.1838364,0.03960681,-0.08535105,0.369225,0.6577743,0.4322805,-0.4941046
1751960733282,10.30555,SteamVR Tracker (Waist),-0.318446,0.9877218,0.1066798,-0.03111825,-0.5709847,0.01618647,0.8202111
1751960733316,10.34122,SteamVR Tracker (Right Foot),-4.577764,-1.168444,3.343694,0.3307652,0.05062434,0.5695864,0.7507349
1751960733316,10.34122,SteamVR Tracker (Left Foot),-0.1837975,0.0396626,-0.08516544,0.3692311,0.6577598,0.4324299,-0.4939887
1751960733316,10.34122,SteamVR Tracker (Waist),-0.3181021,0.9878134,0.1067027,-0.03155793,-0.5717938,0.01621534,0.8196298
1751960733349,10.37405,SteamVR Tracker (Right Foot),-4.577657,-1.168312,3.343674,0.3307543,0.05062631,0.5694943,0.7508096
1751960733349,10.37405,SteamVR Tracker (Left Foot),-0.1836834,0.03932452,-0.08527768,0.3693581,0.6576572,0.43247,-0.4939954
1751960733349,10.37405,SteamVR Tracker (Waist),-0.3176629,0.9877523,0.1066846,-0.03130905,-0.5710746,0.01588002,0.8201472
1751960733407,10.43037,SteamVR Tracker (Right Foot),-4.577724,-1.168427,3.343669,0.33075,0.05058875,0.5695125,0.7508
1751960733407,10.43037,SteamVR Tracker (Left Foot),-0.1837611,0.03956938,-0.08519948,0.3694781,0.6575361,0.4326222,-0.4939334
1751960733407,10.43037,SteamVR Tracker (Waist),-0.3170043,0.9879254,0.1064124,-0.03135286,-0.5705492,0.01564445,0.8205156
1751960733421,10.44635,SteamVR Tracker (Right Foot),-4.577706,-1.168451,3.343763,0.3306616,0.05064246,0.5695118,0.7508359
1751960733421,10.44635,SteamVR Tracker (Left Foot),-0.183859,0.03964782,-0.08518863,0.3694721,0.6574469,0.4328579,-0.4938501
1751960733421,10.44635,SteamVR Tracker (Waist),-0.316254,0.988043,0.1062661,-0.03225484,-0.5698998,0.01445108,0.8209537
1751960733455,10.47958,SteamVR Tracker (Right Foot),-4.577653,-1.168488,3.343674,0.3308013,0.05055352,0.5694119,0.7508562
1751960733455,10.47958,SteamVR Tracker (Left Foot),-0.1837492,0.03956223,-0.0852415,0.3695094,0.6574162,0.4328135,-0.4939019
1751960733455,10.47958,SteamVR Tracker (Waist),-0.3157094,0.9884067,0.1062008,-0.03284527,-0.5698873,0.01368971,0.8209521
1751960733486,10.51169,SteamVR Tracker (Right Foot),-4.577627,-1.168418,3.343729,0.3307506,0.05061008,0.5694791,0.7508237
1751960733486,10.51169,SteamVR Tracker (Left Foot),-0.1837953,0.03956199,-0.08514774,0.3697126,0.6573338,0.4327665,-0.4939009
1751960733486,10.51169,SteamVR Tracker (Waist),-0.3148769,0.9886024,0.1061356,-0.03307142,-0.5693368,0.01323176,0.8213323
1751960733523,10.54633,SteamVR Tracker (Right Foot),-4.577664,-1.168391,3.343714,0.3308958,0.0508724,0.5694512,0.7507632
1751960733523,10.54633,SteamVR Tracker (Left Foot),-0.1835116,0.03960037,-0.085244,0.3697491,0.6572266,0.4329856,-0.4938242
1751960733523,10.54633,SteamVR Tracker (Waist),-0.314083,0.988773,0.1059443,-0.03316187,-0.5692287,0.01337612,0.8214012
1751960733583,10.60712,SteamVR Tracker (Right Foot),-4.577585,-1.16837,3.343724,0.3311256,0.05115541,0.5694492,0.7506441
1751960733583,10.60712,SteamVR Tracker (Left Foot),-0.1836431,0.03949833,-0.0851596,0.3699167,0.6571161,0.4330742,-0.493768
1751960733583,10.60712,SteamVR Tracker (Waist),-0.3127737,0.9887757,0.1060648,-0.03396082,-0.5675564,0.01309413,0.8225296
1751960733594,10.62051,SteamVR Tracker (Right Foot),-4.5776,-1.168392,3.34377,0.3313369,0.05145504,0.569392,0.7505738
1751960733594,10.62051,SteamVR Tracker (Left Foot),-0.1837056,0.03954887,-0.08515942,0.3700292,0.656989,0.4332009,-0.4937417
1751960733594,10.62051,SteamVR Tracker (Waist),-0.3111059,0.9889393,0.1064816,-0.03464649,-0.5652506,0.01295801,0.8240895
1751960733626,10.65108,SteamVR Tracker (Right Foot),-4.577608,-1.168352,3.343776,0.3313317,0.0515366,0.5693973,0.7505665
1751960733626,10.65108,SteamVR Tracker (Left Foot),-0.1835644,0.03944945,-0.08509213,0.3701778,0.6567897,0.4333653,-0.4937512
1751960733626,10.65108,SteamVR Tracker (Waist),-0.3095089,0.9889222,0.1072856,-0.03358847,-0.5607019,0.01398084,0.8272181
1751960733659,10.68282,SteamVR Tracker (Right Foot),-4.577654,-1.168316,3.3438,0.331363,0.05174119,0.569367,0.7505616
1751960733660,10.68282,SteamVR Tracker (Left Foot),-0.1837001,0.03935337,-0.08503842,0.3701899,0.6567051,0.4334413,-0.4937879
1751960733660,10.68282,SteamVR Tracker (Waist),-0.3078367,0.9888561,0.1081207,-0.03319779,-0.5562282,0.01446983,0.8302401
1751960733687,10.71248,SteamVR Tracker (Right Foot),-4.577619,-1.168252,3.343858,0.3311979,0.05196636,0.5693604,0.7506238
1751960733688,10.71248,SteamVR Tracker (Left Foot),-0.1835998,0.03944302,-0.08507627,0.3701969,0.6566538,0.433541,-0.4937633
1751960733688,10.71248,SteamVR Tracker (Waist),-0.3060558,0.988935,0.1088053,-0.033647,-0.5537167,0.01473193,0.8318946
1751960733732,10.75699,SteamVR Tracker (Right Foot),-4.577456,-1.168267,3.343986,0.3313029,0.05223986,0.5693278,0.7505833
1751960733733,10.75699,SteamVR Tracker (Left Foot),-0.1834669,0.03943014,-0.08507341,0.3702533,0.6565095,0.4336749,-0.4937954
1751960733733,10.75699,SteamVR Tracker (Waist),-0.3038434,0.9894546,0.109998,-0.03448211,-0.5495169,0.01448806,0.834645
1751960733754,10.77925,SteamVR Tracker (Right Foot),-4.577394,-1.168307,3.344031,0.3315111,0.05269651,0.569232,0.750532
1751960733754,10.77925,SteamVR Tracker (Left Foot),-0.1835541,0.03945851,-0.08512384,0.3700376,0.6564934,0.4337585,-0.4939051
1751960733754,10.77925,SteamVR Tracker (Waist),-0.301451,0.9898907,0.1109943,-0.03577401,-0.5453624,0.01390739,0.8373212
1751960733790,10.81354,SteamVR Tracker (Right Foot),-4.577341,-1.168259,3.343856,0.3313489,0.05336514,0.569146,0.7506216
1751960733790,10.81354,SteamVR Tracker (Left Foot),-0.1835122,0.03952336,-0.08514482,0.3701827,0.6564935,0.4337728,-0.4937836
1751960733790,10.81354,SteamVR Tracker (Waist),-0.2984723,0.990145,0.1119661,-0.03587241,-0.5401801,0.01392987,0.8406692
1751960733824,10.84703,SteamVR Tracker (Right Foot),-4.577316,-1.168191,3.343893,0.3314419,0.05386189,0.5690229,0.7506384
1751960733824,10.84703,SteamVR Tracker (Left Foot),-0.1834089,0.03943753,-0.08513367,0.3702697,0.6563238,0.4338202,-0.4939024
1751960733824,10.84703,SteamVR Tracker (Waist),-0.2954634,0.9902033,0.1128226,-0.03564135,-0.5345249,0.01386567,0.844287
1751960733856,10.88075,SteamVR Tracker (Right Foot),-4.577308,-1.168228,3.343916,0.3315133,0.05429042,0.5689695,0.7506165
1751960733856,10.88075,SteamVR Tracker (Left Foot),-0.1836115,0.03963995,-0.08518875,0.3702611,0.6562611,0.4339543,-0.4938743
1751960733856,10.88075,SteamVR Tracker (Waist),-0.2924143,0.990435,0.113793,-0.03574152,-0.5296638,0.01469606,0.8473269
1751960733906,10.93132,SteamVR Tracker (Right Foot),-4.577376,-1.168132,3.344092,0.3312279,0.05477489,0.56873,0.7508889
1751960733906,10.93132,SteamVR Tracker (Left Foot),-0.1834133,0.03956199,-0.08507538,0.3706161,0.6558152,0.4342549,-0.4939361
1751960733906,10.93132,SteamVR Tracker (Waist),-0.2881139,0.9909226,0.1149505,-0.03465214,-0.524485,0.01523368,0.8505778
1751960733922,10.94753,SteamVR Tracker (Right Foot),-4.577375,-1.168025,3.344164,0.3309708,0.05538241,0.5684626,0.75116
1751960733922,10.94753,SteamVR Tracker (Left Foot),-0.1832837,0.03966856,-0.08501136,0.370729,0.655552,0.4345848,-0.4939106
1751960733922,10.94753,SteamVR Tracker (Waist),-0.2838567,0.9911808,0.1157686,-0.03431866,-0.5186354,0.0149179,0.8541763
1751960733959,10.98304,SteamVR Tracker (Right Foot),-4.577315,-1.16789,3.344219,0.3306842,0.05590247,0.5682852,0.7513819
1751960733959,10.98304,SteamVR Tracker (Left Foot),-0.1834354,0.03961825,-0.08500957,0.3705721,0.6554958,0.4346773,-0.4940217
1751960733959,10.98304,SteamVR Tracker (Waist),-0.2790625,0.9916593,0.1162008,-0.03581924,-0.5132892,0.0135042,0.8573616
1751960733989,11.01504,SteamVR Tracker (Right Foot),-4.577395,-1.167681,3.344351,0.3305495,0.05589246,0.568238,0.7514777
1751960733990,11.01504,SteamVR Tracker (Left Foot),-0.1832855,0.03960824,-0.08492184,0.3707662,0.655142,0.4349163,-0.4941349
1751960733990,11.01504,SteamVR Tracker (Waist),-0.2741287,0.992137,0.116055,-0.03436854,-0.5083231,0.01408499,0.8603651
1751960734024,11.04872,SteamVR Tracker (Right Foot),-4.577466,-1.167677,3.344389,0.3300999,0.05536893,0.5682501,0.7517048
1751960734025,11.04872,SteamVR Tracker (Left Foot),-0.1832794,0.03962922,-0.08490092,0.3712776,0.6546686,0.4354376,-0.4939192
1751960734025,11.04872,SteamVR Tracker (Waist),-0.2685691,0.9929628,0.1158454,-0.03655485,-0.5000852,0.01214814,0.865119
1751960734075,11.09967,SteamVR Tracker (Right Foot),-4.577323,-1.167729,3.344429,0.3299442,0.0553622,0.5681923,0.7518173
1751960734075,11.09967,SteamVR Tracker (Left Foot),-0.183273,0.03982973,-0.08492231,0.3713916,0.6544263,0.435468,-0.4941278
1751960734075,11.09967,SteamVR Tracker (Waist),-0.2612773,0.9926049,0.1146736,-0.03847569,-0.4924718,0.0102224,0.8694174
1751960734088,11.11365,SteamVR Tracker (Right Foot),-4.577311,-1.167584,3.344463,0.3295911,0.05511632,0.568094,0.7520646
1751960734088,11.11365,SteamVR Tracker (Left Foot),-0.1830834,0.03976154,-0.08482432,0.3717908,0.6538623,0.4358731,-0.494217
1751960734088,11.11365,SteamVR Tracker (Waist),-0.2540937,0.9922841,0.1137939,-0.03692507,-0.484034,0.01085948,0.8742024
1751960734124,11.14815,SteamVR Tracker (Right Foot),-4.577446,-1.16774,3.344553,0.3291553,0.05415999,0.5682447,0.752211
1751960734124,11.14815,SteamVR Tracker (Left Foot),-0.1829248,0.03990555,-0.08490932,0.3725958,0.6529896,0.4363153,-0.4943744
1751960734124,11.14815,SteamVR Tracker (Waist),-0.2466558,0.9913175,0.1115022,-0.03096388,-0.4763539,0.01358288,0.8786033
1751960734159,11.18207,SteamVR Tracker (Right Foot),-4.577636,-1.167666,3.344634,0.3285962,0.05331124,0.5684114,0.7523901
1751960734159,11.18207,SteamVR Tracker (Left Foot),-0.182506,0.03993988,-0.08485162,0.3737276,0.6515636,0.4372688,-0.4945589
1751960734159,11.18207,SteamVR Tracker (Waist),-0.2392829,0.9896499,0.1095963,-0.03172132,-0.4700746,0.01199686,0.8819749
1751960734191,11.21509,SteamVR Tracker (Right Foot),-4.577897,-1.167734,3.344672,0.3276895,0.05239012,0.5684884,0.7527921
1751960734191,11.21509,SteamVR Tracker (Left Foot),-0.1823975,0.03990984,-0.08502448,0.3753711,0.6500625,0.4386316,-0.4940827
1751960734191,11.21509,SteamVR Tracker (Waist),-0.2323779,0.9872904,0.1075237,-0.02324547,-0.4656439,0.01655149,0.884512
1751960734246,11.27121,SteamVR Tracker (Right Foot),-4.577977,-1.167543,3.344844,0.3266604,0.05213875,0.5686373,0.7531442
1751960734246,11.27121,SteamVR Tracker (Left Foot),-0.1823278,0.04012585,-0.08491153,0.3757902,0.649709,0.4382983,-0.4945246
1751960734246,11.27121,SteamVR Tracker (Waist),-0.2255445,0.985718,0.1046247,-0.009401772,-0.4597343,0.02281953,0.8877135
1751960734261,11.28706,SteamVR Tracker (Right Foot),-4.578168,-1.167389,3.345161,0.3255164,0.05157506,0.5687088,0.7536242
1751960734261,11.28706,SteamVR Tracker (Left Foot),-0.1820932,0.04022193,-0.08493429,0.3769671,0.6486679,0.4387864,-0.4945628
1751960734261,11.28706,SteamVR Tracker (Waist),-0.2174242,0.9841088,0.1010908,-0.004618575,-0.4550917,0.02418356,0.8901041
1751960734297,11.32106,SteamVR Tracker (Right Foot),-4.578407,-1.167116,3.34574,0.3240694,0.0518486,0.569113,0.7539238
1751960734297,11.32106,SteamVR Tracker (Left Foot),-0.1816022,0.04041839,-0.08490318,0.3782597,0.6474432,0.4396171,-0.4944429
1751960734297,11.32106,SteamVR Tracker (Waist),-0.2109566,0.9837645,0.09731424,-0.007428275,-0.4537611,0.02237736,0.8908114
1751960734331,11.3556,SteamVR Tracker (Right Foot),-4.578419,-1.166862,3.346303,0.3232961,0.05135585,0.5690675,0.7543238
1751960734331,11.3556,SteamVR Tracker (Left Foot),-0.1811829,0.04044151,-0.0848093,0.3798754,0.6457734,0.4408448,-0.4942949
1751960734331,11.3556,SteamVR Tracker (Waist),-0.2053823,0.9822599,0.09407914,-0.007539785,-0.4519503,0.02291935,0.8917168
1751960734364,11.3872,SteamVR Tracker (Right Foot),-4.578598,-1.166502,3.346662,0.3220249,0.05135937,0.5694817,0.7545547
1751960734364,11.3872,SteamVR Tracker (Left Foot),-0.1808994,0.0406599,-0.08477366,0.3817126,0.6443783,0.4415335,-0.4940853
1751960734364,11.3872,SteamVR Tracker (Waist),-0.2005568,0.979483,0.09046191,-0.00302558,-0.451871,0.02552859,0.8917128
1751960734422,11.44444,SteamVR Tracker (Right Foot),-4.578611,-1.166724,3.346709,0.3221672,0.05115638,0.5693135,0.7546348
1751960734422,11.44444,SteamVR Tracker (Left Foot),-0.1808702,0.04085946,-0.08480185,0.3824267,0.644127,0.4412745,-0.4940923
1751960734422,11.44444,SteamVR Tracker (Waist),-0.1981504,0.9767445,0.08584911,0.01103701,-0.4551627,0.03182432,0.8897709
1751960734437,11.46181,SteamVR Tracker (Right Foot),-4.57867,-1.166601,3.346902,0.3218493,0.05093098,0.5692349,0.7548448
1751960734437,11.46181,SteamVR Tracker (Left Foot),-0.1806778,0.04095936,-0.08481222,0.3835935,0.6432893,0.4415068,-0.4940716
1751960734437,11.46181,SteamVR Tracker (Waist),-0.1936067,0.9749732,0.08079058,0.01656917,-0.4577004,0.03384764,0.8883075
1751960734460,11.48515,SteamVR Tracker (Right Foot),-4.578854,-1.166789,3.346904,0.3215413,0.05058749,0.5693486,0.7549135
1751960734460,11.48515,SteamVR Tracker (Left Foot),-0.1805893,0.04088998,-0.08493149,0.3839715,0.6431265,0.441267,-0.494204
1751960734460,11.48515,SteamVR Tracker (Waist),-0.1914549,0.9746565,0.0773465,0.01493752,-0.4602638,0.0321922,0.8870726
1751960734490,11.51556,SteamVR Tracker (Right Foot),-4.578809,-1.166686,3.34709,0.3217901,0.05074574,0.5689172,0.755122
1751960734490,11.51556,SteamVR Tracker (Left Foot),-0.1807229,0.04074335,-0.08506042,0.3832862,0.6428546,0.4422668,-0.4941961
1751960734490,11.51556,SteamVR Tracker (Waist),-0.1892842,0.9748055,0.07333827,0.01340685,-0.4645655,0.02989563,0.8849325
1751960734528,11.55127,SteamVR Tracker (Right Foot),-4.57899,-1.166327,3.34812,0.3204158,0.05158604,0.5693179,0.7553474
1751960734528,11.55127,SteamVR Tracker (Left Foot),-0.1806443,0.04083514,-0.08478284,0.3824621,0.6429151,0.4427277,-0.4943432
1751960734528,11.55127,SteamVR Tracker (Waist),-0.1868699,0.9753337,0.06922716,0.01091055,-0.4689086,0.02710428,0.8827633
1751960734588,11.61207,SteamVR Tracker (Right Foot),-4.580003,-1.163907,3.35373,0.304435,0.04316628,0.578558,0.7554646
1751960734589,11.61207,SteamVR Tracker (Left Foot),-0.1804593,0.04052329,-0.08512837,0.3833923,0.6423562,0.4429474,-0.4941523
1751960734589,11.61207,SteamVR Tracker (Waist),-0.1833499,0.9755496,0.06633312,0.006743397,-0.4679615,0.02774096,0.8832876
1751960734604,11.62879,SteamVR Tracker (Right Foot),-4.580254,-1.160904,3.35974,0.2906455,0.03803131,0.5889872,0.7531089
1751960734604,11.62879,SteamVR Tracker (Left Foot),-0.1803675,0.04044986,-0.0854097,0.3836456,0.6415656,0.4436316,-0.4943688
1751960734604,11.62879,SteamVR Tracker (Waist),-0.1791998,0.9759262,0.06228465,0.002717229,-0.4695277,0.02780871,0.8824755
1751960734635,11.65998,SteamVR Tracker (Right Foot),-4.577964,-1.152603,3.367895,0.2838595,0.01784566,0.6249636,0.7269979
1751960734635,11.65998,SteamVR Tracker (Left Foot),-0.1805232,0.04050589,-0.08563459,0.3844031,0.6412176,0.4435677,-0.4942892
1751960734636,11.65998,SteamVR Tracker (Waist),-0.1750987,0.9752326,0.05922323,0.003839405,-0.4669337,0.02973657,0.8837839
1751960734672,11.69646,SteamVR Tracker (Right Foot),-4.571496,-1.134098,3.380102,0.2508218,0.004846606,0.6941186,0.6747328
1751960734672,11.69646,SteamVR Tracker (Left Foot),-0.1802349,0.04059529,-0.08557987,0.3844164,0.6408684,0.4434585,-0.4948297
1751960734672,11.69646,SteamVR Tracker (Waist),-0.1717059,0.9729236,0.05825984,0.005474448,-0.458717,0.03632635,0.8878227
1751960734705,11.7285,SteamVR Tracker (Right Foot),-4.557457,-1.12254,3.394993,0.2137772,-0.0193117,0.7333659,0.6450588
1751960734705,11.7285,SteamVR Tracker (Left Foot),-0.1800109,0.04051185,-0.08562082,0.3846703,0.640474,0.4438513,-0.4947908
1751960734705,11.7285,SteamVR Tracker (Waist),-0.1685631,0.971065,0.05839258,0.01631251,-0.4557347,0.04053456,0.8890427
1751960734764,11.78573,SteamVR Tracker (Right Foot),-4.530286,-1.117046,3.412664,0.1937736,-0.05834543,0.7365143,0.6454412
1751960734764,11.78573,SteamVR Tracker (Left Foot),-0.1803817,0.04080915,-0.0851872,0.3842462,0.640824,0.4441714,-0.4943797
1751960734764,11.78573,SteamVR Tracker (Waist),-0.1664079,0.9705566,0.05816132,0.02403017,-0.4533557,0.04538951,0.8898488
1751960734779,11.80468,SteamVR Tracker (Right Foot),-4.502119,-1.106779,3.434967,0.1617009,-0.08965475,0.7482269,0.6371589
1751960734779,11.80468,SteamVR Tracker (Left Foot),-0.1805019,0.0408597,-0.08497447,0.3842282,0.6407114,0.4446883,-0.4940748
1751960734779,11.80468,SteamVR Tracker (Waist),-0.1626934,0.9699671,0.05755323,0.0301382,-0.4468613,0.05524446,0.8923871
1751960734812,11.83704,SteamVR Tracker (Right Foot),-4.489062,-1.102921,3.443515,0.1599348,-0.07760327,0.7402884,0.6483608
1751960734812,11.83704,SteamVR Tracker (Left Foot),-0.1802658,0.04076958,-0.08499688,0.3839942,0.6410856,0.4443288,-0.4940949
1751960734812,11.83704,SteamVR Tracker (Waist),-0.1606412,0.9701313,0.05912799,0.01604536,-0.4396775,0.05504218,0.896324
1751960734846,11.87115,SteamVR Tracker (Right Foot),-4.482345,-1.101526,3.445212,0.1720908,-0.06722344,0.7248905,0.6636261
1751960734846,11.87115,SteamVR Tracker (Left Foot),-0.1801503,0.04080296,-0.0848971,0.3843291,0.6409735,0.4444406,-0.4938792
1751960734846,11.87115,SteamVR Tracker (Waist),-0.1595899,0.9684848,0.06138235,0.0290747,-0.4345551,0.06155816,0.8980685
1751960734882,11.90604,SteamVR Tracker (Right Foot),-4.481422,-1.101194,3.443135,0.2020669,-0.06069624,0.7054849,0.6765915
1751960734882,11.90604,SteamVR Tracker (Left Foot),-0.1803204,0.04084969,-0.08490682,0.3843254,0.6412256,0.4442419,-0.4937337
1751960734882,11.90604,SteamVR Tracker (Waist),-0.1596415,0.9675817,0.06259775,0.04637758,-0.4326913,0.07144404,0.8975094
1751960734938,11.96205,SteamVR Tracker (Right Foot),-4.492347,-1.096782,3.433446,0.2180139,-0.03227623,0.6980558,0.6812828
1751960734939,11.96205,SteamVR Tracker (Left Foot),-0.1803546,0.0408361,-0.08502924,0.384776,0.6408771,0.4445827,-0.4935285
1751960734939,11.96205,SteamVR Tracker (Waist),-0.1627704,0.9692907,0.06382293,0.03423017,-0.4437402,0.06763045,0.8929441
1751960734957,11.9814,SteamVR Tracker (Right Foot),-4.504812,-1.091973,3.423897,0.2283718,-0.0002850837,0.6892624,0.6875781
1751960734957,11.9814,SteamVR Tracker (Left Foot),-0.1803114,0.04091644,-0.08506489,0.3849902,0.6408041,0.4446141,-0.4934279
1751960734957,11.9814,SteamVR Tracker (Waist),-0.1658802,0.9702229,0.06647593,0.02573825,-0.4537915,0.06329279,0.8884846
1751960734989,12.0152,SteamVR Tracker (Right Foot),-4.525015,-1.091545,3.409248,0.2492097,0.02590478,0.6945323,0.6744246
1751960734989,12.0152,SteamVR Tracker (Left Foot),-0.1802962,0.04055262,-0.08500868,0.3842887,0.6417449,0.4438407,-0.4934482
1751960734989,12.0152,SteamVR Tracker (Waist),-0.1689281,0.9700185,0.0707379,0.02414698,-0.4613252,0.05848762,0.8849719
1751960735027,12.05008,SteamVR Tracker (Right Foot),-4.548398,-1.094493,3.397745,0.2471099,0.0525,0.7199313,0.6464359
1751960735027,12.05008,SteamVR Tracker (Left Foot),-0.1805654,0.04061675,-0.08505458,0.3837857,0.6421754,0.4440372,-0.4931028
1751960735027,12.05008,SteamVR Tracker (Waist),-0.1699584,0.9685748,0.07751286,0.02949181,-0.4605131,0.05987523,0.8851401
1751960735063,12.08504,SteamVR Tracker (Right Foot),-4.577476,-1.103583,3.382356,0.2299166,0.09421946,0.7435923,0.6207508
1751960735063,12.08504,SteamVR Tracker (Left Foot),-0.1808145,0.04052258,-0.08499169,0.3831022,0.6424172,0.444203,-0.4931699
1751960735063,12.08504,SteamVR Tracker (Waist),-0.1704585,0.9680285,0.08785868,0.04116344,-0.4524836,0.06442503,0.8884895
1751960735120,12.14309,SteamVR Tracker (Right Foot),-4.595373,-1.119561,3.36469,0.2414472,0.1220902,0.7312309,0.6261778
1751960735120,12.14309,SteamVR Tracker (Left Foot),-0.1809067,0.04065299,-0.08508366,0.382673,0.6431564,0.4435513,-0.4931262
1751960735121,12.14309,SteamVR Tracker (Waist),-0.171042,0.9700451,0.09800518,0.03152186,-0.4475602,0.05510824,0.8919974
1751960735136,12.1613,SteamVR Tracker (Right Foot),-4.6158,-1.150523,3.351741,0.2651788,0.148491,0.7405413,0.5993574
1751960735136,12.1613,SteamVR Tracker (Left Foot),-0.1810028,0.04034662,-0.08511531,0.3819543,0.6434175,0.4443164,-0.4926539
1751960735136,12.1613,SteamVR Tracker (Waist),-0.173212,0.9714847,0.1103752,0.01958061,-0.4458645,0.04322411,0.8938418
1751960735172,12.19509,SteamVR Tracker (Right Foot),-4.617425,-1.141215,3.359995,0.2595118,0.04636557,0.7139598,0.6486642
1751960735172,12.19509,SteamVR Tracker (Left Foot),-0.1809244,0.04014087,-0.08491957,0.3812182,0.643815,0.4448782,-0.4921976
1751960735173,12.19509,SteamVR Tracker (Waist),-0.1775909,0.9710318,0.1196672,0.0199832,-0.4519468,0.03413799,0.8911675
1751960735203,12.22675,SteamVR Tracker (Right Foot),-4.598231,-1.128611,3.35425,0.2703236,0.08211002,0.7246505,0.6285417
1751960735203,12.22675,SteamVR Tracker (Left Foot),-0.1817061,0.0396266,-0.08503091,0.3792473,0.6461825,0.4438922,-0.4915072
1751960735203,12.22675,SteamVR Tracker (Waist),-0.1810228,0.9693204,0.1285881,0.03032891,-0.4642212,0.02684956,0.8847926
1751960735237,12.26121,SteamVR Tracker (Right Foot),-4.603793,-1.133653,3.354645,0.2630502,0.05967478,0.7252904,0.6334015
1751960735237,12.26121,SteamVR Tracker (Left Foot),-0.1836778,0.03971481,-0.08512694,0.3724326,0.6534157,0.4378121,-0.4926078
1751960735237,12.26121,SteamVR Tracker (Waist),-0.1826407,0.9681214,0.1368359,0.03760223,-0.4778408,0.02151887,0.8773775
1751960735296,12.31986,SteamVR Tracker (Right Foot),-4.602368,-1.13161,3.356339,0.2656687,0.05166206,0.7223096,0.6364118
1751960735296,12.31986,SteamVR Tracker (Left Foot),-0.1898774,0.03990173,-0.08521831,-0.3339965,-0.6815022,-0.3988394,0.5147119
1751960735296,12.31986,SteamVR Tracker (Waist),-0.1801346,0.966718,0.1409009,0.04302178,-0.4854233,0.03251161,0.8726147
1751960735311,12.33638,SteamVR Tracker (Right Foot),-4.602952,-1.131678,3.355709,0.2658199,0.05114643,0.7225453,0.6361228
1751960735312,12.33638,SteamVR Tracker (Left Foot),-0.1967874,0.04159141,-0.08521521,-0.2848687,-0.7012721,-0.3580204,0.5467072
1751960735312,12.33638,SteamVR Tracker (Waist),-0.1810483,0.965572,0.1485437,0.03033499,-0.4870901,0.02596966,0.8724383
1751960735344,12.36905,SteamVR Tracker (Right Foot),-4.602064,-1.131067,3.356809,0.2647303,0.05127091,0.722778,0.6363028
1751960735344,12.36905,SteamVR Tracker (Left Foot),-0.2121258,0.04983091,-0.07301676,-0.2533121,-0.6499171,-0.3848229,0.6044436
1751960735344,12.36905,SteamVR Tracker (Waist),-0.1832772,0.9646381,0.1522756,0.03204158,-0.4915242,0.02102981,0.8700202
1751960735380,12.40362,SteamVR Tracker (Right Foot),-4.601398,-1.131124,3.357251,0.2658916,0.05410774,0.7223914,0.6360226
1751960735380,12.40362,SteamVR Tracker (Left Foot),-0.2642488,0.05462408,-0.04636991,-0.3998663,-0.5909601,-0.3445794,0.6100314
1751960735380,12.40362,SteamVR Tracker (Waist),-0.1852909,0.9644674,0.1576922,0.05158947,-0.5008169,0.02024385,0.8637772
1751960735413,12.43785,SteamVR Tracker (Right Foot),-4.601356,-1.131522,3.357319,0.2665935,0.05432694,0.7223794,0.6357236
1751960735413,12.43785,SteamVR Tracker (Left Foot),-0.3228164,0.05676293,-0.02137089,-0.4841514,-0.5300143,-0.3260313,0.6151307
1751960735413,12.43785,SteamVR Tracker (Waist),-0.1869687,0.9689369,0.1633009,0.05470591,-0.5017951,0.01901142,0.8630455
1751960735483,12.50519,SteamVR Tracker (Right Foot),-4.601577,-1.131637,3.357253,0.2662645,0.05397736,0.7223378,0.6359385
1751960735484,12.50519,SteamVR Tracker (Left Foot),-0.379025,0.07030606,0.001644731,-0.5371841,-0.4904993,-0.3351831,0.5987453
1751960735484,12.50519,SteamVR Tracker (Waist),-0.1868882,0.9743781,0.1683436,0.03504956,-0.4889126,-0.003010931,0.8716232
1751960735503,12.5275,SteamVR Tracker (Right Foot),-4.601592,-1.131481,3.357338,0.2661494,0.05437132,0.7220786,0.6362474
1751960735503,12.5275,SteamVR Tracker (Left Foot),-0.4521076,0.09042549,0.0389927,-0.5861218,-0.4268451,-0.341326,0.5981314
1751960735503,12.5275,SteamVR Tracker (Waist),-0.1887422,0.9777079,0.1776186,0.02260975,-0.4815809,-0.01946753,0.8758937
1751960735535,12.55851,SteamVR Tracker (Right Foot),-4.601888,-1.131387,3.357379,0.2656417,0.05370863,0.7219017,0.6367165
1751960735535,12.55851,SteamVR Tracker (Left Foot),-0.4752868,0.1052942,0.05999219,-0.5972115,-0.4269377,-0.3621984,0.5743475
1751960735535,12.55851,SteamVR Tracker (Waist),-0.1907687,0.9740611,0.1820905,0.03300487,-0.4692322,-0.005464,0.882441
1751960735569,12.59173,SteamVR Tracker (Right Foot),-4.601996,-1.131299,3.357423,0.2644548,0.05313618,0.7217775,0.637399
1751960735569,12.59173,SteamVR Tracker (Left Foot),-0.4877028,0.1079423,0.08158618,-0.6214241,-0.4476667,-0.3361477,0.5481162
1751960735569,12.59173,SteamVR Tracker (Waist),-0.1914044,0.9693818,0.1877436,0.05370271,-0.4543431,0.01758864,0.8890327
1751960735624,12.64766,SteamVR Tracker (Right Foot),-4.601918,-1.131064,3.357631,0.2639112,0.0537979,0.7216365,0.6377283
1751960735624,12.64766,SteamVR Tracker (Left Foot),-0.4737874,0.09689856,0.1033828,-0.6151624,-0.4061252,-0.2846003,0.612895
1751960735624,12.64766,SteamVR Tracker (Waist),-0.1918418,0.9701726,0.1916637,0.0510828,-0.4464432,0.01077237,0.8932878
1751960735643,12.66713,SteamVR Tracker (Right Foot),-4.601948,-1.13094,3.357775,0.2634797,0.05476237,0.721443,0.6380435
1751960735643,12.66713,SteamVR Tracker (Left Foot),-0.4653191,0.08667493,0.1358765,-0.6202896,-0.3699238,-0.2195669,0.6558869
1751960735643,12.66713,SteamVR Tracker (Waist),-0.1946071,0.9729785,0.1993939,0.04315155,-0.4277284,0.007380499,0.9028466
1751960735685,12.70955,SteamVR Tracker (Right Foot),-4.602156,-1.130729,3.357916,0.2626613,0.05565596,0.7215756,0.6381537
1751960735685,12.70955,SteamVR Tracker (Left Foot),-0.4340143,0.07462192,0.1504072,-0.6131808,-0.3226438,-0.1686753,0.7010414
1751960735685,12.70955,SteamVR Tracker (Waist),-0.1977441,0.9787269,0.2068474,0.008969632,-0.4106112,-0.002740668,0.9117623
1751960735736,12.7593,SteamVR Tracker (Right Foot),-4.601925,-1.130372,3.35813,0.2611704,0.05744707,0.7215089,0.6386821
1751960735736,12.7593,SteamVR Tracker (Left Foot),-0.3938791,0.06183338,0.1678925,-0.6235321,-0.2779389,-0.06065933,0.7282021
1751960735736,12.7593,SteamVR Tracker (Waist),-0.2022523,0.9813211,0.2178217,0.005415904,-0.3712178,-0.00341246,0.9285238
1751960735805,12.82655,SteamVR Tracker (Right Foot),-4.601962,-1.129911,3.358465,0.2601879,0.05854713,0.7217489,0.6387121
1751960735805,12.82655,SteamVR Tracker (Left Foot),-0.3659931,0.04784966,0.1790226,-0.6215272,-0.2441342,-0.01467755,0.7442359
1751960735805,12.82655,SteamVR Tracker (Waist),-0.2082546,0.9838513,0.2268305,-0.002002728,-0.3386092,0.002564007,0.9409215
1751960735833,12.85814,SteamVR Tracker (Right Foot),-4.60195,-1.129525,3.358847,0.2593368,0.06030856,0.7218422,0.6387888
1751960735833,12.85814,SteamVR Tracker (Left Foot),-0.3573892,0.03569651,0.1960734,-0.5360594,-0.1082915,-0.1647544,0.8208345
1751960735833,12.85814,SteamVR Tracker (Waist),-0.2173699,0.989673,0.2415535,-0.03664378,-0.2884495,0.00515787,0.9567798
1751960735874,12.89787,SteamVR Tracker (Right Foot),-4.601923,-1.129618,3.359071,0.2599185,0.06114232,0.7218934,0.6384152
1751960735874,12.89787,SteamVR Tracker (Left Foot),-0.3623099,0.04056287,0.186375,-0.5770571,-0.2013627,-0.1245119,0.7816362
1751960735874,12.89787,SteamVR Tracker (Waist),-0.2211185,0.9927286,0.2473609,-0.0390103,-0.2647587,0.01087368,0.963464
1751960735922,12.94402,SteamVR Tracker (Right Foot),-4.602332,-1.129245,3.359505,0.2592929,0.06111043,0.7224152,0.6380823
1751960735922,12.94402,SteamVR Tracker (Left Foot),-0.3664765,0.04166389,0.1843936,-0.5781358,-0.2047431,-0.108644,0.7823272
1751960735922,12.94402,SteamVR Tracker (Waist),-0.224535,0.9969893,0.2553501,-0.02707824,-0.2343964,0.002643891,0.9717603
1751960735993,13.01589,SteamVR Tracker (Right Foot),-4.602444,-1.128754,3.359939,0.2574926,0.06122236,0.7236943,0.6373508
1751960735993,13.01589,SteamVR Tracker (Left Foot),-0.3686737,0.04117823,0.1842514,-0.5765282,-0.2104159,-0.1072315,0.7822032
1751960735993,13.01589,SteamVR Tracker (Waist),-0.2277577,0.9951059,0.2611872,-0.0460843,-0.2111757,0.006809916,0.9763374
1751960736015,13.03898,SteamVR Tracker (Right Foot),-4.602656,-1.128029,3.360555,0.2559207,0.0615317,0.7247271,0.6367803
1751960736015,13.03898,SteamVR Tracker (Left Foot),-0.3687843,0.04071903,0.1848517,-0.5743559,-0.2120677,-0.1100249,0.782967
1751960736015,13.03898,SteamVR Tracker (Waist),-0.2325617,0.9943678,0.2679483,-0.02789874,-0.1749686,0.01575465,0.9840526
1751960736044,13.06858,SteamVR Tracker (Right Foot),-4.602457,-1.127644,3.360694,0.2559579,0.06279967,0.7260773,0.6351013
1751960736044,13.06858,SteamVR Tracker (Left Foot),-0.3683566,0.04057431,0.1855715,-0.571249,-0.2121517,-0.1131662,0.7847673
1751960736044,13.06858,SteamVR Tracker (Waist),-0.236004,0.996202,0.2701821,-0.02876063,-0.1555379,0.0127823,0.9873284
1751960736081,13.10306,SteamVR Tracker (Right Foot),-4.601938,-1.127685,3.360686,0.2589259,0.06550335,0.726823,0.6327677
1751960736081,13.10306,SteamVR Tracker (Left Foot),-0.3685653,0.04080939,0.185825,-0.5715268,-0.2120988,-0.114005,0.7844578
1751960736081,13.10306,SteamVR Tracker (Waist),-0.2389463,0.9990414,0.2717989,-0.05525298,-0.1484213,0.009520068,0.9873336
1751960736141,13.16558,SteamVR Tracker (Right Foot),-4.602066,-1.123613,3.36219,0.2528863,0.06625066,0.7415807,0.6178329
1751960736141,13.16558,SteamVR Tracker (Left Foot),-0.368715,0.04096818,0.1859543,-0.5701644,-0.2120894,-0.1122599,0.7857024
1751960736142,13.16558,SteamVR Tracker (Waist),-0.2411342,0.9999012,0.2754803,-0.06115403,-0.1357795,0.01114489,0.9887871
1751960736158,13.18353,SteamVR Tracker (Right Foot),-4.602497,-1.117564,3.364491,0.2438452,0.06727831,0.7622418,0.5958194
1751960736158,13.18353,SteamVR Tracker (Left Foot),-0.3685859,0.04076576,0.185967,-0.5690513,-0.2121279,-0.112594,0.7864509
1751960736158,13.18353,SteamVR Tracker (Waist),-0.2447033,1.000401,0.280422,-0.06118368,-0.1171302,0.01056021,0.9911739
1751960736189,13.21379,SteamVR Tracker (Right Foot),-4.603222,-1.111,3.366944,0.2305638,0.06830484,0.7860289,0.5695027
1751960736189,13.21379,SteamVR Tracker (Left Foot),-0.368247,0.04061246,0.1859978,-0.5699178,-0.2116248,-0.1133658,0.7858478
1751960736189,13.21379,SteamVR Tracker (Waist),-0.2479507,0.9986812,0.2826387,-0.05052128,-0.1034606,0.009707282,0.9933022
1751960736224,13.24803,SteamVR Tracker (Right Foot),-4.604132,-1.105364,3.368997,0.2223332,0.06793436,0.8057157,0.5447708
1751960736225,13.24803,SteamVR Tracker (Left Foot),-0.3681237,0.04076505,0.185968,-0.5705065,-0.2112857,-0.1135616,0.7854836
1751960736225,13.24803,SteamVR Tracker (Waist),-0.250964,0.9972835,0.284665,-0.04318243,-0.09405444,0.01498694,0.9945172
1751960736262,13.285,SteamVR Tracker (Right Foot),-4.606791,-1.096899,3.372556,0.2075262,0.06706561,0.8338112,0.5071429
1751960736262,13.285,SteamVR Tracker (Left Foot),-0.3953107,0.007748604,0.1627921,-0.5708076,-0.201462,-0.1191044,0.7870235
1751960736262,13.285,SteamVR Tracker (Waist),-0.2519369,0.9953115,0.2876289,-0.03376071,-0.08222099,0.02115397,0.9958175
1751960736320,13.34261,SteamVR Tracker (Right Foot),-4.610488,-1.091806,3.374597,0.1982733,0.06295441,0.8492278,0.4853211
1751960736320,13.34261,SteamVR Tracker (Left Foot),-0.3898891,0.01308584,0.1659374,-0.570354,-0.20175,-0.1204742,0.78707
1751960736320,13.34261,SteamVR Tracker (Waist),-0.2509789,0.9940859,0.2886557,-0.03213998,-0.06634488,0.01573806,0.9971548
1751960736336,13.36229,SteamVR Tracker (Right Foot),-4.614393,-1.085515,3.377431,0.1884144,0.06045953,0.8670646,0.457213
1751960736336,13.36229,SteamVR Tracker (Left Foot),-0.3886238,0.0134089,0.1670099,-0.5704247,-0.2015843,-0.1208716,0.7870003
1751960736337,13.36229,SteamVR Tracker (Waist),-0.2508692,0.9930761,0.2908416,-0.03029688,-0.05177692,0.01268981,0.9981183
1751960736361,13.38757,SteamVR Tracker (Right Foot),-4.617523,-1.081779,3.379102,0.1823435,0.05764793,0.8784501,0.4378962
1751960736361,13.38757,SteamVR Tracker (Left Foot),-0.3893044,0.01420927,0.1661662,-0.5702729,-0.2025169,-0.1215469,0.7867669
1751960736362,13.38757,SteamVR Tracker (Waist),-0.2502559,0.9929166,0.2913988,-0.02779137,-0.03979835,0.01502835,0.9987081
1751960736402,13.4265,SteamVR Tracker (Right Foot),-4.619043,-1.080863,3.379497,0.1799022,0.05655074,0.8828828,0.4300642
1751960736403,13.4265,SteamVR Tracker (Left Foot),-0.3895481,0.01488161,0.1666848,-0.5692363,-0.2029157,-0.1219986,0.7873447
1751960736403,13.4265,SteamVR Tracker (Waist),-0.2483818,0.9908484,0.2900615,-0.02784995,-0.02400133,0.02070874,0.9991094
1751960736437,13.46035,SteamVR Tracker (Right Foot),-4.619755,-1.080236,3.379887,0.1796983,0.05603032,0.8851663,0.4254994
1751960736437,13.46035,SteamVR Tracker (Left Foot),-0.3906959,0.01509142,0.1665557,-0.5689746,-0.2040219,-0.1228516,0.7871154
1751960736437,13.46035,SteamVR Tracker (Waist),-0.2417949,0.9731102,0.2826068,0.1234874,0.005200097,0.01423438,0.9922304
1751960736493,13.51761,SteamVR Tracker (Right Foot),-4.620828,-1.079343,3.380308,0.17957,0.05496018,0.8870923,0.4216649
1751960736493,13.51761,SteamVR Tracker (Left Foot),-0.3904462,0.01479197,0.1664774,-0.5687435,-0.2049944,-0.1233857,0.7869461
1751960736493,13.51761,SteamVR Tracker (Waist),-0.246765,0.9869913,0.2955711,0.1543622,-0.04242557,0.02226869,0.9868518
1751960736512,13.5373,SteamVR Tracker (Right Foot),-4.624806,-1.075177,3.382613,0.1745225,0.05152106,0.8986472,0.3991498
1751960736512,13.5373,SteamVR Tracker (Left Foot),-0.389875,0.01469851,0.1669429,-0.5681934,-0.2054123,-0.1239016,0.7871534
1751960736513,13.5373,SteamVR Tracker (Waist),-0.2467614,0.9886305,0.295073,0.1166731,0.004817955,0.009359892,0.9931146
1751960736549,13.57204,SteamVR Tracker (Right Foot),-4.630903,-1.06915,3.385296,0.161085,0.0494199,0.9161953,0.363587
1751960736549,13.57204,SteamVR Tracker (Left Foot),-0.3892252,0.01475,0.1672735,-0.5684534,-0.205298,-0.1245202,0.7868978
1751960736549,13.57204,SteamVR Tracker (Waist),-0.2401714,0.9908226,0.2955542,0.1136945,0.01147854,0.01755577,0.9932944
1751960736581,13.60475,SteamVR Tracker (Right Foot),-4.634634,-1.066152,3.386047,0.1521615,0.04947012,0.9243146,0.346471
1751960736581,13.60475,SteamVR Tracker (Left Foot),-0.3899285,0.01467967,0.1669515,-0.567786,-0.2065475,-0.1242787,0.7870908
1751960736581,13.60475,SteamVR Tracker (Waist),-0.2368675,0.9886879,0.2978956,0.07310577,0.02126079,0.0117255,0.9970286
1751960736618,13.64182,SteamVR Tracker (Right Foot),-4.635971,-1.06407,3.385325,0.1426782,0.05666978,0.9255482,0.34611
1751960736618,13.64182,SteamVR Tracker (Left Foot),-0.389727,0.01484156,0.1670516,-0.5676491,-0.2069264,-0.1242919,0.7870881
1751960736618,13.64182,SteamVR Tracker (Waist),-0.2322655,0.9867104,0.3000678,0.05664039,0.03219269,0.01591502,0.9977486
1751960736658,13.68395,SteamVR Tracker (Right Foot),-4.633909,-1.063923,3.384116,0.1468086,0.06794517,0.9173473,0.3637371
1751960736658,13.68395,SteamVR Tracker (Left Foot),-0.3899417,0.01503992,0.167002,-0.567421,-0.2076717,-0.124519,0.7870204
1751960736659,13.68395,SteamVR Tracker (Waist),-0.2277449,0.985662,0.302137,0.0652793,0.03893406,0.01924439,0.9969215
1751960736679,13.70369,SteamVR Tracker (Right Foot),-4.635129,-1.063621,3.384378,0.141151,0.06674418,0.9179176,0.3647588
1751960736679,13.70369,SteamVR Tracker (Left Foot),-0.3894606,0.01511335,0.1672545,-0.5673282,-0.207809,-0.1248519,0.7869983
1751960736679,13.70369,SteamVR Tracker (Waist),-0.2226883,0.9862826,0.303249,0.06256028,0.0513642,0.0177607,0.9965604
1751960736720,13.74389,SteamVR Tracker (Right Foot),-4.63502,-1.063046,3.384064,0.1417716,0.07008114,0.9174393,0.3650953
1751960736720,13.74389,SteamVR Tracker (Left Foot),-0.3898353,0.01511097,0.1670474,-0.566795,-0.2083401,-0.1250192,0.7872154
1751960736720,13.74389,SteamVR Tracker (Waist),-0.2180283,0.988147,0.3035132,0.04942922,0.06545387,0.01751308,0.9964767
1751960736753,13.77679,SteamVR Tracker (Right Foot),-4.63477,-1.063015,3.384056,0.1413214,0.07126044,0.917336,0.365301
1751960736753,13.77679,SteamVR Tracker (Left Foot),-0.3894509,0.01516724,0.1672707,-0.5665215,-0.2084968,-0.125584,0.7872809
1751960736753,13.77679,SteamVR Tracker (Waist),-0.2125602,0.9882098,0.3054495,0.04119206,0.07446671,0.02088217,0.9961536
1751960736785,13.80954,SteamVR Tracker (Right Foot),-4.634557,-1.063112,3.3841,0.1412768,0.07143739,0.9174216,0.3650689
1751960736785,13.80954,SteamVR Tracker (Left Foot),-0.3893181,0.01505876,0.1673245,-0.5661247,-0.2087412,-0.1259847,0.7874374
1751960736785,13.80954,SteamVR Tracker (Waist),-0.2076055,0.9887204,0.307069,0.01443369,0.09657864,0.02173921,0.9949833
1751960736852,13.87287,SteamVR Tracker (Right Foot),-4.634406,-1.063279,3.384168,0.1409698,0.07122675,0.9175884,0.3648093
1751960736852,13.87287,SteamVR Tracker (Left Foot),-0.3893059,0.01511669,0.167417,-0.5655413,-0.2089801,-0.1262275,0.7877544
1751960736852,13.87287,SteamVR Tracker (Waist),-0.2007822,0.9894053,0.308257,0.002047733,0.1209893,0.02331135,0.9923779
1751960736868,13.89478,SteamVR Tracker (Right Foot),-4.634407,-1.063171,3.384372,0.1408799,0.07225228,0.9175936,0.3646293
1751960736868,13.89478,SteamVR Tracker (Left Foot),-0.3886742,0.01509261,0.1677172,-0.5655178,-0.2090742,-0.1266686,0.7876756
1751960736868,13.89478,SteamVR Tracker (Waist),-0.1924744,0.9895052,0.3079741,-0.009124653,0.1497271,0.02545825,0.9883574
1751960736905,13.92901,SteamVR Tracker (Right Foot),-4.634382,-1.063174,3.384447,0.141436,0.07258017,0.9177778,0.3638844
1751960736906,13.92901,SteamVR Tracker (Left Foot),-0.388981,0.01526093,0.1676503,-0.565415,-0.2092749,-0.1269206,0.7876555
1751960736906,13.92901,SteamVR Tracker (Waist),-0.1883523,0.9899358,0.3062347,-0.01234707,0.1704938,0.03252499,0.9847444
1751960736939,13.96323,SteamVR Tracker (Right Foot),-4.6345,-1.063093,3.38445,0.140851,0.07168169,0.9179089,0.3639588
1751960736939,13.96323,SteamVR Tracker (Left Foot),-0.3890636,0.01535535,0.16786,-0.5644326,-0.2095869,-0.1270491,0.7882561
1751960736939,13.96323,SteamVR Tracker (Waist),-0.1835673,0.9875141,0.303196,-0.003248766,0.1978869,0.03191732,0.9796997
1751960736995,14.01932,SteamVR Tracker (Right Foot),-4.634671,-1.063114,3.384752,0.140062,0.07107796,0.9184041,0.3631316
1751960736995,14.01932,SteamVR Tracker (Left Foot),-0.3892634,0.01539278,0.1679103,-0.5643685,-0.2098038,-0.1269767,0.788256
1751960736995,14.01932,SteamVR Tracker (Waist),-0.1801994,0.9857947,0.2990991,0.02269527,0.216844,0.03048902,0.9754661
1751960737016,14.04153,SteamVR Tracker (Right Foot),-4.636068,-1.062253,3.385602,0.1383297,0.06938072,0.9206411,0.358429
1751960737016,14.04153,SteamVR Tracker (Left Foot),-0.3891273,0.01544404,0.1678922,-0.5646234,-0.2098446,-0.1273254,0.7880064
1751960737016,14.04153,SteamVR Tracker (Waist),-0.1750676,0.9842323,0.2961481,0.03336328,0.2426432,0.03283319,0.9689856
1751960737047,14.07212,SteamVR Tracker (Right Foot),-4.641531,-1.057194,3.387944,0.1264715,0.06755556,0.9328507,0.3305008
1751960737047,14.07212,SteamVR Tracker (Left Foot),-0.3892748,0.01536417,0.1679425,-0.5650047,-0.2097395,-0.1273467,0.7877575
1751960737047,14.07212,SteamVR Tracker (Waist),-0.1722194,0.9824089,0.2933359,0.05050685,0.2351843,0.02868664,0.9702137
1751960737081,14.10499,SteamVR Tracker (Right Foot),-4.657173,-1.046423,3.393451,0.1016112,0.06208909,0.9613232,0.2483503
1751960737081,14.10499,SteamVR Tracker (Left Foot),-0.3889572,0.0153954,0.1678995,-0.5666423,-0.2093207,-0.1280329,0.7865806
1751960737081,14.10499,SteamVR Tracker (Waist),-0.1676178,0.9836299,0.2912134,0.01395411,0.266215,0.03205412,0.9632795
1751960737114,14.13905,SteamVR Tracker (Right Foot),-4.679526,-1.038018,3.399184,0.06999797,0.04952818,0.9861694,0.1418351
1751960737114,14.13905,SteamVR Tracker (Left Foot),-0.389124,0.01539636,0.1679224,-0.5661954,-0.2101481,-0.1278435,0.7867126
1751960737114,14.13905,SteamVR Tracker (Waist),-0.1634851,0.9817421,0.2888696,0.00629097,0.2759115,0.03538743,0.9605108
1751960737176,14.19934,SteamVR Tracker (Right Foot),-4.703697,-1.038275,3.40213,0.04442575,0.04305702,0.9968715,0.04918919
1751960737177,14.19934,SteamVR Tracker (Left Foot),-0.3892616,0.0155437,0.1680844,-0.5643713,-0.211283,-0.1273987,0.7877907
1751960737177,14.19934,SteamVR Tracker (Waist),-0.1582316,0.9811636,0.28773,0.01930854,0.2907211,0.03789829,0.955862
1751960737189,14.21506,SteamVR Tracker (Right Foot),-4.729742,-1.038435,3.40444,0.0141837,0.03482997,0.9979786,-0.05122916
1751960737189,14.21506,SteamVR Tracker (Left Foot),-0.3892827,0.01554704,0.1684176,-0.5625819,-0.2118362,-0.1269402,0.7889951
1751960737189,14.21506,SteamVR Tracker (Waist),-0.150746,0.9804254,0.2851754,0.02653311,0.3091015,0.0396889,0.9498301
1751960737221,14.24531,SteamVR Tracker (Right Foot),-4.744359,-1.043315,3.404734,-0.003528532,0.02972574,0.9945428,-0.09994292
1751960737221,14.24531,SteamVR Tracker (Left Foot),-0.3892525,0.01575422,0.1686459,-0.5610682,-0.2124106,-0.1266194,0.7899695
1751960737221,14.24531,SteamVR Tracker (Waist),-0.143379,0.9809781,0.2835189,0.02927673,0.3212519,0.04033795,0.9456812
1751960737262,14.28599,SteamVR Tracker (Right Foot),-4.757765,-1.047554,3.400892,-0.01404452,0.04106763,0.9872044,-0.1534395
1751960737262,14.28599,SteamVR Tracker (Left Foot),-0.3891325,0.01563454,0.1689968,-0.559221,-0.2119304,-0.1259056,0.7915208
1751960737262,14.28599,SteamVR Tracker (Waist),-0.132553,0.981811,0.2801465,0.0299659,0.3350654,0.03855709,0.9409286
1751960737295,14.31999,SteamVR Tracker (Right Foot),-4.766408,-1.05036,3.397351,-0.0229446,0.05909485,0.9797788,-0.1897759
1751960737295,14.31999,SteamVR Tracker (Left Foot),-0.3894456,0.01588726,0.169218,-0.5575979,-0.209399,-0.1236675,0.7936895
1751960737295,14.31999,SteamVR Tracker (Waist),-0.1230365,0.9815786,0.2761896,0.02965351,0.3502965,0.03654404,0.9354558
1751960737364,14.38411,SteamVR Tracker (Right Foot),-4.763046,-1.049377,3.396816,-0.0390782,0.04906861,0.9855445,-0.1573758
1751960737364,14.38411,SteamVR Tracker (Left Foot),-0.3902998,0.01589394,0.169827,-0.556834,-0.203751,-0.118919,0.7964168
1751960737364,14.38411,SteamVR Tracker (Waist),-0.111264,0.9815185,0.2725556,0.02313661,0.3701035,0.03820581,0.9279162
1751960737380,14.4055,SteamVR Tracker (Right Foot),-4.763815,-1.046704,3.394109,-0.04197415,0.05991142,0.9870507,-0.1427577
1751960737380,14.4055,SteamVR Tracker (Left Foot),-0.3914611,0.01600361,0.170632,-0.5557792,-0.1946663,-0.1110255,0.8005548
1751960737380,14.4055,SteamVR Tracker (Waist),-0.09078234,0.9819921,0.2655117,0.02155102,0.4004764,0.03819865,0.9152569
1751960737410,14.43536,SteamVR Tracker (Right Foot),-4.765126,-1.04758,3.394359,-0.05457798,0.05489933,0.9857413,-0.1494039
1751960737410,14.43536,SteamVR Tracker (Left Foot),-0.3920196,0.01613736,0.1709667,-0.55417,-0.1891517,-0.1070854,0.8035235
1751960737410,14.43536,SteamVR Tracker (Waist),-0.08193415,0.982103,0.2615169,0.02580629,0.4140974,0.03719539,0.9091061
1751960737446,14.46983,SteamVR Tracker (Right Foot),-4.764112,-1.046613,3.39416,-0.04922256,0.05710889,0.9863658,-0.1462815
1751960737447,14.46983,SteamVR Tracker (Left Foot),-0.3926519,0.01636696,0.1716707,-0.5517276,-0.1837644,-0.1023989,0.8070576
1751960737447,14.46983,SteamVR Tracker (Waist),-0.06840795,0.982209,0.2560492,0.02950894,0.4328843,0.03495281,0.9002881
1751960737490,14.51403,SteamVR Tracker (Right Foot),-4.766579,-1.04676,3.393418,-0.06369743,0.0545724,0.9866551,-0.1395572
1751960737491,14.51403,SteamVR Tracker (Left Foot),-0.3942876,0.01677489,0.1726372,-0.5448256,-0.1739419,-0.09426971,0.8148758
1751960737491,14.51403,SteamVR Tracker (Waist),-0.04875261,0.9829509,0.2494378,0.02201053,0.4517412,0.03471472,0.8912016
1751960737562,14.58428,SteamVR Tracker (Right Foot),-4.767489,-1.046476,3.392611,-0.06891327,0.05415595,0.9869363,-0.1351846
1751960737562,14.58428,SteamVR Tracker (Left Foot),-0.3946349,0.01530933,0.1740345,-0.5285668,-0.1616303,-0.08633201,0.8288786
1751960737562,14.58428,SteamVR Tracker (Waist),-0.02514136,0.9857249,0.241078,0.01951549,0.4669319,0.04161703,0.8830978
1751960737589,14.6142,SteamVR Tracker (Right Foot),-4.767647,-1.045306,3.392055,-0.06875178,0.05561379,0.9870733,-0.133666
1751960737589,14.6142,SteamVR Tracker (Left Foot),-0.3944111,0.01436639,0.1769062,-0.5043895,-0.1433195,-0.08152378,0.8475876
1751960737589,14.6142,SteamVR Tracker (Waist),0.002465442,0.9871116,0.2301963,0.01307755,0.4817842,0.04757744,0.8748997
1751960737634,14.65743,SteamVR Tracker (Right Foot),-4.766637,-1.044121,3.39135,-0.06364843,0.05752649,0.9868193,-0.1372129
1751960737634,14.65743,SteamVR Tracker (Left Foot),-0.3803145,0.03729653,0.1993989,-0.4759795,-0.1026504,-0.09395124,0.8683776
1751960737634,14.65743,SteamVR Tracker (Waist),0.02629005,0.9877975,0.219351,0.01058543,0.5006502,0.04880406,0.864208
1751960737680,14.7032,SteamVR Tracker (Right Foot),-4.765787,-1.044459,3.391285,-0.05975003,0.0537919,0.9869028,-0.1398542
1751960737680,14.7032,SteamVR Tracker (Left Foot),-0.3707214,0.04699898,0.2140437,-0.4137617,-0.03691339,-0.1352053,0.8995322
1751960737680,14.7032,SteamVR Tracker (Waist),0.04942466,0.9878095,0.2076186,0.004501387,0.5262076,0.04641818,0.8490763
1751960737751,14.77464,SteamVR Tracker (Right Foot),-4.766198,-1.043674,3.39078,-0.0603381,0.05553447,0.9867336,-0.1401144
1751960737751,14.77464,SteamVR Tracker (Left Foot),-0.3471729,0.05815578,0.2361744,-0.2909729,0.1027414,-0.2180371,0.925872
1751960737751,14.77464,SteamVR Tracker (Waist),0.06814256,0.9848132,0.1973289,-0.005672407,0.5524445,0.04453035,0.8323401
1751960737777,14.80157,SteamVR Tracker (Right Foot),-4.766699,-1.043326,3.390593,-0.06402505,0.05620285,0.9868213,-0.1375712
1751960737777,14.80157,SteamVR Tracker (Left Foot),-0.2898255,0.06591845,0.258651,-0.2942144,0.1910429,-0.04271641,0.9354763
1751960737777,14.80157,SteamVR Tracker (Waist),0.09042879,0.9809364,0.1857556,-0.00781609,0.583752,0.03556434,0.8111151
1751960737818,14.84156,SteamVR Tracker (Right Foot),-4.768951,-1.042979,3.390608,-0.07487518,0.06361809,0.9865725,-0.1304652
1751960737818,14.84156,SteamVR Tracker (Left Foot),-0.1860428,0.05887341,0.2742506,-0.2928639,0.4488279,0.1316116,0.833944
1751960737818,14.84156,SteamVR Tracker (Waist),0.1047827,0.9804561,0.179044,0.01785252,0.5916673,0.01854312,0.8057712
1751960737872,14.89564,SteamVR Tracker (Right Foot),-4.7706,-1.043437,3.391477,-0.08621109,0.06250664,0.9869523,-0.1207718
1751960737872,14.89564,SteamVR Tracker (Left Foot),-0.1047753,0.05010867,0.3043268,-0.3479819,0.3700896,0.1873949,0.8407292
1751960737872,14.89564,SteamVR Tracker (Waist),0.1181255,0.9852393,0.1765597,0.02806517,0.5918608,0.009255948,0.8054983
1751960737941,14.96254,SteamVR Tracker (Right Foot),-4.77078,-1.043293,3.391869,-0.08331929,0.06553802,0.9867489,-0.1228386
1751960737941,14.96254,SteamVR Tracker (Left Foot),-0.005738497,0.04038,0.3344627,-0.4100343,0.3868934,0.2307107,0.7930687
1751960737941,14.96254,SteamVR Tracker (Waist),0.1291285,0.9875669,0.1737057,0.0008635597,0.5898269,0.0279176,0.8070465
1751960737970,14.99382,SteamVR Tracker (Right Foot),-4.772547,-1.043502,3.393119,-0.0914289,0.06349172,0.9870642,-0.1153857
1751960737970,14.99382,SteamVR Tracker (Left Foot),0.126011,0.03582454,0.3665834,-0.4660421,0.4029315,0.3088676,0.7246046
1751960737970,14.99382,SteamVR Tracker (Waist),0.1447765,0.9866606,0.1692922,-0.007719952,0.6033936,0.02435973,0.797034
1751960738008,15.03279,SteamVR Tracker (Right Foot),-4.774035,-1.044014,3.394264,-0.09541044,0.05492442,0.9879558,-0.1087361
1751960738009,15.03279,SteamVR Tracker (Left Foot),0.2218627,0.04075432,0.3750821,-0.4873129,0.3885629,0.3511613,0.6987352
1751960738009,15.03279,SteamVR Tracker (Waist),0.1542482,0.9853235,0.1664662,0.004787365,0.6233139,0.01213778,0.7818629
1751960738055,15.07867,SteamVR Tracker (Right Foot),-4.77407,-1.044951,3.392538,-0.09595764,0.05386239,0.9881551,-0.1069605
1751960738056,15.07867,SteamVR Tracker (Left Foot),0.3163307,0.05556488,0.3651729,-0.487323,0.3902739,0.41122,0.6641542
1751960738056,15.07867,SteamVR Tracker (Waist),0.1642064,0.9855574,0.1651515,-0.0002958032,0.6332456,0.01923072,0.773712
1751960738133,15.15473,SteamVR Tracker (Right Foot),-4.773803,-1.044011,3.391361,-0.09584235,0.06416579,0.9870898,-0.1111348
1751960738133,15.15473,SteamVR Tracker (Left Foot),0.388415,0.07651448,0.3491284,-0.4681937,0.4002279,0.4456632,0.6496127
1751960738133,15.15473,SteamVR Tracker (Waist),0.1783222,0.9854676,0.167042,-0.004089679,0.6500043,0.02562692,0.7594873
1751960738158,15.18092,SteamVR Tracker (Right Foot),-4.7738,-1.043555,3.390622,-0.09707221,0.07206421,0.9861041,-0.1139406
1751960738159,15.18092,SteamVR Tracker (Left Foot),0.4588476,0.08878636,0.3335339,-0.4653567,0.4036452,0.4677325,0.6338297
1751960738159,15.18092,SteamVR Tracker (Waist),0.1948939,0.9849226,0.1678678,-0.008082693,0.66256,0.03682472,0.7480593
1751960738199,15.22318,SteamVR Tracker (Right Foot),-4.773947,-1.043011,3.390996,-0.09573773,0.07826995,0.985689,-0.1145654
1751960738199,15.22318,SteamVR Tracker (Left Foot),0.4714974,0.08997726,0.3157811,-0.4630147,0.4205422,0.4832788,0.6125385
1751960738199,15.22318,SteamVR Tracker (Waist),0.2091452,0.9833864,0.1696026,-0.004139129,0.6701352,0.04449843,0.7408924
1751960738243,15.26681,SteamVR Tracker (Right Foot),-4.773736,-1.04198,3.391047,-0.09407064,0.0877248,0.9845021,-0.1192082
1751960738243,15.26681,SteamVR Tracker (Left Foot),0.476725,0.07726073,0.2998012,-0.4449097,0.4934393,0.4519673,0.59523
1751960738244,15.26681,SteamVR Tracker (Waist),0.2231732,0.9810861,0.1706854,0.002203306,0.6816241,0.04375391,0.7303899
1751960738322,15.34504,SteamVR Tracker (Right Foot),-4.772513,-1.040879,3.391613,-0.09460646,0.09225133,0.9831973,-0.125946
1751960738322,15.34504,SteamVR Tracker (Left Foot),0.4566974,0.05551672,0.2937636,-0.4122095,0.5418076,0.4447101,0.5820317
1751960738322,15.34504,SteamVR Tracker (Waist),0.2428257,0.9785304,0.1687659,0.007283516,0.6916044,0.05839306,0.7198754
1751960738347,15.37118,SteamVR Tracker (Right Foot),-4.773022,-1.04011,3.391982,-0.09700995,0.1018365,0.9819264,-0.1266456
1751960738347,15.37118,SteamVR Tracker (Left Foot),0.4438199,0.03577995,0.2831453,-0.3711551,0.5949501,0.4496865,0.5532272
1751960738347,15.37118,SteamVR Tracker (Waist),0.265913,0.9751402,0.1669433,0.01012879,0.712581,0.06487512,0.6985105
1751960738387,15.41027,SteamVR Tracker (Right Foot),-4.774096,-1.039494,3.392568,-0.1023976,0.112152,0.9809445,-0.1211801
1751960738387,15.41027,SteamVR Tracker (Left Foot),0.4400268,0.0239222,0.280896,-0.3462926,0.5796594,0.4667486,0.5711588
1751960738387,15.41027,SteamVR Tracker (Waist),0.2862846,0.9739777,0.1676949,0.0183705,0.7473694,0.05146858,0.6621574
1751960738430,15.45348,SteamVR Tracker (Right Foot),-4.775279,-1.037981,3.393526,-0.1084471,0.1353752,0.9777717,-0.1177935
1751960738430,15.45348,SteamVR Tracker (Left Foot),0.4433124,0.04335761,0.2877955,-0.3811399,0.5903459,0.4111801,0.5806506
1751960738430,15.45348,SteamVR Tracker (Waist),0.3081703,0.9747335,0.1715105,0.02059623,0.7727318,0.04159377,0.6330335
1751960738500,15.52272,SteamVR Tracker (Right Foot),-4.778189,-1.035844,3.394887,-0.1194457,0.1724796,0.9716102,-0.1093488
1751960738500,15.52272,SteamVR Tracker (Left Foot),0.4499251,0.03925157,0.2887741,-0.3852066,0.5674103,0.436185,0.582584
1751960738500,15.52272,SteamVR Tracker (Waist),0.3281411,0.978653,0.1799443,0.01710302,0.746695,0.03688824,0.6639227
1751960738522,15.54767,SteamVR Tracker (Right Foot),-4.780096,-1.034186,3.396001,-0.1280524,0.1985448,0.9661629,-0.1034981
1751960738522,15.54767,SteamVR Tracker (Left Foot),0.4511413,0.03776145,0.289217,-0.3813473,0.5695089,0.4324973,0.5858157
1751960738522,15.54767,SteamVR Tracker (Waist),0.3485693,0.980582,0.187251,0.01289343,0.7359371,0.04343367,0.6755324
1751960738568,15.59101,SteamVR Tracker (Right Foot),-4.783985,-1.032718,3.397818,-0.144835,0.2120297,0.9619381,-0.09349552
1751960738568,15.59101,SteamVR Tracker (Left Foot),0.4504517,0.03658271,0.2894138,-0.3798418,0.5692469,0.4333303,0.5864325
1751960738568,15.59101,SteamVR Tracker (Waist),0.3630105,0.9814793,0.1906451,0.01768881,0.7614274,0.04881208,0.6461678
1751960738611,15.63416,SteamVR Tracker (Right Foot),-4.790186,-1.027746,3.401144,-0.1848372,0.2571204,0.9453999,-0.0770928
1751960738611,15.63416,SteamVR Tracker (Left Foot),0.4503758,0.03602195,0.2892788,-0.3819355,0.5683852,0.4343904,0.5851228
1751960738611,15.63416,SteamVR Tracker (Waist),0.3843974,0.9814606,0.1931933,0.02359799,0.7701597,0.03819295,0.6362692
1751960738688,15.71041,SteamVR Tracker (Right Foot),-4.80843,-1.021415,3.414041,-0.3017708,0.281659,0.9082621,-0.06828246
1751960738688,15.71041,SteamVR Tracker (Left Foot),0.451145,0.03549838,0.2898347,-0.3778833,0.5699903,0.4322148,0.5877973
1751960738688,15.71041,SteamVR Tracker (Waist),0.393681,0.9800879,0.1965809,0.02383831,0.7786981,0.03160837,0.6261485
1751960738718,15.74051,SteamVR Tracker (Right Foot),-4.826344,-1.022345,3.43359,-0.4279716,0.2650181,0.8591824,-0.09171319
1751960738718,15.74051,SteamVR Tracker (Left Foot),0.4514497,0.03525233,0.2898973,-0.3771601,0.5701502,0.4319674,0.5882883
1751960738718,15.74051,SteamVR Tracker (Waist),0.4056012,0.9775343,0.1993058,0.01766031,0.7852788,0.03584264,0.6178517
1751960738756,15.78088,SteamVR Tracker (Right Foot),-4.85951,-1.00581,3.444529,-0.3352906,0.246456,0.8895968,-0.1883009
1751960738757,15.78088,SteamVR Tracker (Left Foot),0.4515218,0.03510523,0.2898533,-0.3769361,0.5711161,0.4298371,0.589055
1751960738757,15.78088,SteamVR Tracker (Waist),0.4134663,0.9755404,0.2005193,0.02892647,0.7939268,0.01148057,0.6072164
1751960738804,15.82695,SteamVR Tracker (Right Foot),-4.913781,-0.9836938,3.444413,-0.2870302,0.1912073,0.8913482,-0.2941969
1751960738804,15.82695,SteamVR Tracker (Left Foot),0.4515113,0.03525877,0.289835,-0.376644,0.5711545,0.4299326,0.5891348
1751960738804,15.82695,SteamVR Tracker (Waist),0.4209871,0.9807316,0.2082646,0.04302735,0.7863541,0.009635523,0.6162006
1751960738880,15.90031,SteamVR Tracker (Right Foot),-4.9829,-0.9558516,3.440441,-0.2377782,0.1253061,0.8802643,-0.3910173
1751960738880,15.90031,SteamVR Tracker (Left Foot),0.4503798,0.03641844,0.2907242,-0.3744959,0.5660769,0.4363257,0.5907027
1751960738880,15.90031,SteamVR Tracker (Waist),0.4270395,0.987065,0.2125281,0.01946312,0.7817524,0.06219803,0.6201741
1751960738903,15.9279,SteamVR Tracker (Right Foot),-5.04217,-0.9301589,3.445824,-0.1794972,0.05516448,0.8695028,-0.4568396
1751960738903,15.9279,SteamVR Tracker (Left Foot),0.4498014,0.0369997,0.290775,-0.37245,0.5628661,0.4392578,0.5928873
1751960738903,15.9279,SteamVR Tracker (Waist),0.4336713,0.9858279,0.2139895,0.02065757,0.7833947,0.06234368,0.6180448
1751960738945,15.96948,SteamVR Tracker (Right Foot),-5.076106,-0.9105864,3.449353,-0.1587595,0.0360051,0.8641363,-0.476201
1751960738946,15.96948,SteamVR Tracker (Left Foot),0.450498,0.03685665,0.2905038,-0.3754795,0.563362,0.4373122,0.591943
1751960738946,15.96948,SteamVR Tracker (Waist),0.4387115,0.9802468,0.211843,0.05062893,0.7858537,0.0158589,0.6161323
1751960738992,16.01457,SteamVR Tracker (Right Foot),-5.102837,-0.8937137,3.457801,-0.1582355,0.003742081,0.8558385,-0.4924307
1751960738992,16.01457,SteamVR Tracker (Left Foot),0.4506923,0.0365665,0.2906287,-0.3759764,0.5656981,0.434989,0.5911108
1751960738992,16.01457,SteamVR Tracker (Waist),0.443913,0.9815466,0.2102194,0.03851158,0.7830905,0.02581329,0.6201773
1751960739067,16.08929,SteamVR Tracker (Right Foot),-5.077374,-0.8999341,3.451351,-0.1600753,0.0502249,0.8691852,-0.4651564
1751960739067,16.08929,SteamVR Tracker (Left Foot),0.4506621,0.03644443,0.290122,-0.3768371,0.5669203,0.4337901,0.5902723
1751960739067,16.08929,SteamVR Tracker (Waist),0.4492014,0.9841835,0.2047822,0.01692205,0.7831721,0.04239233,0.6201275
1751960739090,16.11479,SteamVR Tracker (Right Foot),-5.083686,-0.899282,3.448602,-0.2088102,0.05202986,0.8657484,-0.4518529
1751960739090,16.11479,SteamVR Tracker (Left Foot),0.4506445,0.03581548,0.2899379,-0.3793063,0.5683276,0.4321019,0.5885733
1751960739090,16.11479,SteamVR Tracker (Waist),0.4553435,0.984185,0.1995713,0.02184961,0.7851239,0.03032619,0.6182099
1751960739134,16.15685,SteamVR Tracker (Right Foot),-5.083154,-0.898366,3.450063,-0.2011436,0.04448428,0.8686876,-0.4504934
1751960739134,16.15685,SteamVR Tracker (Left Foot),0.4507594,0.03543305,0.2896749,-0.3812298,0.5695779,0.4306895,0.5871555
1751960739134,16.15685,SteamVR Tracker (Waist),0.4610843,0.9848235,0.1986632,0.02003006,0.785611,0.0348186,0.6174155
1751960739178,16.20065,SteamVR Tracker (Right Foot),-5.082426,-0.8993709,3.448148,-0.2031332,0.03808011,0.8690408,-0.4495052
1751960739178,16.20065,SteamVR Tracker (Left Foot),0.4506919,0.03545785,0.2900388,-0.3811368,0.5683756,0.4321056,0.5873404
1751960739178,16.20065,SteamVR Tracker (Waist),0.4675595,0.9860226,0.1990513,0.01458766,0.7711022,0.04176326,0.6351727
1751960739251,16.27306,SteamVR Tracker (Right Foot),-5.080906,-0.9003632,3.448106,-0.2019574,0.04055096,0.868964,-0.4499672
1751960739251,16.27306,SteamVR Tracker (Left Foot),0.4511485,0.03551674,0.2899349,-0.3817961,0.5676745,0.4314758,0.5880528
1751960739251,16.27306,SteamVR Tracker (Waist),0.4722995,0.9850811,0.1952901,0.01946091,0.7701047,0.03749431,0.6365173
1751960739278,16.30246,SteamVR Tracker (Right Foot),-5.080659,-0.9004047,3.447861,-0.2009127,0.04062782,0.8690637,-0.4502352
1751960739278,16.30246,SteamVR Tracker (Left Foot),0.4512513,0.03543043,0.2895739,-0.3828939,0.5669076,0.4309264,0.5884815
1751960739279,16.30246,SteamVR Tracker (Waist),0.4769957,0.9844435,0.1920788,0.02385267,0.7696841,0.03277453,0.6371368
1751960739320,16.34324,SteamVR Tracker (Right Foot),-5.080896,-0.9001238,3.44783,-0.202099,0.04144661,0.8689556,-0.4498383
1751960739321,16.34324,SteamVR Tracker (Left Foot),0.4512838,0.03499198,0.289641,-0.3818063,0.5679956,0.4289127,0.5896091
1751960739321,16.34324,SteamVR Tracker (Waist),0.4793054,0.984537,0.1909264,0.01964798,0.7698568,0.03584084,0.6369067
1751960739365,16.38889,SteamVR Tracker (Right Foot),-5.080623,-0.9003277,3.447637,-0.202026,0.03946635,0.8689402,-0.4500788
1751960739365,16.38889,SteamVR Tracker (Left Foot),0.4512383,0.03499007,0.2897215,-0.3826081,0.5675246,0.4291794,0.5893488
1751960739365,16.38889,SteamVR Tracker (Waist),0.4830986,0.983288,0.1890382,0.02033813,0.7660108,0.03170592,0.6417231
1751960739436,16.45802,SteamVR Tracker (Right Foot),-5.080582,-0.9002492,3.447173,-0.2021548,0.03985782,0.8686012,-0.4506404
1751960739436,16.45802,SteamVR Tracker (Left Foot),0.4516337,0.034899,0.2897041,-0.3823625,0.5678873,0.4277576,0.5901919
1751960739437,16.45802,SteamVR Tracker (Waist),0.4862916,0.9827591,0.1855474,0.02274937,0.7673963,0.02801727,0.6401565
1751960739466,16.48986,SteamVR Tracker (Right Foot),-5.08058,-0.9002247,3.446858,-0.2027639,0.04058328,0.8684722,-0.4505508
1751960739467,16.48986,SteamVR Tracker (Left Foot),0.4516998,0.03479695,0.2893112,-0.3822335,0.5681431,0.426528,0.5909187
1751960739467,16.48986,SteamVR Tracker (Waist),0.4892647,0.9842256,0.1823935,0.013211,0.7676296,0.03440169,0.6398335
1751960739510,16.53342,SteamVR Tracker (Right Foot),-5.080949,-0.900032,3.447175,-0.2032001,0.04054587,0.8683898,-0.4505162
1751960739510,16.53342,SteamVR Tracker (Left Foot),0.4519132,0.03456068,0.2893949,-0.38259,0.5679517,0.4265164,0.5908803
1751960739510,16.53342,SteamVR Tracker (Waist),0.4915145,0.9851338,0.1793475,0.007557518,0.7689868,0.03590275,0.638211
1751960739556,16.57809,SteamVR Tracker (Right Foot),-5.080922,-0.8999536,3.447267,-0.2036482,0.03995149,0.8683324,-0.4504776
1751960739556,16.57809,SteamVR Tracker (Left Foot),0.4519343,0.03416276,0.2894754,-0.3825083,0.5682588,0.4256389,0.5912706
1751960739556,16.57809,SteamVR Tracker (Waist),0.4937061,0.9839925,0.1759376,0.0133178,0.7686202,0.02922503,0.6388988
1751960739621,16.64289,SteamVR Tracker (Right Foot),-5.080762,-0.9000385,3.447278,-0.2036011,0.04030268,0.868183,-0.4507556
1751960739621,16.64289,SteamVR Tracker (Left Foot),0.4523984,0.03456688,0.2894044,-0.3825816,0.5687928,0.4249415,0.5912113
1751960739621,16.64289,SteamVR Tracker (Waist),0.4934624,0.9858164,0.171375,0.01013204,0.7756568,0.03807443,0.6299241
1751960739634,16.66015,SteamVR Tracker (Right Foot),-5.08088,-0.8998291,3.447219,-0.2040253,0.04042086,0.8681253,-0.4506643
1751960739634,16.66015,SteamVR Tracker (Left Foot),0.4523306,0.03418589,0.2890627,-0.3826166,0.5690857,0.424179,0.5914544
1751960739634,16.66015,SteamVR Tracker (Waist),0.4936342,0.9868211,0.1677577,0.005215764,0.7792228,0.04388687,0.6251869
1751960739664,16.68911,SteamVR Tracker (Right Foot),-5.080832,-0.8998082,3.44734,-0.2044311,0.04094638,0.8681723,-0.4503423
1751960739664,16.68911,SteamVR Tracker (Left Foot),0.4522271,0.03369761,0.2890927,-0.3826212,0.5691463,0.4238504,0.5916287
1751960739664,16.68911,SteamVR Tracker (Waist),0.4942567,0.9871687,0.164862,0.005331936,0.7817145,0.0434152,0.6221007
1751960739701,16.72503,SteamVR Tracker (Right Foot),-5.080924,-0.9002211,3.446943,-0.2045288,0.04065017,0.8682392,-0.4501958
1751960739701,16.72503,SteamVR Tracker (Left Foot),0.4521134,0.03324056,0.2888399,-0.3829354,0.5690395,0.423411,0.5918426
1751960739701,16.72503,SteamVR Tracker (Waist),0.4945468,0.9856477,0.1620454,0.007917169,0.7811007,0.0404147,0.6230455
1751960739739,16.76354,SteamVR Tracker (Right Foot),-5.080674,-0.9001865,3.446621,-0.2047096,0.04027653,0.8682226,-0.4501793
1751960739739,16.76354,SteamVR Tracker (Left Foot),0.452247,0.03360128,0.2889367,-0.3830455,0.5688438,0.4234606,0.591924
1751960739739,16.76354,SteamVR Tracker (Waist),0.495901,0.9842093,0.1591144,0.01302506,0.7833197,0.03670325,0.6203979
1751960739793,16.8168,SteamVR Tracker (Right Foot),-5.080956,-0.9001596,3.446565,-0.2049682,0.03996128,0.8680828,-0.4503593
1751960739793,16.8168,SteamVR Tracker (Left Foot),0.4523771,0.03356242,0.2889414,-0.3829604,0.5688583,0.4235938,0.5918699
1751960739793,16.8168,SteamVR Tracker (Waist),0.4969019,0.984808,0.1572069,0.01382786,0.7857186,0.03739309,0.617298
1751960739819,16.84321,SteamVR Tracker (Right Foot),-5.080893,-0.9002564,3.446494,-0.2052086,0.03963489,0.8680933,-0.4502582
1751960739819,16.84321,SteamVR Tracker (Left Foot),0.4524066,0.03353095,0.2888362,-0.3833015,0.568759,0.4234488,0.5918483
1751960739819,16.84321,SteamVR Tracker (Waist),0.4978067,0.9856553,0.1549075,0.01162563,0.7867986,0.04214242,0.6156598
1751960739847,16.87197,SteamVR Tracker (Right Foot),-5.081021,-0.900058,3.446947,-0.2053623,0.03980351,0.8680692,-0.4502199
1751960739847,16.87197,SteamVR Tracker (Left Foot),0.4523433,0.03350902,0.288752,-0.383332,0.5688143,0.422952,0.5921305
1751960739847,16.87197,SteamVR Tracker (Waist),0.4984831,0.9861379,0.1537213,0.01010471,0.7867126,0.04432211,0.6156434
1751960739887,16.9119,SteamVR Tracker (Right Foot),-5.080979,-0.9000952,3.447081,-0.2054095,0.04000349,0.868072,-0.4501751
1751960739888,16.9119,SteamVR Tracker (Left Foot),0.4523316,0.03334951,0.2887135,-0.3836004,0.5687374,0.4229375,0.592041
1751960739888,16.9119,SteamVR Tracker (Waist),0.4987417,0.9859849,0.1522111,0.01127285,0.7874146,0.04271944,0.6148384
1751960739919,16.94342,SteamVR Tracker (Right Foot),-5.081099,-0.8999345,3.447447,-0.2056335,0.04037693,0.8680143,-0.4501507
1751960739919,16.94342,SteamVR Tracker (Left Foot),0.4524112,0.03325963,0.2888057,-0.3837076,0.5687341,0.422567,0.5922391
1751960739919,16.94342,SteamVR Tracker (Waist),0.4991044,0.9857471,0.1510736,0.01298636,0.788105,0.04115171,0.6140264
1751960739980,17.00447,SteamVR Tracker (Right Foot),-5.081025,-0.9001427,3.446932,-0.2058692,0.04033352,0.8679849,-0.4501038
1751960739981,17.00447,SteamVR Tracker (Left Foot),0.4524308,0.03349924,0.2887603,-0.3837446,0.5686471,0.4223689,0.59244
1751960739981,17.00447,SteamVR Tracker (Waist),0.4992821,0.9859432,0.1504651,0.0122422,0.7887027,0.04218632,0.6132035
1751960740009,17.03402,SteamVR Tracker (Right Foot),-5.080865,-0.9001362,3.446594,-0.206062,0.04040384,0.867916,-0.4501421
1751960740010,17.03402,SteamVR Tracker (Left Foot),0.452589,0.03353214,0.2887991,-0.3837558,0.5687047,0.4221218,0.5925536
1751960740010,17.03402,SteamVR Tracker (Waist),0.500427,0.9864947,0.1493185,0.01201243,0.7891362,0.04231417,0.6126412
1751960740041,17.06508,SteamVR Tracker (Right Foot),-5.081131,-0.8998456,3.446914,-0.2060302,0.0405874,0.8679371,-0.4500993
1751960740041,17.06508,SteamVR Tracker (Left Foot),0.4525477,0.03350472,0.28872,-0.3839868,0.568547,0.4221741,0.592518
1751960740041,17.06508,SteamVR Tracker (Waist),0.5047745,0.9897124,0.1509038,0.01248565,0.7891496,0.0416339,0.6126612
1751960740074,17.09871,SteamVR Tracker (Right Foot),-5.081067,-0.8998702,3.446948,-0.2060471,0.04045787,0.8679798,-0.4500211
1751960740074,17.09871,SteamVR Tracker (Left Foot),0.4525796,0.0335803,0.2888281,-0.3841378,0.5684605,0.4222504,0.5924487
1751960740074,17.09871,SteamVR Tracker (Waist),0.5050746,0.9892744,0.1503822,0.01326514,0.7880111,0.04083551,0.6141621
1751960740131,17.15438,SteamVR Tracker (Right Foot),-5.080951,-0.8999064,3.447049,-0.2060693,0.04061101,0.8679885,-0.4499802
1751960740131,17.15438,SteamVR Tracker (Left Foot),0.4525613,0.03324556,0.2888026,-0.3843228,0.5683688,0.4220546,0.5925562
1751960740131,17.15438,SteamVR Tracker (Waist),0.5052658,0.9894819,0.1503692,0.0138135,0.7884086,0.04123828,0.6136127
1751960740150,17.17474,SteamVR Tracker (Right Foot),-5.080921,-0.8998599,3.447114,-0.2060572,0.04055633,0.8679177,-0.4501274
1751960740151,17.17474,SteamVR Tracker (Left Foot),0.4524418,0.0333302,0.2887714,-0.3844936,0.5682865,0.4220085,0.5925571
1751960740151,17.17474,SteamVR Tracker (Waist),0.5054306,0.9898105,0.1501445,0.01243748,0.7874388,0.04405928,0.6146905
1751960740181,17.2038,SteamVR Tracker (Right Foot),-5.081002,-0.8998373,3.447109,-0.2061229,0.04074345,0.8679808,-0.4499585
1751960740181,17.2038,SteamVR Tracker (Left Foot),0.4526812,0.03334689,0.2887445,-0.3843321,0.5684459,0.4219206,0.5925717
1751960740181,17.2038,SteamVR Tracker (Waist),0.5054133,0.9898231,0.1496867,0.01057306,0.7873362,0.04545327,0.6147553
1751960740214,17.23922,SteamVR Tracker (Right Foot),-5.080884,-0.8999972,3.446778,-0.2059834,0.04031555,0.8679513,-0.4501177
1751960740215,17.23922,SteamVR Tracker (Left Foot),0.4524591,0.03318834,0.2886631,-0.384523,0.5683618,0.4220203,0.5924575
1751960740215,17.23922,SteamVR Tracker (Waist),0.5058751,0.9894499,0.1493536,0.01139764,0.7879028,0.0432204,0.6141752
1751960740248,17.27204,SteamVR Tracker (Right Foot),-5.080839,-0.9000745,3.446735,-0.2058671,0.04030972,0.8678988,-0.4502727
1751960740248,17.27204,SteamVR Tracker (Left Foot),0.4525492,0.03324199,0.2886408,-0.3847252,0.5682804,0.4219955,0.5924219
1751960740248,17.27204,SteamVR Tracker (Waist),0.5061032,0.9890809,0.1491521,0.01285583,0.7874115,0.04113138,0.6149195
1751960740303,17.32564,SteamVR Tracker (Right Foot),-5.081026,-0.8998427,3.447009,-0.2059953,0.04064678,0.867887,-0.4502067
1751960740303,17.32564,SteamVR Tracker (Left Foot),0.4525445,0.03341317,0.2887859,-0.3847642,0.5681885,0.4221221,0.5923946
1751960740303,17.32564,SteamVR Tracker (Waist),0.5066075,0.9892929,0.1495435,0.01152824,0.7850451,0.04283887,0.617848
1751960740336,17.36089,SteamVR Tracker (Right Foot),-5.080908,-0.8996291,3.447048,-0.2058417,0.04072817,0.8678784,-0.4502859
1751960740336,17.36089,SteamVR Tracker (Left Foot),0.4526252,0.0334065,0.2888852,-0.3848634,0.5680014,0.4221354,0.5925
1751960740336,17.36089,SteamVR Tracker (Waist),0.5076337,0.9895467,0.1499451,0.01057479,0.7834186,0.04489452,0.6197806
1751960740379,17.40266,SteamVR Tracker (Right Foot),-5.080997,-0.8997033,3.447216,-0.2057645,0.04058421,0.8680121,-0.4500766
1751960740379,17.40266,SteamVR Tracker (Left Foot),0.4526692,0.03347254,0.2887755,-0.3849058,0.5680208,0.4222429,0.5923773
1751960740379,17.40266,SteamVR Tracker (Waist),0.5084006,0.9893761,0.149323,0.01087919,0.7841664,0.0439709,0.6188952
1751960740426,17.45076,SteamVR Tracker (Right Foot),-5.080954,-0.8998382,3.447183,-0.2057578,0.04077573,0.8679935,-0.4500982
1751960740426,17.45076,SteamVR Tracker (Left Foot),0.4525726,0.03329492,0.2888411,-0.3849621,0.5680436,0.4222012,0.5923486
1751960740426,17.45076,SteamVR Tracker (Waist),0.5091705,0.9890395,0.1482061,0.01343485,0.7858069,0.04074281,0.6169822
1751960740489,17.51277,SteamVR Tracker (Right Foot),-5.080962,-0.8996751,3.447172,-0.2060456,0.04120656,0.8678924,-0.4501222
1751960740489,17.51277,SteamVR Tracker (Left Foot),0.4526587,0.03336501,0.2887502,-0.3851086,0.5679946,0.4219498,0.5924795
1751960740489,17.51277,SteamVR Tracker (Waist),0.5090099,0.989718,0.1481468,0.007445421,0.7840396,0.04664803,0.6189107
1751960740501,17.52684,SteamVR Tracker (Right Foot),-5.081072,-0.8996327,3.447136,-0.206148,0.04147173,0.8678712,-0.450092
1751960740501,17.52684,SteamVR Tracker (Left Foot),0.4525992,0.03327036,0.2887723,-0.3852052,0.5680153,0.4218174,0.5924912
1751960740501,17.52684,SteamVR Tracker (Waist),0.5092626,0.9896699,0.1478735,0.007157512,0.7840142,0.04722036,0.6189029
1751960740538,17.5617,SteamVR Tracker (Right Foot),-5.080987,-0.899714,3.446915,-0.206388,0.04136074,0.8679088,-0.4499197
1751960740538,17.5617,SteamVR Tracker (Left Foot),0.4526533,0.03329206,0.2887582,-0.3852139,0.5679296,0.4219055,0.592505
1751960740538,17.5617,SteamVR Tracker (Waist),0.5103296,0.9891279,0.147628,0.01092493,0.7857526,0.04217236,0.6170049
1751960740578,17.60005,SteamVR Tracker (Right Foot),-5.08095,-0.8996348,3.44703,-0.2063745,0.04165595,0.8679134,-0.4498898
1751960740578,17.60005,SteamVR Tracker (Left Foot),0.4527029,0.03324342,0.2887045,-0.3852073,0.5678227,0.4221303,0.5924516
1751960740579,17.60005,SteamVR Tracker (Waist),0.5117677,0.9889981,0.1477497,0.01178243,0.7844523,0.0413048,0.6187001
1751960740608,17.63347,SteamVR Tracker (Right Foot),-5.080939,-0.8997266,3.446703,-0.2062784,0.04150075,0.8679543,-0.4498692
1751960740608,17.63347,SteamVR Tracker (Left Foot),0.4527152,0.03318906,0.2887779,-0.3853028,0.567845,0.4220684,0.5924122
1751960740608,17.63347,SteamVR Tracker (Waist),0.5123343,0.9891448,0.1478524,0.01142829,0.7845606,0.04231729,0.6185009
1751960740671,17.69446,SteamVR Tracker (Right Foot),-5.080953,-0.8997664,3.447125,-0.2062894,0.04171035,0.8680011,-0.4497544
1751960740671,17.69446,SteamVR Tracker (Left Foot),0.4526145,0.03326082,0.2888255,-0.3853847,0.5677723,0.4220957,0.5924091
1751960740671,17.69446,SteamVR Tracker (Waist),0.513098,0.989457,0.1478931,0.01111031,0.7838064,0.04305028,0.6194117
1751960740697,17.72087,SteamVR Tracker (Right Foot),-5.080886,-0.8998981,3.447119,-0.2062069,0.04180488,0.8680147,-0.4497573
1751960740697,17.72087,SteamVR Tracker (Left Foot),0.4524634,0.03313613,0.2886842,-0.3854907,0.5676986,0.4220517,0.5924422
1751960740697,17.72087,SteamVR Tracker (Waist),0.5143282,0.9894016,0.1477794,0.01027353,0.7837002,0.044171,0.6194816
1751960740723,17.74821,SteamVR Tracker (Right Foot),-5.080796,-0.899704,3.447073,-0.2063285,0.04187783,0.8679829,-0.4497562
1751960740723,17.74821,SteamVR Tracker (Left Foot),0.4526742,0.0331111,0.2887883,-0.3854882,0.5677986,0.4219139,0.592446
1751960740723,17.74821,SteamVR Tracker (Waist),0.5150305,0.9892603,0.1475942,0.01142038,0.7843374,0.04310485,0.6187297
1751960740764,17.78671,SteamVR Tracker (Right Foot),-5.080875,-0.8996015,3.447141,-0.2063413,0.04189261,0.8679613,-0.4497904
1751960740764,17.78671,SteamVR Tracker (Left Foot),0.4526674,0.03311729,0.2888406,-0.3855239,0.5677786,0.4218419,0.5924931
1751960740764,17.78671,SteamVR Tracker (Waist),0.5155967,0.9895639,0.1471381,0.01355742,0.7839981,0.04182504,0.6192043
1751960740821,17.84423,SteamVR Tracker (Right Foot),-5.081104,-0.8996642,3.44714,-0.2064944,0.04213776,0.8679571,-0.4497056
1751960740821,17.84423,SteamVR Tracker (Left Foot),0.4526033,0.03312373,0.2886351,-0.3855565,0.5678831,0.4217687,0.592424
1751960740821,17.84423,SteamVR Tracker (Waist),0.5157188,0.9894264,0.1466198,0.01095641,0.7846546,0.04395623,0.6182758
1751960740838,17.86272,SteamVR Tracker (Right Foot),-5.081155,-0.8997061,3.447037,-0.2065539,0.0422494,0.8679247,-0.4497301
1751960740839,17.86272,SteamVR Tracker (Left Foot),0.4526044,0.03312683,0.2884658,-0.3855411,0.5679679,0.4215578,0.5925028
1751960740839,17.86272,SteamVR Tracker (Waist),0.5164655,0.9891816,0.1459216,0.01094872,0.7853367,0.04310238,0.6174696
1751960740869,17.89198,SteamVR Tracker (Right Foot),-5.080934,-0.8995895,3.447095,-0.2064435,0.04189214,0.867927,-0.4498098
1751960740869,17.89198,SteamVR Tracker (Left Foot),0.4526273,0.03315139,0.2886363,-0.38567,0.5678257,0.4215972,0.5925273
1751960740869,17.89198,SteamVR Tracker (Waist),0.516688,0.9887804,0.1455486,0.0121758,0.7854418,0.04193505,0.6173933
1751960740905,17.92853,SteamVR Tracker (Right Foot),-5.080838,-0.8996499,3.446969,-0.2066254,0.04195913,0.8679535,-0.449669
1751960740905,17.92853,SteamVR Tracker (Left Foot),0.4525771,0.03316116,0.2887217,-0.3858137,0.5677359,0.4215928,0.5925229
1751960740905,17.92853,SteamVR Tracker (Waist),0.5171031,0.9883906,0.1448547,0.01324784,0.7862005,0.03946144,0.6165681
1751960740933,17.95803,SteamVR Tracker (Right Foot),-5.081021,-0.8995869,3.446959,-0.2068299,0.04212823,0.8678642,-0.4497314
1751960740933,17.95803,SteamVR Tracker (Left Foot),0.4526597,0.03312039,0.2884704,-0.3856013,0.5679375,0.4214718,0.592554
1751960740933,17.95803,SteamVR Tracker (Waist),0.5174347,0.9881409,0.1441804,0.01443376,0.7871304,0.03711802,0.6154996
1751960740998,18.0209,SteamVR Tracker (Right Foot),-5.081071,-0.8996646,3.447114,-0.2068087,0.04191757,0.8678843,-0.449722
1751960740999,18.0209,SteamVR Tracker (Left Foot),0.4527499,0.03304267,0.2885759,-0.3856272,0.5679446,0.4214924,0.5925157
1751960740999,18.0209,SteamVR Tracker (Waist),0.5182128,0.9879199,0.1442168,0.01457113,0.7874689,0.03812094,0.6150018
1751960741025,18.04883,SteamVR Tracker (Right Foot),-5.080976,-0.8997233,3.44699,-0.2069459,0.04193762,0.8678424,-0.449738
1751960741025,18.04883,SteamVR Tracker (Left Foot),0.4527351,0.03299928,0.2885897,-0.3855585,0.5679014,0.4214184,0.5926543
1751960741025,18.04883,SteamVR Tracker (Waist),0.5190883,0.9873449,0.144039,0.01624973,0.7883731,0.03654132,0.6138963
1751960741067,18.09,SteamVR Tracker (Right Foot),-5.081,-0.8995576,3.447114,-0.2069248,0.04219369,0.8678544,-0.4497004
1751960741067,18.09,SteamVR Tracker (Left Foot),0.4527531,0.03314376,0.2887033,-0.3855615,0.5679077,0.4214275,0.5926399
1751960741067,18.09,SteamVR Tracker (Waist),0.5197926,0.9874654,0.1446049,0.01629121,0.7873735,0.03638316,0.615186
1751960741116,18.13881,SteamVR Tracker (Right Foot),-5.080887,-0.899529,3.447071,-0.2067116,0.04210384,0.8679389,-0.449644
1751960741116,18.13881,SteamVR Tracker (Left Foot),0.4526545,0.03321266,0.2886754,-0.3856728,0.5678875,0.4214796,0.5925497
1751960741116,18.13881,SteamVR Tracker (Waist),0.5204924,0.9874609,0.1455621,0.01454438,0.7858552,0.03720695,0.6171189
1751960741178,18.1996,SteamVR Tracker (Right Foot),-5.080822,-0.8996024,3.44709,-0.2066405,0.04222062,0.867949,-0.4496461
1751960741179,18.1996,SteamVR Tracker (Left Foot),0.452592,0.03306246,0.2885787,-0.3856652,0.5679065,0.4215082,0.5925162
1751960741179,18.1996,SteamVR Tracker (Waist),0.5211659,0.9871637,0.1459986,0.01544298,0.7850559,0.03617199,0.6181751
1751960741202,18.22597,SteamVR Tracker (Right Foot),-5.080766,-0.8997869,3.446879,-0.2066686,0.04235671,0.8679051,-0.4497052
1751960741202,18.22597,SteamVR Tracker (Left Foot),0.4524751,0.03288102,0.2885287,-0.3856866,0.5679184,0.4215344,0.5924723
1751960741202,18.22597,SteamVR Tracker (Waist),0.5222602,0.9872888,0.147211,0.0152753,0.7826321,0.03626107,0.6212398
1751960741231,18.25486,SteamVR Tracker (Right Foot),-5.080945,-0.8996634,3.447022,-0.2070138,0.04255651,0.867945,-0.4494505
1751960741231,18.25486,SteamVR Tracker (Left Foot),0.452577,0.03293085,0.2886261,-0.3857258,0.5678893,0.4215816,0.592441
1751960741231,18.25486,SteamVR Tracker (Waist),0.5225164,0.9875865,0.1481143,0.01476956,0.7815645,0.03723633,0.622537
1751960741267,18.29066,SteamVR Tracker (Right Foot),-5.080935,-0.8996425,3.447015,-0.2073637,0.04273999,0.8679447,-0.4492723
1751960741267,18.29066,SteamVR Tracker (Left Foot),0.4527318,0.03303123,0.2887263,-0.3857476,0.5678216,0.4216321,0.5924557
1751960741267,18.29066,SteamVR Tracker (Waist),0.5229537,0.9879936,0.1493771,0.01379001,0.7793803,0.03857225,0.6252107
1751960741322,18.34241,SteamVR Tracker (Right Foot),-5.080968,-0.8996608,3.446986,-0.207548,0.04263193,0.8679041,-0.4492758
1751960741322,18.34241,SteamVR Tracker (Left Foot),0.4526445,0.03310156,0.2887745,-0.3857283,0.5677642,0.4217808,0.5924175
1751960741322,18.34241,SteamVR Tracker (Waist),0.5231264,0.9878707,0.1506769,0.01443562,0.7771407,0.03800155,0.6280127
1751960741349,18.37426,SteamVR Tracker (Right Foot),-5.081099,-0.8997362,3.447026,-0.2080071,0.04298386,0.8680061,-0.4488329
1751960741349,18.37426,SteamVR Tracker (Left Foot),0.4526275,0.03309441,0.2887154,-0.385651,0.5675404,0.4220386,0.5924988
1751960741349,18.37426,SteamVR Tracker (Waist),0.5243433,0.9874341,0.1523229,0.01543322,0.7742658,0.03644627,0.6316217
1751960741391,18.41491,SteamVR Tracker (Right Foot),-5.081089,-0.8997035,3.447057,-0.2081107,0.04293551,0.8680798,-0.4486469
1751960741391,18.41491,SteamVR Tracker (Left Foot),0.4525606,0.03290153,0.2887869,-0.385544,0.5674806,0.4223385,0.592412
1751960741391,18.41491,SteamVR Tracker (Waist),0.5252137,0.986948,0.1532196,0.01783719,0.7723715,0.0345373,0.6339806
1751960741441,18.46482,SteamVR Tracker (Right Foot),-5.08109,-0.8998559,3.447083,-0.2087039,0.04316936,0.8681192,-0.4482724
1751960741441,18.46482,SteamVR Tracker (Left Foot),0.4526921,0.03300095,0.2888213,-0.3854066,0.5674378,0.4223445,0.5925381
1751960741441,18.46482,SteamVR Tracker (Waist),0.527058,0.9869822,0.1535189,0.01743324,0.7729937,0.03611905,0.6331447
1751960741518,18.53962,SteamVR Tracker (Right Foot),-5.081112,-0.8997209,3.447282,-0.2084724,0.04300452,0.8681771,-0.4482839
1751960741518,18.53962,SteamVR Tracker (Left Foot),0.4526778,0.03294134,0.2888634,-0.3854847,0.5673469,0.4223021,0.5926045
1751960741518,18.53962,SteamVR Tracker (Waist),0.5285066,0.986102,0.152501,0.01948426,0.774498,0.03464288,0.6313264
1751960741544,18.56798,SteamVR Tracker (Right Foot),-5.081112,-0.8998108,3.447462,-0.2088448,0.04318901,0.8681377,-0.4481693
1751960741544,18.56798,SteamVR Tracker (Left Foot),0.4525392,0.03294039,0.2886659,-0.3854244,0.5675278,0.4218273,0.5928087
1751960741544,18.56798,SteamVR Tracker (Waist),0.5304474,0.985967,0.1513593,0.02215138,0.7764961,0.03377159,0.6288264
1751960741587,18.61089,SteamVR Tracker (Right Foot),-5.081218,-0.8999736,3.447038,-0.2091724,0.04337062,0.86805,-0.4481686
1751960741587,18.61089,SteamVR Tracker (Left Foot),0.4526696,0.03292751,0.2885968,-0.3856379,0.5675548,0.4217019,0.5927331
1751960741587,18.61089,SteamVR Tracker (Waist),0.5317001,0.9860324,0.1494858,0.01948208,0.7805907,0.03749263,0.6236128
1751960741634,18.65717,SteamVR Tracker (Right Foot),-5.081053,-0.8999257,3.446735,-0.2092221,0.04311648,0.868036,-0.4481972
1751960741636,18.65717,SteamVR Tracker (Left Foot),0.452811,0.03288126,0.2886246,-0.385768,0.567435,0.4217261,0.592746
1751960741636,18.65717,SteamVR Tracker (Waist),0.5337746,0.9852636,0.1469363,0.01827537,0.7867488,0.03637464,0.6159296
1751960741698,18.721,SteamVR Tracker (Right Foot),-5.081131,-0.8999124,3.446912,-0.2097438,0.04349962,0.86805,-0.4478891
1751960741698,18.721,SteamVR Tracker (Left Foot),0.4528276,0.03279781,0.2886863,-0.385557,0.5675038,0.4213669,0.5930727
1751960741699,18.721,SteamVR Tracker (Waist),0.535784,0.9849395,0.1447405,0.02233862,0.7935235,0.03341396,0.6072108
1751960741724,18.74887,SteamVR Tracker (Right Foot),-5.081347,-0.899961,3.447302,-0.2101733,0.04407747,0.8680036,-0.447721
1751960741724,18.74887,SteamVR Tracker (Left Foot),0.4529122,0.03279996,0.2885469,-0.3852221,0.5677205,0.4206911,0.5935625
1751960741724,18.74887,SteamVR Tracker (Waist),0.5375398,0.9852912,0.1423451,0.02288104,0.7978455,0.03504412,0.6014074
1751960741769,18.7923,SteamVR Tracker (Right Foot),-5.0812,-0.8999786,3.447167,-0.2104387,0.04405593,0.8679942,-0.4476167
1751960741769,18.7923,SteamVR Tracker (Left Foot),0.4528559,0.03255844,0.2885111,-0.384991,0.5678101,0.4203745,0.5938509
1751960741769,18.7923,SteamVR Tracker (Waist),0.5388745,0.9856768,0.140357,0.01960367,0.8049017,0.03806485,0.5918614
1751960741814,18.83758,SteamVR Tracker (Right Foot),-5.081475,-0.8999131,3.447021,-0.2106725,0.04422995,0.8679385,-0.4475976
1751960741814,18.83758,SteamVR Tracker (Left Foot),0.453196,0.03250504,0.2885191,-0.3845974,0.5679335,0.4199837,0.5942644
1751960741814,18.83758,SteamVR Tracker (Waist),0.5405909,0.9854385,0.1385168,0.02060517,0.808024,0.03690102,0.5876316
1751960741895,18.91682,SteamVR Tracker (Right Foot),-5.081519,-0.8998919,3.447139,-0.2113926,0.04492865,0.8677853,-0.4474857
1751960741895,18.91682,SteamVR Tracker (Left Foot),0.453212,0.03258991,0.2885977,-0.3843986,0.5680028,0.4196549,0.5945591
1751960741895,18.91682,SteamVR Tracker (Waist),0.5425854,0.9848228,0.1371619,0.02372719,0.8157071,0.03192796,0.5770957
1751960741928,18.9518,SteamVR Tracker (Right Foot),-5.081555,-0.8999231,3.447154,-0.2118143,0.04558416,0.8677963,-0.4471984
1751960741928,18.9518,SteamVR Tracker (Left Foot),0.4532844,0.03251386,0.2886681,-0.3838134,0.5681118,0.4193718,0.5950325
1751960741928,18.9518,SteamVR Tracker (Waist),0.5439801,0.9841624,0.1354245,0.02503977,0.8199958,0.02936756,0.5710669
1751960741968,18.9908,SteamVR Tracker (Right Foot),-5.081493,-0.8996582,3.44706,-0.2118674,0.04576332,0.8676664,-0.447407
1751960741968,18.9908,SteamVR Tracker (Left Foot),0.4532884,0.03238463,0.2887061,-0.3837874,0.5682201,0.419309,0.59499
1751960741968,18.9908,SteamVR Tracker (Waist),0.5455936,0.9841626,0.1344573,0.02328498,0.8234583,0.03076031,0.5660638
1751960742048,19.06918,SteamVR Tracker (Right Foot),-5.081465,-0.8999567,3.446753,-0.2121966,0.04573069,0.8675148,-0.4475482
1751960742048,19.06918,SteamVR Tracker (Left Foot),0.4532478,0.03211761,0.2886066,-0.3834266,0.5683952,0.4190321,0.5952505
1751960742048,19.06918,SteamVR Tracker (Waist),0.5467244,0.9838723,0.1331539,0.02333668,0.827036,0.02991376,0.5608672
1751960742083,19.10653,SteamVR Tracker (Right Foot),-5.081567,-0.8999767,3.446644,-0.2126046,0.04631008,0.8673438,-0.4476263
1751960742083,19.10653,SteamVR Tracker (Left Foot),0.453246,0.03192258,0.2885243,-0.3828498,0.5687331,0.4186445,0.5955717
1751960742083,19.10653,SteamVR Tracker (Waist),0.5483691,0.9837457,0.1307812,0.02245631,0.8333548,0.02874414,0.5515335
1751960742120,19.14323,SteamVR Tracker (Right Foot),-5.081563,-0.8999534,3.446698,-0.2126311,0.04629707,0.8672538,-0.4477894
1751960742120,19.14323,SteamVR Tracker (Left Foot),0.4536927,0.0321672,0.2887464,-0.3822051,0.5689162,0.4181679,0.5961455
1751960742120,19.14323,SteamVR Tracker (Waist),0.5490868,0.9835625,0.1300488,0.02308918,0.8344814,0.026566,0.5499108
1751960742184,19.20723,SteamVR Tracker (Right Foot),-5.08186,-0.8996472,3.447265,-0.2126915,0.04629599,0.8673167,-0.4476391
1751960742184,19.20723,SteamVR Tracker (Left Foot),0.4537219,0.03202009,0.2886903,-0.3817071,0.5691748,0.4176213,0.5966007
1751960742184,19.20723,SteamVR Tracker (Waist),0.5492262,0.9833637,0.1295416,0.02052352,0.8365098,0.02626675,0.546937
1751960742205,19.23096,SteamVR Tracker (Right Foot),-5.081528,-0.8997245,3.447193,-0.212743,0.04636328,0.8672432,-0.4477502
1751960742206,19.23096,SteamVR Tracker (Left Foot),0.453632,0.03182745,0.2889128,-0.3812533,0.5693274,0.4175618,0.5967868
1751960742206,19.23096,SteamVR Tracker (Waist),0.5501269,0.9830648,0.1290301,0.02102405,0.8375189,0.02431552,0.5454621
1751960742252,19.27575,SteamVR Tracker (Right Foot),-5.081545,-0.8997858,3.447453,-0.2126502,0.04609741,0.8673575,-0.4476003
1751960742252,19.27575,SteamVR Tracker (Left Foot),0.4535246,0.03157997,0.2887424,-0.3808141,0.5694152,0.417391,0.5971028
1751960742252,19.27575,SteamVR Tracker (Waist),0.5512322,0.9831784,0.1291353,0.02030908,0.8368006,0.02620181,0.5465032
1751960742296,19.3194,SteamVR Tracker (Right Foot),-5.081623,-0.9000926,3.447291,-0.2125645,0.04618068,0.8674328,-0.4474863
1751960742296,19.3194,SteamVR Tracker (Left Foot),0.4537754,0.03161812,0.2886433,-0.3801556,0.5697028,0.4172354,0.5973567
1751960742296,19.3194,SteamVR Tracker (Waist),0.5515826,0.9833249,0.1293696,0.01859526,0.8362771,0.02649149,0.5473509
1751960742370,19.39051,SteamVR Tracker (Right Foot),-5.08158,-0.8999372,3.446841,-0.2130821,0.04630939,0.8674083,-0.4472742
1751960742370,19.39051,SteamVR Tracker (Left Foot),0.4537381,0.03164482,0.2887117,-0.379647,0.5697863,0.4172029,0.5976233
1751960742370,19.39051,SteamVR Tracker (Waist),0.5518073,0.9837235,0.1301728,0.01768996,0.8341443,0.02824846,0.5505384
1751960742393,19.41835,SteamVR Tracker (Right Foot),-5.081706,-0.8999596,3.446728,-0.213186,0.04639121,0.8674055,-0.4472218
1751960742394,19.41835,SteamVR Tracker (Left Foot),0.4541501,0.03168774,0.2888653,-0.3792358,0.5699738,0.4170116,0.597839
1751960742394,19.41835,SteamVR Tracker (Waist),0.5514755,0.984183,0.1308099,0.01701489,0.8308972,0.02882835,0.5554182
1751960742441,19.46359,SteamVR Tracker (Right Foot),-5.08183,-0.899719,3.447151,-0.2138057,0.04691386,0.867453,-0.446779
1751960742441,19.46359,SteamVR Tracker (Left Foot),0.4540385,0.03165984,0.2890601,-0.3785476,0.570065,0.4170283,0.5981764
1751960742441,19.46359,SteamVR Tracker (Waist),0.5510509,0.9847548,0.1315582,0.01405103,0.8306658,0.0321255,0.5556663
1751960742485,19.50888,SteamVR Tracker (Right Foot),-5.082035,-0.8998232,3.447125,-0.2147879,0.04727784,0.8674825,-0.4462118
1751960742485,19.50888,SteamVR Tracker (Left Foot),0.4537816,0.03131104,0.288916,-0.378318,0.5701574,0.417035,0.598229
1751960742486,19.50888,SteamVR Tracker (Waist),0.5507327,0.9855732,0.1321229,0.01212836,0.8288028,0.03441771,0.5583497
1751960742547,19.57125,SteamVR Tracker (Right Foot),-5.082261,-0.8999996,3.447082,-0.216723,0.04900328,0.8677782,-0.444512
1751960742547,19.57125,SteamVR Tracker (Left Foot),0.4537884,0.03142405,0.2887685,-0.3781701,0.5702634,0.4169697,0.598267
1751960742547,19.57125,SteamVR Tracker (Waist),0.5499858,0.9861224,0.1329622,0.01156607,0.8257281,0.03500903,0.5628621
1751960742580,19.60471,SteamVR Tracker (Right Foot),-5.082609,-0.9002967,3.446707,-0.2191369,0.05119015,0.8683009,-0.4420545
1751960742581,19.60471,SteamVR Tracker (Left Foot),0.4536592,0.03133416,0.2886667,-0.37795,0.5704427,0.417066,0.5981678
1751960742581,19.60471,SteamVR Tracker (Waist),0.5493329,0.986941,0.1346421,0.009684628,0.8209061,0.03850095,0.5696816
1751960742624,19.64787,SteamVR Tracker (Right Foot),-5.083844,-0.9003944,3.446945,-0.2242244,0.05521834,0.8691968,-0.4372313
1751960742624,19.64787,SteamVR Tracker (Left Foot),0.4541358,0.03159904,0.2889662,-0.3773896,0.5710344,0.4171765,0.59788
1751960742624,19.64787,SteamVR Tracker (Waist),0.5481637,0.9870896,0.1359026,0.01027234,0.8174347,0.03753677,0.5747052
1751960742671,19.69477,SteamVR Tracker (Right Foot),-5.08539,-0.901777,3.446649,-0.2307064,0.06281905,0.8753643,-0.4201971
1751960742672,19.69477,SteamVR Tracker (Left Foot),0.4541776,0.03160691,0.2892298,-0.3762288,0.5716497,0.4173277,0.5979182
1751960742672,19.69477,SteamVR Tracker (Waist),0.5461621,0.987345,0.1369076,0.01341047,0.8116699,0.0341231,0.5829647
1751960742732,19.75502,SteamVR Tracker (Right Foot),-5.084177,-0.9040625,3.44605,-0.2087842,0.08486574,0.9108968,-0.3456499
1751960742732,19.75502,SteamVR Tracker (Left Foot),0.45419,0.03166389,0.2892298,-0.3761256,0.5716647,0.4176345,0.5977545
1751960742732,19.75502,SteamVR Tracker (Waist),0.5426474,0.9881953,0.1374399,0.01354855,0.802698,0.03594029,0.5951477
1751960742760,19.78389,SteamVR Tracker (Right Foot),-5.082359,-0.9077253,3.445272,-0.1793452,0.09861128,0.9421106,-0.2655914
1751960742760,19.78389,SteamVR Tracker (Left Foot),0.4536751,0.03133821,0.2891026,-0.3765873,0.5712059,0.418285,0.5974475
1751960742760,19.78389,SteamVR Tracker (Waist),0.5404087,0.9891127,0.1381494,0.01381871,0.7996391,0.03812731,0.5991099
1751960742805,19.82775,SteamVR Tracker (Right Foot),-5.078189,-0.9135525,3.443155,-0.1347904,0.1014737,0.9698868,-0.1756539
1751960742805,19.82775,SteamVR Tracker (Left Foot),0.4536089,0.03124785,0.2890574,-0.3777927,0.5706073,0.4189883,0.5967653
1751960742805,19.82775,SteamVR Tracker (Waist),0.5388027,0.9898576,0.1386396,0.009925497,0.7913349,0.04230604,0.6098366
1751960742848,19.87145,SteamVR Tracker (Right Foot),-5.074941,-0.9181378,3.442531,-0.1113572,0.09409328,0.9808547,-0.1291126
1751960742848,19.87145,SteamVR Tracker (Left Foot),0.4533083,0.03102207,0.288762,-0.3790015,0.5700525,0.4196033,0.5960966
1751960742848,19.87145,SteamVR Tracker (Waist),0.5365008,0.9898105,0.1389731,0.007749628,0.7810102,0.04225902,0.6230388
1751960742922,19.94272,SteamVR Tracker (Right Foot),-5.07427,-0.9147863,3.442501,-0.1236799,0.08110237,0.9710178,-0.1877503
1751960742922,19.94272,SteamVR Tracker (Left Foot),0.4533866,0.03147745,0.2889475,-0.3805725,0.5695158,0.4203697,0.5950678
1751960742922,19.94272,SteamVR Tracker (Waist),0.533156,0.989044,0.1372298,0.0074567,0.7700504,0.03461465,0.6369997
1751960742954,19.97796,SteamVR Tracker (Right Foot),-5.072485,-0.914839,3.442202,-0.1200783,0.07023025,0.9672425,-0.2123464
1751960742954,19.97796,SteamVR Tracker (Left Foot),0.4531513,0.03162861,0.2887914,-0.383183,0.568474,0.4219328,0.5932798
1751960742954,19.97796,SteamVR Tracker (Waist),0.5292768,0.9880528,0.1347714,0.003264095,0.7594348,0.03066323,0.6498523
1751960742984,20.00686,SteamVR Tracker (Right Foot),-5.072431,-0.9158914,3.442058,-0.1205887,0.05367871,0.9652413,-0.2255799
1751960742984,20.00686,SteamVR Tracker (Left Foot),0.4530592,0.03134751,0.2889385,-0.383917,0.5679638,0.4220314,0.5932236
1751960742984,20.00686,SteamVR Tracker (Waist),0.5262762,0.9865711,0.13251,0.001362597,0.7569221,0.02598227,0.652987
1751960743017,20.04094,SteamVR Tracker (Right Foot),-5.070346,-0.916352,3.441724,-0.1178156,0.04478342,0.9674916,-0.2192577
1751960743017,20.04094,SteamVR Tracker (Left Foot),0.4530135,0.03145909,0.288706,-0.3848191,0.5675001,0.4222917,0.5928977
1751960743017,20.04094,SteamVR Tracker (Waist),0.523311,0.9842098,0.1285952,0.00251715,0.7549108,0.01769842,0.6555839
1751960743082,20.10354,SteamVR Tracker (Right Foot),-5.071481,-0.915992,3.441874,-0.1182308,0.05330675,0.9685234,-0.212467
1751960743082,20.10354,SteamVR Tracker (Left Foot),0.4529864,0.03161907,0.2884276,-0.3855971,0.5676573,0.4213859,0.5928861
1751960743082,20.10354,SteamVR Tracker (Waist),0.5212058,0.9840785,0.1240664,0.009001785,0.7455954,0.008835326,0.6662796
1751960743107,20.13076,SteamVR Tracker (Right Foot),-5.071536,-0.9163535,3.44191,-0.118668,0.05255437,0.9686009,-0.2120573
1751960743107,20.13076,SteamVR Tracker (Left Foot),0.4530854,0.03175068,0.2884305,-0.3851948,0.5677684,0.4202812,0.5938247
1751960743107,20.13076,SteamVR Tracker (Waist),0.5162838,0.986068,0.1204597,0.01530807,0.7345556,0.002810181,0.6783701
1751960743134,20.15864,SteamVR Tracker (Right Foot),-5.070783,-0.9157307,3.441714,-0.1182718,0.05056969,0.9682376,-0.2144071
1751960743134,20.15864,SteamVR Tracker (Left Foot),0.4531652,0.03173304,0.2886955,-0.3849458,0.5679688,0.42037,0.5937316
1751960743134,20.15864,SteamVR Tracker (Waist),0.5114123,0.9898431,0.1203076,0.00593319,0.726105,0.02567336,0.6870788
1751960743182,20.20479,SteamVR Tracker (Right Foot),-5.070565,-0.9150763,3.441181,-0.1191998,0.05096249,0.9678248,-0.2156603
1751960743183,20.20479,SteamVR Tracker (Left Foot),0.4535483,0.03182507,0.2885489,-0.3840755,0.5677896,0.4196542,0.5949718
1751960743183,20.20479,SteamVR Tracker (Waist),0.5047708,0.9894186,0.117654,-0.01835296,0.7182217,0.04303097,0.6942399
1751960743253,20.27635,SteamVR Tracker (Right Foot),-5.070918,-0.9155066,3.441208,-0.1186351,0.04993785,0.96808,-0.2150652
1751960743253,20.27635,SteamVR Tracker (Left Foot),0.4536977,0.0317502,0.2882333,-0.3829117,0.5690141,0.4164424,0.596806
1751960743254,20.27635,SteamVR Tracker (Waist),0.4988528,0.9858676,0.1224763,0.009399804,0.6882468,0.009473659,0.7253539
1751960743283,20.30705,SteamVR Tracker (Right Foot),-5.070498,-0.9154329,3.44098,-0.1166067,0.04598144,0.9680995,-0.216961
1751960743283,20.30705,SteamVR Tracker (Left Foot),0.4531122,0.03232789,0.2880589,-0.3838417,0.5696027,0.415868,0.596047
1751960743283,20.30705,SteamVR Tracker (Waist),0.4891826,0.9862247,0.1263294,-0.0008177033,0.6676319,0.01932561,0.7442402
1751960743310,20.33456,SteamVR Tracker (Right Foot),-5.070744,-0.9155872,3.441026,-0.1165214,0.04672188,0.9681295,-0.2167145
1751960743310,20.33456,SteamVR Tracker (Left Foot),0.4517666,0.03388023,0.2886871,-0.3897046,0.5666471,0.4214874,0.5910921
1751960743310,20.33456,SteamVR Tracker (Waist),0.4851476,0.9859798,0.1288477,-0.01237883,0.6518996,0.02237842,0.757874
1751960743344,20.36824,SteamVR Tracker (Right Foot),-5.070749,-0.9157677,3.440893,-0.1170242,0.04705003,0.9682136,-0.2159954
1751960743344,20.36824,SteamVR Tracker (Left Foot),0.4503795,0.03589249,0.2944018,-0.4044917,0.5585119,0.4153875,0.5932151
1751960743344,20.36824,SteamVR Tracker (Waist),0.4800764,0.9845749,0.1334375,-0.006118431,0.6317288,0.005856696,0.7751432
1751960743408,20.43119,SteamVR Tracker (Right Foot),-5.069991,-0.9153976,3.440858,-0.1152898,0.04641395,0.9680944,-0.2175943
1751960743408,20.43119,SteamVR Tracker (Left Foot),0.4439666,0.03988981,0.3180195,-0.4537855,0.5032279,0.3692813,0.635981
1751960743408,20.43119,SteamVR Tracker (Waist),0.4722757,0.9851451,0.1438897,-0.009125805,0.6050453,0.002277503,0.7961355
1751960743424,20.44875,SteamVR Tracker (Right Foot),-5.069324,-0.9150858,3.440638,-0.1128109,0.04513416,0.9680073,-0.2195415
1751960743424,20.44875,SteamVR Tracker (Left Foot),0.433278,0.04606414,0.34249,-0.4969921,0.4326491,0.3359245,0.6730292
1751960743424,20.44875,SteamVR Tracker (Waist),0.462055,0.9853867,0.1557981,-0.01700953,0.5699176,0.002086052,0.8215231
1751960743444,20.46869,SteamVR Tracker (Right Foot),-5.068765,-0.9146559,3.440491,-0.1098244,0.04533152,0.9678758,-0.2215853
1751960743444,20.46869,SteamVR Tracker (Left Foot),0.4249718,0.04816365,0.3547371,-0.5149373,0.3967635,0.3194222,0.6894837
1751960743444,20.46869,SteamVR Tracker (Waist),0.4578214,0.9853567,0.161824,-0.01945337,0.5519378,0.001189863,0.8336575
1751960743477,20.50082,SteamVR Tracker (Right Foot),-5.067941,-0.9141994,3.440533,-0.1060911,0.04554862,0.9677333,-0.2239694
1751960743477,20.50082,SteamVR Tracker (Left Foot),0.4078202,0.0509274,0.3752803,-0.5387477,0.3414106,0.2878155,0.7143892
1751960743477,20.50082,SteamVR Tracker (Waist),0.4506033,0.9848993,0.1724256,-0.0214068,0.515171,-0.004708759,0.8568071
1751960743526,20.54932,SteamVR Tracker (Right Foot),-5.067047,-0.9139917,3.440348,-0.1007444,0.04665842,0.9678822,-0.2255608
1751960743526,20.54932,SteamVR Tracker (Left Foot),0.3707196,0.05451727,0.4093418,-0.57166,0.2339037,0.2326048,0.7512583
1751960743526,20.54932,SteamVR Tracker (Waist),0.4368513,0.9828603,0.1924127,-0.0189278,0.4597334,-0.01475622,0.8877327
1751960743581,20.60503,SteamVR Tracker (Right Foot),-5.06694,-0.9135332,3.440356,-0.1007434,0.04815455,0.967887,-0.2252258
1751960743581,20.60503,SteamVR Tracker (Left Foot),0.331525,0.05718207,0.4372007,-0.5890669,0.1965904,0.1835255,0.7620176
1751960743581,20.60503,SteamVR Tracker (Waist),0.4252269,0.9822299,0.2092365,-0.01646792,0.4190759,-0.01733359,0.9076364
1751960743613,20.63795,SteamVR Tracker (Right Foot),-5.06675,-0.9131715,3.440349,-0.09933692,0.04914283,0.9679192,-0.2254986
1751960743613,20.63795,SteamVR Tracker (Left Foot),0.2900998,0.05940318,0.4640265,-0.6014805,0.1674213,0.1416884,0.76819
1751960743613,20.63795,SteamVR Tracker (Waist),0.4147354,0.9822103,0.2253913,-0.01629554,0.3757784,-0.01870581,0.9263775
1751960743658,20.68202,SteamVR Tracker (Right Foot),-5.066204,-0.9130688,3.440301,-0.09719981,0.04978742,0.9679335,-0.226226
1751960743658,20.68202,SteamVR Tracker (Left Foot),0.2490185,0.06175947,0.4880633,-0.610211,0.1582042,0.1140736,0.767855
1751960743658,20.68202,SteamVR Tracker (Waist),0.4048575,0.9825406,0.2393129,-0.02498109,0.3402303,-0.01436735,0.9399005
1751960743695,20.71883,SteamVR Tracker (Right Foot),-5.066284,-0.9129667,3.439868,-0.09652732,0.05092746,0.9679918,-0.2260106
1751960743695,20.71883,SteamVR Tracker (Left Foot),0.2135974,0.06551862,0.5110464,-0.6197169,0.1469312,0.09445979,0.7651402
1751960743695,20.71883,SteamVR Tracker (Waist),0.3972088,0.9822524,0.2543615,-0.03065914,0.3245775,-0.009669743,0.9453126
1751960743772,20.7951,SteamVR Tracker (Right Foot),-5.066298,-0.912564,3.439823,-0.09569079,0.051938,0.9681546,-0.2254383
1751960743772,20.7951,SteamVR Tracker (Left Foot),0.1729017,0.0745616,0.5392764,-0.6411608,0.1065701,0.05479548,0.7579927
1751960743772,20.7951,SteamVR Tracker (Waist),0.3921097,0.9824491,0.2717465,-0.03516129,0.2974301,-0.007957541,0.9540628
1751960743796,20.82137,SteamVR Tracker (Right Foot),-5.066299,-0.9125202,3.439695,-0.09598069,0.05385112,0.968252,-0.2244458
1751960743797,20.82137,SteamVR Tracker (Left Foot),0.1130398,0.08728099,0.5801198,-0.6712922,0.02737952,-0.006121296,0.7406616
1751960743797,20.82137,SteamVR Tracker (Waist),0.3786746,0.9792994,0.2989988,-0.0291406,0.2655695,-0.007398281,0.9636229
1751960743822,20.84694,SteamVR Tracker (Right Foot),-5.066256,-0.9127071,3.439536,-0.09615063,0.05372723,0.9683146,-0.2241322
1751960743822,20.84694,SteamVR Tracker (Left Foot),0.09197812,0.09251881,0.5935022,-0.6830151,-0.01301401,-0.03289218,0.7295473
1751960743822,20.84694,SteamVR Tracker (Waist),0.3730006,0.9773147,0.3107398,-0.01260256,0.2536281,-0.01050386,0.9671627
1751960743857,20.88236,SteamVR Tracker (Right Foot),-5.066804,-0.9129038,3.439135,-0.09626839,0.05428358,0.9686957,-0.2222934
1751960743857,20.88236,SteamVR Tracker (Left Foot),0.06497067,0.09847951,0.6096849,-0.6988763,-0.06276429,-0.0630945,0.7096842
1751960743857,20.88236,SteamVR Tracker (Waist),0.3639065,0.9751563,0.3282048,-0.01491189,0.2384292,-0.008587297,0.9710075
1751960743914,20.93752,SteamVR Tracker (Right Foot),-5.067866,-0.9127975,3.439486,-0.09758838,0.0562797,0.9698854,-0.2159431
1751960743914,20.93752,SteamVR Tracker (Left Foot),0.05100903,0.0953567,0.6165835,-0.6990201,-0.09572896,-0.07220287,0.7049778
1751960743914,20.93752,SteamVR Tracker (Waist),0.3523482,0.9725473,0.3465958,-0.01764057,0.2292069,-0.004821122,0.9732059
1751960743928,20.95293,SteamVR Tracker (Right Foot),-5.069084,-0.9128189,3.439484,-0.09722271,0.05961908,0.9712476,-0.2089773
1751960743929,20.95293,SteamVR Tracker (Left Foot),0.03092398,0.09296632,0.6294571,-0.6999618,-0.14196,-0.09249575,0.6937907
1751960743929,20.95293,SteamVR Tracker (Waist),0.337614,0.9685823,0.3716224,-0.01372211,0.2103309,-0.0009944766,0.9775335
1751960743954,20.97948,SteamVR Tracker (Right Foot),-5.070995,-0.9129386,3.439661,-0.0956742,0.06536736,0.9733015,-0.1981359
1751960743954,20.97948,SteamVR Tracker (Left Foot),0.02530348,0.08472824,0.6303234,-0.694314,-0.1677566,-0.09381011,0.6935312
1751960743954,20.97948,SteamVR Tracker (Waist),0.3262266,0.9652874,0.3904529,-0.01260742,0.1955474,0.001367872,0.9806123
1751960743986,21.0109,SteamVR Tracker (Right Foot),-5.073187,-0.9126236,3.440372,-0.09464609,0.07856417,0.9748152,-0.1860244
1751960743986,21.0109,SteamVR Tracker (Left Foot),0.03298272,0.06656814,0.6273882,-0.6718487,-0.1459529,-0.1013891,0.7190531
1751960743986,21.0109,SteamVR Tracker (Waist),0.3120718,0.9606262,0.4129823,-0.008071894,0.1796672,0.0004621618,0.9836943
1751960744029,21.05339,SteamVR Tracker (Right Foot),-5.07561,-0.9107573,3.442486,-0.09782298,0.1131895,0.9722399,-0.1799123
1751960744030,21.05339,SteamVR Tracker (Left Foot),0.03318594,0.0457375,0.6490615,-0.6005651,-0.1389253,-0.05257982,0.7856568
1751960744030,21.05339,SteamVR Tracker (Waist),0.2876862,0.9549327,0.4517905,0.004391958,0.1470647,0.003455671,0.9891111
1751960744100,21.122,SteamVR Tracker (Right Foot),-5.074116,-0.9042432,3.448015,-0.07999761,0.1785362,0.9606131,-0.1973519
1751960744101,21.122,SteamVR Tracker (Left Foot),0.03698351,0.0392468,0.6487589,-0.540924,-0.1201936,-0.08825883,0.827747
1751960744101,21.122,SteamVR Tracker (Waist),0.2600523,0.9555122,0.4898784,0.03336071,0.1144035,-0.002583731,0.9928707
1751960744124,21.14835,SteamVR Tracker (Right Foot),-5.070848,-0.8936298,3.457547,-0.02752499,0.2776102,0.9346992,-0.2202555
1751960744124,21.14835,SteamVR Tracker (Left Foot),0.0349506,0.03908682,0.6556066,-0.5757859,-0.1412362,-0.08235397,0.8010873
1751960744124,21.14835,SteamVR Tracker (Waist),0.22407,0.9588338,0.5372319,0.01999945,0.0573239,-0.01240011,0.9980783
1751960744162,21.18575,SteamVR Tracker (Right Foot),-5.058475,-0.8767755,3.471596,0.1326361,0.4105756,0.8689536,-0.2423942
1751960744162,21.18575,SteamVR Tracker (Left Foot),0.03390145,0.03110123,0.6550652,-0.56185,-0.1490007,-0.06984109,0.8107069
1751960744162,21.18575,SteamVR Tracker (Waist),0.2032931,0.9651031,0.5622506,0.02357319,0.01892651,-0.01650435,0.9994067
1751960744214,21.23699,SteamVR Tracker (Right Foot),-5.024095,-0.8470335,3.499668,0.253866,0.4570867,0.8164323,-0.2450756
1751960744214,21.23699,SteamVR Tracker (Left Foot),0.0330984,0.03222466,0.6513882,-0.561554,-0.1519656,-0.06978004,0.8103668
1751960744214,21.23699,SteamVR Tracker (Waist),0.196272,0.9677073,0.587251,0.009570756,0.02714716,0.009202938,0.9995432
1751960744285,21.30704,SteamVR Tracker (Right Foot),-4.925765,-0.7963672,3.511824,0.2647645,0.3649856,0.8792266,0.1537721
1751960744285,21.30704,SteamVR Tracker (Left Foot),0.03249972,0.03473568,0.6518285,-0.5644416,-0.1506844,-0.07103382,0.8084888
1751960744285,21.30704,SteamVR Tracker (Waist),0.1933085,0.9668169,0.6068483,0.03596991,0.04082613,0.01605486,0.9983895
1751960744309,21.33308,SteamVR Tracker (Right Foot),-4.853422,-0.7323432,3.53501,0.2026095,0.3034898,0.889547,0.2748624
1751960744309,21.33308,SteamVR Tracker (Left Foot),0.03275605,0.03448176,0.6524095,-0.5622531,-0.1529724,-0.07274844,0.809431
1751960744309,21.33308,SteamVR Tracker (Waist),0.1838576,0.9706608,0.6303381,0.05756855,0.02280284,0.02764101,0.9976983
1751960744351,21.37422,SteamVR Tracker (Right Foot),-4.80375,-0.6599457,3.554234,0.1718846,0.2165823,0.9362452,0.216778
1751960744351,21.37422,SteamVR Tracker (Left Foot),0.03297197,0.033916,0.6529549,-0.5605466,-0.1559592,-0.07393964,0.8099365
1751960744351,21.37422,SteamVR Tracker (Waist),0.1805207,0.9744333,0.6428822,0.02618889,0.01408517,0.04718297,0.9984435
1751960744404,21.42658,SteamVR Tracker (Right Foot),-4.725148,-0.5618281,3.577634,0.1311703,0.08616036,0.9714295,0.1780324
1751960744405,21.42658,SteamVR Tracker (Left Foot),0.03324853,0.03406143,0.6532826,-0.559389,-0.156975,-0.07421114,0.8105156
1751960744405,21.42658,SteamVR Tracker (Waist),0.1801665,0.9740599,0.6620682,0.03911836,0.01009526,0.05317303,0.9977677
1751960744495,21.51799,SteamVR Tracker (Right Foot),-4.598057,-0.4809527,3.602885,0.1633017,0.0596417,0.9332212,0.314442
1751960744495,21.51799,SteamVR Tracker (Left Foot),0.03309743,0.03379178,0.6533414,-0.5594229,-0.157481,-0.0742854,0.8103873
1751960744495,21.51799,SteamVR Tracker (Waist),0.17868,0.9690385,0.6894405,0.06938926,-0.007212995,0.05770431,0.9958932
1751960744526,21.55027,SteamVR Tracker (Right Foot),-4.547759,-0.4426401,3.62251,0.1493513,0.05244794,0.9076595,0.3887129
1751960744526,21.55027,SteamVR Tracker (Left Foot),0.03363628,0.03385258,0.6537092,-0.5583233,-0.158169,-0.07529643,0.810918
1751960744526,21.55027,SteamVR Tracker (Waist),0.1790918,0.9671345,0.710139,0.08169384,-0.02914256,0.06476335,0.9941241
1751960744568,21.59108,SteamVR Tracker (Right Foot),-4.563473,-0.4293475,3.626599,0.1283637,0.1037575,0.9333633,0.3187322
1751960744568,21.59108,SteamVR Tracker (Left Foot),0.03357954,0.03366256,0.6538226,-0.5575883,-0.1586032,-0.07531985,0.8113367
1751960744568,21.59108,SteamVR Tracker (Waist),0.1768487,0.9675707,0.7228342,0.09041296,-0.04570707,0.05581021,0.9932883
1751960744634,21.65724,SteamVR Tracker (Right Foot),-4.572755,-0.4498956,3.617405,0.1323648,0.09472819,0.9331264,0.3205953
1751960744634,21.65724,SteamVR Tracker (Left Foot),0.03349651,0.03407693,0.6544814,-0.5535377,-0.15916,-0.07564137,0.8139672
1751960744634,21.65724,SteamVR Tracker (Waist),0.1746949,0.9660503,0.7375079,0.07481335,-0.08170142,0.05560964,0.992288
1751960744670,21.69385,SteamVR Tracker (Right Foot),-4.574846,-0.4512589,3.61312,0.1303322,0.1117173,0.9309554,0.3222651
1751960744670,21.69385,SteamVR Tracker (Left Foot),0.0337843,0.03411388,0.6551984,-0.5472532,-0.1631424,-0.07789204,0.8172095
1751960744670,21.69385,SteamVR Tracker (Waist),0.1738698,0.9661878,0.7544696,0.1170951,-0.1030947,0.06758066,0.9854406
1751960744710,21.73439,SteamVR Tracker (Right Foot),-4.576175,-0.4519088,3.612124,0.1330783,0.1198081,0.9292327,0.3232069
1751960744710,21.73439,SteamVR Tracker (Left Foot),0.03451656,0.03418708,0.6557587,-0.541068,-0.1702283,-0.08412225,0.8192626
1751960744710,21.73439,SteamVR Tracker (Waist),0.1700702,0.9692219,0.7633958,0.07887586,-0.1074785,0.07900413,0.9879197
1751960744754,21.77929,SteamVR Tracker (Right Foot),-4.576522,-0.4514878,3.611719,0.132156,0.1205064,0.9294286,0.3227623
1751960744754,21.77929,SteamVR Tracker (Left Foot),0.0351916,0.03407764,0.6557749,-0.5377564,-0.1828769,-0.09398025,0.8176441
1751960744754,21.77929,SteamVR Tracker (Waist),0.169895,0.9676582,0.770165,0.09257345,-0.1302931,0.07780278,0.9840735
1751960744814,21.83824,SteamVR Tracker (Right Foot),-4.576572,-0.4513178,3.611615,0.1310557,0.1178563,0.929468,0.3240735
1751960744814,21.83824,SteamVR Tracker (Left Foot),0.03547762,0.03369379,0.655531,-0.5403962,-0.1917358,-0.0992944,0.8132343
1751960744815,21.83824,SteamVR Tracker (Waist),0.1723104,0.9670794,0.7784606,0.09458891,-0.1135994,0.08202462,0.9856065
1751960744846,21.87123,SteamVR Tracker (Right Foot),-4.575746,-0.451334,3.611368,0.1320537,0.1176528,0.9303014,0.3213395
1751960744846,21.87123,SteamVR Tracker (Left Foot),0.03550279,0.03338313,0.655314,-0.5418844,-0.1898175,-0.09886066,0.8127467
1751960744846,21.87123,SteamVR Tracker (Waist),0.1722792,0.967914,0.7883038,0.08925315,-0.1162979,0.08240394,0.9857578
1751960744891,21.9152,SteamVR Tracker (Right Foot),-4.575614,-0.4518187,3.611268,0.1345254,0.1187954,0.9309886,0.3178849
1751960744891,21.9152,SteamVR Tracker (Left Foot),0.03461325,0.03338027,0.6555943,-0.5383198,-0.1877528,-0.0933079,0.816244
1751960744891,21.9152,SteamVR Tracker (Waist),0.1704212,0.9694771,0.7958761,0.08272555,-0.1185569,0.08125401,0.9861534
1751960744934,21.95836,SteamVR Tracker (Right Foot),-4.575141,-0.4512336,3.611423,0.1357993,0.1241525,0.9303496,0.3171662
1751960744934,21.95836,SteamVR Tracker (Left Foot),0.03413824,0.03304553,0.6561443,-0.5343381,-0.1886333,-0.0903166,0.8189892
1751960744934,21.95836,SteamVR Tracker (Waist),0.1686731,0.973376,0.8028513,0.07602291,-0.1180074,0.08239044,0.9866644
1751960745003,22.02669,SteamVR Tracker (Right Foot),-4.574725,-0.4509928,3.611532,0.1385813,0.1298436,0.9296854,0.315628
1751960745003,22.02669,SteamVR Tracker (Left Foot),0.03387381,0.03315234,0.6564897,-0.5303192,-0.1899812,-0.08995073,0.8213267
1751960745004,22.02669,SteamVR Tracker (Waist),0.1653279,0.9766444,0.8070475,0.06636088,-0.1222662,0.07964829,0.9870681
1751960745039,22.06354,SteamVR Tracker (Right Foot),-4.57407,-0.4507933,3.611839,0.1427932,0.1345691,0.9294828,0.3123507
1751960745040,22.06354,SteamVR Tracker (Left Foot),0.03359456,0.03319526,0.6568945,-0.5256106,-0.1915617,-0.08759442,0.8242359
1751960745040,22.06354,SteamVR Tracker (Waist),0.1611449,0.9810997,0.8138382,0.05876667,-0.1252359,0.07875359,0.9872489
1751960745081,22.10611,SteamVR Tracker (Right Foot),-4.573983,-0.4507537,3.611696,0.1438924,0.1336478,0.9293227,0.312718
1751960745082,22.10611,SteamVR Tracker (Left Foot),0.03319653,0.03291607,0.6570559,-0.5239418,-0.1926743,-0.08608506,0.8251976
1751960745082,22.10611,SteamVR Tracker (Waist),0.1574873,0.983996,0.8162208,0.04123877,-0.1267221,0.07255265,0.9884215
1751960745127,22.15136,SteamVR Tracker (Right Foot),-4.574801,-0.4500787,3.611883,0.1395942,0.1344422,0.9283951,0.3170511
1751960745127,22.15136,SteamVR Tracker (Left Foot),0.03211746,0.03277373,0.6569274,-0.521495,-0.1944748,-0.08231027,0.826709
1751960745128,22.15136,SteamVR Tracker (Waist),0.1519155,0.9847044,0.8188284,0.03541474,-0.1434427,0.06501629,0.9868854
1751960745186,22.21023,SteamVR Tracker (Right Foot),-4.575997,-0.4493229,3.612434,0.1416692,0.1359465,0.9252095,0.3247087
1751960745186,22.21023,SteamVR Tracker (Left Foot),0.03149922,0.03247428,0.6570682,-0.5188316,-0.1955169,-0.07773024,0.8285801
1751960745186,22.21023,SteamVR Tracker (Waist),0.1452659,0.9848522,0.8191692,0.04208701,-0.1626885,0.06356071,0.9837282
1751960745208,22.23364,SteamVR Tracker (Right Foot),-4.576008,-0.4495411,3.612592,0.1457461,0.1321267,0.9231213,0.330375
1751960745208,22.23364,SteamVR Tracker (Left Foot),0.03108525,0.03243208,0.6569234,-0.520168,-0.196199,-0.07662215,0.8276837
1751960745208,22.23364,SteamVR Tracker (Waist),0.1418362,0.9855359,0.818955,0.03523655,-0.1757328,0.06038391,0.9819523
1751960745240,22.26406,SteamVR Tracker (Right Foot),-4.574459,-0.4533162,3.613106,0.1645577,0.1232699,0.9145877,0.3482164
1751960745240,22.26406,SteamVR Tracker (Left Foot),0.0309403,0.03235936,0.6565395,-0.5245336,-0.1952134,-0.07666428,0.8251539
1751960745240,22.26406,SteamVR Tracker (Waist),0.1403621,0.9849709,0.8180218,0.01765158,-0.1880312,0.05548496,0.9804357
1751960745274,22.29812,SteamVR Tracker (Right Foot),-4.56125,-0.4793689,3.605591,0.2372459,0.1138273,0.8524854,0.451693
1751960745274,22.29812,SteamVR Tracker (Left Foot),0.03140856,0.0322957,0.6557875,-0.5351886,-0.1931766,-0.08051039,0.8183972
1751960745274,22.29812,SteamVR Tracker (Waist),0.1420067,0.9808923,0.8163888,0.01724086,-0.2034029,0.05394416,0.9774559
1751960745311,22.33451,SteamVR Tracker (Right Foot),-4.526523,-0.5430286,3.586098,0.2723639,0.09544727,0.6076913,0.7398777
1751960745311,22.33451,SteamVR Tracker (Left Foot),0.03203505,0.03238678,0.655811,-0.5360798,-0.1931656,-0.08425988,0.8174385
1751960745311,22.33451,SteamVR Tracker (Waist),0.14965,0.9730589,0.8141748,0.03063152,-0.2193256,0.06278303,0.9731476
1751960745369,22.39229,SteamVR Tracker (Right Foot),-4.530822,-0.5255427,3.578907,0.3020052,0.07782648,0.7016266,0.6406684
1751960745369,22.39229,SteamVR Tracker (Left Foot),0.03218574,0.03217053,0.6561657,-0.5286086,-0.1926318,-0.08277702,0.8225654
1751960745369,22.39229,SteamVR Tracker (Waist),0.1561424,0.9669521,0.8107181,0.0622181,-0.2339642,0.05670368,0.968594
1751960745400,22.42334,SteamVR Tracker (Right Foot),-4.536131,-0.5283792,3.578517,0.3013879,-0.005991965,0.7083641,0.6382396
1751960745400,22.42334,SteamVR Tracker (Left Foot),0.03305217,0.03262925,0.6567791,-0.5259632,-0.1911747,-0.0868318,0.8241815
1751960745401,22.42334,SteamVR Tracker (Waist),0.1562929,0.9593809,0.7955261,0.07691291,-0.312167,0.02849687,0.9464799
1751960745426,22.45057,SteamVR Tracker (Right Foot),-4.534435,-0.5276556,3.577642,0.270792,0.05533303,0.7124966,0.6449486
1751960745426,22.45057,SteamVR Tracker (Left Foot),0.03298245,0.0332303,0.6566088,-0.5269422,-0.1905276,-0.08830541,0.8235492
1751960745426,22.45057,SteamVR Tracker (Waist),0.1537877,0.9590764,0.7825707,0.1017787,-0.3696665,0.03175209,0.9230275
1751960745465,22.48882,SteamVR Tracker (Right Foot),-4.534042,-0.5270996,3.578864,0.2664877,0.07973435,0.7115892,0.6451881
1751960745465,22.48882,SteamVR Tracker (Left Foot),0.02967632,0.03461194,0.6555863,-0.5277144,-0.2068347,-0.1070235,0.8168739
1751960745465,22.48882,SteamVR Tracker (Waist),0.1559114,0.9675237,0.7663687,0.08921557,-0.4251069,0.06542209,0.8983566
1751960745524,22.54673,SteamVR Tracker (Right Foot),-4.535207,-0.5255442,3.581309,0.2648019,0.07264843,0.7133188,0.6448088
1751960745524,22.54673,SteamVR Tracker (Left Foot),0.01775548,0.04116583,0.6410388,-0.5318011,-0.2993868,-0.1890237,0.7693018
1751960745524,22.54673,SteamVR Tracker (Waist),0.1649749,0.9673356,0.7600319,0.01979873,-0.4197658,0.02542213,0.9070603
1751960745541,22.56537,SteamVR Tracker (Right Foot),-4.535736,-0.5252078,3.581862,0.2627882,0.06995589,0.7139998,0.6451766
1751960745541,22.56537,SteamVR Tracker (Left Foot),0.01331079,0.04919505,0.6176882,-0.529025,-0.3664558,-0.2489496,0.7237864
1751960745541,22.56537,SteamVR Tracker (Waist),0.1723846,0.9587414,0.7514363,0.04364135,-0.4438248,0.01804881,0.8948683
1751960745570,22.59364,SteamVR Tracker (Right Foot),-4.536802,-0.5246816,3.583314,0.2611493,0.07044864,0.7130248,0.6468645
1751960745571,22.59364,SteamVR Tracker (Left Foot),0.01857997,0.05371046,0.5922715,-0.5367184,-0.4030534,-0.2845376,0.684485
1751960745571,22.59364,SteamVR Tracker (Waist),0.1749479,0.9464898,0.7457384,0.1427247,-0.4705262,0.0520795,0.869208
1751960745605,22.62878,SteamVR Tracker (Right Foot),-4.538442,-0.5249782,3.584389,0.2574944,0.06705555,0.7116834,0.6501592
1751960745605,22.62878,SteamVR Tracker (Left Foot),0.03050086,0.05309105,0.5623127,-0.5157597,-0.4440015,-0.3071143,0.6652334
1751960745605,22.62878,SteamVR Tracker (Waist),0.1755289,0.9412802,0.728005,0.1862726,-0.4936095,0.08866744,0.8448611
1751960745638,22.66129,SteamVR Tracker (Right Foot),-4.538647,-0.5255096,3.583907,0.2567986,0.06227612,0.7117209,0.6508683
1751960745638,22.66129,SteamVR Tracker (Left Foot),0.04633097,0.04989696,0.5354106,-0.4915514,-0.4613166,-0.3242353,0.6636533
1751960745638,22.66129,SteamVR Tracker (Waist),0.1765767,0.9456835,0.7117836,0.1271654,-0.5195349,0.07639277,0.8414729
1751960745700,22.72309,SteamVR Tracker (Right Foot),-4.53791,-0.5258408,3.583227,0.2622489,0.06479687,0.7119106,0.6482363
1751960745700,22.72309,SteamVR Tracker (Left Foot),0.06821896,0.04638457,0.5072131,-0.4687563,-0.4638991,-0.3238703,0.6783608
1751960745700,22.72309,SteamVR Tracker (Waist),0.1819663,0.9474453,0.70683,0.1057432,-0.5411716,0.05001218,0.8327368
1751960745748,22.77196,SteamVR Tracker (Right Foot),-4.53792,-0.5265934,3.582602,0.2638619,0.06038005,0.7127833,0.647048
1751960745748,22.77196,SteamVR Tracker (Left Foot),0.1099152,0.04401851,0.4443997,-0.4316976,-0.4816326,-0.3369135,0.6842197
1751960745748,22.77196,SteamVR Tracker (Waist),0.191698,0.9423792,0.6870162,0.1320729,-0.558972,0.05835535,0.8165181
1751960745778,22.80087,SteamVR Tracker (Right Foot),-4.537905,-0.5267112,3.582383,0.2646526,0.06026086,0.7127041,0.6468235
1751960745778,22.80087,SteamVR Tracker (Left Foot),0.1215249,0.04326653,0.4233153,-0.4212228,-0.4876452,-0.3396224,0.6851497
1751960745778,22.80087,SteamVR Tracker (Waist),0.1908851,0.9406402,0.6785458,0.1226653,-0.5698575,0.0554484,0.8106424
1751960745813,22.83771,SteamVR Tracker (Right Foot),-4.538027,-0.5270267,3.582446,0.2644961,0.05936566,0.7128864,0.6467693
1751960745813,22.83771,SteamVR Tracker (Left Foot),0.1349441,0.04297638,0.3969173,-0.4070893,-0.5016248,-0.3509774,0.677839
1751960745813,22.83771,SteamVR Tracker (Waist),0.1919859,0.9395556,0.6708046,0.1284845,-0.582731,0.06366234,0.7999146
1751960745887,22.90929,SteamVR Tracker (Right Foot),-4.538332,-0.5271482,3.582396,0.2644547,0.05723479,0.713307,0.6465145
1751960745887,22.90929,SteamVR Tracker (Left Foot),0.1465154,0.04378915,0.3645237,-0.3830195,-0.5293908,-0.3716625,0.6594759
1751960745887,22.90929,SteamVR Tracker (Waist),0.1937513,0.9381392,0.6609516,0.126752,-0.5870101,0.06352042,0.7970685
1751960745912,22.93617,SteamVR Tracker (Right Foot),-4.538445,-0.5273216,3.582151,0.265042,0.05458894,0.7139035,0.6458441
1751960745912,22.93617,SteamVR Tracker (Left Foot),0.1623252,0.04402137,0.3245302,-0.3501623,-0.564909,-0.3962308,0.6334551
1751960745912,22.93617,SteamVR Tracker (Waist),0.1939878,0.9359512,0.6446441,0.1320108,-0.6031526,0.06514456,0.7839237
1751960745953,22.97676,SteamVR Tracker (Right Foot),-4.537962,-0.527694,3.581801,0.2670411,0.05515325,0.7140539,0.6448056
1751960745953,22.97676,SteamVR Tracker (Left Foot),0.1652936,0.04205132,0.3071945,-0.3425527,-0.6047595,-0.3942673,0.6012295
1751960745953,22.97676,SteamVR Tracker (Waist),0.1923232,0.9359117,0.6320345,0.1279607,-0.6146826,0.0692384,0.7752403
1751960746003,23.0252,SteamVR Tracker (Right Foot),-4.537987,-0.5280793,3.581333,0.2679577,0.05428891,0.7148727,0.6435903
1751960746003,23.0252,SteamVR Tracker (Left Foot),0.1659922,0.04065084,0.2951503,-0.3556309,-0.6316062,-0.3923041,0.5663019
1751960746003,23.0252,SteamVR Tracker (Waist),0.1847172,0.9399368,0.6165692,0.1196653,-0.6246694,0.06992829,0.768491
1751960746074,23.09687,SteamVR Tracker (Right Foot),-4.537602,-0.5290091,3.581099,0.268503,0.05213777,0.7159345,0.6423594
1751960746074,23.09687,SteamVR Tracker (Left Foot),0.1644899,0.03927612,0.2991387,-0.3833831,-0.6401743,-0.3894283,0.5399444
1751960746074,23.09687,SteamVR Tracker (Waist),0.1816399,0.9407774,0.6005173,0.112048,-0.6262473,0.06955712,0.7683888
1751960746102,23.12562,SteamVR Tracker (Right Foot),-4.537724,-0.5291536,3.58089,0.2690064,0.05057956,0.7163368,0.6418247
1751960746102,23.12562,SteamVR Tracker (Left Foot),0.1662371,0.03842926,0.2984083,-0.386953,-0.640473,-0.3989765,0.5299807
1751960746102,23.12562,SteamVR Tracker (Waist),0.1780634,0.9438758,0.5817611,0.1048604,-0.6309792,0.06939077,0.765542
1751960746142,23.16566,SteamVR Tracker (Right Foot),-4.537957,-0.5293107,3.581002,0.2698153,0.04964367,0.7167126,0.6411384
1751960746142,23.16566,SteamVR Tracker (Left Foot),0.1642039,0.03792834,0.2964444,0.3762051,0.6572512,0.4225652,-0.497925
1751960746143,23.16566,SteamVR Tracker (Waist),0.1769309,0.9460475,0.5675142,0.09726629,-0.6227747,0.07123346,0.7730567
1751960746186,23.21034,SteamVR Tracker (Right Foot),-4.537881,-0.5294952,3.581318,0.270913,0.04766717,0.7170295,0.6404707
1751960746187,23.21034,SteamVR Tracker (Left Foot),0.1624087,0.03691792,0.2975682,0.3672144,0.6666247,0.4342637,-0.4818507
1751960746187,23.21034,SteamVR Tracker (Waist),0.1751076,0.9490749,0.5514362,0.087878,-0.6196096,0.06390964,0.7773526
1751960746262,23.28449,SteamVR Tracker (Right Foot),-4.538155,-0.5297582,3.581441,0.2724284,0.04581508,0.7171328,0.6398472
1751960746262,23.28449,SteamVR Tracker (Left Foot),0.1628888,0.03651667,0.2974881,-0.3767705,-0.6565857,-0.4185253,0.5017727
1751960746262,23.28449,SteamVR Tracker (Waist),0.1736446,0.9500642,0.5303984,0.08537048,-0.6176349,0.06299093,0.7792761
1751960746289,23.31384,SteamVR Tracker (Right Foot),-4.538121,-0.5303056,3.581428,0.2742406,0.04404482,0.7173935,0.6389043
1751960746289,23.31384,SteamVR Tracker (Left Foot),0.1629886,0.03632379,0.2975461,-0.3785055,-0.6548669,-0.4194165,0.5019689
1751960746289,23.31384,SteamVR Tracker (Waist),0.1707921,0.9509368,0.5066927,0.08465631,-0.6160712,0.06267505,0.7806161
1751960746333,23.35663,SteamVR Tracker (Right Foot),-4.538517,-0.5313425,3.581563,0.277573,0.0392075,0.7180224,0.6370714
1751960746334,23.35663,SteamVR Tracker (Left Foot),0.1631408,0.03592992,0.2976978,-0.3786578,-0.6546423,-0.4212118,0.5006419
1751960746334,23.35663,SteamVR Tracker (Waist),0.1668648,0.9525471,0.4852681,0.07885437,-0.6305912,0.04670194,0.7706852
1751960746380,23.40195,SteamVR Tracker (Right Foot),-4.539556,-0.5355105,3.582159,0.2864461,0.02201988,0.7211044,0.6304541
1751960746381,23.40195,SteamVR Tracker (Left Foot),0.1632269,0.03562808,0.2969403,-0.3796204,-0.6553857,-0.4194221,0.5004429
1751960746381,23.40195,SteamVR Tracker (Waist),0.1612263,0.9519197,0.461737,0.07043906,-0.6418891,0.04134056,0.7624354
1751960746456,23.47828,SteamVR Tracker (Right Foot),-4.542381,-0.5461042,3.583704,0.3148248,-0.02745945,0.7198029,0.6180738
1751960746456,23.47828,SteamVR Tracker (Left Foot),0.1633192,0.03520823,0.2971938,0.3804694,0.6545419,0.4217525,-0.4989417
1751960746457,23.47828,SteamVR Tracker (Waist),0.15564,0.9491625,0.4448655,0.07474171,-0.638101,0.0556749,0.7642912
1751960746482,23.50548,SteamVR Tracker (Right Foot),-4.543783,-0.5629213,3.581547,0.3465639,-0.05969262,0.6881181,0.634684
1751960746482,23.50548,SteamVR Tracker (Left Foot),0.1632625,0.03497863,0.2970557,0.3807767,0.6539087,0.4235489,-0.498015
1751960746482,23.50548,SteamVR Tracker (Waist),0.1515457,0.9474442,0.4282927,0.07257666,-0.6336773,0.06008435,0.7678382
1751960746509,23.53398,SteamVR Tracker (Right Foot),-4.547458,-0.5977435,3.568643,0.3993996,-0.06919993,0.620524,0.6712981
1751960746510,23.53398,SteamVR Tracker (Left Foot),0.1629053,0.0347352,0.2968642,0.3806298,0.6551223,0.4220001,-0.4978471
1751960746510,23.53398,SteamVR Tracker (Waist),0.1487379,0.9483809,0.4257571,0.06883201,-0.6271551,0.06450462,0.7731609
1751960746543,23.56724,SteamVR Tracker (Right Foot),-4.557802,-0.6368315,3.552607,0.3932914,-0.02515781,0.5530483,0.7340481
1751960746543,23.56724,SteamVR Tracker (Left Foot),0.162833,0.0347631,0.2967935,0.3798118,0.6562483,0.4200452,-0.4986413
1751960746543,23.56724,SteamVR Tracker (Waist),0.1464949,0.9508053,0.4230246,0.06969874,-0.6232889,0.07201904,0.7755427
1751960746609,23.63175,SteamVR Tracker (Right Foot),-4.563376,-0.6946237,3.535935,0.3119172,0.06138391,0.4917219,0.8106474
1751960746609,23.63175,SteamVR Tracker (Left Foot),0.1629654,0.0352118,0.2968663,0.379912,0.6563174,0.4198751,-0.4986175
1751960746609,23.63175,SteamVR Tracker (Waist),0.1442424,0.956664,0.4202129,0.05344255,-0.6313871,0.0730271,0.7701697
1751960746625,23.65048,SteamVR Tracker (Right Foot),-4.567836,-0.7474496,3.519085,0.2673426,0.1170819,0.4118567,0.8632461
1751960746626,23.65048,SteamVR Tracker (Left Foot),0.1629107,0.03519058,0.2967755,0.379939,0.6566646,0.4194657,-0.4984842
1751960746626,23.65048,SteamVR Tracker (Waist),0.1413388,0.959847,0.4146736,0.03722,-0.633637,0.07635461,0.7689531
1751960746652,23.67723,SteamVR Tracker (Right Foot),-4.56889,-0.7737045,3.510656,0.2407947,0.1575902,0.3833655,0.8776185
1751960746652,23.67723,SteamVR Tracker (Left Foot),0.1630901,0.03540587,0.2967613,0.3805398,0.6565639,0.4195325,-0.4981022
1751960746652,23.67723,SteamVR Tracker (Waist),0.1396156,0.9592848,0.4126413,0.03585101,-0.6356036,0.08274117,0.7667311
1751960746698,23.72236,SteamVR Tracker (Right Foot),-4.586709,-0.8034317,3.494602,0.331726,0.08110082,0.3217609,0.8830914
1751960746698,23.72236,SteamVR Tracker (Left Foot),0.163076,0.03527498,0.2965884,0.3810193,0.6563748,0.4200299,-0.4975653
1751960746698,23.72236,SteamVR Tracker (Waist),0.1373173,0.9536288,0.40929,0.05239033,-0.6479259,0.0946525,0.7539816
1751960746774,23.79707,SteamVR Tracker (Right Foot),-4.585096,-0.7779627,3.49388,0.3262011,0.05440419,0.3881471,0.860218
1751960746774,23.79707,SteamVR Tracker (Left Foot),0.1633172,0.03548765,0.2965696,0.3819873,0.6561559,0.4196655,-0.4974194
1751960746774,23.79707,SteamVR Tracker (Waist),0.1341452,0.9528247,0.3997973,0.05595039,-0.6729032,0.07938859,0.7333269
1751960746803,23.82659,SteamVR Tracker (Right Foot),-4.583525,-0.7839847,3.491152,0.3569158,0.04967241,0.3637533,0.8589687
1751960746804,23.82659,SteamVR Tracker (Left Foot),0.1635865,0.03565598,0.2964246,0.3832342,0.6557184,0.4194619,-0.4972088
1751960746804,23.82659,SteamVR Tracker (Waist),0.1301495,0.9537719,0.3885542,0.05949998,-0.6987063,0.06549843,0.709915
1751960746845,23.86746,SteamVR Tracker (Right Foot),-4.586192,-0.7827518,3.49401,0.3489498,0.05501784,0.3665204,0.860738
1751960746846,23.86746,SteamVR Tracker (Left Foot),0.163852,0.03552723,0.2964852,0.3839917,0.6553391,0.41973,-0.4968982
1751960746846,23.86746,SteamVR Tracker (Waist),0.1287352,0.9557008,0.3854682,0.04719022,-0.6922368,0.06783965,0.7169234
1751960746891,23.91382,SteamVR Tracker (Right Foot),-4.585598,-0.7787156,3.493505,0.3547635,0.04880566,0.3684611,0.8579028
1751960746891,23.91382,SteamVR Tracker (Left Foot),0.1636552,0.03579855,0.2962717,0.3838096,0.6554784,0.4200297,-0.4966019
1751960746891,23.91382,SteamVR Tracker (Waist),0.1279673,0.9533173,0.3892887,0.03544532,-0.672242,0.08344676,0.7347591
1751960746965,23.98743,SteamVR Tracker (Right Foot),-4.584785,-0.7766283,3.494034,0.3509843,0.0507257,0.3683473,0.8593935
1751960746966,23.98743,SteamVR Tracker (Left Foot),0.1638747,0.03579021,0.2963985,0.3837621,0.6557138,0.419881,-0.4964535
1751960746966,23.98743,SteamVR Tracker (Waist),0.1273457,0.9515133,0.3893812,0.0592088,-0.6877509,0.08281627,0.718773
1751960746990,24.01533,SteamVR Tracker (Right Foot),-4.584726,-0.7763197,3.493893,0.3503645,0.05114428,0.3676644,0.8599139
1751960746991,24.01533,SteamVR Tracker (Left Foot),0.1637347,0.03577113,0.2963165,0.3833939,0.6562057,0.4192011,-0.4966627
1751960746991,24.01533,SteamVR Tracker (Waist),0.1247855,0.9534051,0.3891557,0.04609375,-0.6934649,0.07317039,0.7152817
1751960747021,24.04463,SteamVR Tracker (Right Foot),-4.584877,-0.7766144,3.493456,0.350828,0.05065477,0.367598,0.8597823
1751960747021,24.04463,SteamVR Tracker (Left Foot),0.1637876,0.03584075,0.2963986,0.3831916,0.6563435,0.4192784,-0.4965714
1751960747021,24.04463,SteamVR Tracker (Waist),0.1234401,0.9543399,0.3902238,0.0394574,-0.6895436,0.0726642,0.7195086
1751960747067,24.0907,SteamVR Tracker (Right Foot),-4.585166,-0.7763131,3.493079,0.350307,0.05085462,0.3676309,0.8599688
1751960747067,24.0907,SteamVR Tracker (Left Foot),0.1639952,0.03569317,0.2964305,0.3832048,0.656314,0.4196411,-0.4962937
1751960747067,24.0907,SteamVR Tracker (Waist),0.1217323,0.9530529,0.390527,0.04764543,-0.6838248,0.07853092,0.7238415
1751960747140,24.1613,SteamVR Tracker (Right Foot),-4.585687,-0.7762799,3.49216,0.3520143,0.05010045,0.3682503,0.8590505
1751960747140,24.1613,SteamVR Tracker (Left Foot),0.1637088,0.03590846,0.2964452,0.3833279,0.6561015,0.4198364,-0.4963145
1751960747140,24.1613,SteamVR Tracker (Waist),0.119827,0.9536736,0.3882297,0.04645119,-0.6926847,0.07716924,0.7155943
1751960747169,24.19361,SteamVR Tracker (Right Foot),-4.586,-0.776017,3.491337,0.352139,0.05033175,0.3685569,0.8588543
1751960747169,24.19361,SteamVR Tracker (Left Foot),0.1637221,0.03593922,0.2963232,0.3835987,0.655903,0.4200066,-0.4962236
1751960747169,24.19361,SteamVR Tracker (Waist),0.1176199,0.954993,0.3872733,0.03895501,-0.6952302,0.07090899,0.7142195
1751960747211,24.23438,SteamVR Tracker (Right Foot),-4.585861,-0.7757053,3.490949,0.352371,0.05099921,0.3683334,0.8588156
1751960747211,24.23438,SteamVR Tracker (Left Foot),0.1639566,0.03591442,0.2964883,0.3833568,0.6557068,0.4202929,-0.4964273
1751960747211,24.23438,SteamVR Tracker (Waist),0.1166175,0.9543642,0.3872066,0.04424509,-0.6921693,0.07566421,0.716393
1751960747255,24.27767,SteamVR Tracker (Right Foot),-4.586452,-0.7757649,3.490387,0.3523064,0.0499817,0.3688768,0.8586687
1751960747255,24.27767,SteamVR Tracker (Left Foot),0.1639111,0.03586745,0.2965285,0.3840743,0.6550435,0.4210308,-0.4961229
1751960747255,24.27767,SteamVR Tracker (Waist),0.1155925,0.9542594,0.3861198,0.04536156,-0.6930172,0.0781123,0.7152398
1751960747334,24.35568,SteamVR Tracker (Right Foot),-4.586369,-0.7754698,3.490153,0.3527463,0.04972713,0.3691719,0.858376
1751960747335,24.35568,SteamVR Tracker (Left Foot),0.1638831,0.03615284,0.2965874,0.3841138,0.6552134,0.4204837,-0.496332
1751960747335,24.35568,SteamVR Tracker (Waist),0.1135189,0.9547994,0.3860871,0.04298766,-0.6936421,0.07538936,0.7150729
1751960747358,24.38176,SteamVR Tracker (Right Foot),-4.586424,-0.7754719,3.490085,0.3522772,0.0495679,0.3691357,0.8585934
1751960747358,24.38176,SteamVR Tracker (Left Foot),0.163981,0.03627038,0.296428,0.3845634,0.6549152,0.4204439,-0.4964113
1751960747358,24.38176,SteamVR Tracker (Waist),0.1117876,0.9535214,0.3852885,0.04772371,-0.6921982,0.07991943,0.7156795
1751960747395,24.41927,SteamVR Tracker (Right Foot),-4.586336,-0.7756696,3.490205,0.3527536,0.04942891,0.3691858,0.8583843
1751960747395,24.41927,SteamVR Tracker (Left Foot),0.1640429,0.03635812,0.2962722,0.384804,0.6547393,0.4206959,-0.4962432
1751960747395,24.41927,SteamVR Tracker (Waist),0.1106422,0.9533368,0.3842391,0.04869949,-0.6889131,0.08301777,0.7184255
1751960747444,24.465,SteamVR Tracker (Right Foot),-4.586545,-0.7755377,3.490154,0.3528806,0.04959407,0.3692921,0.8582768
1751960747444,24.465,SteamVR Tracker (Left Foot),0.1639306,0.03630304,0.2963223,0.3843199,0.6550561,0.4204073,-0.4964447
1751960747444,24.465,SteamVR Tracker (Waist),0.1078553,0.9543753,0.3838304,0.04115762,-0.6887047,0.07709373,0.7197558
1751960747520,24.54061,SteamVR Tracker (Right Foot),-4.58619,-0.7758598,3.490127,0.3545388,0.04974607,0.3694317,0.8575242
1751960747520,24.54061,SteamVR Tracker (Left Foot),0.1640301,0.03609443,0.2963829,0.3832551,0.6559158,0.41952,-0.4968833
1751960747520,24.54061,SteamVR Tracker (Waist),0.1032756,0.955915,0.3839726,0.04019093,-0.6835638,0.07747545,0.7246537
1751960747548,24.57319,SteamVR Tracker (Right Foot),-4.586028,-0.7760625,3.489768,0.3559737,0.0501215,0.3698567,0.8567244
1751960747548,24.57319,SteamVR Tracker (Left Foot),0.1636967,0.03594804,0.2965189,0.3821104,0.6569006,0.4186462,-0.4972008
1751960747548,24.57319,SteamVR Tracker (Waist),0.09810983,0.9580259,0.3834675,0.03591448,-0.6810495,0.07376699,0.7276265
1751960747589,24.61289,SteamVR Tracker (Right Foot),-4.585619,-0.7766593,3.49016,0.3569815,0.05009384,0.3701651,0.8561733
1751960747589,24.61289,SteamVR Tracker (Left Foot),0.1636271,0.03578973,0.2963523,0.3817861,0.657337,0.4181698,-0.497274
1751960747589,24.61289,SteamVR Tracker (Waist),0.09431034,0.9591388,0.3826283,0.03024701,-0.6794142,0.06901649,0.7298754
1751960747636,24.65899,SteamVR Tracker (Right Foot),-4.583283,-0.7787263,3.493542,0.3572578,0.05026409,0.3705258,0.8558919
1751960747636,24.65899,SteamVR Tracker (Left Foot),0.1634649,0.03585339,0.2964418,0.3815255,0.6574302,0.4180216,-0.4974754
1751960747636,24.65899,SteamVR Tracker (Waist),0.09020662,0.95972,0.3823873,0.02889672,-0.6748126,0.07056139,0.7340395
1751960747705,24.72769,SteamVR Tracker (Right Foot),-4.583063,-0.7788677,3.493567,0.3583815,0.05095222,0.3709385,0.8552024
1751960747705,24.72769,SteamVR Tracker (Left Foot),0.1632273,0.03590584,0.2965504,0.3806464,0.6579771,0.4177496,-0.4976544
1751960747705,24.72769,SteamVR Tracker (Waist),0.08506163,0.9612935,0.3814278,0.02405903,-0.6729616,0.06621549,0.7363148
1751960747729,24.75475,SteamVR Tracker (Right Foot),-4.583012,-0.7791247,3.493253,0.3595546,0.05129576,0.3712432,0.854557
1751960747729,24.75475,SteamVR Tracker (Left Foot),0.162942,0.03594708,0.296686,0.3800255,0.6582512,0.4176117,-0.4978822
1751960747729,24.75475,SteamVR Tracker (Waist),0.08070088,0.9625283,0.3806757,0.02015106,-0.6704091,0.06374422,0.7389738
1751960747776,24.79874,SteamVR Tracker (Right Foot),-4.583093,-0.779227,3.492687,0.360086,0.05125058,0.3715315,0.8542107
1751960747776,24.79874,SteamVR Tracker (Left Foot),0.1632352,0.03584361,0.2965534,0.3792288,0.6589718,0.4170677,-0.4979922
1751960747777,24.79874,SteamVR Tracker (Waist),0.07698592,0.9635599,0.3791497,0.01894251,-0.6704626,0.06343234,0.7389841
1751960747821,24.84417,SteamVR Tracker (Right Foot),-4.582953,-0.7794013,3.492087,0.3629359,0.05246503,0.3715557,0.8529193
1751960747821,24.84417,SteamVR Tracker (Left Foot),0.1628817,0.03571177,0.2965907,0.3778084,0.6603085,0.4159129,-0.4982669
1751960747822,24.84417,SteamVR Tracker (Waist),0.07366397,0.9652511,0.3773506,0.01211802,-0.6687281,0.05703046,0.7412176
1751960747900,24.92145,SteamVR Tracker (Right Foot),-4.583023,-0.7796855,3.491482,0.3645217,0.05221746,0.3720383,0.8520474
1751960747900,24.92145,SteamVR Tracker (Left Foot),0.1629353,0.03561974,0.2962745,0.3778328,0.6607478,0.4153139,-0.4981658
1751960747900,24.92145,SteamVR Tracker (Waist),0.07038071,0.9663944,0.3752421,0.01028907,-0.668149,0.05681776,0.7417836
1751960747924,24.94799,SteamVR Tracker (Right Foot),-4.582852,-0.7803388,3.491073,0.3678105,0.05271798,0.3726951,0.8503145
1751960747924,24.94799,SteamVR Tracker (Left Foot),0.1628943,0.03553915,0.2962869,0.3783664,0.6605857,0.4156599,-0.497687
1751960747924,24.94799,SteamVR Tracker (Waist),0.06744783,0.9670838,0.3738815,0.006341558,-0.6638663,0.05385383,0.7458828
1751960747964,24.98848,SteamVR Tracker (Right Foot),-4.582829,-0.7816527,3.490553,0.3735013,0.05345831,0.3751479,0.8467013
1751960747965,24.98848,SteamVR Tracker (Left Foot),0.1630596,0.03569984,0.2962159,0.3804272,0.6580766,0.4189646,-0.4966679
1751960747965,24.98848,SteamVR Tracker (Waist),0.06660493,0.9669334,0.3739313,0.005215477,-0.6616848,0.05641591,0.7476385
1751960748010,25.03379,SteamVR Tracker (Right Foot),-4.579264,-0.7821741,3.491091,0.374304,0.05496042,0.4161231,0.8268721
1751960748010,25.03379,SteamVR Tracker (Left Foot),0.163721,0.03564119,0.296468,0.382987,0.6547138,0.4230085,-0.4957162
1751960748010,25.03379,SteamVR Tracker (Waist),0.06719703,0.9656783,0.377483,-0.004224563,-0.6492701,0.06250294,0.7579736
1751960748088,25.1091,SteamVR Tracker (Right Foot),-4.572547,-0.7827671,3.4954,0.3178579,0.07690607,0.5582747,0.7624835
1751960748088,25.1091,SteamVR Tracker (Left Foot),0.1643287,0.03550458,0.2967317,0.3843982,0.652341,0.4254898,-0.4956287
1751960748088,25.1091,SteamVR Tracker (Waist),0.06516351,0.9630716,0.3869638,0.007751064,-0.6243018,0.06813888,0.7781673
1751960748118,25.1418,SteamVR Tracker (Right Foot),-4.574608,-0.7933321,3.493151,0.2757872,0.09649841,0.6316087,0.7181225
1751960748118,25.1418,SteamVR Tracker (Left Foot),0.1644891,0.03562522,0.2967026,0.3854022,0.6509442,0.42716,-0.4952486
1751960748118,25.1418,SteamVR Tracker (Waist),0.06062936,0.9629989,0.3945886,0.009029213,-0.6073245,0.06550469,0.7916973
1751960748156,25.17981,SteamVR Tracker (Right Foot),-4.580482,-0.8210936,3.483886,0.2649249,0.09691743,0.6039816,0.7454047
1751960748156,25.17981,SteamVR Tracker (Left Foot),0.1645005,0.03592181,0.2965043,0.3857757,0.6500953,0.4281145,-0.4952486
1751960748156,25.17981,SteamVR Tracker (Waist),0.05365654,0.9656886,0.3990077,-0.001589456,-0.6009405,0.05353014,0.7974976
1751960748202,25.22468,SteamVR Tracker (Right Foot),-4.582055,-0.8376112,3.470021,0.3573173,0.01845199,0.4864314,0.7971001
1751960748203,25.22468,SteamVR Tracker (Left Foot),0.1639028,0.03570151,0.2962756,0.381745,0.6542074,0.4236514,-0.4967927
1751960748203,25.22468,SteamVR Tracker (Waist),0.04358786,0.9662353,0.403509,-0.01298748,-0.5924774,0.04022648,0.8044773
1751960748273,25.29541,SteamVR Tracker (Right Foot),-4.581754,-0.8204114,3.478786,0.293593,0.06981903,0.5596843,0.7718044
1751960748273,25.29541,SteamVR Tracker (Left Foot),0.1599403,0.03535604,0.2954906,-0.3604974,-0.6750288,-0.3975157,0.5063192
1751960748273,25.29541,SteamVR Tracker (Waist),0.03739324,0.9613582,0.4085853,0.008773971,-0.5898568,0.04957858,0.8059367
1751960748301,25.32501,SteamVR Tracker (Right Foot),-4.581306,-0.8205175,3.477177,0.2978026,0.06274188,0.5575998,0.7723079
1751960748301,25.32501,SteamVR Tracker (Left Foot),0.1505352,0.0350399,0.2906846,-0.3000127,-0.7178826,-0.3252061,0.5374736
1751960748301,25.32501,SteamVR Tracker (Waist),0.03127721,0.9618711,0.4121866,0.03340988,-0.5836233,0.0775229,0.8076248
1751960748345,25.36745,SteamVR Tracker (Right Foot),-4.579937,-0.8189557,3.477079,0.2965279,0.06114818,0.5585918,0.7722093
1751960748345,25.36745,SteamVR Tracker (Left Foot),0.1374068,0.04010892,0.2833614,-0.2874116,-0.7504313,-0.2156126,0.5547601
1751960748345,25.36745,SteamVR Tracker (Waist),0.02620664,0.968286,0.4141367,-0.01532616,-0.5648006,0.03365846,0.8243982
1751960748388,25.41106,SteamVR Tracker (Right Foot),-4.580213,-0.8174736,3.479631,0.2924462,0.06173751,0.5590641,0.7733764
1751960748388,25.41106,SteamVR Tracker (Left Foot),0.08260056,0.04699731,0.2752781,-0.3905269,-0.6598812,-0.2198802,0.6030741
1751960748388,25.41106,SteamVR Tracker (Waist),0.01668674,0.9672534,0.4169802,-0.02318794,-0.5672985,0.01816415,0.8229854
1751960748462,25.48394,SteamVR Tracker (Right Foot),-4.580543,-0.8174014,3.479479,0.295547,0.06072289,0.5595728,0.7719087
1751960748462,25.48394,SteamVR Tracker (Left Foot),-0.001807451,0.04232955,0.2458634,-0.4320386,-0.5992183,-0.301577,0.6027699
1751960748462,25.48394,SteamVR Tracker (Waist),0.007299781,0.9643986,0.4179569,0.03649993,-0.5330685,0.06918786,0.8424482
1751960748490,25.51459,SteamVR Tracker (Right Foot),-4.580472,-0.8171895,3.478961,0.2989916,0.05834973,0.5609686,0.769749
1751960748490,25.51459,SteamVR Tracker (Left Foot),-0.08509842,0.0438869,0.2270026,-0.4654921,-0.5388434,-0.3428495,0.6127146
1751960748490,25.51459,SteamVR Tracker (Waist),-0.002351329,0.9678644,0.4160251,0.02858942,-0.5183961,0.04896082,0.853259
1751960748534,25.55732,SteamVR Tracker (Right Foot),-4.580138,-0.8174949,3.477462,0.3058462,0.05400478,0.5627,0.7661007
1751960748534,25.55732,SteamVR Tracker (Left Foot),-0.1440125,0.05037045,0.2333118,-0.4954719,-0.4783035,-0.3429337,0.6388505
1751960748535,25.55732,SteamVR Tracker (Waist),-0.01350968,0.9688879,0.4107824,0.003613332,-0.5172156,0.03124651,0.8552769
1751960748581,25.60417,SteamVR Tracker (Right Foot),-4.579629,-0.8173277,3.47638,0.3091146,0.05665363,0.5634311,0.7640576
1751960748581,25.60417,SteamVR Tracker (Left Foot),-0.1766149,0.05381227,0.2577966,-0.5153916,-0.4208017,-0.3161725,0.6762636
1751960748581,25.60417,SteamVR Tracker (Waist),-0.02821472,0.9627478,0.4060618,0.03542606,-0.4976207,0.06403869,0.8643019
1751960748651,25.67363,SteamVR Tracker (Right Foot),-4.578782,-0.8174427,3.475764,0.3112161,0.06028131,0.5646765,0.7620047
1751960748651,25.67363,SteamVR Tracker (Left Foot),-0.149219,0.04359579,0.2722951,-0.4613956,-0.4207624,-0.2879119,0.7260715
1751960748651,25.67363,SteamVR Tracker (Waist),-0.04174499,0.9652841,0.3986551,0.04243622,-0.4752678,0.05699334,0.8769672
1751960748682,25.7051,SteamVR Tracker (Right Foot),-4.575072,-0.8190989,3.47399,0.3309033,0.07550728,0.5651387,0.7519442
1751960748682,25.7051,SteamVR Tracker (Left Foot),-0.1605056,0.03882813,0.2680172,-0.4962199,-0.4628036,-0.2728383,0.6820102
1751960748682,25.7051,SteamVR Tracker (Waist),-0.05417748,0.9689753,0.3891928,-0.0002063516,-0.4469347,0.037971,0.8937603
1751960748723,25.74705,SteamVR Tracker (Right Foot),-4.563749,-0.8253338,3.472641,0.3885708,0.1290603,0.5779198,0.7059497
1751960748723,25.74705,SteamVR Tracker (Left Foot),-0.1557714,0.0382638,0.2717484,-0.5062309,-0.4511787,-0.2821582,0.6786419
1751960748723,25.74705,SteamVR Tracker (Waist),-0.05350801,0.9648428,0.3848619,-0.00805599,-0.3937027,0.05843123,0.9173435
1751960748771,25.79442,SteamVR Tracker (Right Foot),-4.534859,-0.832335,3.49685,0.3850664,0.3491111,0.6344536,0.5721135
1751960748771,25.79442,SteamVR Tracker (Left Foot),-0.1541075,0.03862309,0.2712126,-0.5042557,-0.4424905,-0.2886169,0.6831023
1751960748771,25.79442,SteamVR Tracker (Waist),-0.04073876,0.9543953,0.3851815,0.04847167,-0.3049212,0.07714741,0.9480094
1751960748840,25.86234,SteamVR Tracker (Right Foot),-4.491196,-0.8825932,3.567106,0.2831703,0.2478393,0.6922145,0.615816
1751960748840,25.86234,SteamVR Tracker (Left Foot),-0.1535308,0.03805089,0.2698926,-0.5001755,-0.4468388,-0.2929349,0.6814315
1751960748840,25.86234,SteamVR Tracker (Waist),-0.04922161,0.9562625,0.3712705,0.07695544,-0.3179996,0.09706318,0.9399643
1751960748858,25.88332,SteamVR Tracker (Right Foot),-4.448428,-0.9073403,3.625185,0.2049449,0.223333,0.7460496,0.5928996
1751960748859,25.88332,SteamVR Tracker (Left Foot),-0.1531175,0.03822708,0.2700184,-0.4996943,-0.445131,-0.2935839,0.6826218
1751960748859,25.88332,SteamVR Tracker (Waist),-0.05371463,0.963194,0.3598484,0.07132589,-0.3037536,0.1195847,0.942521
1751960748890,25.91358,SteamVR Tracker (Right Foot),-4.407335,-0.9139926,3.677852,0.1509414,0.1820643,0.7859728,0.5712409
1751960748890,25.91358,SteamVR Tracker (Left Foot),-0.1534757,0.0383997,0.2693015,-0.5015765,-0.4450918,-0.2894441,0.6830347
1751960748890,25.91358,SteamVR Tracker (Waist),-0.04857934,0.9728986,0.3552535,0.02965607,-0.2940271,0.1186858,0.9479358
1751960748923,25.94684,SteamVR Tracker (Right Foot),-4.362981,-0.9223664,3.742269,0.115438,0.1201944,0.8009499,0.575071
1751960748923,25.94684,SteamVR Tracker (Left Foot),-0.1533844,0.03836632,0.2688658,-0.5035688,-0.4453174,-0.2874631,0.682258
1751960748923,25.94684,SteamVR Tracker (Waist),-0.04400027,0.9792051,0.3522837,-0.01418054,-0.2559454,0.1078336,0.9605534
1751960748999,26.02007,SteamVR Tracker (Right Foot),-4.309389,-0.9269862,3.824612,0.06303045,0.04349506,0.8062475,0.5866006
1751960748999,26.02007,SteamVR Tracker (Left Foot),-0.1535232,0.03816891,0.2694763,-0.5033532,-0.445157,-0.2872562,0.6826088
1751960748999,26.02007,SteamVR Tracker (Waist),-0.05012251,0.9758679,0.3466509,0.03640128,-0.2565592,0.1305513,0.956979
1751960749015,26.04024,SteamVR Tracker (Right Foot),-4.233262,-0.9375312,3.936741,-0.02557105,-0.05490638,0.8127806,0.5794128
1751960749015,26.04024,SteamVR Tracker (Left Foot),-0.1533059,0.03823018,0.2694194,-0.5040212,-0.4451822,-0.2871917,0.6821263
1751960749015,26.04024,SteamVR Tracker (Waist),-0.05588382,0.9784682,0.3362389,0.04534123,-0.2413242,0.1502977,0.9576625
1751960749039,26.06527,SteamVR Tracker (Right Foot),-4.201266,-0.9408886,3.989343,-0.06968497,-0.1015185,0.8055403,0.5796058
1751960749040,26.06527,SteamVR Tracker (Left Foot),-0.1535673,0.03820491,0.2695631,-0.5034651,-0.4457632,-0.2876707,0.6819559
1751960749040,26.06527,SteamVR Tracker (Waist),-0.06060487,0.9802896,0.3309808,0.02633223,-0.2459484,0.1494717,0.9573266
1751960749076,26.0999,SteamVR Tracker (Right Foot),-4.165603,-0.9490793,4.059601,-0.1270642,-0.1735527,0.7884497,0.576265
1751960749076,26.0999,SteamVR Tracker (Left Foot),-0.1537669,0.03811312,0.2698128,-0.5001319,-0.4480905,-0.2858102,0.6836632
1751960749076,26.0999,SteamVR Tracker (Waist),-0.06355105,0.9819515,0.3276133,0.005107689,-0.2544555,0.1483225,0.955629
1751960749143,26.16376,SteamVR Tracker (Right Foot),-4.144176,-0.9589932,4.12399,-0.1516979,-0.2250135,0.7541758,0.5979762
1751960749143,26.16376,SteamVR Tracker (Left Foot),-0.1540916,0.03780341,0.2698855,-0.5000882,-0.4496222,-0.2839526,0.6834637
1751960749143,26.16376,SteamVR Tracker (Waist),-0.06201345,0.9821701,0.3287708,0.01812798,-0.2347461,0.157531,0.9590358
1751960749189,26.2128,SteamVR Tracker (Right Foot),-4.098888,-0.9627569,4.247133,-0.2206438,-0.3371683,0.7066039,0.5816742
1751960749189,26.2128,SteamVR Tracker (Left Foot),-0.1544903,0.03713298,0.2706072,-0.4967317,-0.4530355,-0.2829261,0.6840829
1751960749189,26.2128,SteamVR Tracker (Waist),-0.06812114,0.9819001,0.3283445,0.02798749,-0.2240642,0.1635077,0.9603527
1751960749229,26.25264,SteamVR Tracker (Right Foot),-4.085944,-0.9495442,4.27578,-0.2249309,-0.3417443,0.7433466,0.5292002
1751960749229,26.25264,SteamVR Tracker (Left Foot),-0.1546316,0.03697443,0.2708326,-0.4948588,-0.4536967,-0.2838439,0.6846216
1751960749229,26.25264,SteamVR Tracker (Waist),-0.06991112,0.9815196,0.3273814,0.02448605,-0.2167104,0.1661871,0.961675
1751960749303,26.32516,SteamVR Tracker (Right Foot),-4.078572,-0.9343503,4.282479,-0.2221392,-0.3207828,0.7622818,0.5164098
1751960749304,26.32516,SteamVR Tracker (Left Foot),-0.1544974,0.03690553,0.2707426,-0.4952848,-0.4533039,-0.2846202,0.6842513
1751960749304,26.32516,SteamVR Tracker (Waist),-0.07144375,0.9813188,0.3315789,0.006154544,-0.2095286,0.1639048,0.9639477
1751960749331,26.35558,SteamVR Tracker (Right Foot),-4.050456,-0.9133909,4.291213,-0.1959491,-0.2620213,0.7821277,0.5303066
1751960749331,26.35558,SteamVR Tracker (Left Foot),-0.1544501,0.03673744,0.2711222,-0.4950004,-0.4534978,-0.2862427,0.6836516
1751960749331,26.35558,SteamVR Tracker (Waist),-0.07328708,0.9779403,0.3360554,0.01254926,-0.2010012,0.1630888,0.965838
1751960749371,26.39467,SteamVR Tracker (Right Foot),-4.029656,-0.8964603,4.264479,-0.1110092,-0.10871,0.8046924,0.5730003
1751960749371,26.39467,SteamVR Tracker (Left Foot),-0.1543296,0.03669691,0.2711538,-0.4966653,-0.4518337,-0.2892818,0.6822654
1751960749371,26.39467,SteamVR Tracker (Waist),-0.07294226,0.9744216,0.338545,0.02165596,-0.2011044,0.1651655,0.9653023
1751960749421,26.44206,SteamVR Tracker (Right Foot),-4.04473,-0.8957083,4.236115,-0.1512601,-0.1755676,0.7763926,0.586098
1751960749421,26.44206,SteamVR Tracker (Left Foot),-0.1539539,0.03655553,0.271063,-0.4977741,-0.4509098,-0.2904477,0.6815729
1751960749421,26.44206,SteamVR Tracker (Waist),-0.07212128,0.9708425,0.3436936,0.02706501,-0.192969,0.1689869,0.9661645
1751960749488,26.51021,SteamVR Tracker (Right Foot),-4.037061,-0.882045,4.177873,-0.06416769,-0.07475884,0.8012838,0.5901168
1751960749488,26.51021,SteamVR Tracker (Left Foot),-0.153955,0.03680372,0.271449,-0.4975163,-0.4498286,-0.291803,0.6818965
1751960749488,26.51021,SteamVR Tracker (Waist),-0.07092571,0.9688425,0.3534161,0.04844676,-0.1866611,0.1698029,0.9664252
1751960749509,26.53402,SteamVR Tracker (Right Foot),-4.058767,-0.8960505,4.138174,0.114106,-0.4710818,0.6642575,0.5690551
1751960749509,26.53402,SteamVR Tracker (Left Foot),-0.2897842,-0.07699609,0.1969281,-0.5092765,-0.4354918,-0.2747912,0.6895464
1751960749509,26.53402,SteamVR Tracker (Waist),-0.0674414,0.9643254,0.3618066,0.07364989,-0.1771432,0.1734788,0.9659716
1751960749553,26.57674,SteamVR Tracker (Right Foot),-4.043839,-0.8618889,4.078632,0.007530509,-0.04932004,0.7905339,0.6103827
1751960749553,26.57674,SteamVR Tracker (Left Foot),-0.1422496,-6.914139E-06,0.2849097,-0.5086075,-0.4256553,-0.2992426,0.6859955
1751960749553,26.57674,SteamVR Tracker (Waist),-0.06458151,0.9617809,0.3675901,0.07959308,-0.1708819,0.1721783,0.9668604
1751960749599,26.62089,SteamVR Tracker (Right Foot),-4.045137,-0.8028321,4.020737,0.1398246,0.3815266,0.805856,0.430677
1751960749599,26.62089,SteamVR Tracker (Left Foot),-0.1440148,0.02674556,0.2872996,-0.506317,-0.4255795,-0.3014057,0.6867895
1751960749599,26.62089,SteamVR Tracker (Waist),-0.06499329,0.9589832,0.3738334,0.09196272,-0.1711039,0.1760629,0.9650224
1751960749671,26.69297,SteamVR Tracker (Right Foot),-4.060464,-0.7824876,3.95895,0.1540159,0.04899231,0.8322046,0.5303909
1751960749671,26.69297,SteamVR Tracker (Left Foot),-0.1566181,0.02352095,0.2776954,-0.5019211,-0.4380273,-0.2963334,0.6843931
1751960749671,26.69297,SteamVR Tracker (Waist),-0.06958818,0.9503428,0.3823963,0.1094528,-0.1995243,0.1784976,0.9572611
1751960749701,26.72553,SteamVR Tracker (Right Foot),-4.116569,-0.7296143,3.81581,0.2565472,0.1333555,0.8244541,0.486493
1751960749701,26.72553,SteamVR Tracker (Left Foot),-0.1560136,0.02232981,0.2795135,-0.5020306,-0.4398321,-0.2970873,0.6828267
1751960749701,26.72553,SteamVR Tracker (Waist),-0.08085631,0.9437243,0.3964582,0.1183009,-0.2301189,0.1711699,0.9506582
1751960749740,26.76475,SteamVR Tracker (Right Foot),-4.180033,-0.7157655,3.70194,0.3326394,0.2077273,0.7786237,0.4898424
1751960749740,26.76475,SteamVR Tracker (Left Foot),-0.1587327,0.01586199,0.2797797,-0.4976864,-0.4423861,-0.296487,0.6846154
1751960749740,26.76475,SteamVR Tracker (Waist),-0.08566919,0.9462144,0.4150637,0.07550228,-0.2390956,0.1617263,0.9544514
1751960749787,26.81038,SteamVR Tracker (Right Foot),-4.277801,-0.7085218,3.582788,0.452691,0.2594328,0.6991317,0.4888563
1751960749787,26.81038,SteamVR Tracker (Left Foot),-0.1581931,0.01513195,0.2798007,-0.4988917,-0.444099,-0.2962487,0.6827297
1751960749787,26.81038,SteamVR Tracker (Waist),-0.09569821,0.9503962,0.4413752,0.0859246,-0.2668223,0.1562676,0.9471025
1751960749864,26.88604,SteamVR Tracker (Right Foot),-4.351336,-0.7192378,3.501231,0.4905152,0.3037823,0.6349313,0.5137835
1751960749864,26.88604,SteamVR Tracker (Left Foot),-0.1574741,0.01617694,0.2801972,-0.4975656,-0.44491,-0.2974246,0.6826583
1751960749864,26.88604,SteamVR Tracker (Waist),-0.1174434,0.9487242,0.4687513,0.05852874,-0.3306817,0.1146136,0.9349266
1751960749893,26.91692,SteamVR Tracker (Right Foot),-4.442729,-0.716975,3.41485,0.5429181,0.3418937,0.5821334,0.4994691
1751960749893,26.91692,SteamVR Tracker (Left Foot),-0.1571184,0.01649046,0.2797425,-0.4977877,-0.4459673,-0.2938769,0.6833425
1751960749893,26.91692,SteamVR Tracker (Waist),-0.1352008,0.9396452,0.4978603,0.06509052,-0.3982466,0.08226683,0.9112601
1751960749932,26.95524,SteamVR Tracker (Right Foot),-4.45251,-0.7107043,3.420785,0.3371293,0.08836547,0.7513592,0.5603523
1751960749933,26.95524,SteamVR Tracker (Left Foot),-0.1581396,0.01734734,0.2795871,-0.489721,-0.4474672,-0.2899705,0.6898287
1751960749933,26.95524,SteamVR Tracker (Waist),-0.1383351,0.9258425,0.5172384,0.1253501,-0.4344972,0.06793758,0.8893166
1751960749982,27.00455,SteamVR Tracker (Right Foot),-4.393123,-0.6961908,3.469951,0.2797563,0.1121525,0.7529305,0.5850248
1751960749982,27.00455,SteamVR Tracker (Left Foot),-0.1583444,0.01916599,0.2824712,-0.4701036,-0.4482644,-0.2971313,0.699839
1751960749982,27.00455,SteamVR Tracker (Waist),-0.1251141,0.9218757,0.5357949,0.1858961,-0.3874696,0.09815594,0.8975943
1751960750050,27.07317,SteamVR Tracker (Right Foot),-4.367878,-0.7124493,3.503211,0.3027355,0.1203112,0.7449413,0.5821846
1751960750050,27.07317,SteamVR Tracker (Left Foot),-0.1609686,0.02150774,0.2819628,-0.456998,-0.4529802,-0.2796989,0.712552
1751960750050,27.07317,SteamVR Tracker (Waist),-0.1239457,0.9246559,0.5536714,0.1202578,-0.353035,0.08767721,0.9236975
1751960750080,27.10408,SteamVR Tracker (Right Foot),-4.367369,-0.7127042,3.507118,0.2881928,0.1103276,0.7428414,0.594104
1751960750080,27.10408,SteamVR Tracker (Left Foot),-0.1637149,0.02347279,0.2831971,-0.4558857,-0.4416628,-0.2638004,0.7262999
1751960750080,27.10408,SteamVR Tracker (Waist),-0.1263804,0.9235942,0.567527,0.1617218,-0.3609076,0.08388716,0.9146337
1751960750122,27.14624,SteamVR Tracker (Right Foot),-4.365316,-0.7158654,3.510427,0.2913587,0.1124446,0.7456905,0.5885679
1751960750122,27.14624,SteamVR Tracker (Left Foot),-0.1762061,0.02610731,0.2849769,-0.4671784,-0.4371949,-0.2684875,0.7200829
1751960750122,27.14624,SteamVR Tracker (Waist),-0.1341026,0.9262812,0.5659451,0.152166,-0.3821023,0.07488469,0.9084248
1751960750166,27.18903,SteamVR Tracker (Right Foot),-4.364851,-0.7164712,3.512535,0.2929513,0.1161842,0.7450393,0.5878752
1751960750166,27.18903,SteamVR Tracker (Left Foot),-0.1964649,0.0270865,0.2895297,-0.4806801,-0.4345617,-0.2796355,0.7084537
1751960750166,27.18903,SteamVR Tracker (Waist),-0.1400829,0.9306093,0.5632486,0.1401887,-0.3889711,0.07125757,0.9077284
1751960750242,27.26502,SteamVR Tracker (Right Foot),-4.366522,-0.716279,3.512801,0.2913997,0.114316,0.745339,0.5886323
1751960750242,27.26502,SteamVR Tracker (Left Foot),-0.2262538,0.02899694,0.2989987,-0.5004611,-0.4181588,-0.2790044,0.7048677
1751960750243,27.26502,SteamVR Tracker (Waist),-0.1478921,0.9341663,0.5569537,0.128937,-0.3735251,0.07153115,0.9158262
1751960750268,27.29326,SteamVR Tracker (Right Foot),-4.365884,-0.7160296,3.51264,0.2935888,0.1166783,0.7454609,0.586924
1751960750268,27.29326,SteamVR Tracker (Left Foot),-0.2502929,0.02759862,0.311978,-0.5174687,-0.3989754,-0.2711616,0.7067646
1751960750268,27.29326,SteamVR Tracker (Waist),-0.1580113,0.9358627,0.5469179,0.1236805,-0.3746035,0.06882843,0.9163177
1751960750309,27.33267,SteamVR Tracker (Right Foot),-4.365547,-0.7158005,3.51251,0.2977549,0.1213459,0.7455076,0.5838113
1751960750309,27.33267,SteamVR Tracker (Left Foot),-0.2648914,0.02203751,0.3253667,-0.523147,-0.3902583,-0.2573071,0.712607
1751960750309,27.33267,SteamVR Tracker (Waist),-0.1655349,0.9351726,0.5339678,0.1278524,-0.3683407,0.07407954,0.9178732
1751960750355,27.37856,SteamVR Tracker (Right Foot),-4.364744,-0.7165902,3.512253,0.3044367,0.1265996,0.7462754,0.5782421
1751960750355,27.37856,SteamVR Tracker (Left Foot),-0.2517791,0.02299547,0.3101981,-0.4926041,-0.4131036,-0.2519477,0.7233319
1751960750355,27.37856,SteamVR Tracker (Waist),-0.1723368,0.936432,0.5189187,0.1001603,-0.3473082,0.0647479,0.9301358
1751960750428,27.45,SteamVR Tracker (Right Foot),-4.362584,-0.7175174,3.512592,0.3230407,0.1358842,0.7472678,0.5645981
1751960750428,27.45,SteamVR Tracker (Left Foot),-0.2525505,0.02107096,0.3148046,-0.5116172,-0.4096111,-0.2588227,0.7095613
1751960750428,27.45,SteamVR Tracker (Waist),-0.1764642,0.9320133,0.5000253,0.1036596,-0.3165344,0.06472213,0.9406762
1751960750456,27.4813,SteamVR Tracker (Right Foot),-4.357505,-0.7212715,3.513425,0.3642097,0.1560376,0.7434537,0.5387766
1751960750457,27.4813,SteamVR Tracker (Left Foot),-0.2522863,0.02027535,0.3130569,-0.5152326,-0.4086215,-0.2598296,0.7071439
1751960750457,27.4813,SteamVR Tracker (Waist),-0.184373,0.9332042,0.4781294,0.1136819,-0.2931784,0.06602927,0.9469757
1751960750497,27.52253,SteamVR Tracker (Right Foot),-4.349051,-0.7268741,3.515727,0.4244485,0.169107,0.7407412,0.4924925
1751960750497,27.52253,SteamVR Tracker (Left Foot),-0.2518555,0.02064228,0.3124849,-0.5120462,-0.4086279,-0.2585467,0.7099195
1751960750499,27.52253,SteamVR Tracker (Waist),-0.1892099,0.9403741,0.4634816,0.06635152,-0.2935732,0.05408803,0.952096
1751960750544,27.56729,SteamVR Tracker (Right Foot),-4.337962,-0.7366107,3.523487,0.4061344,0.2187694,0.7787204,0.4251933
1751960750544,27.56729,SteamVR Tracker (Left Foot),-0.2522884,0.0208447,0.3122569,-0.5130001,-0.4087456,-0.2583573,0.7092316
1751960750545,27.56729,SteamVR Tracker (Waist),-0.1939496,0.9416131,0.4473677,0.05328959,-0.2954633,0.05994947,0.951981
1751960750617,27.63963,SteamVR Tracker (Right Foot),-4.333289,-0.7861695,3.56066,0.3324233,0.1724178,0.8129919,0.4458823
1751960750617,27.63963,SteamVR Tracker (Left Foot),-0.2523635,0.02130866,0.3122422,-0.5121846,-0.4088821,-0.2581197,0.7098286
1751960750617,27.63963,SteamVR Tracker (Waist),-0.1937439,0.9444813,0.4380277,0.07009527,-0.265572,0.09936981,0.9563911
1751960750646,27.67178,SteamVR Tracker (Right Foot),-4.326591,-0.8388648,3.61051,0.2160782,0.1736135,0.8501257,0.4477218
1751960750646,27.67178,SteamVR Tracker (Left Foot),-0.2524962,0.02106738,0.3126012,-0.5104548,-0.408617,-0.2600622,0.710518
1751960750646,27.67178,SteamVR Tracker (Waist),-0.1938862,0.9566447,0.4267606,0.01037066,-0.2453598,0.09836482,0.9643731
1751960750688,27.71205,SteamVR Tracker (Right Foot),-4.31097,-0.8782363,3.662824,0.1691536,0.1857318,0.8565074,0.4508723
1751960750688,27.71205,SteamVR Tracker (Left Foot),-0.3061896,-0.02066851,0.2884325,-0.5127628,-0.4028199,-0.258767,0.7126359
1751960750688,27.71205,SteamVR Tracker (Waist),-0.1938217,0.9662331,0.4203518,0.02295293,-0.2309446,0.09780869,0.9677661
1751960750733,27.75723,SteamVR Tracker (Right Foot),-4.283099,-0.9033153,3.733171,0.1170716,0.1363823,0.8615411,0.4748064
1751960750733,27.75723,SteamVR Tracker (Left Foot),-0.2564701,0.001095772,0.3080168,-0.5143142,-0.3986258,-0.2642805,0.7118527
1751960750733,27.75723,SteamVR Tracker (Waist),-0.1922114,0.96184,0.4153907,0.04790726,-0.2110854,0.1058642,0.9705363
1751960750812,27.83379,SteamVR Tracker (Right Foot),-4.232963,-0.9165895,3.833118,0.06408647,0.04896266,0.8621381,0.5002134
1751960750812,27.83379,SteamVR Tracker (Left Foot),-0.3080125,-0.03234744,0.2902208,-0.5147278,-0.3946981,-0.2603446,0.7151849
1751960750812,27.83379,SteamVR Tracker (Waist),-0.195214,0.965394,0.4076175,0.06176983,-0.2089135,0.1299904,0.967286
1751960750839,27.86281,SteamVR Tracker (Right Foot),-4.178936,-0.9332383,3.940951,-0.007221589,-0.04678048,0.8597638,0.5084935
1751960750839,27.86281,SteamVR Tracker (Left Foot),-0.2748737,-0.01798964,0.3006368,-0.5147972,-0.3954038,-0.2615754,0.7142955
1751960750839,27.86281,SteamVR Tracker (Waist),-0.1968615,0.9738458,0.3983991,0.0313788,-0.2001365,0.145183,0.9684435
1751960750880,27.90311,SteamVR Tracker (Right Foot),-4.136158,-0.9430106,4.022202,-0.05049729,-0.1291246,0.8512856,0.5060531
1751960750880,27.90311,SteamVR Tracker (Left Foot),-0.2607594,-0.00934124,0.3058426,-0.5138442,-0.3985703,-0.2610952,0.713397
1751960750880,27.90311,SteamVR Tracker (Waist),-0.1950143,0.9792247,0.3943191,0.005430076,-0.1968759,0.1446928,0.9696775
1751960750924,27.94741,SteamVR Tracker (Right Foot),-4.090285,-0.9526672,4.11518,-0.10615,-0.2158973,0.8175517,0.523192
1751960750924,27.94741,SteamVR Tracker (Left Foot),-0.2589876,-0.002423286,0.3093508,-0.5139116,-0.4005288,-0.2616014,0.7120649
1751960750924,27.94741,SteamVR Tracker (Waist),-0.1947221,0.9806921,0.3907705,0.02599887,-0.1809235,0.1566909,0.9705868
1751960750998,28.02022,SteamVR Tracker (Right Foot),-4.060982,-0.9566009,4.18655,-0.1389399,-0.28472,0.7932934,0.5199191
1751960750998,28.02022,SteamVR Tracker (Left Foot),-0.2567661,0.004729748,0.3145909,-0.5116371,-0.4025871,-0.2616664,0.712518
1751960750998,28.02022,SteamVR Tracker (Waist),-0.1947438,0.9810473,0.3882275,0.02856712,-0.1811146,0.1690934,0.968395
1751960751025,28.0495,SteamVR Tracker (Right Foot),-4.031558,-0.9579952,4.25693,-0.1639728,-0.3525383,0.752165,0.5320503
1751960751026,28.0495,SteamVR Tracker (Left Foot),-0.25867,0.003381729,0.3126444,-0.5116589,-0.4033834,-0.2620938,0.7118945
1751960751026,28.0495,SteamVR Tracker (Waist),-0.1928471,0.9835141,0.3845482,0.01638337,-0.1626933,0.1767569,0.9705769
1751960751055,28.07947,SteamVR Tracker (Right Foot),-4.020432,-0.9540899,4.277915,-0.1537778,-0.3686249,0.745293,0.53386
1751960751055,28.07947,SteamVR Tracker (Left Foot),-0.26105,0.001458883,0.3124577,-0.5117166,-0.4042063,-0.263436,0.7108903
1751960751055,28.07947,SteamVR Tracker (Waist),-0.1928324,0.9832472,0.3850579,0.008682865,-0.1611206,0.1789233,0.9705417
1751960751090,28.11299,SteamVR Tracker (Right Foot),-4.013637,-0.9459541,4.287062,-0.1538496,-0.3836491,0.7446243,0.5240977
1751960751090,28.11299,SteamVR Tracker (Left Foot),-0.3258136,0.1036112,0.3657566,-0.4988984,-0.4236236,-0.2553217,0.7116561
1751960751090,28.11299,SteamVR Tracker (Waist),-0.1923894,0.9807912,0.3847223,0.01655961,-0.1515037,0.1825416,0.9713141
1751960751150,28.17419,SteamVR Tracker (Right Foot),-3.997054,-0.9277475,4.277369,-0.1265294,-0.3087105,0.8047951,0.4909103
1751960751150,28.17419,SteamVR Tracker (Left Foot),-0.2926773,0.05896902,0.3575794,-0.4891705,-0.4414104,-0.2460427,0.7108672
1751960751150,28.17419,SteamVR Tracker (Waist),-0.194497,0.9801444,0.3863191,0.01564488,-0.1546078,0.1812074,0.9710899
1751960751168,28.19297,SteamVR Tracker (Right Foot),-3.999842,-0.9212687,4.280042,-0.1799223,-0.3298424,0.7920554,0.4811239
1751960751168,28.19297,SteamVR Tracker (Left Foot),-0.2604021,0.005460262,0.3297946,-0.4915288,-0.4410343,-0.2466006,0.7092789
1751960751168,28.19297,SteamVR Tracker (Waist),-0.1950166,0.9784064,0.3876844,0.01348445,-0.1536063,0.1803361,0.9714434
1751960751200,28.22306,SteamVR Tracker (Right Foot),-3.992011,-0.9155049,4.272427,-0.1694007,-0.3264621,0.7892337,0.4917684
1751960751200,28.22306,SteamVR Tracker (Left Foot),-0.2490599,-0.01426244,0.3240381,-0.4922249,-0.4408326,-0.247403,0.7086418
1751960751200,28.22306,SteamVR Tracker (Waist),-0.1948806,0.976272,0.3891841,0.01942905,-0.1549636,0.1785172,0.971463
1751960751244,28.26772,SteamVR Tracker (Right Foot),-3.967013,-0.8941877,4.246526,-0.08428925,-0.2146857,0.8118954,0.5363128
1751960751244,28.26772,SteamVR Tracker (Left Foot),-0.2583969,-0.01353979,0.3238386,-0.4914524,-0.4402684,-0.2460535,0.7099972
1751960751244,28.26772,SteamVR Tracker (Waist),-0.1945652,0.9707888,0.3930295,0.04093676,-0.1610337,0.1739393,0.9706377
1751960751329,28.35084,SteamVR Tracker (Right Foot),-3.978786,-0.9172812,4.231783,-0.02641138,-0.3539357,0.7803296,0.5148959
1751960751329,28.35084,SteamVR Tracker (Left Foot),-0.2587178,-0.002643347,0.3264158,-0.4924094,-0.4367829,-0.2484002,0.7106694
1751960751329,28.35084,SteamVR Tracker (Waist),-0.1943501,0.9661351,0.3964595,0.06825599,-0.1621996,0.1727144,0.9691244
1751960751359,28.38241,SteamVR Tracker (Right Foot),-3.974414,-0.9212182,4.224277,-0.01200076,-0.335038,0.8024052,0.493712
1751960751359,28.38241,SteamVR Tracker (Left Foot),-0.2585023,-0.003390312,0.3259459,-0.4931676,-0.4353234,-0.2494051,0.7106872
1751960751359,28.38241,SteamVR Tracker (Waist),-0.1921358,0.959932,0.4002548,0.1002004,-0.1586809,0.1724673,0.9669722
1751960751386,28.40962,SteamVR Tracker (Right Foot),-3.97599,-0.9220498,4.227882,-0.03376186,-0.3056512,0.8067358,0.5045938
1751960751386,28.40962,SteamVR Tracker (Left Foot),-0.2592829,-0.00120616,0.3264549,-0.4930067,-0.4342256,-0.2497331,0.711355
1751960751386,28.40962,SteamVR Tracker (Waist),-0.1906762,0.9588274,0.4010291,0.1119958,-0.1507689,0.1742094,0.9666317
1751960751419,28.4429,SteamVR Tracker (Right Foot),-3.974698,-0.9237351,4.224591,-0.001767912,-0.2970723,0.8000981,0.5211411
1751960751420,28.4429,SteamVR Tracker (Left Foot),-0.2881491,-0.02034688,0.312149,-0.4967138,-0.4301752,-0.2429104,0.7135959
1751960751420,28.4429,SteamVR Tracker (Waist),-0.189927,0.9579004,0.4017493,0.1156581,-0.1558165,0.1687342,0.9663712
1751960751488,28.5101,SteamVR Tracker (Right Foot),-3.971019,-0.921874,4.228918,0.03498679,-0.2837782,0.8068857,0.5168959
1751960751488,28.5101,SteamVR Tracker (Left Foot),-0.2609931,-0.007469654,0.3241777,-0.4983056,-0.4263396,-0.2469709,0.7133943
1751960751488,28.5101,SteamVR Tracker (Waist),-0.1875853,0.9560041,0.4028333,0.1324274,-0.1502946,0.1665211,0.9654767
1751960751536,28.5584,SteamVR Tracker (Right Foot),-3.962838,-0.9213305,4.235266,0.06011852,-0.2314917,0.833777,0.4976076
1751960751536,28.5584,SteamVR Tracker (Left Foot),-0.2593459,-0.005340338,0.3244294,-0.4993013,-0.4252654,-0.2473871,0.7131951
1751960751536,28.5584,SteamVR Tracker (Waist),-0.1832441,0.9505398,0.4049206,0.1753558,-0.1271104,0.1668462,0.9619021
1751960751574,28.59788,SteamVR Tracker (Right Foot),-3.960733,-0.9204636,4.236089,0.06149689,-0.2209171,0.8422657,0.4878549
1751960751574,28.59788,SteamVR Tracker (Left Foot),-0.2587288,-0.006398678,0.3236521,-0.5012983,-0.4235228,-0.2485025,0.712443
1751960751574,28.59788,SteamVR Tracker (Waist),-0.1831729,0.9496167,0.4057558,0.1844584,-0.123582,0.1642002,0.9611144
1751960751647,28.6694,SteamVR Tracker (Right Foot),-3.960513,-0.9201381,4.235887,0.04797867,-0.2300178,0.8450708,0.4802553
1751960751648,28.6694,SteamVR Tracker (Left Foot),-0.2655086,-0.02016544,0.3197852,-0.5060647,-0.4142241,-0.2499833,0.7140206
1751960751648,28.6694,SteamVR Tracker (Waist),-0.1829863,0.9482057,0.4069974,0.1908824,-0.1146965,0.1605523,0.9615777
1751960751675,28.69966,SteamVR Tracker (Right Foot),-3.958667,-0.919306,4.237241,0.03871408,-0.2248662,0.8558458,0.4641814
1751960751675,28.69966,SteamVR Tracker (Left Foot),-0.2561375,-0.0129993,0.3251839,-0.5069335,-0.4121093,-0.250887,0.7143109
1751960751676,28.69966,SteamVR Tracker (Waist),-0.1819524,0.9452013,0.4093638,0.2021669,-0.1015399,0.1580727,0.9611614
1751960751716,28.73949,SteamVR Tracker (Right Foot),-3.95889,-0.9190211,4.239049,0.02550528,-0.2180593,0.8603916,0.4599195
1751960751716,28.73949,SteamVR Tracker (Left Foot),-0.2579164,-0.009642363,0.3242759,-0.5052636,-0.4138879,-0.2497118,0.7148772
1751960751716,28.73949,SteamVR Tracker (Waist),-0.1818286,0.9434748,0.411648,0.2071291,-0.09504933,0.1549216,0.9612817
1751960751761,28.78432,SteamVR Tracker (Right Foot),-3.959615,-0.9182234,4.238854,0.02065431,-0.2155995,0.85969,0.4626267
1751960751761,28.78432,SteamVR Tracker (Left Foot),-0.2575282,-0.007608891,0.3249045,-0.5063287,-0.4135141,-0.2497776,0.7143168
1751960751762,28.78432,SteamVR Tracker (Waist),-0.181927,0.9424362,0.4139115,0.2118852,-0.09054362,0.1514585,0.9612319
1751960751833,28.85516,SteamVR Tracker (Right Foot),-3.960367,-0.9183412,4.238501,0.02428348,-0.2171306,0.8576731,0.4654692
1751960751834,28.85516,SteamVR Tracker (Left Foot),-0.2578599,-0.009012461,0.3247612,-0.5076118,-0.4125105,-0.2511997,0.7134873
1751960751834,28.85516,SteamVR Tracker (Waist),-0.182016,0.9419171,0.4169578,0.2104308,-0.08588321,0.1497371,0.9622483
1751960751854,28.87909,SteamVR Tracker (Right Foot),-3.960673,-0.9183805,4.237999,0.02206808,-0.2180519,0.8550769,0.4699041
1751960751854,28.87909,SteamVR Tracker (Left Foot),-0.2574798,-0.008254528,0.3246369,-0.507776,-0.4120165,-0.2512885,0.7136247
1751960751855,28.87909,SteamVR Tracker (Waist),-0.1828705,0.9403664,0.420603,0.2150644,-0.08472831,0.1474706,0.9616761
1751960751896,28.91992,SteamVR Tracker (Right Foot),-3.959876,-0.9183054,4.238851,0.02790903,-0.2142058,0.8573713,0.4671738
1751960751896,28.91992,SteamVR Tracker (Left Foot),-0.2690134,-0.02859163,0.3183749,-0.5123388,-0.4016491,-0.2521266,0.7159743
1751960751896,28.91992,SteamVR Tracker (Waist),0,0,0,0,0,0,1
1751960751944,28.96511,SteamVR Tracker (Right Foot),-3.960166,-0.9178295,4.239218,0.01747665,-0.2126162,0.8563772,0.4702201
1751960751944,28.96511,SteamVR Tracker (Left Foot),-0.2587932,-0.01969385,0.3240563,-0.5134313,-0.4009911,-0.2546466,0.7146674
1751960751944,28.96511,SteamVR Tracker (Waist),0,0,0,0,0,0,1
1751960752012,29.03293,SteamVR Tracker (Right Foot),-3.962161,-0.9166505,4.239813,0.01147082,-0.2107835,0.8501217,0.4824229
1751960752012,29.03293,SteamVR Tracker (Left Foot),-0.2737512,-0.03945971,0.3158411,-0.5178607,-0.3900697,-0.2590325,0.7159387
1751960752012,29.03293,SteamVR Tracker (Waist),0,0,0,0,0,0,1
1751960752033,29.05754,SteamVR Tracker (Right Foot),-3.963291,-0.9159186,4.241452,0.007143247,-0.1972106,0.8506151,0.4873509
1751960752033,29.05754,SteamVR Tracker (Left Foot),-0.2665939,-0.03912854,0.3173203,-0.5175625,-0.390408,-0.2608429,0.7153122
1751960752033,29.05754,SteamVR Tracker (Waist),0,0,0,0,0,0,1
1751960752077,29.09949,SteamVR Tracker (Right Foot),-3.964397,-0.9153166,4.242279,0.002150736,-0.1957644,0.8483482,0.4919116
1751960752077,29.09949,SteamVR Tracker (Left Foot),-0.2605249,-0.02723932,0.3227761,-0.5178055,-0.391453,-0.2620278,0.7141312
1751960752077,29.09949,SteamVR Tracker (Waist),0,0,0,0,0,0,1
1751960752123,29.14482,SteamVR Tracker (Right Foot),-3.965444,-0.9147019,4.241931,-0.002039645,-0.2002651,0.8447033,0.4963529
1751960752123,29.14482,SteamVR Tracker (Left Foot),-0.2662754,-0.02827477,0.3195827,-0.5174342,-0.3933292,-0.2618834,0.7134221
1751960752123,29.14482,SteamVR Tracker (Waist),0,0,0,0,0,0,1
1751960752189,29.21237,SteamVR Tracker (Right Foot),-3.966128,-0.9142256,4.241383,-0.01104222,-0.2001543,0.8444928,0.496637
1751960752189,29.21237,SteamVR Tracker (Left Foot),-0.263286,-0.02258682,0.3237264,-0.5178246,-0.3940722,-0.2625436,0.7124854
1751960752189,29.21237,SteamVR Tracker (Waist),0,0,0,0,0,0,1
1751960752214,29.23814,SteamVR Tracker (Right Foot),-3.965809,-0.9139047,4.24134,-0.0126991,-0.1982899,0.8459852,0.4948018
1751960752214,29.23814,SteamVR Tracker (Left Foot),-0.257907,-0.01832962,0.3264617,-0.5186052,-0.3936032,-0.2626188,0.7121493
1751960752214,29.23814,SteamVR Tracker (Waist),0,0,0,0,0,0,1
1751960752257,29.27903,SteamVR Tracker (Right Foot),-3.965363,-0.9144039,4.240968,-0.009929198,-0.1994346,0.849299,0.4886905
1751960752257,29.27903,SteamVR Tracker (Left Foot),-0.2613392,-0.01986623,0.3253704,-0.5198711,-0.3931606,-0.2618705,0.7117462
1751960752257,29.27903,SteamVR Tracker (Waist),0,0,0,0,0,0,1
1751960752304,29.32617,SteamVR Tracker (Right Foot),-3.965579,-0.9145625,4.239708,-0.0188816,-0.2075052,0.847546,0.4881095
1751960752304,29.32617,SteamVR Tracker (Left Foot),-0.2599292,-0.02055478,0.3245952,-0.5200184,-0.3931344,-0.2618244,0.71167
1751960752304,29.32617,SteamVR Tracker (Waist),0,0,0,0,0,0,1
1751960752378,29.4001,SteamVR Tracker (Right Foot),-3.963574,-0.915539,4.238064,-0.01788332,-0.2086931,0.8517825,0.480202
1751960752378,29.4001,SteamVR Tracker (Left Foot),-0.25943,-0.01922965,0.3254727,-0.5196329,-0.3948409,-0.2614517,0.7111436
1751960752378,29.4001,SteamVR Tracker (Waist),0,0,0,0,0,0,1
1751960752393,29.41903,SteamVR Tracker (Right Foot),-3.962694,-0.9156406,4.237082,-0.01974946,-0.209321,0.8548964,0.4742857
1751960752394,29.41903,SteamVR Tracker (Left Foot),-0.4156672,0.1339686,0.4117127,-0.4931408,-0.4318029,-0.2444705,0.7145576
1751960752394,29.41903,SteamVR Tracker (Waist),0,0,0,0,0,0,1
1751960752424,29.44761,SteamVR Tracker (Right Foot),-3.962194,-0.9158912,4.235407,-0.02062602,-0.2079014,0.8548774,0.4749066
1751960752424,29.44761,SteamVR Tracker (Left Foot),-0.3210751,0.08060884,0.3845235,-0.5029318,-0.4239894,-0.2509373,0.710157
1751960752424,29.44761,SteamVR Tracker (Waist),0,0,0,0,0,0,1
1751960752457,29.48007,SteamVR Tracker (Right Foot),-3.961523,-0.9161811,4.233717,-0.02887732,-0.2099355,0.8550357,0.4732939
1751960752458,29.48007,SteamVR Tracker (Left Foot),-0.2339845,-0.02418661,0.3301319,-0.51073,-0.4228161,-0.2530369,0.7045239
1751960752458,29.48007,SteamVR Tracker (Waist),0,0,0,0,0,0,1
1751960752520,29.54259,SteamVR Tracker (Right Foot),-3.960437,-0.9161932,4.231689,-0.02718767,-0.2173863,0.8566217,0.4671224
1751960752520,29.54259,SteamVR Tracker (Left Foot),-0.2599732,-0.03544784,0.335973,-0.5049797,-0.4261666,-0.2518983,0.7070537
1751960752520,29.54259,SteamVR Tracker (Waist),0,0,0,0,0,0,1
1751960752538,29.56243,SteamVR Tracker (Right Foot),-3.959482,-0.916539,4.229834,-0.01910764,-0.2259353,0.8568802,0.4629737
1751960752538,29.56243,SteamVR Tracker (Left Foot),-0.2615483,-0.03740978,0.3343176,-0.5062737,-0.4267401,-0.2540506,0.7050093
1751960752538,29.56243,SteamVR Tracker (Waist),0,0,0,0,0,0,1
1751960752568,29.59137,SteamVR Tracker (Right Foot),-3.958863,-0.9171433,4.228382,-0.00741666,-0.2322983,0.8565406,0.4607826
1751960752569,29.59137,SteamVR Tracker (Left Foot),-0.2640577,-0.02642775,0.3376453,-0.5076947,-0.4235293,-0.2547992,0.7056532
1751960752569,29.59137,SteamVR Tracker (Waist),0,0,0,0,0,0,1
1751960752602,29.62497,SteamVR Tracker (Right Foot),-3.958039,-0.9180171,4.226624,0.0006870184,-0.2416816,0.8560782,0.4568585
1751960752602,29.62497,SteamVR Tracker (Left Foot),-0.2686182,-0.01431561,0.3408886,-0.5080362,-0.42206,-0.2535365,0.7067418
1751960752602,29.62497,SteamVR Tracker (Waist),0,0,0,0,0,0,1
1751960752637,29.66063,SteamVR Tracker (Right Foot),-3.957382,-0.9194264,4.224195,0.002885804,-0.2555087,0.8543125,0.4526115
1751960752637,29.66063,SteamVR Tracker (Left Foot),-0.261104,-0.01837802,0.3369561,-0.5095567,-0.421158,-0.2539017,0.7060537
1751960752637,29.66063,SteamVR Tracker (Waist),0,0,0,0,0,0,1
1751960752700,29.72296,SteamVR Tracker (Right Foot),-3.956036,-0.9203427,4.223262,0.01171578,-0.2609677,0.8558847,0.4463408
1751960752700,29.72296,SteamVR Tracker (Left Foot),-0.2603771,-0.0204916,0.3357754,-0.5106232,-0.4198674,-0.2542647,0.7059212
1751960752701,29.72296,SteamVR Tracker (Waist),0,0,0,0,0,0,1
1751960752725,29.74895,SteamVR Tracker (Right Foot),-3.953341,-0.9206884,4.221186,0.01181431,-0.2730861,0.857245,0.4363663
1751960752725,29.74895,SteamVR Tracker (Left Foot),-0.2626009,-0.01877904,0.3370319,-0.5110391,-0.4189939,-0.2545143,0.7060493
1751960752725,29.74895,SteamVR Tracker (Waist),0,0,0,0,0,0,1
1751960752764,29.78838,SteamVR Tracker (Right Foot),-3.954004,-0.9221864,4.220911,0.003519758,-0.2812575,0.8539112,0.4378556
1751960752764,29.78838,SteamVR Tracker (Left Foot),-0.2580339,-0.02338052,0.3331562,-0.5117931,-0.4181407,-0.2544413,0.7060353
1751960752764,29.78838,SteamVR Tracker (Waist),0,0,0,0,0,0,1
1751960752814,29.83748,SteamVR Tracker (Right Foot),-3.953561,-0.9217718,4.221665,0.01129113,-0.2794644,0.8549784,0.4367885
1751960752814,29.83748,SteamVR Tracker (Left Foot),-0.2585066,-0.02399731,0.333429,-0.5115563,-0.4173697,-0.2541464,0.706769
1751960752814,29.83748,SteamVR Tracker (Waist),0,0,0,0,0,0,1
1751960752886,29.90811,SteamVR Tracker (Right Foot),-3.953241,-0.9219496,4.221192,0.02291038,-0.2749164,0.8569478,0.4353579
1751960752886,29.90811,SteamVR Tracker (Left Foot),-0.258922,-0.02340484,0.3333113,-0.5117643,-0.4159437,-0.254626,0.7072861
1751960752886,29.90811,SteamVR Tracker (Waist),0,0,0,0,0,0,1
1751960752911,29.93568,SteamVR Tracker (Right Foot),-3.953468,-0.9218178,4.221057,0.02126085,-0.2754767,0.8565617,0.4358472
1751960752911,29.93568,SteamVR Tracker (Left Foot),-0.2606112,-0.02257872,0.3336914,-0.5107573,-0.4158637,-0.2541205,0.7082423
1751960752911,29.93568,SteamVR Tracker (Waist),0,0,0,0,0,0,1
1751960752953,29.97695,SteamVR Tracker (Right Foot),-3.953551,-0.9217343,4.221029,0.01514062,-0.273194,0.8575672,0.4355622
1751960752953,29.97695,SteamVR Tracker (Left Foot),-0.258637,-0.02330637,0.3326212,-0.5109726,-0.4152547,-0.2544363,0.708331
1751960752953,29.97695,SteamVR Tracker (Waist),0,0,0,0,0,0,1
1751960753005,30.02813,SteamVR Tracker (Right Foot),-3.954146,-0.9217865,4.220961,0.01089993,-0.2749322,0.8568004,0.4361039
1751960753006,30.02813,SteamVR Tracker (Left Foot),-0.2595696,-0.02294159,0.3330677,-0.5110955,-0.4145395,-0.2538826,0.7088597
1751960753006,30.02813,SteamVR Tracker (Waist),0,0,0,0,0,0,1
1751960753071,30.09369,SteamVR Tracker (Right Foot),-3.954328,-0.9216073,4.220714,0.00794805,-0.2784613,0.8549722,0.4375142
1751960753071,30.09369,SteamVR Tracker (Left Foot),-0.2591533,-0.02212405,0.3329998,-0.5119349,-0.4125385,-0.2548065,0.7090898
1751960753072,30.09369,SteamVR Tracker (Waist),0,0,0,0,0,0,1
1751960753102,30.12568,SteamVR Tracker (Right Foot),-3.954378,-0.9219046,4.220154,0.00888651,-0.2772475,0.85603,0.4361967
1751960753103,30.12568,SteamVR Tracker (Left Foot),-0.2598048,-0.02235246,0.3326306,-0.5124176,-0.4120442,-0.2547015,0.7090663
1751960753103,30.12568,SteamVR Tracker (Waist),0,0,0,0,0,0,1
1751960753143,30.16628,SteamVR Tracker (Right Foot),-3.954758,-0.9216373,4.219933,0.00735445,-0.2799687,0.8543756,0.437728
1751960753143,30.16628,SteamVR Tracker (Left Foot),-0.2602632,-0.02155399,0.3329133,-0.5126604,-0.4112354,-0.255211,0.7091771
1751960753143,30.16628,SteamVR Tracker (Waist),0,0,0,0,0,0,1
1751960753189,30.21106,SteamVR Tracker (Right Foot),-3.954886,-0.9218671,4.219857,0.005940862,-0.2796182,0.8542031,0.4383098
1751960753189,30.21106,SteamVR Tracker (Left Foot),-0.2600917,-0.02177835,0.3321424,-0.5137638,-0.4100621,-0.2556229,0.7089097
1751960753189,30.21106,SteamVR Tracker (Waist),0,0,0,0,0,0,1
1751960753267,30.28866,SteamVR Tracker (Right Foot),-3.954726,-0.921546,4.21945,0.004233694,-0.2818134,0.853331,0.4386224
1751960753267,30.28866,SteamVR Tracker (Left Foot),-0.2793455,0.003278017,0.352055,-0.5002855,-0.4383668,-0.2460519,0.7049876
1751960753267,30.28866,SteamVR Tracker (Waist),0,0,0,0,0,0,1
1751960753291,30.31648,SteamVR Tracker (Right Foot),-3.954961,-0.9218612,4.218921,0.0001801845,-0.2840201,0.8523834,0.4390616
1751960753291,30.31648,SteamVR Tracker (Left Foot),-0.2558785,-0.0214572,0.339358,-0.5055515,-0.4337634,-0.248571,0.7031925
1751960753291,30.31648,SteamVR Tracker (Waist),0,0,0,0,0,0,1
1751960753333,30.35593,SteamVR Tracker (Right Foot),-3.955203,-0.9221027,4.218729,-4.674162E-05,-0.2848331,0.8527862,0.4377508
1751960753333,30.35593,SteamVR Tracker (Left Foot),-0.2565341,-0.03451896,0.3353789,-0.5044829,-0.4338197,-0.2482591,0.7040348
1751960753333,30.35593,SteamVR Tracker (Waist),0,0,0,0,0,0,1
1751960753379,30.40091,SteamVR Tracker (Right Foot),-3.955142,-0.9220495,4.218676,-0.0009949632,-0.2846301,0.8533664,0.4367499
1751960753379,30.40091,SteamVR Tracker (Left Foot),-0.2591136,-0.03797007,0.3348823,-0.5043954,-0.4324449,-0.2485392,0.704844
1751960753379,30.40091,SteamVR Tracker (Waist),0,0,0,0,0,0,1
1751960753453,30.47598,SteamVR Tracker (Right Foot),-3.955285,-0.9219255,4.218651,-0.001447026,-0.2840614,0.8529579,0.4379153
1751960753454,30.47598,SteamVR Tracker (Left Foot),-0.2608829,-0.0287919,0.3366691,-0.5049589,-0.4287375,-0.249185,0.7064756
1751960753454,30.47598,SteamVR Tracker (Waist),0,0,0,0,0,0,1
1751960753482,30.50343,SteamVR Tracker (Right Foot),-3.955359,-0.9218698,4.218409,-0.0012063,-0.2843267,0.8526661,0.438312
1751960753482,30.50343,SteamVR Tracker (Left Foot),-0.261578,-0.02914023,0.3361045,-0.5056188,-0.427724,-0.2498454,0.7063846
1751960753482,30.50343,SteamVR Tracker (Waist),0,0,0,0,0,0,1
1751960753521,30.5437,SteamVR Tracker (Right Foot),-3.955631,-0.9218261,4.218556,-0.001449152,-0.2843513,0.8520275,0.4395354
1751960753521,30.5437,SteamVR Tracker (Left Foot),-0.2622072,-0.02620983,0.337255,-0.506633,-0.4252855,-0.2509043,0.7067548
1751960753521,30.5437,SteamVR Tracker (Waist),0,0,0,0,0,0,1
1751960753567,30.58982,SteamVR Tracker (Right Foot),-3.9556,-0.9215229,4.218198,-0.002359876,-0.2851604,0.85158,0.4398746
1751960753567,30.58982,SteamVR Tracker (Left Foot),-0.2605794,-0.02681875,0.3364445,-0.5085863,-0.4224913,-0.2530933,0.706247
1751960753567,30.58982,SteamVR Tracker (Waist),0,0,0,0,0,0,1
1751960753642,30.6628,SteamVR Tracker (Right Foot),-3.956806,-0.9220524,4.216668,-0.003337474,-0.2907031,0.8479061,0.4433237
1751960753642,30.6628,SteamVR Tracker (Left Foot),-0.2595305,-0.02808666,0.3352783,-0.5101467,-0.4201896,-0.2535921,0.7063159
1751960753642,30.6628,SteamVR Tracker (Waist),0,0,0,0,0,0,1
1751960753667,30.69229,SteamVR Tracker (Right Foot),-3.957206,-0.9222176,4.215988,-0.005623712,-0.2941789,0.8459625,0.4447186
1751960753668,30.69229,SteamVR Tracker (Left Foot),-0.2598299,-0.02721524,0.3350675,-0.5112658,-0.418806,-0.2545997,0.7059659
1751960753668,30.69229,SteamVR Tracker (Waist),0,0,0,0,0,0,1
1751960753709,30.73215,SteamVR Tracker (Right Foot),-3.957076,-0.9222383,4.216038,-0.004642122,-0.2910412,0.8473553,0.4441424
1751960753709,30.73215,SteamVR Tracker (Left Foot),-0.2597929,-0.02710223,0.3351378,-0.5117519,-0.4175369,-0.2548642,0.70627
1751960753709,30.73215,SteamVR Tracker (Waist),0,0,0,0,0,0,1
1751960753752,30.77642,SteamVR Tracker (Right Foot),-3.9571,-0.9224598,4.216106,-0.006382922,-0.2921796,0.8472207,0.4436299
1751960753752,30.77642,SteamVR Tracker (Left Foot),-0.3107393,-0.01573181,0.3512453,-0.5029259,-0.4344525,-0.23818,0.7082281
1751960753752,30.77642,SteamVR Tracker (Waist),0,0,0,0,0,0,1
1751960753832,30.85474,SteamVR Tracker (Right Foot),-3.956866,-0.9224765,4.215992,-0.005801275,-0.2915583,0.847878,0.4427901
1751960753832,30.85474,SteamVR Tracker (Left Foot),-0.2548036,-0.04762125,0.3371992,-0.506863,-0.4285039,-0.2442099,0.7069908
1751960753832,30.85474,SteamVR Tracker (Waist),0,0,0,0,0,0,1
1751960753859,30.88087,SteamVR Tracker (Right Foot),-3.95678,-0.9225981,4.215735,-0.006302864,-0.2913729,0.8482522,0.4421881
1751960753859,30.88087,SteamVR Tracker (Left Foot),-0.2575466,-0.05093098,0.3369701,-0.505451,-0.4290188,-0.2438302,0.7078199
1751960753859,30.88087,SteamVR Tracker (Waist),0,0,0,0,0,0,1
1751960753900,30.92319,SteamVR Tracker (Right Foot),-3.956743,-0.9224885,4.215859,-0.006643566,-0.2916332,0.8484545,0.4416232
1751960753901,30.92319,SteamVR Tracker (Left Foot),-0.2644956,-0.04283166,0.3410718,-0.5054204,-0.4273975,-0.2448314,0.7084767
1751960753901,30.92319,SteamVR Tracker (Waist),0,0,0,0,0,0,1
1751960753941,30.96542,SteamVR Tracker (Right Foot),-3.956656,-0.9226077,4.21558,-0.007541512,-0.2919633,0.8487258,0.4408687
1751960753941,30.96542,SteamVR Tracker (Left Foot),-0.2634913,-0.04117179,0.3408496,-0.5060165,-0.4257923,-0.2457881,0.7086865
1751960753941,30.96542,SteamVR Tracker (Waist),0,0,0,0,0,0,1
1751960754015,31.03787,SteamVR Tracker (Right Foot),-3.956931,-0.9227495,4.215256,-0.008343227,-0.2925276,0.8489686,0.4400119
1751960754015,31.03787,SteamVR Tracker (Left Foot),-0.2631142,-0.03903031,0.3396523,-0.5067115,-0.4234902,-0.2478502,0.7088511
1751960754015,31.03787,SteamVR Tracker (Waist),0,0,0,0,0,0,1
1751960754048,31.0717,SteamVR Tracker (Right Foot),-3.956914,-0.9229522,4.215017,-0.008914149,-0.2932855,0.8490544,0.4393299
1751960754048,31.0717,SteamVR Tracker (Left Foot),-0.263358,-0.03915,0.3394637,-0.5073649,-0.422615,-0.2478308,0.7089128
1751960754048,31.0717,SteamVR Tracker (Waist),0,0,0,0,0,0,1
1751960754089,31.11259,SteamVR Tracker (Right Foot),-3.956855,-0.9228914,4.215057,-0.01014415,-0.2929799,0.8496681,0.4383195
1751960754089,31.11259,SteamVR Tracker (Left Foot),-0.2617315,-0.0382905,0.3400722,-0.5076327,-0.4214613,-0.2485508,0.7091558
1751960754089,31.11259,SteamVR Tracker (Waist),0,0,0,0,0,0,1
1751960754134,31.15726,SteamVR Tracker (Right Foot),-3.956676,-0.9229324,4.215102,-0.009548129,-0.2928493,0.8500478,0.4376836
1751960754134,31.15726,SteamVR Tracker (Left Foot),-0.261344,-0.03808665,0.3388348,-0.5072116,-0.4205828,-0.2487389,0.7099124
1751960754134,31.15726,SteamVR Tracker (Waist),0,0,0,0,0,0,1
1751960754210,31.232,SteamVR Tracker (Right Foot),-3.956661,-0.9231641,4.215102,-0.008328801,-0.2927336,0.8502436,0.4374054
1751960754210,31.232,SteamVR Tracker (Left Foot),-0.2610082,-0.03794265,0.3388961,-0.5086799,-0.4182473,-0.250372,0.7096675
1751960754210,31.232,SteamVR Tracker (Waist),0,0,0,0,0,0,1
1751960754235,31.25899,SteamVR Tracker (Right Foot),-3.956375,-0.9230275,4.215141,-0.007198234,-0.2925929,0.8505931,0.4368396
1751960754235,31.25899,SteamVR Tracker (Left Foot),-0.2616672,-0.03816938,0.3392321,-0.5090212,-0.4176634,-0.2508522,0.709597
1751960754235,31.25899,SteamVR Tracker (Waist),0,0,0,0,0,0,1
1751960754278,31.30032,SteamVR Tracker (Right Foot),-3.956369,-0.9232197,4.215019,-0.007372582,-0.2935113,0.850176,0.4370328
1751960754278,31.30032,SteamVR Tracker (Left Foot),-0.2614403,-0.03824306,0.3391402,-0.5093368,-0.4169795,-0.2517134,0.7094678
1751960754278,31.30032,SteamVR Tracker (Waist),0,0,0,0,0,0,1
1751960754322,31.34395,SteamVR Tracker (Right Foot),-3.956125,-0.9232376,4.214986,-0.007688478,-0.2937008,0.8506177,0.4360393
1751960754322,31.34395,SteamVR Tracker (Left Foot),-0.2612459,-0.03795099,0.338858,-0.5099182,-0.4159452,-0.2519935,0.7095579
1751960754322,31.34395,SteamVR Tracker (Waist),0,0,0,0,0,0,1
1751960754397,31.41945,SteamVR Tracker (Right Foot),-3.956273,-0.9232192,4.215117,-0.008228793,-0.2927368,0.8517508,0.434463
1751960754397,31.41945,SteamVR Tracker (Left Foot),-0.2607752,-0.03703952,0.3384536,-0.5106387,-0.4149267,-0.2525007,0.7094557
1751960754397,31.41945,SteamVR Tracker (Waist),0,0,0,0,0,0,1
1751960754425,31.44842,SteamVR Tracker (Right Foot),-3.956216,-0.9232607,4.215101,-0.008265808,-0.2925361,0.8521883,0.4337389
1751960754426,31.44842,SteamVR Tracker (Left Foot),-0.2611175,-0.03715754,0.3384746,-0.5107208,-0.4144975,-0.2530772,0.7094421
1751960754426,31.44842,SteamVR Tracker (Waist),0,0,0,0,0,0,1
1751960754469,31.4909,SteamVR Tracker (Right Foot),-3.956216,-0.9232607,4.215101,-0.008265808,-0.2925361,0.8521883,0.4337389
1751960754469,31.4909,SteamVR Tracker (Left Foot),-0.2612488,-0.03739381,0.3383516,-0.5108585,-0.4140515,-0.2535011,0.709452
1751960754469,31.4909,SteamVR Tracker (Waist),0,0,0,0,0,0,1
1751960754512,31.53467,SteamVR Tracker (Right Foot),-3.956216,-0.9232607,4.215101,-0.008265808,-0.2925361,0.8521883,0.4337389
1751960754512,31.53467,SteamVR Tracker (Left Foot),-0.2606328,-0.03682232,0.3383034,-0.5115209,-0.4135756,-0.2538935,0.7091119
1751960754512,31.53467,SteamVR Tracker (Waist),0,0,0,0,0,0,1
1751960754586,31.60883,SteamVR Tracker (Right Foot),-3.956216,-0.9232607,4.215101,-0.008265808,-0.2925361,0.8521883,0.4337389
1751960754586,31.60883,SteamVR Tracker (Left Foot),-0.2605332,-0.03622961,0.3380323,-0.5123028,-0.4124211,-0.2544843,0.709008
1751960754587,31.60883,SteamVR Tracker (Waist),0,0,0,0,0,0,1
1751960754613,31.63684,SteamVR Tracker (Right Foot),-3.956216,-0.9232607,4.215101,-0.008265808,-0.2925361,0.8521883,0.4337389
1751960754613,31.63684,SteamVR Tracker (Left Foot),-0.3318417,-0.07090616,0.301212,-0.5184743,-0.4053766,-0.242957,0.7126192
1751960754613,31.63684,SteamVR Tracker (Waist),0,0,0,0,0,0,1
1751960754653,31.67732,SteamVR Tracker (Right Foot),-3.956216,-0.9232607,4.215101,-0.008265808,-0.2925361,0.8521883,0.4337389
1751960754653,31.67732,SteamVR Tracker (Left Foot),-0.2566842,-0.05181336,0.3413859,-0.5194408,-0.3981946,-0.2543283,0.7119968
1751960754653,31.67732,SteamVR Tracker (Waist),0,0,0,0,0,0,1
1751960754700,31.72296,SteamVR Tracker (Right Foot),0,0,0,0,0,0,1
1751960754700,31.72296,SteamVR Tracker (Left Foot),-0.3451894,0.06238055,0.4008253,-0.489111,-0.4329021,-0.2359215,0.7195188
1751960754700,31.72296,SteamVR Tracker (Waist),0,0,0,0,0,0,1
1751960754748,31.77135,SteamVR Tracker (Right Foot),0,0,0,0,0,0,1
1751960754748,31.77135,SteamVR Tracker (Left Foot),-0.243649,-0.06377268,0.3309321,-0.5064901,-0.4197017,-0.2443737,0.7124605
1751960754748,31.77135,SteamVR Tracker (Waist),0,0,0,0,0,0,1
1751960754792,31.81496,SteamVR Tracker (Right Foot),0,0,0,0,0,0,1
1751960754792,31.81496,SteamVR Tracker (Left Foot),-0.2605617,-0.06280231,0.3397642,-0.5045168,-0.4207748,-0.244437,0.7132054
1751960754792,31.81496,SteamVR Tracker (Waist),0,0,0,0,0,0,1
1751960754837,31.86009,SteamVR Tracker (Right Foot),0,0,0,0,0,0,1
1751960754837,31.86009,SteamVR Tracker (Left Foot),-0.26822,-0.0492084,0.3457022,-0.5048187,-0.4201353,-0.2451595,0.7131208
1751960754837,31.86009,SteamVR Tracker (Waist),0,0,0,0,0,0,1
1751960754889,31.90411,SteamVR Tracker (Left Foot),-0.2646055,-0.04813361,0.3436399,-0.5056046,-0.4193752,-0.2466211,0.7125072
1751960754890,31.90411,SteamVR Tracker (Waist),0,0,0,0,0,0,1
1751960754956,31.97842,SteamVR Tracker (Left Foot),-0.3298759,0.01422739,0.3794861,-0.4856971,-0.4429669,-0.2340306,0.7163157
1751960754956,31.97842,SteamVR Tracker (Waist),0,0,0,0,0,0,1
1751960754982,32.00671,SteamVR Tracker (Left Foot),-0.274316,-0.02779412,0.3578113,-0.4922129,-0.4379803,-0.238446,0.7134727
1751960754982,32.00671,SteamVR Tracker (Waist),0,0,0,0,0,0,1
1751960755026,32.04947,SteamVR Tracker (Left Foot),-0.2586108,-0.06026554,0.3426307,-0.4938186,-0.4363222,-0.2393959,0.7130609
1751960755026,32.04947,SteamVR Tracker (Waist),0,0,0,0,0,0,1
1751960755070,32.09352,SteamVR Tracker (Left Foot),-0.2645231,-0.06081915,0.3456679,-0.4941878,-0.4352279,-0.2399051,0.7133027
1751960755070,32.09352,SteamVR Tracker (Waist),0,0,0,0,0,0,1
1751960755120,32.14285,SteamVR Tracker (Left Foot),-0.2654851,-0.05607104,0.3459653,-0.4952111,-0.4329065,-0.2415219,0.71346
1751960755121,32.14285,SteamVR Tracker (Waist),0,0,0,0,0,0,1
1751960755164,32.18735,SteamVR Tracker (Left Foot),-0.2659853,-0.05228996,0.3470407,-0.4966717,-0.4311648,-0.2421484,0.713287
1751960755164,32.18735,SteamVR Tracker (Waist),0,0,0,0,0,0,1
1751960755208,32.23206,SteamVR Tracker (Left Foot),-0.2649492,-0.05328512,0.3462604,-0.4978792,-0.4295011,-0.242766,0.713239
1751960755208,32.23206,SteamVR Tracker (Waist),0,0,0,0,0,0,1
1751960755241,32.26453,SteamVR Tracker (Left Foot),-0.2645006,-0.05170631,0.3462034,-0.4988136,-0.4283069,-0.2436563,0.7130006
1751960755241,32.26453,SteamVR Tracker (Waist),0,0,0,0,0,0,1
1751960755273,32.29818,SteamVR Tracker (Left Foot),-0.2646264,-0.05240798,0.345917,-0.499879,-0.427436,-0.2440967,0.7126264
1751960755273,32.29818,SteamVR Tracker (Waist),0,0,0,0,0,0,1
1751960755308,32.33123,SteamVR Tracker (Left Foot),-0.2643016,-0.05216694,0.3453324,-0.5009974,-0.4260115,-0.2450779,0.7123571
1751960755308,32.33123,SteamVR Tracker (Waist),0,0,0,0,0,0,1
1751960755341,32.36555,SteamVR Tracker (Left Foot),-0.2642754,-0.05184388,0.3452751,-0.5012796,-0.4251018,-0.245664,0.7125002
1751960755341,32.36555,SteamVR Tracker (Waist),0,0,0,0,0,0,1
1751960755374,32.39835,SteamVR Tracker (Left Foot),-0.26436,-0.05226183,0.3450873,-0.5020047,-0.4245173,-0.2462098,0.7121496
1751960755374,32.39835,SteamVR Tracker (Waist),0,0,0,0,0,0,1
1751960755419,32.44138,SteamVR Tracker (Left Foot),-0.2640707,-0.05149889,0.3445247,-0.5030119,-0.4229606,-0.2473727,0.7119622
1751960755419,32.44138,SteamVR Tracker (Waist),0,0,0,0,0,0,1
1751960755451,32.47493,SteamVR Tracker (Left Foot),-0.2642775,-0.05115628,0.3445829,-0.5037007,-0.4224332,-0.247847,0.7116234
1751960755451,32.47493,SteamVR Tracker (Waist),0,0,0,0,0,0,1
1751960755487,32.50883,SteamVR Tracker (Left Foot),-0.2639893,-0.05100799,0.3451156,-0.5046706,-0.4210008,-0.2484273,0.7115825
1751960755487,32.50883,SteamVR Tracker (Waist),0,0,0,0,0,0,1
1751960755517,32.54241,SteamVR Tracker (Left Foot),-0.2567912,-0.06806874,0.3349686,-0.5134944,-0.405399,-0.2535827,0.7125104
1751960755519,32.54241,SteamVR Tracker (Waist),0,0,0,0,0,0,1
1751960755553,32.57692,SteamVR Tracker (Left Foot),-0.2659356,-0.05326343,0.3413962,-0.5120756,-0.4064406,-0.2537349,0.7128838
1751960755553,32.57692,SteamVR Tracker (Waist),0,0,0,0,0,0,1
1751960755574,32.59903,SteamVR Tracker (Left Foot),-0.2642348,-0.05098844,0.3415598,-0.5123177,-0.4066018,-0.2541341,0.7124755
1751960755575,32.59903,SteamVR Tracker (Waist),0,0,0,0,0,0,1
1751960755597,32.62059,SteamVR Tracker (Left Foot),-0.2628335,-0.05015016,0.3411722,-0.5130402,-0.4062876,-0.2547357,0.7119199
1751960755597,32.62059,SteamVR Tracker (Waist),0,0,0,0,0,0,1
1751960755618,32.64317,SteamVR Tracker (Left Foot),-0.2846766,-0.01024556,0.3682205,-0.4979117,-0.4332414,-0.2457855,0.7099123
1751960755618,32.64317,SteamVR Tracker (Waist),0,0,0,0,0,0,1
1751960755640,32.66473,SteamVR Tracker (Left Foot),-0.2761151,-0.01906109,0.3623291,-0.5000744,-0.4307095,-0.2466445,0.7096348
1751960755640,32.66473,SteamVR Tracker (Waist),0,0,0,0,0,0,1
1751960755662,32.68651,SteamVR Tracker (Left Foot),-0.2597582,-0.04618478,0.3484868,-0.5046337,-0.4291365,-0.2484813,0.7067134
1751960755662,32.68651,SteamVR Tracker (Waist),0,0,0,0,0,0,1
1751960755684,32.70828,SteamVR Tracker (Left Foot),-0.2570928,-0.05855846,0.3438972,-0.5052599,-0.4289095,-0.2486808,0.7063336
1751960755685,32.70828,SteamVR Tracker (Waist),0,0,0,0,0,0,1
1751960755705,32.7305,SteamVR Tracker (Left Foot),-0.2616824,-0.06029797,0.3473113,-0.5048946,-0.428512,-0.2484413,0.70692
1751960755705,32.7305,SteamVR Tracker (Waist),0,0,0,0,0,0,1
1751960755727,32.75218,SteamVR Tracker (Left Foot),-0.2641969,-0.06037283,0.3471281,-0.5044317,-0.428048,-0.2484306,0.7075351
1751960755727,32.75218,SteamVR Tracker (Waist),0,0,0,0,0,0,1
1751960755749,32.77373,SteamVR Tracker (Left Foot),-0.2665138,-0.05883765,0.3491526,-0.504472,-0.4272409,-0.2485297,0.7079593
1751960755749,32.77373,SteamVR Tracker (Waist),0,0,0,0,0,0,1
1751960755771,32.79621,SteamVR Tracker (Left Foot),-0.2653868,-0.0559597,0.3480237,-0.5052617,-0.4261633,-0.248974,0.7078894
1751960755771,32.79621,SteamVR Tracker (Waist),0,0,0,0,0,0,1
1751960755794,32.81869,SteamVR Tracker (Left Foot),-0.2669922,-0.05425954,0.348237,-0.5054173,-0.4259101,-0.2487301,0.7080164
1751960755794,32.81869,SteamVR Tracker (Waist),0,0,0,0,0,0,1
1751960755813,32.83904,SteamVR Tracker (Left Foot),-0.2651503,-0.05384088,0.3476844,-0.5060617,-0.4251755,-0.2491393,0.7078537
1751960755813,32.83904,SteamVR Tracker (Waist),0,0,0,0,0,0,1
1751960755839,32.86336,SteamVR Tracker (Left Foot),-0.2648065,-0.0537324,0.34711,-0.5063933,-0.4242956,-0.2492436,0.7081079
1751960755839,32.86336,SteamVR Tracker (Waist),0,0,0,0,0,0,1
1751960755860,32.88578,SteamVR Tracker (Left Foot),-0.2653844,-0.05227852,0.3477632,-0.5065883,-0.4236768,-0.2494639,0.7082613
1751960755860,32.88578,SteamVR Tracker (Waist),0,0,0,0,0,0,1
1751960755886,32.91009,SteamVR Tracker (Left Foot),-0.2651629,-0.05257082,0.3475862,-0.506932,-0.4230165,-0.2494954,0.708399
1751960755886,32.91009,SteamVR Tracker (Waist),0,0,0,0,0,0,1
1751960755906,32.93195,SteamVR Tracker (Left Foot),-0.2658092,-0.05117774,0.3474544,-0.5070957,-0.422464,-0.2497426,0.7085244
1751960755906,32.93195,SteamVR Tracker (Waist),0,0,0,0,0,0,1
1751960755929,32.95374,SteamVR Tracker (Left Foot),-0.2640499,-0.05365658,0.3460398,-0.5076429,-0.4220901,-0.2499836,0.7082704
1751960755929,32.95374,SteamVR Tracker (Waist),0,0,0,0,0,0,1
1751960755952,32.97731,SteamVR Tracker (Left Foot),-0.2646817,-0.05309176,0.3466355,-0.5075865,-0.4215001,-0.2500672,0.7086325
1751960755952,32.97731,SteamVR Tracker (Waist),0,0,0,0,0,0,1
1751960755974,32.99964,SteamVR Tracker (Left Foot),-0.2636918,-0.05397701,0.3458884,-0.5078292,-0.421025,-0.2505002,0.7085882
1751960755975,32.99964,SteamVR Tracker (Waist),0,0,0,0,0,0,1
1751960755998,33.02288,SteamVR Tracker (Left Foot),-0.263868,-0.05373454,0.3458254,-0.5080735,-0.4206331,-0.2506477,0.7085937
1751960755999,33.02288,SteamVR Tracker (Waist),0,0,0,0,0,0,1
1751960756016,33.04166,SteamVR Tracker (Left Foot),-0.2635862,-0.05380654,0.3456489,-0.5078372,-0.4203422,-0.2503533,0.7090395
1751960756016,33.04166,SteamVR Tracker (Waist),0,0,0,0,0,0,1
1751960756041,33.06586,SteamVR Tracker (Left Foot),-0.2638014,-0.0534153,0.345708,-0.5083175,-0.419877,-0.2505382,0.7089057
1751960756041,33.06586,SteamVR Tracker (Waist),0,0,0,0,0,0,1
1751960756065,33.08973,SteamVR Tracker (Left Foot),-0.2349471,-0.09371495,0.3304349,-0.5167485,-0.4031054,-0.2572649,0.7101351
1751960756065,33.08973,SteamVR Tracker (Waist),0,0,0,0,0,0,1
1751960756084,33.10945,SteamVR Tracker (Left Foot),-0.2538281,-0.07812119,0.3318891,-0.5145153,-0.4050934,-0.2554409,0.7112829
1751960756084,33.10945,SteamVR Tracker (Waist),0,0,0,0,0,0,1
1751960756106,33.13138,SteamVR Tracker (Left Foot),-0.2588566,-0.07205629,0.338654,-0.5133808,-0.4054165,-0.2556342,0.7118487
1751960756106,33.13138,SteamVR Tracker (Waist),0,0,0,0,0,0,1
1751960756128,33.15384,SteamVR Tracker (Left Foot),-0.267312,-0.054142,0.342041,-0.5137168,-0.4046035,-0.2555279,0.7121072
1751960756128,33.15384,SteamVR Tracker (Waist),0,0,0,0,0,0,1
1751960756151,33.17658,SteamVR Tracker (Left Foot),-0.2671167,-0.04831386,0.3436032,-0.5142086,-0.4041516,-0.2561573,0.7117826
1751960756151,33.17658,SteamVR Tracker (Waist),0,0,0,0,0,0,1
1751960756174,33.19876,SteamVR Tracker (Left Foot),-0.2633421,-0.04792261,0.3428989,-0.5148382,-0.4038005,-0.2567397,0.7113168
1751960756174,33.19876,SteamVR Tracker (Waist),0,0,0,0,0,0,1
1751960756197,33.22134,SteamVR Tracker (Left Foot),-0.2628908,-0.04694676,0.3431638,-0.5151337,-0.4036108,-0.2571061,0.7110782
1751960756198,33.22134,SteamVR Tracker (Waist),0,0,0,0,0,0,1
1751960756219,33.24367,SteamVR Tracker (Left Foot),-0.2627372,-0.04750967,0.3429071,-0.515258,-0.4034817,-0.2572952,0.7109929
1751960756219,33.24367,SteamVR Tracker (Waist),0,0,0,0,0,0,1
1751960756242,33.26646,SteamVR Tracker (Left Foot),-0.2623676,-0.04813552,0.3425714,-0.5157483,-0.4033123,-0.2574933,0.7106618
1751960756242,33.26646,SteamVR Tracker (Waist),0,0,0,0,0,0,1
1751960756264,33.28873,SteamVR Tracker (Left Foot),-0.2618113,-0.05086207,0.3407875,-0.5161839,-0.4033652,-0.2574522,0.7103302
1751960756264,33.28873,SteamVR Tracker (Waist),0,0,0,0,0,0,1
1751960756287,33.31125,SteamVR Tracker (Left Foot),-0.2620114,-0.05167556,0.3408173,-0.5163654,-0.4032674,-0.2575155,0.710231
1751960756287,33.31125,SteamVR Tracker (Waist),0,0,0,0,0,0,1
1751960756309,33.33334,SteamVR Tracker (Left Foot),-0.2616714,-0.05239582,0.3416945,-0.516417,-0.4031802,-0.2579538,0.7100838
1751960756309,33.33334,SteamVR Tracker (Waist),0,0,0,0,0,0,1
1751960756330,33.35531,SteamVR Tracker (Left Foot),-0.2613973,-0.0519104,0.3418536,-0.5165317,-0.403127,-0.2580712,0.709988
1751960756330,33.35531,SteamVR Tracker (Waist),0,0,0,0,0,0,1
1751960756353,33.37698,SteamVR Tracker (Left Foot),-0.1900705,-0.1045458,0.2988642,-0.5361814,-0.3757304,-0.2701232,0.7059531
1751960756353,33.37698,SteamVR Tracker (Waist),0,0,0,0,0,0,1
1751960756376,33.40022,SteamVR Tracker (Left Foot),-0.2378433,-0.08198833,0.3314354,-0.524851,-0.3837652,-0.2644427,0.7122681
1751960756376,33.40022,SteamVR Tracker (Waist),0,0,0,0,0,0,1
1751960756396,33.42092,SteamVR Tracker (Left Foot),-0.2651622,-0.06174994,0.3382508,-0.5235622,-0.3845831,-0.263405,0.7131594
1751960756396,33.42092,SteamVR Tracker (Waist),0,0,0,0,0,0,1
1751960756419,33.44383,SteamVR Tracker (Left Foot),-0.2694971,-0.04618692,0.3423275,-0.5231295,-0.3852251,-0.264957,0.7125553
1751960756420,33.44383,SteamVR Tracker (Waist),0,0,0,0,0,0,1
1751960756442,33.46655,SteamVR Tracker (Left Foot),-0.2649048,-0.0442698,0.3394673,-0.5241786,-0.385616,-0.2669471,0.7108279
1751960756442,33.46655,SteamVR Tracker (Waist),0,0,0,0,0,0,1
1751960756463,33.48843,SteamVR Tracker (Left Foot),-0.2615636,-0.04376435,0.3390205,-0.5242146,-0.3858763,-0.2685452,0.7100578
1751960756463,33.48843,SteamVR Tracker (Waist),0,0,0,0,0,0,1
1751960756486,33.50974,SteamVR Tracker (Left Foot),-0.2588844,-0.04427171,0.3388034,-0.5246533,-0.3859822,-0.2698892,0.709166
1751960756486,33.50974,SteamVR Tracker (Waist),0,0,0,0,0,0,1
1751960756508,33.53203,SteamVR Tracker (Left Foot),-0.2585735,-0.04501128,0.339283,-0.5251637,-0.3867409,-0.2705132,0.7081364
1751960756508,33.53203,SteamVR Tracker (Waist),0,0,0,0,0,0,1
1751960756530,33.55468,SteamVR Tracker (Left Foot),-0.2600093,-0.04406214,0.3407327,-0.5250699,-0.3872318,-0.2704887,0.707947
1751960756530,33.55468,SteamVR Tracker (Waist),0,0,0,0,0,0,1
1751960756552,33.57617,SteamVR Tracker (Left Foot),-0.2602437,-0.04513335,0.3398533,-0.5245256,-0.3884556,-0.2704408,0.7076983
1751960756552,33.57617,SteamVR Tracker (Waist),0,0,0,0,0,0,1
1751960756576,33.60015,SteamVR Tracker (Left Foot),-0.2601703,-0.04494572,0.3401059,-0.5244377,-0.3890968,-0.2705569,0.7073667
1751960756576,33.60015,SteamVR Tracker (Waist),0,0,0,0,0,0,1
1751960756596,33.62103,SteamVR Tracker (Left Foot),-0.2606091,-0.04507351,0.3399968,-0.5244219,-0.3899248,-0.2707545,0.7068468
1751960756596,33.62103,SteamVR Tracker (Waist),0,0,0,0,0,0,1
1751960756619,33.64431,SteamVR Tracker (Left Foot),-0.2595994,-0.04585958,0.3392588,-0.5245452,-0.3907152,-0.2708752,0.7062724
1751960756619,33.64431,SteamVR Tracker (Waist),0,0,0,0,0,0,1
1751960756640,33.66488,SteamVR Tracker (Left Foot),-0.2596673,-0.04584599,0.3394307,-0.5245376,-0.3910629,-0.2712825,0.7059292
1751960756640,33.66488,SteamVR Tracker (Waist),0,0,0,0,0,0,1
1751960756662,33.68679,SteamVR Tracker (Left Foot),-0.2588045,-0.04655766,0.3391504,-0.5241168,-0.3917113,-0.2714149,0.7058314
1751960756662,33.68679,SteamVR Tracker (Waist),0,0,0,0,0,0,1
1751960756685,33.70971,SteamVR Tracker (Left Foot),-0.259025,-0.04530716,0.3397778,-0.5244493,-0.392238,-0.2712795,0.7053438
1751960756685,33.70971,SteamVR Tracker (Waist),0,0,0,0,0,0,1
1751960756705,33.73063,SteamVR Tracker (Left Foot),-0.3960735,-0.12518,0.2662366,-0.5332405,-0.3772929,-0.259456,0.7113278
1751960756705,33.73063,SteamVR Tracker (Waist),0,0,0,0,0,0,1
1751960756729,33.75377,SteamVR Tracker (Left Foot),-0.3134583,-0.0670743,0.3842238,-0.4980564,-0.4223626,-0.2359041,0.719652
1751960756729,33.75377,SteamVR Tracker (Waist),0,0,0,0,0,0,1
1751960756749,33.77512,SteamVR Tracker (Left Foot),-0.243157,-0.07788897,0.3635555,-0.5039002,-0.421598,-0.2436336,0.7134301
1751960756749,33.77512,SteamVR Tracker (Waist),0,0,0,0,0,0,1
1751960756772,33.79761,SteamVR Tracker (Left Foot),-0.2480845,-0.09962034,0.3501927,-0.5043132,-0.4232995,-0.243268,0.7122545
1751960756772,33.79761,SteamVR Tracker (Waist),0,0,0,0,0,0,1
1751960756796,33.82114,SteamVR Tracker (Left Foot),-0.265309,-0.09274101,0.3582188,-0.5034787,-0.4238714,-0.2433932,0.7124619
1751960756796,33.82114,SteamVR Tracker (Waist),0,0,0,0,0,0,1
1751960756818,33.84293,SteamVR Tracker (Left Foot),-0.2694389,-0.09703636,0.354683,-0.5032536,-0.4245558,-0.2428657,0.7123935
1751960756818,33.84293,SteamVR Tracker (Waist),0,0,0,0,0,0,1
1751960756841,33.8659,SteamVR Tracker (Left Foot),-0.2774266,-0.08328843,0.3617372,-0.5031691,-0.4239201,-0.2431763,0.7127257
1751960756841,33.8659,SteamVR Tracker (Waist),0,0,0,0,0,0,1
1751960756865,33.88989,SteamVR Tracker (Left Foot),-0.2663133,-0.09114814,0.357541,-0.5030453,-0.4242344,-0.2438258,0.7124041
1751960756865,33.88989,SteamVR Tracker (Waist),0,0,0,0,0,0,1
1751960756887,33.91132,SteamVR Tracker (Left Foot),-0.2674491,-0.0902524,0.3575072,-0.5035891,-0.4239756,-0.2445996,0.7119086
1751960756887,33.91132,SteamVR Tracker (Waist),0,0,0,0,0,0,1
1751960756907,33.93258,SteamVR Tracker (Left Foot),-0.2700981,-0.09106088,0.357055,-0.5026224,-0.4236445,-0.2451804,0.7125887
1751960756907,33.93258,SteamVR Tracker (Waist),0,0,0,0,0,0,1
1751960756930,33.95486,SteamVR Tracker (Left Foot),-0.269493,-0.08861208,0.3579921,-0.5024998,-0.4231508,-0.2457271,0.7127802
1751960756930,33.95486,SteamVR Tracker (Waist),0,0,0,0,0,0,1
1751960756955,33.97948,SteamVR Tracker (Left Foot),-0.2704453,-0.08645082,0.3589039,-0.5026079,-0.4226658,-0.2463316,0.7127831
1751960756955,33.97948,SteamVR Tracker (Waist),0,0,0,0,0,0,1
1751960756978,34.00149,SteamVR Tracker (Left Foot),-0.2711815,-0.08242297,0.3586648,-0.5032023,-0.4225256,-0.24705,0.7121978
1751960756978,34.00149,SteamVR Tracker (Waist),0,0,0,0,0,0,1
1751960756998,34.02273,SteamVR Tracker (Left Foot),-0.2703022,-0.08182216,0.3584366,-0.5036233,-0.4219255,-0.2476709,0.7120404
1751960756998,34.02273,SteamVR Tracker (Waist),0,0,0,0,0,0,1
1751960757019,34.04345,SteamVR Tracker (Left Foot),-0.2702887,-0.08139801,0.3583046,-0.5041915,-0.4216817,-0.2482789,0.7115709
1751960757019,34.04345,SteamVR Tracker (Waist),0,0,0,0,0,0,1
1751960757041,34.06565,SteamVR Tracker (Left Foot),-0.2698229,-0.08104229,0.358514,-0.504353,-0.4212504,-0.2489895,0.7114635
1751960757041,34.06565,SteamVR Tracker (Waist),0,0,0,0,0,0,1
1751960757062,34.08768,SteamVR Tracker (Left Foot),-0.2710491,-0.080158,0.3587951,-0.5046176,-0.4208869,-0.249434,0.7113354
1751960757063,34.08768,SteamVR Tracker (Waist),0,0,0,0,0,0,1
1751960757086,34.11085,SteamVR Tracker (Left Foot),-0.2715591,-0.07913899,0.3590792,-0.5047745,-0.4204711,-0.2499456,0.7112904
1751960757086,34.11085,SteamVR Tracker (Waist),0,0,0,0,0,0,1
1751960757106,34.13126,SteamVR Tracker (Left Foot),-0.2714668,-0.07893085,0.3592287,-0.5051078,-0.4198555,-0.2506198,0.7111802
1751960757106,34.13126,SteamVR Tracker (Waist),0,0,0,0,0,0,1
1751960757130,34.15495,SteamVR Tracker (Left Foot),-0.2705506,-0.07869673,0.3594655,-0.5058533,-0.4190042,-0.2520109,0.7106606
1751960757130,34.15495,SteamVR Tracker (Waist),0,0,0,0,0,0,1
1751960757152,34.17589,SteamVR Tracker (Left Foot),-0.2685178,-0.08174348,0.3582205,-0.5062978,-0.4186604,-0.2524421,0.7103936
1751960757152,34.17589,SteamVR Tracker (Waist),0,0,0,0,0,0,1
1751960757173,34.19845,SteamVR Tracker (Left Foot),-0.2679766,-0.08334422,0.358036,-0.5064847,-0.4183545,-0.2524864,0.7104248
1751960757174,34.19845,SteamVR Tracker (Waist),0,0,0,0,0,0,1
1751960757197,34.22069,SteamVR Tracker (Left Foot),-0.2683184,-0.08246422,0.3577569,-0.5069433,-0.4179079,-0.2529292,0.7102029
1751960757197,34.22069,SteamVR Tracker (Waist),0,0,0,0,0,0,1
1751960757219,34.24332,SteamVR Tracker (Left Foot),-0.2682817,-0.08226299,0.3575016,-0.5072425,-0.4176294,-0.2533606,0.7099995
1751960757219,34.24332,SteamVR Tracker (Waist),0,0,0,0,0,0,1
1751960757242,34.2675,SteamVR Tracker (Left Foot),-0.2684067,-0.08201742,0.3573605,-0.5076165,-0.4173373,-0.2538452,0.7097307
1751960757242,34.2675,SteamVR Tracker (Waist),0,0,0,0,0,0,1
1751960757266,34.29038,SteamVR Tracker (Left Foot),-0.2679777,-0.08231759,0.3571722,-0.5078806,-0.4168273,-0.2540187,0.7097794
1751960757266,34.29038,SteamVR Tracker (Waist),0,0,0,0,0,0,1
1751960757288,34.3125,SteamVR Tracker (Left Foot),-0.2684347,-0.08134699,0.3571076,-0.5082567,-0.4163371,-0.2543115,0.7096931
1751960757288,34.3125,SteamVR Tracker (Waist),0,0,0,0,0,0,1
1751960757309,34.33393,SteamVR Tracker (Left Foot),-0.2680077,-0.0816462,0.3569586,-0.5089847,-0.4159171,-0.2543086,0.7094185
1751960757309,34.33393,SteamVR Tracker (Waist),0,0,0,0,0,0,1
1751960757331,34.35521,SteamVR Tracker (Left Foot),-0.2676851,-0.08116674,0.3568787,-0.5090389,-0.4155013,-0.2545461,0.7095382
1751960757331,34.35521,SteamVR Tracker (Waist),0,0,0,0,0,0,1
1751960757351,34.37686,SteamVR Tracker (Left Foot),-0.2676082,-0.08077812,0.3566956,-0.509167,-0.4151063,-0.2550022,0.7095137
1751960757351,34.37686,SteamVR Tracker (Waist),0,0,0,0,0,0,1
1751960757374,34.39957,SteamVR Tracker (Left Foot),-0.2675752,-0.08010054,0.3566555,-0.5096415,-0.4145592,-0.2552991,0.7093861
1751960757374,34.39957,SteamVR Tracker (Waist),0,0,0,0,0,0,1
1751960757400,34.42372,SteamVR Tracker (Left Foot),-0.2676791,-0.07978487,0.3565214,-0.5100538,-0.4142376,-0.255583,0.7091753
1751960757400,34.42372,SteamVR Tracker (Waist),0,0,0,0,0,0,1
1751960757420,34.4444,SteamVR Tracker (Left Foot),-0.3396714,-0.005541325,0.4026104,-0.4863757,-0.4398004,-0.2402397,0.7157508
1751960757420,34.4444,SteamVR Tracker (Waist),0,0,0,0,0,0,1
1751960757441,34.46614,SteamVR Tracker (Left Foot),-0.2864947,-0.05489492,0.3754063,-0.494776,-0.4391251,-0.2438365,0.7091613
1751960757441,34.46614,SteamVR Tracker (Waist),0,0,0,0,0,0,1
1751960757464,34.48871,SteamVR Tracker (Left Foot),-0.259922,-0.08186436,0.3596705,-0.4975168,-0.4367289,-0.2457812,0.7080512
1751960757464,34.48871,SteamVR Tracker (Waist),0,0,0,0,0,0,1
1751960757486,34.51039,SteamVR Tracker (Left Foot),-0.2622081,-0.09268713,0.3569097,-0.497567,-0.4358986,-0.2457473,0.7085392
1751960757486,34.51039,SteamVR Tracker (Waist),0,0,0,0,0,0,1
1751960757509,34.5331,SteamVR Tracker (Left Foot),-0.2642883,-0.09567189,0.3572442,-0.4974739,-0.4352359,-0.2455779,0.7090706
1751960757509,34.5331,SteamVR Tracker (Waist),0,0,0,0,0,0,1
1751960757528,34.55351,SteamVR Tracker (Left Foot),-0.2665509,-0.09533596,0.3585107,-0.4972889,-0.4343251,-0.2459342,0.709635
1751960757529,34.55351,SteamVR Tracker (Waist),0,0,0,0,0,0,1
1751960757551,34.57622,SteamVR Tracker (Left Foot),-0.2682981,-0.09353471,0.3593773,-0.4976017,-0.4333871,-0.246446,0.7098117
1751960757552,34.57622,SteamVR Tracker (Waist),0,0,0,0,0,0,1
1751960757573,34.59801,SteamVR Tracker (Left Foot),-0.270174,-0.08974385,0.3614283,-0.4979489,-0.4320643,-0.2465184,0.7103493
1751960757573,34.59801,SteamVR Tracker (Waist),0,0,0,0,0,0,1
1751960757597,34.62099,SteamVR Tracker (Left Foot),-0.2701671,-0.08727098,0.3607679,-0.4985603,-0.4310955,-0.2472661,0.7102491
1751960757597,34.62099,SteamVR Tracker (Waist),0,0,0,0,0,0,1
1751960757618,34.6427,SteamVR Tracker (Left Foot),-0.2702015,-0.0863328,0.3607135,-0.4989576,-0.4300962,-0.2475424,0.7104796
1751960757618,34.6427,SteamVR Tracker (Waist),0,0,0,0,0,0,1
1751960757642,34.66534,SteamVR Tracker (Left Foot),-0.2699565,-0.08513999,0.3603144,-0.4994358,-0.4290617,-0.2479917,0.7106125
1751960757642,34.66534,SteamVR Tracker (Waist),0,0,0,0,0,0,1
1751960757663,34.68776,SteamVR Tracker (Left Foot),-0.2695097,-0.08424878,0.3602737,-0.5001677,-0.42825,-0.2479893,0.7105882
1751960757664,34.68776,SteamVR Tracker (Waist),0,0,0,0,0,0,1
1751960757684,34.70865,SteamVR Tracker (Left Foot),-0.269879,-0.0829165,0.3604915,-0.5003895,-0.4280643,-0.2480477,0.7105235
1751960757684,34.70865,SteamVR Tracker (Waist),0,0,0,0,0,0,1
1751960757707,34.73176,SteamVR Tracker (Left Foot),-0.2682374,-0.08474255,0.3594777,-0.5008402,-0.4273397,-0.2483188,0.7105474
1751960757708,34.73176,SteamVR Tracker (Waist),0,0,0,0,0,0,1
1751960757728,34.75305,SteamVR Tracker (Left Foot),-0.2687962,-0.08441329,0.3595051,-0.50153,-0.4263392,-0.2485465,0.7105823
1751960757728,34.75305,SteamVR Tracker (Waist),0,0,0,0,0,0,1
1751960757751,34.77629,SteamVR Tracker (Left Foot),-0.269067,-0.08451152,0.3593126,-0.501922,-0.4255668,-0.2486725,0.7107244
1751960757751,34.77629,SteamVR Tracker (Waist),0,0,0,0,0,0,1
1751960757773,34.79816,SteamVR Tracker (Left Foot),-0.2695895,-0.08441091,0.3592425,-0.5018083,-0.4255206,-0.248522,0.710885
1751960757773,34.79816,SteamVR Tracker (Waist),0,0,0,0,0,0,1
1751960757797,34.82083,SteamVR Tracker (Left Foot),-0.2697304,-0.08402038,0.3592501,-0.5022824,-0.4250441,-0.2488261,0.7107289
1751960757797,34.82083,SteamVR Tracker (Waist),0,0,0,0,0,0,1
1751960757817,34.84244,SteamVR Tracker (Left Foot),-0.3400437,0.0124433,0.4138566,-0.4875959,-0.4355347,-0.2373368,0.7184922
1751960757818,34.84244,SteamVR Tracker (Waist),0,0,0,0,0,0,1
1751960757841,34.86559,SteamVR Tracker (Left Foot),-0.3013952,-0.02747202,0.3895598,-0.4908046,-0.4367327,-0.2393655,0.7148983
1751960757842,34.86559,SteamVR Tracker (Waist),0,0,0,0,0,0,1
1751960757863,34.88785,SteamVR Tracker (Left Foot),-0.2853649,-0.04858255,0.3775215,-0.4930391,-0.4358734,-0.2408554,0.7133831
1751960757863,34.88785,SteamVR Tracker (Waist),0,0,0,0,0,0,1
1751960757885,34.90995,SteamVR Tracker (Left Foot),-0.2782979,-0.06144929,0.3720039,-0.494805,-0.4349444,-0.2416193,0.7124687
1751960757885,34.90995,SteamVR Tracker (Waist),0,0,0,0,0,0,1
1751960757908,34.9338,SteamVR Tracker (Left Foot),-0.3477886,-0.02766752,0.388984,-0.4821976,-0.4452763,-0.2282906,0.7190952
1751960757908,34.9338,SteamVR Tracker (Waist),0,0,0,0,0,0,1
1751960757930,34.95485,SteamVR Tracker (Left Foot),-0.3061745,-0.05890274,0.3754366,-0.492147,-0.4357981,-0.2348647,0.7160377
1751960757930,34.95485,SteamVR Tracker (Waist),0,0,0,0,0,0,1
1751960757954,34.9795,SteamVR Tracker (Left Foot),-0.2859991,-0.06328845,0.381547,-0.4945462,-0.4328273,-0.238983,0.7148229
1751960757954,34.9795,SteamVR Tracker (Waist),0,0,0,0,0,0,1
1751960757975,34.99952,SteamVR Tracker (Left Foot),-0.2805153,-0.06659985,0.3807481,-0.4959133,-0.4322914,-0.2397849,0.713931
1751960757975,34.99952,SteamVR Tracker (Waist),0,0,0,0,0,0,1
1751960757997,35.02151,SteamVR Tracker (Left Foot),-0.2806841,-0.06871533,0.3798521,-0.4962823,-0.4321626,-0.2393268,0.7139062
1751960757997,35.02151,SteamVR Tracker (Waist),0,0,0,0,0,0,1
1751960758020,35.04512,SteamVR Tracker (Left Foot),-0.285124,-0.07060695,0.3785344,-0.4963549,-0.432261,-0.2389025,0.7139382
1751960758020,35.04512,SteamVR Tracker (Waist),0,0,0,0,0,0,1
1751960758041,35.06627,SteamVR Tracker (Left Foot),-0.2851078,-0.06979537,0.3796465,-0.4964937,-0.4317578,-0.2391112,0.7140765
1751960758042,35.06627,SteamVR Tracker (Waist),0,0,0,0,0,0,1
1751960758063,35.08784,SteamVR Tracker (Left Foot),-0.3122701,-0.08643317,0.3693156,-0.4988875,-0.4276909,-0.2361796,0.715829
1751960758063,35.08784,SteamVR Tracker (Waist),0,0,0,0,0,0,1
1751960758084,35.10978,SteamVR Tracker (Left Foot),-0.2716456,-0.1139843,0.3612966,-0.4976216,-0.4290889,-0.2377569,0.7153511
1751960758084,35.10978,SteamVR Tracker (Waist),0,0,0,0,0,0,1
1751960758108,35.13289,SteamVR Tracker (Left Foot),-0.2702666,-0.1026931,0.3711869,-0.4952713,-0.4302921,-0.2378643,0.7162232
1751960758108,35.13289,SteamVR Tracker (Waist),0,0,0,0,0,0,1
1751960758130,35.15449,SteamVR Tracker (Left Foot),-0.2650765,-0.1091225,0.3638906,-0.4959918,-0.4304592,-0.2384205,0.7154388
1751960758130,35.15449,SteamVR Tracker (Waist),0,0,0,0,0,0,1
1751960758152,35.17674,SteamVR Tracker (Left Foot),-0.2739046,-0.0986793,0.3660547,-0.4950758,-0.4312935,-0.2384373,0.7155653
1751960758153,35.17674,SteamVR Tracker (Waist),0,0,0,0,0,0,1
1751960758175,35.19999,SteamVR Tracker (Left Foot),-0.2733875,-0.09917641,0.364865,-0.4952034,-0.4314921,-0.2389444,0.7151879
1751960758175,35.19999,SteamVR Tracker (Waist),0,0,0,0,0,0,1
1751960758198,35.22128,SteamVR Tracker (Left Foot),-0.2736466,-0.09915376,0.3657636,-0.4955367,-0.4309838,-0.2388488,0.7152956
1751960758198,35.22128,SteamVR Tracker (Waist),0,0,0,0,0,0,1
1751960758218,35.24353,SteamVR Tracker (Left Foot),-0.2771395,-0.09513092,0.3670047,-0.4958218,-0.430842,-0.2392884,0.7150364
1751960758218,35.24353,SteamVR Tracker (Waist),0,0,0,0,0,0,1
1751960758241,35.2653,SteamVR Tracker (Left Foot),-0.278676,-0.09218216,0.3675995,-0.4962747,-0.4301108,-0.2403452,0.7148079
1751960758241,35.2653,SteamVR Tracker (Waist),0,0,0,0,0,0,1
1751960758263,35.28799,SteamVR Tracker (Left Foot),-0.2741693,-0.0961194,0.366917,-0.4972592,-0.4295498,-0.2407995,0.714308
1751960758263,35.28799,SteamVR Tracker (Waist),0,0,0,0,0,0,1
1751960758284,35.30967,SteamVR Tracker (Left Foot),-0.2728008,-0.09782767,0.3647301,-0.4974407,-0.42925,-0.2413919,0.7141619
1751960758284,35.30967,SteamVR Tracker (Waist),0,0,0,0,0,0,1
1751960758306,35.33228,SteamVR Tracker (Left Foot),-0.2718892,-0.09874058,0.3653253,-0.4974003,-0.4284161,-0.242065,0.7144629
1751960758306,35.33228,SteamVR Tracker (Waist),0,0,0,0,0,0,1
1751960758329,35.35423,SteamVR Tracker (Left Foot),-0.2718874,-0.09957123,0.3651997,-0.4981458,-0.4274286,-0.243,0.7142175
1751960758329,35.35423,SteamVR Tracker (Waist),0,0,0,0,0,0,1
1751960758352,35.37631,SteamVR Tracker (Left Foot),-0.2733983,-0.09627008,0.3645245,-0.4983813,-0.4270247,-0.2435778,0.7140979
1751960758352,35.37631,SteamVR Tracker (Waist),0,0,0,0,0,0,1
1751960758376,35.40089,SteamVR Tracker (Left Foot),-0.3391802,-0.0170362,0.4110062,-0.4828652,-0.4433512,-0.2330088,0.7183229
1751960758376,35.40089,SteamVR Tracker (Waist),0,0,0,0,0,0,1
1751960758397,35.42202,SteamVR Tracker (Left Foot),-0.2827196,-0.07983065,0.3765751,-0.4854094,-0.4426313,-0.2345675,0.7165427
1751960758397,35.42202,SteamVR Tracker (Waist),0,0,0,0,0,0,1
1751960758419,35.44473,SteamVR Tracker (Left Foot),-0.2670696,-0.09668231,0.3678667,-0.4877011,-0.4409786,-0.2361763,0.7154763
1751960758419,35.44473,SteamVR Tracker (Waist),0,0,0,0,0,0,1
1751960758441,35.4659,SteamVR Tracker (Left Foot),-0.2647078,-0.1044531,0.3644074,-0.4880116,-0.440471,-0.2366125,0.7154331
1751960758441,35.4659,SteamVR Tracker (Waist),0,0,0,0,0,0,1
1751960758464,35.48894,SteamVR Tracker (Left Foot),-0.2676587,-0.1083794,0.364764,-0.4880655,-0.44003,-0.2365227,0.7156973
1751960758464,35.48894,SteamVR Tracker (Waist),0,0,0,0,0,0,1
1751960758487,35.51244,SteamVR Tracker (Left Foot),-0.2702305,-0.1083145,0.3652824,-0.488195,-0.439285,-0.2370164,0.7159033
1751960758488,35.51244,SteamVR Tracker (Waist),0,0,0,0,0,0,1
1751960758508,35.53267,SteamVR Tracker (Left Foot),-0.2724614,-0.1052999,0.3673629,-0.4888071,-0.4383458,-0.2374665,0.7159122
1751960758508,35.53267,SteamVR Tracker (Waist),0,0,0,0,0,0,1
1751960758533,35.55714,SteamVR Tracker (Left Foot),-0.2741345,-0.1028919,0.3679319,-0.4896038,-0.4369758,-0.2382623,0.715941
1751960758533,35.55714,SteamVR Tracker (Waist),0,0,0,0,0,0,1
1751960758553,35.57775,SteamVR Tracker (Left Foot),-0.2726887,-0.1016784,0.3666492,-0.4906364,-0.4361109,-0.2392204,0.7154417
1751960758553,35.57775,SteamVR Tracker (Waist),0,0,0,0,0,0,1
1751960758575,35.59984,SteamVR Tracker (Left Foot),-0.2726009,-0.1006408,0.3663542,-0.4912855,-0.4351978,-0.2399507,0.7153077
1751960758575,35.59984,SteamVR Tracker (Waist),0,0,0,0,0,0,1
1751960758597,35.62127,SteamVR Tracker (Left Foot),-0.2731307,-0.09951878,0.3665486,-0.4917184,-0.4349264,-0.2404979,0.7149915
1751960758597,35.62127,SteamVR Tracker (Waist),0,0,0,0,0,0,1
1751960758620,35.64474,SteamVR Tracker (Left Foot),-0.2747649,-0.09945154,0.366614,-0.4919409,-0.4349723,-0.2406532,0.7147582
1751960758620,35.64474,SteamVR Tracker (Waist),0,0,0,0,0,0,1
1751960758641,35.66555,SteamVR Tracker (Left Foot),-0.3464728,-0.01047993,0.4156262,-0.4827317,-0.4396811,-0.2331564,0.7206169
1751960758641,35.66555,SteamVR Tracker (Waist),0,0,0,0,0,0,1
1751960758664,35.68834,SteamVR Tracker (Left Foot),-0.3057842,-0.04707909,0.3927237,-0.4853129,-0.4422325,-0.2355778,0.7165228
1751960758665,35.68834,SteamVR Tracker (Waist),0,0,0,0,0,0,1
1751960758686,35.71066,SteamVR Tracker (Left Foot),-0.2596219,-0.1032989,0.3662973,-0.4944225,-0.433437,-0.2416444,0.7136433
1751960758686,35.71066,SteamVR Tracker (Waist),0,0,0,0,0,0,1
1751960758708,35.73246,SteamVR Tracker (Left Foot),-0.2649494,-0.1069002,0.3671308,-0.4937324,-0.433613,-0.2415162,0.7140574
1751960758708,35.73246,SteamVR Tracker (Waist),0,0,0,0,0,0,1
1751960758730,35.75467,SteamVR Tracker (Left Foot),-0.2728449,-0.1056273,0.3672821,-0.4936714,-0.4329494,-0.2412713,0.7145848
1751960758730,35.75467,SteamVR Tracker (Waist),0,0,0,0,0,0,1
1751960758752,35.77678,SteamVR Tracker (Left Foot),-0.2743134,-0.1035802,0.3679217,-0.494003,-0.4323664,-0.241446,0.7146497
1751960758752,35.77678,SteamVR Tracker (Waist),0,0,0,0,0,0,1
1751960758774,35.79887,SteamVR Tracker (Left Foot),-0.2723696,-0.1043847,0.3668209,-0.4944014,-0.4319579,-0.2418543,0.7144831
1751960758774,35.79887,SteamVR Tracker (Waist),0,0,0,0,0,0,1
1751960758796,35.82044,SteamVR Tracker (Left Foot),-0.3300633,-0.04492903,0.4037002,-0.4740528,-0.4490909,-0.2312056,0.721204
1751960758796,35.82044,SteamVR Tracker (Waist),0,0,0,0,0,0,1
1751960758815,35.8401,SteamVR Tracker (Left Foot),-0.2811749,-0.08766699,0.3778552,-0.4814276,-0.4464331,-0.2340383,0.7170432
1751960758815,35.8401,SteamVR Tracker (Waist),0,0,0,0,0,0,1
1751960758841,35.86504,SteamVR Tracker (Left Foot),-0.2784979,-0.09053564,0.3754316,-0.4832461,-0.4448097,-0.23497,0.7165241
1751960758841,35.86504,SteamVR Tracker (Waist),0,0,0,0,0,0,1
1751960758862,35.88746,SteamVR Tracker (Left Foot),-0.2754499,-0.09387159,0.3732511,-0.4851861,-0.4427605,-0.2354523,0.7163238
1751960758863,35.88746,SteamVR Tracker (Waist),0,0,0,0,0,0,1
1751960758886,35.91024,SteamVR Tracker (Left Foot),-0.2683691,-0.1078889,0.3685576,-0.4861684,-0.4424206,-0.2364455,0.7155403
1751960758886,35.91024,SteamVR Tracker (Waist),0,0,0,0,0,0,1
1751960758906,35.93149,SteamVR Tracker (Left Foot),-0.27051,-0.1104438,0.3682758,-0.4866821,-0.4412479,-0.2371921,0.715668
1751960758906,35.93149,SteamVR Tracker (Waist),0,0,0,0,0,0,1
1751960758930,35.95456,SteamVR Tracker (Left Foot),-0.2715111,-0.1106806,0.368865,-0.4869901,-0.4403051,-0.2379056,0.7158023
1751960758930,35.95456,SteamVR Tracker (Waist),0,0,0,0,0,0,1
1751960758952,35.9771,SteamVR Tracker (Left Foot),-0.2725152,-0.1082227,0.3682441,-0.4874816,-0.4397068,-0.2379913,0.7158071
1751960758952,35.9771,SteamVR Tracker (Waist),0,0,0,0,0,0,1
1751960758974,35.9991,SteamVR Tracker (Left Foot),-0.2740726,-0.1047983,0.3695294,-0.488203,-0.4387718,-0.2389904,0.7155562
1751960758975,35.9991,SteamVR Tracker (Waist),0,0,0,0,0,0,1
1751960758999,36.02258,SteamVR Tracker (Left Foot),-0.2731088,-0.1047513,0.3684692,-0.4889537,-0.4377567,-0.2395729,0.7154706
1751960758999,36.02258,SteamVR Tracker (Waist),0,0,0,0,0,0,1
1751960759019,36.04356,SteamVR Tracker (Left Foot),-0.2728038,-0.1048834,0.3681543,-0.4896329,-0.4368387,-0.2403245,0.7153151
1751960759019,36.04356,SteamVR Tracker (Waist),0,0,0,0,0,0,1
1751960759042,36.06718,SteamVR Tracker (Left Foot),-0.274233,-0.1023943,0.3691643,-0.4908736,-0.4353541,-0.2406453,0.7152621
1751960759042,36.06718,SteamVR Tracker (Waist),0,0,0,0,0,0,1
1751960759063,36.08789,SteamVR Tracker (Left Foot),-0.2736368,-0.103312,0.3684735,-0.4914785,-0.4349394,-0.2413709,0.7148544
1751960759063,36.08789,SteamVR Tracker (Waist),0,0,0,0,0,0,1
1751960759088,36.11221,SteamVR Tracker (Left Foot),-0.2739875,-0.1019413,0.3687251,-0.49214,-0.4342177,-0.2417227,0.7147191
1751960759088,36.11221,SteamVR Tracker (Waist),0,0,0,0,0,0,1
1751960759106,36.13162,SteamVR Tracker (Left Foot),-0.2723947,-0.1023591,0.3683971,-0.4928896,-0.4336779,-0.2420031,0.7144353
1751960759106,36.13162,SteamVR Tracker (Waist),0,0,0,0,0,0,1
1751960759131,36.1556,SteamVR Tracker (Left Foot),-0.2794707,-0.1204524,0.3640708,-0.4956195,-0.4290892,-0.2390551,0.7163076
1751960759131,36.1556,SteamVR Tracker (Waist),0,0,0,0,0,0,1
1751960759153,36.17788,SteamVR Tracker (Left Foot),-0.2725457,-0.1148036,0.3682881,-0.4966198,-0.4274995,-0.23996,0.7162627
1751960759153,36.17788,SteamVR Tracker (Waist),0,0,0,0,0,0,1
1751960759175,36.19908,SteamVR Tracker (Left Foot),-0.2698387,-0.1092498,0.3686177,-0.4973351,-0.4270774,-0.240378,0.7158778
1751960759175,36.19908,SteamVR Tracker (Waist),0,0,0,0,0,0,1
1751960759199,36.22293,SteamVR Tracker (Left Foot),-0.2714429,-0.1072104,0.3682116,-0.4977671,-0.4271573,-0.2403967,0.7155237
1751960759199,36.22293,SteamVR Tracker (Waist),0,0,0,0,0,0,1
1751960759219,36.24332,SteamVR Tracker (Left Foot),-0.2702022,-0.1045275,0.3683893,-0.4981174,-0.4270067,-0.2407052,0.7152659
1751960759219,36.24332,SteamVR Tracker (Waist),0,0,0,0,0,0,1
1751960759241,36.2663,SteamVR Tracker (Left Foot),-0.2708734,-0.103704,0.367985,-0.4984952,-0.4272138,-0.2407576,0.7148613
1751960759242,36.2663,SteamVR Tracker (Waist),0,0,0,0,0,0,1
1751960759263,36.28787,SteamVR Tracker (Left Foot),-0.270822,-0.1030052,0.3680999,-0.4989062,-0.4268881,-0.240841,0.7147411
1751960759263,36.28787,SteamVR Tracker (Waist),0,0,0,0,0,0,1
1751960759286,36.30979,SteamVR Tracker (Left Foot),-0.2708699,-0.1026571,0.3681379,-0.499219,-0.4267119,-0.2411659,0.7145183
1751960759286,36.30979,SteamVR Tracker (Waist),0,0,0,0,0,0,1
1751960759308,36.33229,SteamVR Tracker (Left Foot),-0.2732531,-0.1057186,0.3673725,-0.4994297,-0.4270159,-0.2412341,0.7141663
1751960759308,36.33229,SteamVR Tracker (Waist),0,0,0,0,0,0,1
1751960759331,36.35485,SteamVR Tracker (Left Foot),-0.272624,-0.1059434,0.3671651,-0.4997891,-0.4264384,-0.2420153,0.7139956
1751960759331,36.35485,SteamVR Tracker (Waist),0,0,0,0,0,0,1
1751960759352,36.37698,SteamVR Tracker (Left Foot),-0.2720591,-0.1057746,0.3669444,-0.5001907,-0.4258264,-0.2429191,0.7137727
1751960759352,36.37698,SteamVR Tracker (Waist),0,0,0,0,0,0,1
1751960759373,36.39839,SteamVR Tracker (Left Foot),-0.2717846,-0.1058102,0.367299,-0.5006848,-0.425244,-0.2434647,0.7135875
1751960759374,36.39839,SteamVR Tracker (Waist),0,0,0,0,0,0,1
1751960759399,36.42265,SteamVR Tracker (Left Foot),-0.2720799,-0.1055903,0.3670581,-0.5012088,-0.4246146,-0.2440102,0.7134082
1751960759399,36.42265,SteamVR Tracker (Waist),0,0,0,0,0,0,1
1751960759418,36.4432,SteamVR Tracker (Left Foot),-0.2719352,-0.1053183,0.3669747,-0.5011352,-0.424447,-0.2445915,0.7133605
1751960759418,36.4432,SteamVR Tracker (Waist),0,0,0,0,0,0,1
1751960759441,36.46597,SteamVR Tracker (Left Foot),-0.2716824,-0.1052306,0.3670986,-0.5016326,-0.4237393,-0.2450467,0.7132755
1751960759441,36.46597,SteamVR Tracker (Waist),0,0,0,0,0,0,1
1751960759461,36.48667,SteamVR Tracker (Left Foot),-0.271424,-0.1048591,0.3668323,-0.5020949,-0.4231768,-0.2457843,0.7130303
1751960759461,36.48667,SteamVR Tracker (Waist),0,0,0,0,0,0,1
1751960759485,36.50952,SteamVR Tracker (Left Foot),-0.271527,-0.1046178,0.3667101,-0.5024796,-0.4230511,-0.245719,0.7128565
1751960759485,36.50952,SteamVR Tracker (Waist),0,0,0,0,0,0,1
1751960759510,36.53491,SteamVR Tracker (Left Foot),-0.2715206,-0.1041451,0.3664597,-0.5028229,-0.4226075,-0.2466149,0.712568
1751960759510,36.53491,SteamVR Tracker (Waist),0,0,0,0,0,0,1
1751960759531,36.55437,SteamVR Tracker (Left Foot),-0.2713193,-0.104141,0.3666402,-0.502928,-0.422374,-0.2470007,0.7124987
1751960759531,36.55437,SteamVR Tracker (Waist),0,0,0,0,0,0,1
1751960759552,36.577,SteamVR Tracker (Left Foot),-0.2712416,-0.1041629,0.3666232,-0.5030429,-0.4222188,-0.2469476,0.7125279
1751960759552,36.577,SteamVR Tracker (Waist),0,0,0,0,0,0,1
1751960759573,36.59792,SteamVR Tracker (Left Foot),-0.2711556,-0.1041431,0.36653,-0.5033681,-0.4219574,-0.24693,0.7124591
1751960759573,36.59792,SteamVR Tracker (Waist),0,0,0,0,0,0,1
1751960759598,36.62141,SteamVR Tracker (Left Foot),-0.271294,-0.1037722,0.365928,-0.5040224,-0.4217694,-0.2471066,0.7120466
1751960759598,36.62141,SteamVR Tracker (Waist),0,0,0,0,0,0,1
1751960759618,36.64295,SteamVR Tracker (Left Foot),-0.2992189,-0.1316872,0.3482221,-0.5078675,-0.4180017,-0.2379705,0.7146434
1751960759618,36.64295,SteamVR Tracker (Waist),0,0,0,0,0,0,1
1751960759641,36.66557,SteamVR Tracker (Left Foot),-0.277075,-0.1201515,0.3625509,-0.508653,-0.4139866,-0.2435599,0.7145389
1751960759641,36.66557,SteamVR Tracker (Waist),0,0,0,0,0,0,1
1751960759664,36.6895,SteamVR Tracker (Left Foot),-0.2687998,-0.1131663,0.3668543,-0.5091051,-0.4126083,-0.2465182,0.7139995
1751960759664,36.6895,SteamVR Tracker (Waist),0,0,0,0,0,0,1
1751960759684,36.7091,SteamVR Tracker (Left Foot),-0.2704453,-0.109585,0.3672395,-0.5087471,-0.4131835,-0.2464558,0.7139435
1751960759685,36.7091,SteamVR Tracker (Waist),0,0,0,0,0,0,1
1751960759708,36.73275,SteamVR Tracker (Left Foot),-0.2715128,-0.1080029,0.366672,-0.5085509,-0.4136906,-0.2469131,0.7136316
1751960759708,36.73275,SteamVR Tracker (Waist),0,0,0,0,0,0,1
1751960759729,36.75351,SteamVR Tracker (Left Foot),-0.2721713,-0.1077487,0.3664215,-0.508633,-0.4138212,-0.2475645,0.7132716
1751960759729,36.75351,SteamVR Tracker (Waist),0,0,0,0,0,0,1
1751960759750,36.77601,SteamVR Tracker (Left Foot),-0.272369,-0.1072607,0.3670289,-0.5084516,-0.41405,-0.2478821,0.7131578
1751960759750,36.77601,SteamVR Tracker (Waist),0,0,0,0,0,0,1
1751960759774,36.79913,SteamVR Tracker (Left Foot),-0.3415525,-0.03623366,0.4108039,-0.4812757,-0.4414187,-0.22956,0.7216825
1751960759774,36.79913,SteamVR Tracker (Waist),0,0,0,0,0,0,1
1751960759799,36.8219,SteamVR Tracker (Left Foot),-0.3231885,-0.04705596,0.4012023,-0.4857448,-0.4384198,-0.232946,0.7194277
1751960759799,36.8219,SteamVR Tracker (Waist),0,0,0,0,0,0,1
1751960759818,36.84306,SteamVR Tracker (Left Foot),-0.2776265,-0.1014194,0.3739635,-0.4952664,-0.4338497,-0.2383738,0.7139073
1751960759818,36.84306,SteamVR Tracker (Waist),0,0,0,0,0,0,1
1751960759839,36.86437,SteamVR Tracker (Left Foot),-0.274408,-0.103476,0.3740333,-0.4962438,-0.4325648,-0.2395484,0.713615
1751960759840,36.86437,SteamVR Tracker (Waist),0,0,0,0,0,0,1
1751960759863,36.88839,SteamVR Tracker (Left Foot),-0.2690198,-0.1152227,0.3693303,-0.4975488,-0.4329303,-0.2407301,0.7120854
1751960759863,36.88839,SteamVR Tracker (Waist),0,0,0,0,0,0,1
1751960759884,36.9086,SteamVR Tracker (Left Foot),-0.2696639,-0.1178036,0.369011,-0.4971431,-0.4329454,-0.2406782,0.712377
1751960759885,36.9086,SteamVR Tracker (Waist),0,0,0,0,0,0,1
1751960759907,36.93169,SteamVR Tracker (Left Foot),-0.2707837,-0.1184845,0.3693828,-0.4968631,-0.43264,-0.2404172,0.7128459
1751960759907,36.93169,SteamVR Tracker (Waist),0,0,0,0,0,0,1
1751960759930,36.95498,SteamVR Tracker (Left Foot),-0.2723569,-0.1179736,0.3698458,-0.4968059,-0.4323873,-0.2405344,0.7129995
1751960759931,36.95498,SteamVR Tracker (Waist),0,0,0,0,0,0,1
1751960759952,36.97669,SteamVR Tracker (Left Foot),-0.2729721,-0.1168995,0.3697839,-0.4970603,-0.4316984,-0.2409169,0.7131105
1751960759952,36.97669,SteamVR Tracker (Waist),0,0,0,0,0,0,1
1751960759973,36.99802,SteamVR Tracker (Left Foot),-0.2734751,-0.1151011,0.3701372,-0.4972108,-0.4312437,-0.2414635,0.7130958
1751960759973,36.99802,SteamVR Tracker (Waist),0,0,0,0,0,0,1
1751960759996,37.0203,SteamVR Tracker (Left Foot),-0.2740648,-0.1129665,0.3714109,-0.4975422,-0.4303777,-0.2422261,0.7131293
1751960759996,37.0203,SteamVR Tracker (Waist),0,0,0,0,0,0,1
1751960760019,37.0428,SteamVR Tracker (Left Foot),-0.2738965,-0.1113639,0.3703051,-0.4978975,-0.429926,-0.242833,0.7129472
1751960760019,37.0428,SteamVR Tracker (Waist),0,0,0,0,0,0,1
1751960760041,37.06636,SteamVR Tracker (Left Foot),-0.2732498,-0.1109047,0.3706731,-0.4983431,-0.4293858,-0.2430915,0.7128735
1751960760042,37.06636,SteamVR Tracker (Waist),0,0,0,0,0,0,1
1751960760061,37.08604,SteamVR Tracker (Left Foot),-0.2734177,-0.1110985,0.3706172,-0.4985985,-0.4288752,-0.2434317,0.7128861
1751960760061,37.08604,SteamVR Tracker (Waist),0,0,0,0,0,0,1
1751960760083,37.10844,SteamVR Tracker (Left Foot),-0.2731166,-0.1109397,0.3699549,-0.4989759,-0.4283645,-0.2442485,0.7126497
1751960760083,37.10844,SteamVR Tracker (Waist),0,0,0,0,0,0,1
1751960760105,37.13001,SteamVR Tracker (Left Foot),-0.273413,-0.1099465,0.3704569,-0.4993254,-0.4278451,-0.2445314,0.71262
1751960760106,37.13001,SteamVR Tracker (Waist),0,0,0,0,0,0,1
1751960760127,37.15282,SteamVR Tracker (Left Foot),-0.2725612,-0.1100376,0.3696396,-0.4998727,-0.4273885,-0.2449636,0.7123617
1751960760127,37.15282,SteamVR Tracker (Waist),0,0,0,0,0,0,1
1751960760150,37.17529,SteamVR Tracker (Left Foot),-0.2723145,-0.1102636,0.3692698,-0.5003832,-0.4268624,-0.2455212,0.7121267
1751960760150,37.17529,SteamVR Tracker (Waist),0,0,0,0,0,0,1
1751960760173,37.19754,SteamVR Tracker (Left Foot),-0.2721327,-0.1100729,0.3693581,-0.5005871,-0.4264387,-0.2456572,0.7121904
1751960760174,37.19754,SteamVR Tracker (Waist),0,0,0,0,0,0,1
1751960760196,37.22019,SteamVR Tracker (Left Foot),-0.2722916,-0.1099901,0.3690794,-0.500798,-0.426041,-0.2459074,0.7121938
1751960760196,37.22019,SteamVR Tracker (Waist),0,0,0,0,0,0,1
1751960760218,37.24298,SteamVR Tracker (Left Foot),-0.3219189,-0.0690496,0.3968336,-0.4813842,-0.4473108,-0.233528,0.7166917
1751960760218,37.24298,SteamVR Tracker (Waist),0,0,0,0,0,0,1
1751960760240,37.26502,SteamVR Tracker (Left Foot),-0.2850167,-0.09434485,0.3818086,-0.4880198,-0.4431952,-0.2366369,0.713735
1751960760240,37.26502,SteamVR Tracker (Waist),0,0,0,0,0,0,1
1751960760262,37.28596,SteamVR Tracker (Left Foot),-0.2740918,-0.1057284,0.3752854,-0.4900434,-0.4417495,-0.2380569,0.7127718
1751960760262,37.28596,SteamVR Tracker (Waist),0,0,0,0,0,0,1
1751960760285,37.31021,SteamVR Tracker (Left Foot),-0.2685476,-0.1165378,0.3700331,-0.491441,-0.4403509,-0.2388174,0.7124206
1751960760286,37.31021,SteamVR Tracker (Waist),0,0,0,0,0,0,1
1751960760308,37.33287,SteamVR Tracker (Left Foot),-0.2700306,-0.1191707,0.3695665,-0.4913297,-0.4400845,-0.2386286,0.7127252
1751960760308,37.33287,SteamVR Tracker (Waist),0,0,0,0,0,0,1
1751960760330,37.35534,SteamVR Tracker (Left Foot),-0.3110859,-0.08166933,0.391113,-0.4757745,-0.4537875,-0.229151,0.717778
1751960760330,37.35534,SteamVR Tracker (Waist),0,0,0,0,0,0,1
1751960760353,37.37748,SteamVR Tracker (Left Foot),-0.2837321,-0.105742,0.3802931,-0.4798783,-0.4522647,-0.2303841,0.7156093
1751960760353,37.37748,SteamVR Tracker (Waist),0,0,0,0,0,0,1
1751960760372,37.39799,SteamVR Tracker (Left Foot),-0.273522,-0.1125605,0.3752865,-0.4816446,-0.450832,-0.2317042,0.7149001
1751960760372,37.39799,SteamVR Tracker (Waist),0,0,0,0,0,0,1
1751960760397,37.42124,SteamVR Tracker (Left Foot),-0.27443,-0.1135328,0.3756889,-0.481804,-0.4499549,-0.231783,0.7153196
1751960760398,37.42124,SteamVR Tracker (Waist),0,0,0,0,0,0,1
1751960760419,37.44382,SteamVR Tracker (Left Foot),-0.2711419,-0.1169467,0.3740517,-0.4825868,-0.4489003,-0.231917,0.7154111
1751960760419,37.44382,SteamVR Tracker (Waist),0,0,0,0,0,0,1
1751960760440,37.46523,SteamVR Tracker (Left Foot),-0.2721169,-0.1196434,0.3730422,-0.4833453,-0.4479302,-0.231689,0.7155809
1751960760440,37.46523,SteamVR Tracker (Waist),0,0,0,0,0,0,1
1751960760463,37.48839,SteamVR Tracker (Left Foot),-0.2737252,-0.1183696,0.3740203,-0.4834742,-0.4477161,-0.2316004,0.7156565
1751960760463,37.48839,SteamVR Tracker (Waist),0,0,0,0,0,0,1
1751960760486,37.51038,SteamVR Tracker (Left Foot),-0.2738822,-0.1185453,0.3733614,-0.4842143,-0.4465071,-0.2319106,0.7158111
1751960760486,37.51038,SteamVR Tracker (Waist),0,0,0,0,0,0,1
1751960760508,37.5323,SteamVR Tracker (Left Foot),-0.2741379,-0.1179357,0.3736092,-0.4847166,-0.4457966,-0.2321255,0.7158443
1751960760508,37.5323,SteamVR Tracker (Waist),0,0,0,0,0,0,1
1751960760529,37.55445,SteamVR Tracker (Left Foot),-0.3051215,-0.1426749,0.3567397,-0.4862498,-0.4434766,-0.2281319,0.7175273
1751960760529,37.55445,SteamVR Tracker (Waist),0,0,0,0,0,0,1
1751960760553,37.57664,SteamVR Tracker (Left Foot),-0.2808885,-0.1290603,0.3704076,-0.4883197,-0.4394386,-0.2318232,0.7174229
1751960760553,37.57664,SteamVR Tracker (Waist),0,0,0,0,0,0,1
1751960760573,37.59819,SteamVR Tracker (Left Foot),-0.308033,-0.09277534,0.3937784,-0.4746078,-0.4521394,-0.2214901,0.7219831
1751960760573,37.59819,SteamVR Tracker (Waist),0,0,0,0,0,0,1
1751960760597,37.62076,SteamVR Tracker (Left Foot),-0.2857797,-0.108521,0.3828894,-0.4789102,-0.4513237,-0.2249476,0.7185754
1751960760597,37.62076,SteamVR Tracker (Waist),0,0,0,0,0,0,1
1751960760618,37.64213,SteamVR Tracker (Left Foot),-0.2837046,-0.1125917,0.3786182,-0.4814903,-0.450032,-0.2259845,0.7173349
1751960760618,37.64213,SteamVR Tracker (Waist),0,0,0,0,0,0,1
1751960760642,37.66611,SteamVR Tracker (Left Foot),-0.2721327,-0.1243341,0.372757,-0.4825242,-0.4484381,-0.227472,0.7171682
1751960760642,37.66611,SteamVR Tracker (Waist),0,0,0,0,0,0,1
1751960760663,37.68715,SteamVR Tracker (Left Foot),-0.2725438,-0.1276081,0.3723342,-0.48314,-0.447923,-0.227428,0.7170894
1751960760663,37.68715,SteamVR Tracker (Waist),0,0,0,0,0,0,1
1751960760684,37.70919,SteamVR Tracker (Left Foot),-0.2754991,-0.1275196,0.3729829,-0.4829757,-0.4473805,-0.227764,0.7174321
1751960760684,37.70919,SteamVR Tracker (Waist),0,0,0,0,0,0,1
1751960760706,37.73124,SteamVR Tracker (Left Foot),-0.2757704,-0.1254327,0.3755384,-0.4836194,-0.4455436,-0.2291175,0.7177105
1751960760706,37.73124,SteamVR Tracker (Waist),0,0,0,0,0,0,1
1751960760729,37.754,SteamVR Tracker (Left Foot),-0.2759386,-0.1232138,0.3746035,-0.4843173,-0.4446332,-0.2300077,0.7175198
1751960760729,37.754,SteamVR Tracker (Waist),0,0,0,0,0,0,1
1751960760750,37.77526,SteamVR Tracker (Left Foot),-0.2762104,-0.1224914,0.375025,-0.4848306,-0.4439574,-0.230607,0.7173992
1751960760750,37.77526,SteamVR Tracker (Waist),0,0,0,0,0,0,1
1751960760772,37.79726,SteamVR Tracker (Left Foot),-0.2763287,-0.1214659,0.3751034,-0.4853722,-0.4433419,-0.2316005,0.7170934
1751960760772,37.79726,SteamVR Tracker (Waist),0,0,0,0,0,0,1
1751960760798,37.82138,SteamVR Tracker (Left Foot),-0.2759643,-0.1201942,0.374844,-0.4860281,-0.442366,-0.2323574,0.7170071
1751960760798,37.82138,SteamVR Tracker (Waist),0,0,0,0,0,0,1
1751960760817,37.84187,SteamVR Tracker (Left Foot),-0.2757465,-0.1202471,0.3744391,-0.4865676,-0.4417134,-0.2331303,0.7167926
1751960760817,37.84187,SteamVR Tracker (Waist),0,0,0,0,0,0,1
1751960760843,37.86763,SteamVR Tracker (Left Foot),-0.2752804,-0.1197865,0.3747148,-0.4874403,-0.4406275,-0.2340239,0.7165767
1751960760843,37.86763,SteamVR Tracker (Waist),0,0,0,0,0,0,1
1751960760861,37.88687,SteamVR Tracker (Left Foot),-0.2755185,-0.1195581,0.3747668,-0.4880377,-0.4397318,-0.2346635,0.7165111
1751960760862,37.88687,SteamVR Tracker (Waist),0,0,0,0,0,0,1
1751960760885,37.9095,SteamVR Tracker (Left Foot),-0.2751588,-0.1199458,0.3744909,-0.4887862,-0.4389276,-0.2354735,0.7162282
1751960760885,37.9095,SteamVR Tracker (Waist),0,0,0,0,0,0,1
1751960760908,37.93167,SteamVR Tracker (Left Foot),-0.2745411,-0.1195724,0.3740864,-0.4898723,-0.4376848,-0.2363577,0.7159554
1751960760908,37.93167,SteamVR Tracker (Waist),0,0,0,0,0,0,1
1751960760931,37.95513,SteamVR Tracker (Left Foot),-0.2745405,-0.1194134,0.373751,-0.4905725,-0.4369284,-0.2368694,0.7157689
1751960760931,37.95513,SteamVR Tracker (Waist),0,0,0,0,0,0,1
1751960760952,37.97659,SteamVR Tracker (Left Foot),-0.3290196,-0.06492972,0.4093069,-0.4774984,-0.4496512,-0.2286887,0.719382
1751960760952,37.97659,SteamVR Tracker (Waist),0,0,0,0,0,0,1
1751960760974,37.99775,SteamVR Tracker (Left Foot),-0.297762,-0.08252788,0.3944915,-0.4823195,-0.4461187,-0.2306493,0.7177374
1751960760974,37.99775,SteamVR Tracker (Waist),0,0,0,0,0,0,1
1751960760996,38.02037,SteamVR Tracker (Left Foot),-0.2833779,-0.09676266,0.3832007,-0.484267,-0.4456978,-0.2318846,0.716288
1751960760996,38.02037,SteamVR Tracker (Waist),0,0,0,0,0,0,1
1751960761019,38.04274,SteamVR Tracker (Left Foot),-0.2712319,-0.1218696,0.3748038,-0.4854366,-0.4461193,-0.2328634,0.714915
1751960761019,38.04274,SteamVR Tracker (Waist),0,0,0,0,0,0,1
1751960761040,38.06563,SteamVR Tracker (Left Foot),-0.2702526,-0.1297863,0.3726624,-0.4853718,-0.4458336,-0.2329173,0.7151197
1751960761040,38.06563,SteamVR Tracker (Waist),0,0,0,0,0,0,1
1751960761062,38.08762,SteamVR Tracker (Left Foot),-0.2729031,-0.1308424,0.373791,-0.4855448,-0.4451682,-0.233337,0.7152799
1751960761062,38.08762,SteamVR Tracker (Waist),0,0,0,0,0,0,1
1751960761086,38.11026,SteamVR Tracker (Left Foot),-0.2754813,-0.125422,0.3752915,-0.48631,-0.4439233,-0.2338175,0.7153769
1751960761087,38.11026,SteamVR Tracker (Waist),0,0,0,0,0,0,1
1751960761107,38.13153,SteamVR Tracker (Left Foot),-0.2754272,-0.1250212,0.3765362,-0.4867201,-0.4429012,-0.2345517,0.7154912
1751960761107,38.13153,SteamVR Tracker (Waist),0,0,0,0,0,0,1
1751960761130,38.1549,SteamVR Tracker (Left Foot),-0.2755937,-0.1219344,0.3753315,-0.4874947,-0.4419602,-0.2354295,0.7152573
1751960761130,38.1549,SteamVR Tracker (Waist),0,0,0,0,0,0,1
1751960761151,38.17621,SteamVR Tracker (Left Foot),-0.2770476,-0.119854,0.3757985,-0.48796,-0.4415757,-0.2358623,0.7150349
1751960761151,38.17621,SteamVR Tracker (Waist),0,0,0,0,0,0,1
1751960761174,38.19785,SteamVR Tracker (Left Foot),-0.2755283,-0.1203511,0.3752633,-0.4884632,-0.4408875,-0.2364722,0.7149146
1751960761174,38.19785,SteamVR Tracker (Waist),0,0,0,0,0,0,1
1751960761197,38.22131,SteamVR Tracker (Left Foot),-0.2746593,-0.1197436,0.3753068,-0.4891727,-0.4399296,-0.2371727,0.7147875
1751960761197,38.22131,SteamVR Tracker (Waist),0,0,0,0,0,0,1
1751960761218,38.24332,SteamVR Tracker (Left Foot),-0.275431,-0.1189492,0.3756817,-0.489743,-0.4388752,-0.2375662,0.7149144
1751960761218,38.24332,SteamVR Tracker (Waist),0,0,0,0,0,0,1
1751960761241,38.2662,SteamVR Tracker (Left Foot),-0.2760527,-0.1180971,0.3755026,-0.4906516,-0.4379491,-0.2378446,0.7147668
1751960761241,38.2662,SteamVR Tracker (Waist),0,0,0,0,0,0,1
1751960761264,38.28812,SteamVR Tracker (Left Foot),-0.2741019,-0.1199706,0.3746524,-0.4917081,-0.436921,-0.2387108,0.7143812
1751960761264,38.28812,SteamVR Tracker (Waist),0,0,0,0,0,0,1
1751960761286,38.31105,SteamVR Tracker (Left Foot),-0.2742634,-0.119668,0.3741029,-0.4924321,-0.4360916,-0.2393375,0.7141795
1751960761286,38.31105,SteamVR Tracker (Waist),0,0,0,0,0,0,1
1751960761305,38.33076,SteamVR Tracker (Left Foot),-0.2740116,-0.1198545,0.3737392,-0.49301,-0.4355393,-0.2400153,0.7138903
1751960761305,38.33076,SteamVR Tracker (Waist),0,0,0,0,0,0,1
1751960761331,38.35687,SteamVR Tracker (Left Foot),-0.2744234,-0.1201274,0.3733887,-0.4931141,-0.4352614,-0.2403901,0.7138618
1751960761331,38.35687,SteamVR Tracker (Waist),0,0,0,0,0,0,1
1751960761351,38.37614,SteamVR Tracker (Left Foot),-0.2740853,-0.1196349,0.3737928,-0.4936105,-0.4345477,-0.2409518,0.7137642
1751960761351,38.37614,SteamVR Tracker (Waist),0,0,0,0,0,0,1
1751960761374,38.3986,SteamVR Tracker (Left Foot),-0.2737906,-0.1190124,0.3736591,-0.4942436,-0.4338222,-0.241427,0.7136068
1751960761374,38.3986,SteamVR Tracker (Waist),0,0,0,0,0,0,1
1751960761397,38.42048,SteamVR Tracker (Left Foot),-0.2738106,-0.1191289,0.3737847,-0.4947821,-0.4331652,-0.2416063,0.713572
1751960761397,38.42048,SteamVR Tracker (Waist),0,0,0,0,0,0,1
1751960761418,38.44327,SteamVR Tracker (Left Foot),-0.2736335,-0.11888,0.3734755,-0.4952615,-0.4326709,-0.2421959,0.7133394
1751960761419,38.44327,SteamVR Tracker (Waist),0,0,0,0,0,0,1
1751960761441,38.4664,SteamVR Tracker (Left Foot),-0.2738671,-0.1183736,0.373394,-0.4961196,-0.4313761,-0.2428761,0.7132961
1751960761441,38.4664,SteamVR Tracker (Waist),0,0,0,0,0,0,1
1751960761462,38.4883,SteamVR Tracker (Left Foot),-0.2736841,-0.1182172,0.3733402,-0.4965189,-0.4310144,-0.2432964,0.7130936
1751960761463,38.4883,SteamVR Tracker (Waist),0,0,0,0,0,0,1
1751960761487,38.51149,SteamVR Tracker (Left Foot),-0.2734717,-0.1180689,0.3731288,-0.4969043,-0.4305131,-0.2439938,0.7128896
1751960761487,38.51149,SteamVR Tracker (Waist),0,0,0,0,0,0,1
1751960761507,38.53287,SteamVR Tracker (Left Foot),-0.2732848,-0.1181631,0.373153,-0.4973264,-0.4298927,-0.2443444,0.7128496
1751960761507,38.53287,SteamVR Tracker (Waist),0,0,0,0,0,0,1
1751960761530,38.55498,SteamVR Tracker (Left Foot),-0.2734723,-0.1181295,0.3727744,-0.4979815,-0.4294611,-0.2445954,0.7125663
1751960761531,38.55498,SteamVR Tracker (Waist),0,0,0,0,0,0,1
1751960761552,38.57794,SteamVR Tracker (Left Foot),-0.2734266,-0.1175106,0.3728104,-0.498389,-0.4287882,-0.2452746,0.7124531
1751960761552,38.57794,SteamVR Tracker (Waist),0,0,0,0,0,0,1
1751960761574,38.59908,SteamVR Tracker (Left Foot),-0.2733874,-0.1173851,0.3725554,-0.4987811,-0.4284601,-0.2453867,0.7123376
1751960761574,38.59908,SteamVR Tracker (Waist),0,0,0,0,0,0,1
1751960761599,38.62231,SteamVR Tracker (Left Foot),-0.2727504,-0.1173036,0.3725138,-0.4989569,-0.4281464,-0.2454618,0.7123772
1751960761599,38.62231,SteamVR Tracker (Waist),0,0,0,0,0,0,1
1751960761619,38.64455,SteamVR Tracker (Left Foot),-0.272906,-0.1171963,0.372297,-0.4992613,-0.4278666,-0.2457354,0.7122376
1751960761619,38.64455,SteamVR Tracker (Waist),0,0,0,0,0,0,1
1751960761643,38.66772,SteamVR Tracker (Left Foot),-0.2731933,-0.1167686,0.3724067,-0.4997933,-0.4273665,-0.2459826,0.7120795
1751960761643,38.66772,SteamVR Tracker (Waist),0,0,0,0,0,0,1
1751960761662,38.68752,SteamVR Tracker (Left Foot),-0.2729662,-0.1168723,0.3724112,-0.4998205,-0.4271189,-0.2461862,0.7121385
1751960761662,38.68752,SteamVR Tracker (Waist),0,0,0,0,0,0,1
1751960761686,38.71043,SteamVR Tracker (Left Foot),-0.2730698,-0.1167789,0.3718962,-0.4999593,-0.4268744,-0.2465555,0.71206
1751960761686,38.71043,SteamVR Tracker (Waist),0,0,0,0,0,0,1
1751960761707,38.7328,SteamVR Tracker (Left Foot),-0.2729921,-0.1163058,0.3716682,-0.500343,-0.4266088,-0.2468305,0.7118543
1751960761708,38.7328,SteamVR Tracker (Waist),0,0,0,0,0,0,1
1751960761728,38.75397,SteamVR Tracker (Left Foot),-0.2728183,-0.1159785,0.3715872,-0.5006054,-0.4264702,-0.2467071,0.7117956
1751960761728,38.75397,SteamVR Tracker (Waist),0,0,0,0,0,0,1
1751960761752,38.77768,SteamVR Tracker (Left Foot),-0.2727915,-0.1161938,0.3715486,-0.5007815,-0.4261109,-0.246806,0.7118527
1751960761752,38.77768,SteamVR Tracker (Waist),0,0,0,0,0,0,1
1751960761772,38.79859,SteamVR Tracker (Left Foot),-0.3210153,-0.05207515,0.4068908,-0.4802448,-0.4438509,-0.2343212,0.7193434
1751960761772,38.79859,SteamVR Tracker (Waist),0,0,0,0,0,0,1
1751960761799,38.82147,SteamVR Tracker (Left Foot),-0.3062478,-0.06463861,0.3979462,-0.4860488,-0.4394519,-0.236756,0.717346
1751960761799,38.82147,SteamVR Tracker (Waist),0,0,0,0,0,0,1
1751960761817,38.84362,SteamVR Tracker (Left Foot),-0.2933331,-0.07946038,0.3901415,-0.4891746,-0.4387031,-0.2388244,0.71499
1751960761817,38.84362,SteamVR Tracker (Waist),0,0,0,0,0,0,1
1751960761840,38.86575,SteamVR Tracker (Left Foot),-0.2711827,-0.1135225,0.3754557,-0.4911904,-0.4396987,-0.2397945,0.7126681
1751960761841,38.86575,SteamVR Tracker (Waist),0,0,0,0,0,0,1
1751960761862,38.88813,SteamVR Tracker (Left Foot),-0.3110147,-0.08643103,0.3980445,-0.4722076,-0.456908,-0.2282669,0.7184353
1751960761862,38.88813,SteamVR Tracker (Waist),0,0,0,0,0,0,1
1751960761886,38.91094,SteamVR Tracker (Left Foot),-0.2979492,-0.08976483,0.3940929,-0.476903,-0.4534764,-0.2307993,0.7166969
1751960761886,38.91094,SteamVR Tracker (Waist),0,0,0,0,0,0,1
1751960761907,38.93206,SteamVR Tracker (Left Foot),-0.2990854,-0.0836997,0.3949391,-0.4772648,-0.4533051,-0.2319539,0.7161914
1751960761907,38.93206,SteamVR Tracker (Waist),0,0,0,0,0,0,1
1751960761931,38.95607,SteamVR Tracker (Left Foot),-0.2868044,-0.09717774,0.3872854,-0.4815943,-0.4503176,-0.2339041,0.7145418
1751960761931,38.95607,SteamVR Tracker (Waist),0,0,0,0,0,0,1
1751960761954,38.97964,SteamVR Tracker (Left Foot),-0.2826075,-0.1036205,0.3848074,-0.4839217,-0.4478297,-0.2351078,0.7141377
1751960761954,38.97964,SteamVR Tracker (Waist),0,0,0,0,0,0,1
1751960761975,39.00011,SteamVR Tracker (Left Foot),-0.2719183,-0.1238296,0.3757698,-0.484953,-0.4474148,-0.2355724,0.713545
1751960761975,39.00011,SteamVR Tracker (Waist),0,0,0,0,0,0,1
1751960761998,39.02353,SteamVR Tracker (Left Foot),-0.2739992,-0.1241565,0.3780568,-0.4851582,-0.4469298,-0.2358988,0.7136015
1751960761998,39.02353,SteamVR Tracker (Waist),0,0,0,0,0,0,1
1751960762019,39.04453,SteamVR Tracker (Left Foot),-0.2715982,-0.1292129,0.3749806,-0.4854519,-0.4465612,-0.2359543,0.7136142
1751960762019,39.04453,SteamVR Tracker (Waist),0,0,0,0,0,0,1
1751960762039,39.06523,SteamVR Tracker (Left Foot),-0.2753391,-0.1254413,0.3776212,-0.4852534,-0.4456439,-0.2361966,0.7142422
1751960762039,39.06523,SteamVR Tracker (Waist),0,0,0,0,0,0,1
1751960762065,39.08968,SteamVR Tracker (Left Foot),-0.2748237,-0.1249273,0.375644,-0.4856485,-0.4454396,-0.2360347,0.7141546
1751960762065,39.08968,SteamVR Tracker (Waist),0,0,0,0,0,0,1
1751960762085,39.11061,SteamVR Tracker (Left Foot),-0.2753302,-0.1235995,0.3757718,-0.4861092,-0.4447519,-0.2361903,0.7142183
1751960762085,39.11061,SteamVR Tracker (Waist),0,0,0,0,0,0,1
1751960762108,39.13324,SteamVR Tracker (Left Foot),-0.276154,-0.1212027,0.3765845,-0.48662,-0.4438101,-0.2368597,0.7142346
1751960762108,39.13324,SteamVR Tracker (Waist),0,0,0,0,0,0,1
1751960762131,39.15583,SteamVR Tracker (Left Foot),-0.2751341,-0.1215892,0.3759244,-0.4872704,-0.4428213,-0.2378743,0.7140677
1751960762132,39.15583,SteamVR Tracker (Waist),0,0,0,0,0,0,1
1751960762153,39.17805,SteamVR Tracker (Left Foot),-0.2954309,-0.1427648,0.3649907,-0.4880511,-0.4418072,-0.2322704,0.7160049
1751960762153,39.17805,SteamVR Tracker (Waist),0,0,0,0,0,0,1
1751960762177,39.20117,SteamVR Tracker (Left Foot),-0.2947251,-0.1490943,0.3618004,-0.4925443,-0.4341301,-0.2336289,0.7171811
1751960762177,39.20117,SteamVR Tracker (Waist),0,0,0,0,0,0,1
1751960762206,39.23152,SteamVR Tracker (Left Foot),-0.2759394,-0.1373627,0.374477,-0.4937707,-0.4308846,-0.2373652,0.7170681
1751960762206,39.23152,SteamVR Tracker (Waist),0,0,0,0,0,0,1
1751960762230,39.25519,SteamVR Tracker (Left Foot),-0.2736467,-0.1330948,0.3761328,-0.4941379,-0.4309675,-0.2376141,0.7166829
1751960762230,39.25519,SteamVR Tracker (Waist),0,0,0,0,0,0,1
1751960762252,39.27748,SteamVR Tracker (Left Foot),-0.2756076,-0.1307583,0.3748448,-0.4942292,-0.431369,-0.2380244,0.716242
1751960762252,39.27748,SteamVR Tracker (Waist),0,0,0,0,0,0,1
1751960762273,39.29788,SteamVR Tracker (Left Foot),-0.2734047,-0.127351,0.3766434,-0.4946337,-0.4310669,-0.2381793,0.7160932
1751960762273,39.29788,SteamVR Tracker (Waist),0,0,0,0,0,0,1
1751960762297,39.322,SteamVR Tracker (Left Foot),-0.2769258,-0.1280758,0.3753417,-0.4950966,-0.4308433,-0.2388859,0.7156724
1751960762298,39.322,SteamVR Tracker (Waist),0,0,0,0,0,0,1
1751960762316,39.34246,SteamVR Tracker (Left Foot),-0.2765654,-0.1274037,0.3757485,-0.495074,-0.4307182,-0.2391313,0.7156814
1751960762317,39.34246,SteamVR Tracker (Waist),0,0,0,0,0,0,1
1751960762341,39.36583,SteamVR Tracker (Left Foot),-0.2762068,-0.1269093,0.3757165,-0.4956345,-0.4304732,-0.2396304,0.7152738
1751960762341,39.36583,SteamVR Tracker (Waist),0,0,0,0,0,0,1
1751960762362,39.3875,SteamVR Tracker (Left Foot),-0.2750077,-0.1261468,0.3759682,-0.496204,-0.4302422,-0.2403474,0.7147771
1751960762362,39.3875,SteamVR Tracker (Waist),0,0,0,0,0,0,1
1751960762383,39.40777,SteamVR Tracker (Left Foot),-0.274762,-0.1263599,0.375816,-0.4964188,-0.4299747,-0.2406651,0.714682
1751960762383,39.40777,SteamVR Tracker (Waist),0,0,0,0,0,0,1
1751960762407,39.43254,SteamVR Tracker (Left Foot),-0.2745256,-0.1259217,0.3760702,-0.4965627,-0.4300688,-0.2408856,0.7144511
1751960762408,39.43254,SteamVR Tracker (Waist),0,0,0,0,0,0,1
1751960762429,39.45387,SteamVR Tracker (Left Foot),-0.2740813,-0.1256752,0.3760882,-0.4968068,-0.429947,-0.2410815,0.7142887
1751960762429,39.45387,SteamVR Tracker (Waist),0,0,0,0,0,0,1
1751960762452,39.47753,SteamVR Tracker (Left Foot),-0.3009737,-0.1500869,0.359194,-0.4997765,-0.4273539,-0.2357277,0.7155589
1751960762452,39.47753,SteamVR Tracker (Waist),0,0,0,0,0,0,1
1751960762477,39.50041,SteamVR Tracker (Left Foot),-0.2856753,-0.1450844,0.3709249,-0.4999973,-0.4246641,-0.2388464,0.7159718
1751960762477,39.50041,SteamVR Tracker (Waist),0,0,0,0,0,0,1
1751960762499,39.5236,SteamVR Tracker (Left Foot),-0.2745334,-0.1353621,0.3766221,-0.5008829,-0.4222792,-0.2423788,0.7155761
1751960762499,39.5236,SteamVR Tracker (Waist),0,0,0,0,0,0,1
1751960762519,39.54439,SteamVR Tracker (Left Foot),-0.2727607,-0.1331403,0.3768892,-0.5012322,-0.4222484,-0.2431818,0.715077
1751960762519,39.54439,SteamVR Tracker (Waist),0,0,0,0,0,0,1
1751960762544,39.56945,SteamVR Tracker (Left Foot),-0.2734337,-0.1305766,0.3774129,-0.5012494,-0.4228516,-0.2431514,0.7147188
1751960762544,39.56945,SteamVR Tracker (Waist),0,0,0,0,0,0,1
1751960762564,39.58945,SteamVR Tracker (Left Foot),-0.2745216,-0.1295047,0.3768057,-0.5012133,-0.4230979,-0.2436782,0.7144189
1751960762564,39.58945,SteamVR Tracker (Waist),0,0,0,0,0,0,1
1751960762590,39.61292,SteamVR Tracker (Left Foot),-0.3159672,-0.1540434,0.3552281,-0.5039878,-0.4192947,-0.2377978,0.7166871
1751960762590,39.61292,SteamVR Tracker (Waist),0,0,0,0,0,0,1
1751960762608,39.63276,SteamVR Tracker (Left Foot),-0.2826518,-0.1457329,0.373259,-0.5051247,-0.41636,-0.2413363,0.7164147
1751960762608,39.63276,SteamVR Tracker (Waist),0,0,0,0,0,0,1
1751960762632,39.65549,SteamVR Tracker (Left Foot),-0.2746246,-0.139132,0.3764433,-0.5052189,-0.4161972,-0.2437442,0.7156274
1751960762632,39.65549,SteamVR Tracker (Waist),0,0,0,0,0,0,1
1751960762650,39.67512,SteamVR Tracker (Left Foot),-0.2736218,-0.1382477,0.3775844,-0.5049289,-0.4164687,-0.244478,0.7154238
1751960762650,39.67512,SteamVR Tracker (Waist),0,0,0,0,0,0,1
1751960762672,39.69747,SteamVR Tracker (Left Foot),-0.2729124,-0.1348107,0.3784267,-0.5049219,-0.4170416,-0.2448808,0.7149572
1751960762672,39.69747,SteamVR Tracker (Waist),0,0,0,0,0,0,1
1751960762697,39.72163,SteamVR Tracker (Left Foot),-0.2711436,-0.1309838,0.3795885,-0.5051169,-0.4173396,-0.2450553,0.7145855
1751960762697,39.72163,SteamVR Tracker (Waist),0,0,0,0,0,0,1
1751960762718,39.74283,SteamVR Tracker (Left Foot),-0.2991579,-0.1613381,0.3666123,-0.5082743,-0.4105276,-0.2424543,0.7171752
1751960762718,39.74283,SteamVR Tracker (Waist),0,0,0,0,0,0,1
1751960762740,39.76545,SteamVR Tracker (Left Foot),-0.2881518,-0.1559896,0.3719057,-0.5084713,-0.4096244,-0.2449575,0.7167013
1751960762740,39.76545,SteamVR Tracker (Waist),0,0,0,0,0,0,1
1751960762763,39.78814,SteamVR Tracker (Left Foot),-0.2821364,-0.1537418,0.372845,-0.5085626,-0.4100218,-0.2466424,0.7158309
1751960762763,39.78814,SteamVR Tracker (Waist),0,0,0,0,0,0,1
1751960762784,39.80872,SteamVR Tracker (Left Foot),-0.2718871,-0.1420727,0.3803889,-0.508743,-0.4091646,-0.2475989,0.7158628
1751960762784,39.80872,SteamVR Tracker (Waist),0,0,0,0,0,0,1
1751960762807,39.83236,SteamVR Tracker (Left Foot),-0.2744278,-0.139787,0.3797745,-0.5083438,-0.410568,-0.2478221,0.7152655
1751960762808,39.83236,SteamVR Tracker (Waist),0,0,0,0,0,0,1
1751960762828,39.85338,SteamVR Tracker (Left Foot),-0.2752567,-0.13814,0.3797776,-0.5080027,-0.4116762,-0.247622,0.7149402
1751960762828,39.85338,SteamVR Tracker (Waist),0,0,0,0,0,0,1
1751960762851,39.87566,SteamVR Tracker (Left Foot),-0.2753306,-0.1371074,0.3792487,-0.5080414,-0.4120853,-0.2477274,0.7146403
1751960762851,39.87566,SteamVR Tracker (Waist),0,0,0,0,0,0,1
1751960762874,39.89865,SteamVR Tracker (Left Foot),-0.2760033,-0.1378913,0.3791057,-0.5079697,-0.413041,-0.2478379,0.714101
1751960762874,39.89865,SteamVR Tracker (Waist),0,0,0,0,0,0,1
1751960762897,39.92232,SteamVR Tracker (Left Foot),-0.2781792,-0.1395428,0.3782824,-0.5075861,-0.4139572,-0.2483663,0.7136596
1751960762897,39.92232,SteamVR Tracker (Waist),0,0,0,0,0,0,1
1751960762918,39.94301,SteamVR Tracker (Left Foot),-0.2780313,-0.1395509,0.3784121,-0.5077248,-0.4141238,-0.2490894,0.7132122
1751960762918,39.94301,SteamVR Tracker (Waist),0,0,0,0,0,0,1
1751960762941,39.96551,SteamVR Tracker (Left Foot),-0.2766826,-0.1384158,0.379283,-0.5077732,-0.4144398,-0.2494053,0.7128836
1751960762941,39.96551,SteamVR Tracker (Waist),0,0,0,0,0,0,1
1751960762964,39.98886,SteamVR Tracker (Left Foot),-0.2762216,-0.1379704,0.3796232,-0.5075858,-0.414734,-0.2494598,0.7128269
1751960762964,39.98886,SteamVR Tracker (Waist),0,0,0,0,0,0,1
1751960762986,40.0099,SteamVR Tracker (Left Foot),-0.2759111,-0.1375582,0.3794641,-0.5075981,-0.4150873,-0.249626,0.7125543
1751960762986,40.0099,SteamVR Tracker (Waist),0,0,0,0,0,0,1
1751960763007,40.03278,SteamVR Tracker (Left Foot),-0.3779016,-0.02829027,0.4410948,-0.4806045,-0.4396198,-0.232534,0.7222754
1751960763007,40.03278,SteamVR Tracker (Waist),0,0,0,0,0,0,1
1751960763031,40.05484,SteamVR Tracker (Left Foot),-0.2883677,-0.114675,0.3908073,-0.4921307,-0.4375579,-0.2375467,0.7140883
1751960763031,40.05484,SteamVR Tracker (Waist),0,0,0,0,0,0,1
1751960763051,40.07681,SteamVR Tracker (Left Foot),-0.2811418,-0.1262653,0.3887524,-0.4930438,-0.4358259,-0.2388071,0.7140973
1751960763051,40.07681,SteamVR Tracker (Waist),0,0,0,0,0,0,1
1751960763073,40.09906,SteamVR Tracker (Left Foot),-0.2732951,-0.1428795,0.3833614,-0.4937781,-0.4361757,-0.2394952,0.7131452
1751960763073,40.09906,SteamVR Tracker (Waist),0,0,0,0,0,0,1
1751960763098,40.12186,SteamVR Tracker (Left Foot),-0.2733034,-0.1497781,0.3819672,-0.4933141,-0.436141,-0.2392732,0.713562
1751960763098,40.12186,SteamVR Tracker (Waist),0,0,0,0,0,0,1
1751960763119,40.14372,SteamVR Tracker (Left Foot),-0.2757756,-0.150522,0.3820103,-0.493239,-0.4361772,-0.2393356,0.7135707
1751960763119,40.14372,SteamVR Tracker (Waist),0,0,0,0,0,0,1
1751960763142,40.16552,SteamVR Tracker (Left Foot),-0.2772686,-0.1488903,0.3828667,-0.4935983,-0.4360741,-0.2396391,0.7132834
1751960763142,40.16552,SteamVR Tracker (Waist),0,0,0,0,0,0,1
1751960763162,40.18756,SteamVR Tracker (Left Foot),-0.278319,-0.1471913,0.3831922,-0.4936912,-0.4359374,-0.240066,0.7131592
1751960763162,40.18756,SteamVR Tracker (Waist),0,0,0,0,0,0,1
1751960763185,40.20903,SteamVR Tracker (Left Foot),-0.2778988,-0.1451626,0.3831838,-0.4941338,-0.43534,-0.2405595,0.7130512
1751960763185,40.20903,SteamVR Tracker (Waist),0,0,0,0,0,0,1
1751960763209,40.23357,SteamVR Tracker (Left Foot),-0.2775296,-0.1438928,0.3832284,-0.4943341,-0.4348783,-0.2408932,0.7130814
1751960763209,40.23357,SteamVR Tracker (Waist),0,0,0,0,0,0,1
1751960763230,40.25447,SteamVR Tracker (Left Foot),-0.2770651,-0.1426523,0.383025,-0.4946408,-0.4344193,-0.2411251,0.7130703
1751960763230,40.25447,SteamVR Tracker (Waist),0,0,0,0,0,0,1
1751960763249,40.27414,SteamVR Tracker (Left Foot),-0.2771297,-0.141896,0.3829415,-0.4948414,-0.4341297,-0.24118,0.7130889
1751960763249,40.27414,SteamVR Tracker (Waist),0,0,0,0,0,0,1
1751960763271,40.2975,SteamVR Tracker (Left Foot),-0.2772628,-0.1418786,0.3829229,-0.4952702,-0.4334849,-0.2416086,0.7130384
1751960763271,40.2975,SteamVR Tracker (Waist),0,0,0,0,0,0,1
1751960763297,40.32003,SteamVR Tracker (Left Foot),-0.2773893,-0.1430509,0.3825272,-0.4952949,-0.433461,-0.2416583,0.7130188
1751960763297,40.32003,SteamVR Tracker (Waist),0,0,0,0,0,0,1
1751960763318,40.34277,SteamVR Tracker (Left Foot),-0.2779219,-0.1411052,0.382885,-0.4956771,-0.4329591,-0.2417206,0.713037
1751960763318,40.34277,SteamVR Tracker (Waist),0,0,0,0,0,0,1
1751960763342,40.36561,SteamVR Tracker (Left Foot),-0.2773862,-0.1413996,0.3824211,-0.4958406,-0.4324796,-0.2418055,0.7131855
1751960763342,40.36561,SteamVR Tracker (Waist),0,0,0,0,0,0,1
1751960763362,40.38644,SteamVR Tracker (Left Foot),-0.2770398,-0.1405411,0.3824938,-0.496251,-0.4319905,-0.2421695,0.713073
1751960763362,40.38644,SteamVR Tracker (Waist),0,0,0,0,0,0,1
1751960763384,40.40915,SteamVR Tracker (Left Foot),-0.2771172,-0.1401002,0.3824767,-0.4964404,-0.4314988,-0.2423433,0.7131798
1751960763384,40.40915,SteamVR Tracker (Waist),0,0,0,0,0,0,1
1751960763407,40.43208,SteamVR Tracker (Left Foot),-0.2772219,-0.1401138,0.3822048,-0.4967712,-0.4312594,-0.2426067,0.7130048
1751960763408,40.43208,SteamVR Tracker (Waist),0,0,0,0,0,0,1
1751960763430,40.45462,SteamVR Tracker (Left Foot),-0.2772443,-0.1395795,0.3823437,-0.4968914,-0.4308444,-0.242975,0.7130465
1751960763430,40.45462,SteamVR Tracker (Waist),0,0,0,0,0,0,1
1751960763451,40.47588,SteamVR Tracker (Left Foot),-0.2769186,-0.1399617,0.3821476,-0.4971084,-0.4306277,-0.2431023,0.7129827
1751960763451,40.47588,SteamVR Tracker (Waist),0,0,0,0,0,0,1
1751960763475,40.49971,SteamVR Tracker (Left Foot),-0.2770689,-0.1393533,0.3818391,-0.4978742,-0.429763,-0.2434812,0.7128407
1751960763475,40.49971,SteamVR Tracker (Waist),0,0,0,0,0,0,1
1751960763498,40.52193,SteamVR Tracker (Left Foot),-0.2766251,-0.1394908,0.3818038,-0.4980078,-0.4292135,-0.2438104,0.7129661
1751960763499,40.52193,SteamVR Tracker (Waist),0,0,0,0,0,0,1
1751960763519,40.54364,SteamVR Tracker (Left Foot),-0.2766366,-0.1395078,0.3816596,-0.4982964,-0.4289276,-0.2442933,0.7127711
1751960763519,40.54364,SteamVR Tracker (Waist),0,0,0,0,0,0,1
1751960763541,40.56614,SteamVR Tracker (Left Foot),-0.2766322,-0.1394198,0.3817531,-0.4986831,-0.4285473,-0.2447423,0.7125754
1751960763541,40.56614,SteamVR Tracker (Waist),0,0,0,0,0,0,1
1751960763562,40.58675,SteamVR Tracker (Left Foot),-0.2766994,-0.1393309,0.3814409,-0.4992745,-0.428391,-0.2450722,0.7121418
1751960763562,40.58675,SteamVR Tracker (Waist),0,0,0,0,0,0,1
1751960763583,40.60879,SteamVR Tracker (Left Foot),-0.3215969,-0.1657729,0.3580412,-0.5036857,-0.4249599,-0.2337291,0.7148989
1751960763584,40.60879,SteamVR Tracker (Waist),0,0,0,0,0,0,1
1751960763608,40.63232,SteamVR Tracker (Left Foot),-0.2863865,-0.1544716,0.3774977,-0.5047108,-0.4205998,-0.2421853,0.7139391
1751960763608,40.63232,SteamVR Tracker (Waist),0,0,0,0,0,0,1
1751960763631,40.65549,SteamVR Tracker (Left Foot),-0.277206,-0.1487441,0.3816419,-0.5038303,-0.4198605,-0.2457392,0.7137818
1751960763631,40.65549,SteamVR Tracker (Waist),0,0,0,0,0,0,1
1751960763653,40.67693,SteamVR Tracker (Left Foot),-0.2761783,-0.1458516,0.3821172,-0.5038557,-0.4201921,-0.2461521,0.7134264
1751960763653,40.67693,SteamVR Tracker (Waist),0,0,0,0,0,0,1
1751960763675,40.69976,SteamVR Tracker (Left Foot),-0.2767944,-0.1444952,0.3821159,-0.5041028,-0.4205399,-0.2463037,0.7129945
1751960763675,40.69976,SteamVR Tracker (Waist),0,0,0,0,0,0,1
1751960763698,40.7215,SteamVR Tracker (Left Foot),-0.2767663,-0.1427865,0.3827206,-0.5038801,-0.4207652,-0.246475,0.7129597
1751960763698,40.7215,SteamVR Tracker (Waist),0,0,0,0,0,0,1
1751960763719,40.74381,SteamVR Tracker (Left Foot),-0.2765347,-0.1426342,0.3824921,-0.503857,-0.4209563,-0.2466013,0.7128196
1751960763719,40.74381,SteamVR Tracker (Waist),0,0,0,0,0,0,1
1751960763740,40.76563,SteamVR Tracker (Left Foot),-0.2768295,-0.1421549,0.3822941,-0.5038602,-0.4210187,-0.2465311,0.7128047
1751960763740,40.76563,SteamVR Tracker (Waist),0,0,0,0,0,0,1
1751960763762,40.78707,SteamVR Tracker (Left Foot),-0.2770634,-0.1421964,0.3821692,-0.504018,-0.4211842,-0.2467082,0.712534
1751960763762,40.78707,SteamVR Tracker (Waist),0,0,0,0,0,0,1
1751960763786,40.81036,SteamVR Tracker (Left Foot),-0.2769882,-0.1415319,0.3819403,-0.5042707,-0.4211413,-0.2473018,0.7121747
1751960763786,40.81036,SteamVR Tracker (Waist),0,0,0,0,0,0,1
1751960763809,40.83335,SteamVR Tracker (Left Foot),-0.2772477,-0.1424317,0.3823349,-0.5040045,-0.4214015,-0.2475585,0.7121202
1751960763809,40.83335,SteamVR Tracker (Waist),0,0,0,0,0,0,1
1751960763833,40.85852,SteamVR Tracker (Left Foot),-0.27661,-0.1422138,0.3824473,-0.5042169,-0.4214301,-0.2474056,0.712006
1751960763833,40.85852,SteamVR Tracker (Waist),0,0,0,0,0,0,1
1751960763850,40.87606,SteamVR Tracker (Left Foot),-0.3073455,-0.1673036,0.3684568,-0.5067745,-0.4167545,-0.2459681,0.7134387
1751960763850,40.87606,SteamVR Tracker (Waist),0,0,0,0,0,0,1
1751960763873,40.89762,SteamVR Tracker (Left Foot),-0.2868998,-0.162215,0.3775381,-0.5075103,-0.4134071,-0.2489947,0.7138133
1751960763873,40.89762,SteamVR Tracker (Waist),0,0,0,0,0,0,1
1751960763898,40.92091,SteamVR Tracker (Left Foot),-0.2781695,-0.1560209,0.3813111,-0.5079997,-0.4124294,-0.2500075,0.7136769
1751960763898,40.92091,SteamVR Tracker (Waist),0,0,0,0,0,0,1
1751960763917,40.94248,SteamVR Tracker (Left Foot),-0.2745355,-0.1509402,0.3833998,-0.5079442,-0.4131956,-0.2496826,0.7133868
1751960763917,40.94248,SteamVR Tracker (Waist),0,0,0,0,0,0,1
1751960763941,40.96636,SteamVR Tracker (Left Foot),-0.2758545,-0.1468744,0.384064,-0.5077842,-0.413876,-0.2495569,0.7131503
1751960763941,40.96636,SteamVR Tracker (Waist),0,0,0,0,0,0,1
1751960763960,40.98506,SteamVR Tracker (Left Foot),-0.2771989,-0.1460614,0.3835534,-0.5073391,-0.4145804,-0.2496681,0.7130189
1751960763960,40.98506,SteamVR Tracker (Waist),0,0,0,0,0,0,1
1751960763986,41.00984,SteamVR Tracker (Left Foot),-0.2773152,-0.1452935,0.3835664,-0.5070787,-0.4153231,-0.2495215,0.7128232
1751960763986,41.00984,SteamVR Tracker (Waist),0,0,0,0,0,0,1
1751960764006,41.03115,SteamVR Tracker (Left Foot),-0.2773271,-0.1451535,0.3834131,-0.5072522,-0.415728,-0.249579,0.7124435
1751960764006,41.03115,SteamVR Tracker (Waist),0,0,0,0,0,0,1
1751960764023,41.04965,SteamVR Tracker (Left Foot),-0.2775741,-0.145649,0.3830461,-0.5072912,-0.4160535,-0.2496839,0.712189
1751960764023,41.04965,SteamVR Tracker (Waist),0,0,0,0,0,0,1
1751960764046,41.07182,SteamVR Tracker (Left Foot),-0.2782439,-0.1460998,0.3826366,-0.5070416,-0.4164118,-0.2501342,0.7119992
1751960764046,41.07182,SteamVR Tracker (Waist),0,0,0,0,0,0,1
1751960764069,41.09517,SteamVR Tracker (Left Foot),-0.2783099,-0.1459761,0.3824076,-0.506823,-0.4166289,-0.2501838,0.7120104
1751960764069,41.09517,SteamVR Tracker (Waist),0,0,0,0,0,0,1
1751960764093,41.1181,SteamVR Tracker (Left Foot),-0.2778605,-0.1458972,0.3826677,-0.507142,-0.4168514,-0.2502208,0.71164
1751960764093,41.1181,SteamVR Tracker (Waist),0,0,0,0,0,0,1
1751960764114,41.14001,SteamVR Tracker (Left Foot),-0.2775932,-0.1460063,0.3825814,-0.5070643,-0.4171506,-0.2499471,0.7116163
1751960764114,41.14001,SteamVR Tracker (Waist),0,0,0,0,0,0,1
1751960764138,41.16362,SteamVR Tracker (Left Foot),-0.2768142,-0.1455441,0.3826465,-0.5069841,-0.4174274,-0.2499094,0.7115243
1751960764138,41.16362,SteamVR Tracker (Waist),0,0,0,0,0,0,1
1751960764159,41.18488,SteamVR Tracker (Left Foot),-0.2773041,-0.1446819,0.3827175,-0.5069234,-0.4174031,-0.2500668,0.7115265
1751960764159,41.18488,SteamVR Tracker (Waist),0,0,0,0,0,0,1
1751960764184,41.20941,SteamVR Tracker (Left Foot),-0.2771496,-0.1442533,0.3829315,-0.5068598,-0.4177222,-0.2500178,0.7114017
1751960764184,41.20941,SteamVR Tracker (Waist),0,0,0,0,0,0,1
1751960764207,41.23273,SteamVR Tracker (Left Foot),-0.2773906,-0.1440101,0.3825843,-0.5066933,-0.4180952,-0.2502128,0.7112327
1751960764208,41.23273,SteamVR Tracker (Waist),0,0,0,0,0,0,1
1751960764233,41.2565,SteamVR Tracker (Left Foot),-0.2773727,-0.143647,0.3824187,-0.5066607,-0.4182324,-0.2501341,0.7112029
1751960764233,41.2565,SteamVR Tracker (Waist),0,0,0,0,0,0,1
1751960764254,41.27893,SteamVR Tracker (Left Foot),-0.2771703,-0.1433079,0.382542,-0.5066842,-0.4184556,-0.2501276,0.7110572
1751960764254,41.27893,SteamVR Tracker (Waist),0,0,0,0,0,0,1
1751960764273,41.29866,SteamVR Tracker (Left Foot),-0.2769287,-0.1430421,0.3825756,-0.5065048,-0.4185278,-0.2501999,0.711117
1751960764273,41.29866,SteamVR Tracker (Waist),0,0,0,0,0,0,1
1751960764297,41.32148,SteamVR Tracker (Left Foot),-0.276466,-0.1426985,0.3827407,-0.5064826,-0.418487,-0.250243,0.7111418
1751960764298,41.32148,SteamVR Tracker (Waist),0,0,0,0,0,0,1
1751960764320,41.34443,SteamVR Tracker (Left Foot),-0.2772817,-0.1421888,0.3823431,-0.5062316,-0.4187276,-0.2500738,0.7112383
1751960764320,41.34443,SteamVR Tracker (Waist),0,0,0,0,0,0,1
1751960764341,41.36605,SteamVR Tracker (Left Foot),-0.2771116,-0.1420341,0.382179,-0.5062766,-0.4187856,-0.250153,0.7111442
1751960764341,41.36605,SteamVR Tracker (Waist),0,0,0,0,0,0,1
1751960764361,41.38638,SteamVR Tracker (Left Foot),-0.2770345,-0.1419454,0.3820253,-0.5064067,-0.4187739,-0.2501912,0.7110451
1751960764361,41.38638,SteamVR Tracker (Waist),0,0,0,0,0,0,1
1751960764384,41.40971,SteamVR Tracker (Left Foot),-0.2770049,-0.1417196,0.381911,-0.5063562,-0.4189619,-0.2502907,0.7109353
1751960764384,41.40971,SteamVR Tracker (Waist),0,0,0,0,0,0,1
1751960764406,41.43174,SteamVR Tracker (Left Foot),-0.2767145,-0.1417596,0.3819839,-0.5063549,-0.4189889,-0.2503185,0.7109105
1751960764406,41.43174,SteamVR Tracker (Waist),0,0,0,0,0,0,1
1751960764430,41.45488,SteamVR Tracker (Left Foot),-0.2766585,-0.1414423,0.3819787,-0.5062011,-0.4190527,-0.2503211,0.7109814
1751960764430,41.45488,SteamVR Tracker (Waist),0,0,0,0,0,0,1
1751960764453,41.47755,SteamVR Tracker (Left Foot),-0.3017269,-0.1637073,0.3701347,-0.5105608,-0.4112423,-0.2468507,0.7136332
1751960764453,41.47755,SteamVR Tracker (Waist),0,0,0,0,0,0,1
1751960764474,41.49888,SteamVR Tracker (Left Foot),-0.2843266,-0.1584678,0.3779487,-0.5112798,-0.4096743,-0.2486642,0.7133906
1751960764474,41.49888,SteamVR Tracker (Waist),0,0,0,0,0,0,1
1751960764498,41.52281,SteamVR Tracker (Left Foot),-0.276148,-0.1520236,0.3837665,-0.5110972,-0.4092105,-0.2501686,0.7132617
1751960764498,41.52281,SteamVR Tracker (Waist),0,0,0,0,0,0,1
1751960764519,41.54391,SteamVR Tracker (Left Foot),-0.2755213,-0.1491506,0.3843059,-0.5107813,-0.4096923,-0.2499018,0.7133048
1751960764519,41.54391,SteamVR Tracker (Waist),0,0,0,0,0,0,1
1751960764543,41.56849,SteamVR Tracker (Left Foot),-0.2763229,-0.1471655,0.3841179,-0.5106326,-0.410953,-0.2495174,0.7128205
1751960764544,41.56849,SteamVR Tracker (Waist),0,0,0,0,0,0,1
1751960764564,41.58899,SteamVR Tracker (Left Foot),-0.2767693,-0.14657,0.3836444,-0.5103025,-0.4116159,-0.2489673,0.7128667
1751960764564,41.58899,SteamVR Tracker (Waist),0,0,0,0,0,0,1
1751960764588,41.6115,SteamVR Tracker (Left Foot),-0.2772425,-0.1456339,0.3831336,-0.5100042,-0.4121857,-0.2489755,0.7127481
1751960764588,41.6115,SteamVR Tracker (Waist),0,0,0,0,0,0,1
1751960764608,41.63316,SteamVR Tracker (Left Foot),-0.2789215,-0.1463456,0.382434,-0.5103425,-0.4126902,-0.2495478,0.7120135
1751960764608,41.63316,SteamVR Tracker (Waist),0,0,0,0,0,0,1
1751960764629,41.65499,SteamVR Tracker (Left Foot),-0.2785911,-0.1463459,0.3821042,-0.5100081,-0.4131311,-0.2496827,0.7119501
1751960764630,41.65499,SteamVR Tracker (Waist),0,0,0,0,0,0,1
1751960764652,41.67679,SteamVR Tracker (Left Foot),-0.2779269,-0.1459818,0.3823212,-0.5098429,-0.4134814,-0.2495891,0.711898
1751960764652,41.67679,SteamVR Tracker (Waist),0,0,0,0,0,0,1
1751960764675,41.69897,SteamVR Tracker (Left Foot),-0.302931,-0.1734347,0.3673583,-0.5136764,-0.4054432,-0.24569,0.7151146
1751960764675,41.69897,SteamVR Tracker (Waist),0,0,0,0,0,0,1
1751960764698,41.72232,SteamVR Tracker (Left Foot),-0.2777533,-0.1633151,0.3834102,-0.5143147,-0.4034756,-0.2481625,0.7149149
1751960764698,41.72232,SteamVR Tracker (Waist),0,0,0,0,0,0,1
1751960764718,41.74313,SteamVR Tracker (Left Foot),-0.2742667,-0.1595564,0.384701,-0.5138367,-0.4039492,-0.249285,0.7146005
1751960764718,41.74313,SteamVR Tracker (Waist),0,0,0,0,0,0,1
1751960764742,41.76649,SteamVR Tracker (Left Foot),-0.2758822,-0.1530778,0.3864995,-0.513495,-0.4054751,-0.2492048,0.7140096
1751960764742,41.76649,SteamVR Tracker (Waist),0,0,0,0,0,0,1
1751960764762,41.78706,SteamVR Tracker (Left Foot),-0.2787761,-0.1525071,0.3841756,-0.5131866,-0.4064701,-0.2490398,0.7137231
1751960764762,41.78706,SteamVR Tracker (Waist),0,0,0,0,0,0,1
1751960764784,41.80906,SteamVR Tracker (Left Foot),-0.2780045,-0.1500223,0.3840017,-0.5130203,-0.4074677,-0.2494558,0.7131284
1751960764784,41.80906,SteamVR Tracker (Waist),0,0,0,0,0,0,1
1751960764807,41.83231,SteamVR Tracker (Left Foot),-0.2799296,-0.1516602,0.3835958,-0.5124685,-0.4087241,-0.2490993,0.7129308
1751960764807,41.83231,SteamVR Tracker (Waist),0,0,0,0,0,0,1
1751960764829,41.85355,SteamVR Tracker (Left Foot),-0.2803585,-0.152106,0.3829976,-0.512413,-0.4092255,-0.2493862,0.7125826
1751960764829,41.85355,SteamVR Tracker (Waist),0,0,0,0,0,0,1
1751960764851,41.87667,SteamVR Tracker (Left Foot),-0.2796818,-0.1516976,0.3833606,-0.5121493,-0.4095632,-0.2499023,0.7123973
1751960764851,41.87667,SteamVR Tracker (Waist),0,0,0,0,0,0,1
1751960764875,41.89971,SteamVR Tracker (Left Foot),-0.3100064,-0.185303,0.3639609,-0.5174757,-0.4013271,-0.2447,0.7150366
1751960764875,41.89971,SteamVR Tracker (Waist),0,0,0,0,0,0,1
1751960764899,41.92238,SteamVR Tracker (Left Foot),-0.2803364,-0.1702404,0.385501,-0.5169447,-0.3982618,-0.2506471,0.7150747
1751960764899,41.92238,SteamVR Tracker (Waist),0,0,0,0,0,0,1
1751960764919,41.94419,SteamVR Tracker (Left Foot),-0.3424321,-0.211587,0.3536857,-0.5217409,-0.3904183,-0.2462682,0.7174343
1751960764919,41.94419,SteamVR Tracker (Waist),0,0,0,0,0,0,1
1751960764943,41.96705,SteamVR Tracker (Left Foot),-0.3829149,-0.1414056,0.4103622,-0.5059022,-0.4062454,-0.2352394,0.7236644
1751960764943,41.96705,SteamVR Tracker (Waist),0,0,0,0,0,0,1
1751960764964,41.98869,SteamVR Tracker (Left Foot),-0.3878651,-0.04797339,0.4505337,-0.4987013,-0.4085758,-0.2348192,0.727477
1751960764964,41.98869,SteamVR Tracker (Waist),0,0,0,0,0,0,1
1751960764983,42.00818,SteamVR Tracker (Left Foot),-0.2759676,-0.1492724,0.4124297,-0.5068406,-0.4149607,-0.2361829,0.717731
1751960764983,42.00818,SteamVR Tracker (Waist),0,0,0,0,0,0,1
1751960765006,42.03162,SteamVR Tracker (Left Foot),-0.2729681,-0.1898274,0.3885736,-0.5060403,-0.4224426,-0.2339926,0.7146419
1751960765006,42.03162,SteamVR Tracker (Waist),0,0,0,0,0,0,1
1751960765029,42.05423,SteamVR Tracker (Left Foot),-0.271958,-0.200866,0.3875793,-0.5051729,-0.4250539,-0.2323441,0.714245
1751960765029,42.05423,SteamVR Tracker (Waist),0,0,0,0,0,0,1
1751960765051,42.07663,SteamVR Tracker (Left Foot),-0.2767102,-0.2048528,0.3884199,-0.5036463,-0.4269755,-0.2324332,0.7141479
1751960765051,42.07663,SteamVR Tracker (Waist),0,0,0,0,0,0,1
1751960765075,42.09946,SteamVR Tracker (Left Foot),-0.2855593,-0.2009993,0.3940805,-0.5012629,-0.4277576,-0.2310925,0.7157899
1751960765075,42.09946,SteamVR Tracker (Waist),0,0,0,0,0,0,1
1751960765101,42.12433,SteamVR Tracker (Left Foot),-0.3220629,-0.1363924,0.4258083,-0.487582,-0.4434949,-0.2220145,0.7185302
1751960765101,42.12433,SteamVR Tracker (Waist),0,0,0,0,0,0,1
1751960765119,42.14373,SteamVR Tracker (Left Foot),-0.299702,-0.1583619,0.4143394,-0.4878555,-0.4405208,-0.2225168,0.7200173
1751960765119,42.14373,SteamVR Tracker (Waist),0,0,0,0,0,0,1
1751960765139,42.16378,SteamVR Tracker (Left Foot),-0.2878254,-0.1764894,0.406279,-0.4902057,-0.4417379,-0.2242021,0.7171468
1751960765139,42.16378,SteamVR Tracker (Waist),0,0,0,0,0,0,1
1751960765162,42.18719,SteamVR Tracker (Left Foot),-0.2840353,-0.1905379,0.4002917,-0.4908845,-0.4426657,-0.2249535,0.7158739
1751960765162,42.18719,SteamVR Tracker (Waist),0,0,0,0,0,0,1
1751960765185,42.20938,SteamVR Tracker (Left Foot),-0.2831353,-0.1886082,0.4001015,-0.4910181,-0.4429146,-0.2252495,0.7155352
1751960765185,42.20938,SteamVR Tracker (Waist),0,0,0,0,0,0,1
1751960765208,42.23299,SteamVR Tracker (Left Foot),-0.2867911,-0.1911769,0.4004212,-0.490729,-0.4431295,-0.2261426,0.7153187
1751960765208,42.23299,SteamVR Tracker (Waist),0,0,0,0,0,0,1
1751960765230,42.25499,SteamVR Tracker (Left Foot),-0.2880206,-0.1886809,0.4012282,-0.4908568,-0.4426208,-0.2271666,0.7152215
1751960765230,42.25499,SteamVR Tracker (Waist),0,0,0,0,0,0,1
1751960765249,42.27452,SteamVR Tracker (Left Foot),-0.2878622,-0.1874065,0.4019414,-0.4911141,-0.4421005,-0.2282535,0.7150207
1751960765249,42.27452,SteamVR Tracker (Waist),0,0,0,0,0,0,1
1751960765272,42.29816,SteamVR Tracker (Left Foot),-0.2875854,-0.1854057,0.4016578,-0.4916787,-0.4414337,-0.2289807,0.7148121
1751960765273,42.29816,SteamVR Tracker (Waist),0,0,0,0,0,0,1
1751960765297,42.32153,SteamVR Tracker (Left Foot),-0.289593,-0.1833019,0.4028222,-0.491935,-0.4405838,-0.229408,0.715023
1751960765297,42.32153,SteamVR Tracker (Waist),0,0,0,0,0,0,1
1751960765315,42.34074,SteamVR Tracker (Left Foot),-0.2886433,-0.1818979,0.4033099,-0.4924914,-0.4397055,-0.2299685,0.7150006
1751960765315,42.34074,SteamVR Tracker (Waist),0,0,0,0,0,0,1
1751960765340,42.36509,SteamVR Tracker (Left Foot),-0.288295,-0.1804965,0.4018744,-0.4929874,-0.4389615,-0.2302301,0.7150317
1751960765340,42.36509,SteamVR Tracker (Waist),0,0,0,0,0,0,1
1751960765362,42.3883,SteamVR Tracker (Left Foot),-0.2892453,-0.1789286,0.4026441,-0.4934124,-0.4381037,-0.2309588,0.7150297
1751960765362,42.3883,SteamVR Tracker (Waist),0,0,0,0,0,0,1
1751960765386,42.41064,SteamVR Tracker (Left Foot),-0.2873192,-0.1809657,0.4017401,-0.4939384,-0.43718,-0.2315689,0.7150345
1751960765386,42.41064,SteamVR Tracker (Waist),0,0,0,0,0,0,1
1751960765409,42.4337,SteamVR Tracker (Left Foot),-0.2881631,-0.1805618,0.4020798,-0.494327,-0.4364455,-0.2314234,0.7152617
1751960765409,42.4337,SteamVR Tracker (Waist),0,0,0,0,0,0,1
1751960765431,42.45539,SteamVR Tracker (Left Foot),-0.2864588,-0.1818333,0.4009666,-0.4951153,-0.4358249,-0.232019,0.7149019
1751960765431,42.45539,SteamVR Tracker (Waist),0,0,0,0,0,0,1
1751960765454,42.479,SteamVR Tracker (Left Foot),-0.2862629,-0.181464,0.401154,-0.4955834,-0.4350244,-0.2324473,0.7149259
1751960765454,42.479,SteamVR Tracker (Waist),0,0,0,0,0,0,1
1751960765477,42.5003,SteamVR Tracker (Left Foot),-0.2860252,-0.181855,0.4002196,-0.4958388,-0.4347993,-0.2330987,0.7146737
1751960765477,42.5003,SteamVR Tracker (Waist),0,0,0,0,0,0,1
1751960765498,42.52268,SteamVR Tracker (Left Foot),-0.2860457,-0.1815336,0.3998088,-0.4958794,-0.4343594,-0.233595,0.714751
1751960765498,42.52268,SteamVR Tracker (Waist),0,0,0,0,0,0,1
1751960765520,42.54494,SteamVR Tracker (Left Foot),-0.2859811,-0.1818864,0.3997254,-0.4961475,-0.433604,-0.2346121,0.7146904
1751960765520,42.54494,SteamVR Tracker (Waist),0,0,0,0,0,0,1
1751960765541,42.56648,SteamVR Tracker (Left Foot),-0.2855889,-0.1815016,0.3996516,-0.4963806,-0.4332765,-0.2349971,0.7146007
1751960765541,42.56648,SteamVR Tracker (Waist),0,0,0,0,0,0,1
1751960765564,42.58893,SteamVR Tracker (Left Foot),-0.285464,-0.181375,0.3995169,-0.4966236,-0.4329673,-0.2353475,0.7145039
1751960765564,42.58893,SteamVR Tracker (Waist),0,0,0,0,0,0,1
1751960765585,42.61063,SteamVR Tracker (Left Foot),-0.2851122,-0.1815279,0.3996693,-0.4969313,-0.4321668,-0.2358488,0.7146093
1751960765586,42.61063,SteamVR Tracker (Waist),0,0,0,0,0,0,1
1751960765608,42.6325,SteamVR Tracker (Left Foot),-0.2855383,-0.1812885,0.3990251,-0.4969954,-0.431954,-0.2363341,0.714533
1751960765608,42.6325,SteamVR Tracker (Waist),0,0,0,0,0,0,1
1751960765631,42.65558,SteamVR Tracker (Left Foot),-0.285648,-0.1802235,0.3990852,-0.4977558,-0.431061,-0.2367524,0.7144045
1751960765631,42.65558,SteamVR Tracker (Waist),0,0,0,0,0,0,1
1751960765651,42.67687,SteamVR Tracker (Left Foot),-0.2850933,-0.1806514,0.3989497,-0.4981139,-0.4305896,-0.2372245,0.7142827
1751960765652,42.67687,SteamVR Tracker (Waist),0,0,0,0,0,0,1
1751960765674,42.69893,SteamVR Tracker (Left Foot),-0.2853934,-0.1811042,0.3988033,-0.4982599,-0.4303728,-0.237287,0.7142908
1751960765674,42.69893,SteamVR Tracker (Waist),0,0,0,0,0,0,1
1751960765698,42.72242,SteamVR Tracker (Left Foot),-0.2850628,-0.1803458,0.3984781,-0.4985806,-0.4298674,-0.2379045,0.7141659
1751960765699,42.72242,SteamVR Tracker (Waist),0,0,0,0,0,0,1
1751960765719,42.74423,SteamVR Tracker (Left Foot),-0.2845381,-0.1796491,0.3984177,-0.4987162,-0.4296004,-0.2380732,0.7141756
1751960765719,42.74423,SteamVR Tracker (Waist),0,0,0,0,0,0,1
1751960765741,42.76691,SteamVR Tracker (Left Foot),-0.2848502,-0.1796873,0.3980591,-0.4986255,-0.429343,-0.238465,0.7142631
1751960765741,42.76691,SteamVR Tracker (Waist),0,0,0,0,0,0,1
1751960765763,42.78861,SteamVR Tracker (Left Foot),-0.2847989,-0.1795084,0.3978925,-0.4991184,-0.4287359,-0.2388524,0.714154
1751960765763,42.78861,SteamVR Tracker (Waist),0,0,0,0,0,0,1
1751960765784,42.80963,SteamVR Tracker (Left Foot),-0.2845797,-0.1790469,0.3980533,-0.4993246,-0.428358,-0.2392391,0.7141072
1751960765784,42.80963,SteamVR Tracker (Waist),0,0,0,0,0,0,1
1751960765809,42.83392,SteamVR Tracker (Left Foot),-0.2845385,-0.1788554,0.3980436,-0.4996232,-0.4280769,-0.239024,0.714139
1751960765809,42.83392,SteamVR Tracker (Waist),0,0,0,0,0,0,1
1751960765831,42.85586,SteamVR Tracker (Left Foot),-0.2846255,-0.1790056,0.3977641,-0.4998319,-0.4280258,-0.2390428,0.7140173
1751960765831,42.85586,SteamVR Tracker (Waist),0,0,0,0,0,0,1
1751960765852,42.87774,SteamVR Tracker (Left Foot),-0.2842621,-0.1787326,0.3976687,-0.5000718,-0.4278355,-0.2393116,0.7138732
1751960765852,42.87774,SteamVR Tracker (Waist),0,0,0,0,0,0,1
1751960765874,42.89966,SteamVR Tracker (Left Foot),-0.2849668,-0.1789742,0.3976362,-0.5000703,-0.4278065,-0.2389993,0.7139963
1751960765874,42.89966,SteamVR Tracker (Waist),0,0,0,0,0,0,1
1751960765899,42.92311,SteamVR Tracker (Left Foot),-0.2843253,-0.1783149,0.3977252,-0.500268,-0.4275404,-0.2390268,0.714008
1751960765899,42.92311,SteamVR Tracker (Waist),0,0,0,0,0,0,1
1751960765920,42.94568,SteamVR Tracker (Left Foot),-0.2842933,-0.1783082,0.3972561,-0.5006508,-0.427451,-0.2389524,0.7138181
1751960765921,42.94568,SteamVR Tracker (Waist),0,0,0,0,0,0,1
1751960765942,42.96753,SteamVR Tracker (Left Foot),-0.2845177,-0.1783473,0.3969368,-0.5007999,-0.4272975,-0.2388587,0.7138368
1751960765942,42.96753,SteamVR Tracker (Waist),0,0,0,0,0,0,1
1751960765965,42.99036,SteamVR Tracker (Left Foot),-0.2847219,-0.1783814,0.3970016,-0.5010235,-0.4269776,-0.2391034,0.7137894
1751960765966,42.99036,SteamVR Tracker (Waist),0,0,0,0,0,0,1
1751960765987,43.01197,SteamVR Tracker (Left Foot),-0.2837673,-0.1774302,0.3968843,-0.5012292,-0.4258385,-0.2397355,0.7141132
1751960765987,43.01197,SteamVR Tracker (Waist),0,0,0,0,0,0,1
1751960766010,43.0345,SteamVR Tracker (Left Foot),-0.2838419,-0.1772077,0.3968162,-0.5010654,-0.4262436,-0.2394726,0.7140747
1751960766010,43.0345,SteamVR Tracker (Waist),0,0,0,0,0,0,1
1751960766038,43.06123,SteamVR Tracker (Left Foot),-0.2841578,-0.1766982,0.396773,-0.5018687,-0.4257277,-0.2400828,0.7136135
1751960766038,43.06123,SteamVR Tracker (Waist),0,0,0,0,0,0,1
1751960766059,43.08385,SteamVR Tracker (Left Foot),-0.2839439,-0.1765506,0.3967307,-0.5022972,-0.4253426,-0.2405207,0.7133939
1751960766059,43.08385,SteamVR Tracker (Waist),0,0,0,0,0,0,1
1751960766082,43.10757,SteamVR Tracker (Left Foot),-0.2838489,-0.1762898,0.3965024,-0.5025284,-0.4249287,-0.241149,0.7132657
1751960766082,43.10757,SteamVR Tracker (Waist),0,0,0,0,0,0,1
1751960766105,43.1295,SteamVR Tracker (Left Foot),-0.2838569,-0.1760292,0.3963955,-0.5024187,-0.424901,-0.2414402,0.713261
1751960766105,43.1295,SteamVR Tracker (Waist),0,0,0,0,0,0,1
1751960766124,43.14924,SteamVR Tracker (Left Foot),-0.2840135,-0.1760218,0.3961045,-0.5028608,-0.4245185,-0.2415716,0.7131326
1751960766124,43.14924,SteamVR Tracker (Waist),0,0,0,0,0,0,1
1751960766149,43.17426,SteamVR Tracker (Left Foot),-0.2837027,-0.1757457,0.3961316,-0.5032336,-0.4241295,-0.2418173,0.7130179
1751960766149,43.17426,SteamVR Tracker (Waist),0,0,0,0,0,0,1
1751960766175,43.19982,SteamVR Tracker (Left Foot),-0.2836371,-0.1755204,0.3959309,-0.503382,-0.4238576,-0.2421499,0.7129619
1751960766175,43.19982,SteamVR Tracker (Waist),0,0,0,0,0,0,1
1751960766198,43.22194,SteamVR Tracker (Left Foot),-0.2836411,-0.1753209,0.3955652,-0.5037788,-0.4237517,-0.2423035,0.7126923
1751960766198,43.22194,SteamVR Tracker (Waist),0,0,0,0,0,0,1
1751960766218,43.24288,SteamVR Tracker (Left Foot),-0.2836474,-0.1749182,0.3956638,-0.5038615,-0.4233955,-0.2428436,0.7126617
1751960766218,43.24288,SteamVR Tracker (Waist),0,0,0,0,0,0,1
1751960766243,43.2668,SteamVR Tracker (Left Foot),-0.2835824,-0.1746433,0.3956843,-0.5040009,-0.4233094,-0.2428731,0.7126043
1751960766243,43.2668,SteamVR Tracker (Waist),0,0,0,0,0,0,1
1751960766263,43.28805,SteamVR Tracker (Left Foot),-0.3414454,-0.1046093,0.4361224,-0.4844442,-0.4488187,-0.2296046,0.7149527
1751960766263,43.28805,SteamVR Tracker (Waist),0,0,0,0,0,0,1
1751960766287,43.31131,SteamVR Tracker (Left Foot),-0.3093891,-0.1426592,0.415098,-0.4934958,-0.4426053,-0.233686,0.7113039
1751960766287,43.31131,SteamVR Tracker (Waist),0,0,0,0,0,0,1
1751960766307,43.33232,SteamVR Tracker (Left Foot),-0.2876371,-0.1648684,0.4048683,-0.4968617,-0.441592,-0.2359016,0.708855
1751960766308,43.33232,SteamVR Tracker (Waist),0,0,0,0,0,0,1
1751960766330,43.35439,SteamVR Tracker (Left Foot),-0.2815647,-0.1747553,0.4006541,-0.4976784,-0.4412585,-0.2363828,0.7083293
1751960766330,43.35439,SteamVR Tracker (Waist),0,0,0,0,0,0,1
1751960766350,43.37598,SteamVR Tracker (Left Foot),-0.2815396,-0.1803963,0.3986786,-0.4976373,-0.4409112,-0.2364275,0.7085595
1751960766350,43.37598,SteamVR Tracker (Waist),0,0,0,0,0,0,1
1751960766373,43.39778,SteamVR Tracker (Left Foot),-0.2820182,-0.1824598,0.3985779,-0.4973897,-0.4406602,-0.2361953,0.7089668
1751960766373,43.39778,SteamVR Tracker (Waist),0,0,0,0,0,0,1
1751960766397,43.42123,SteamVR Tracker (Left Foot),-0.2834842,-0.1830771,0.398362,-0.4971456,-0.4400188,-0.2362181,0.7095285
1751960766397,43.42123,SteamVR Tracker (Waist),0,0,0,0,0,0,1
1751960766418,43.44333,SteamVR Tracker (Left Foot),-0.2843955,-0.1824031,0.398475,-0.49692,-0.4394849,-0.2363811,0.709963
1751960766418,43.44333,SteamVR Tracker (Waist),0,0,0,0,0,0,1
1751960766441,43.46582,SteamVR Tracker (Left Foot),-0.2852499,-0.1815267,0.3986333,-0.4969873,-0.4388722,-0.2366382,0.7102093
1751960766442,43.46582,SteamVR Tracker (Waist),0,0,0,0,0,0,1
1751960766463,43.48801,SteamVR Tracker (Left Foot),-0.2850775,-0.1806557,0.3984348,-0.4974211,-0.43756,-0.2373099,0.710491
1751960766463,43.48801,SteamVR Tracker (Waist),0,0,0,0,0,0,1
1751960766483,43.50835,SteamVR Tracker (Left Foot),-0.2854489,-0.1790154,0.3993577,-0.4977023,-0.4364313,-0.2379697,0.7107676
1751960766483,43.50835,SteamVR Tracker (Waist),0,0,0,0,0,0,1
1751960766507,43.53227,SteamVR Tracker (Left Foot),-0.2852568,-0.1781573,0.3987177,-0.4981449,-0.4356364,-0.23823,0.710858
1751960766507,43.53227,SteamVR Tracker (Waist),0,0,0,0,0,0,1
1751960766529,43.55458,SteamVR Tracker (Left Foot),-0.2848036,-0.1772826,0.3986121,-0.4984912,-0.4349205,-0.2390415,0.7107812
1751960766529,43.55458,SteamVR Tracker (Waist),0,0,0,0,0,0,1
1751960766552,43.57711,SteamVR Tracker (Left Foot),-0.2847191,-0.1771102,0.3981346,-0.4990101,-0.4341653,-0.2398392,0.71061
1751960766552,43.57711,SteamVR Tracker (Waist),0,0,0,0,0,0,1
1751960766574,43.59941,SteamVR Tracker (Left Foot),-0.2844448,-0.1769049,0.3979675,-0.4994529,-0.4334049,-0.2405351,0.7105278
1751960766574,43.59941,SteamVR Tracker (Waist),0,0,0,0,0,0,1
1751960766599,43.62284,SteamVR Tracker (Left Foot),-0.2845051,-0.1763577,0.3977987,-0.4998976,-0.4326896,-0.2410962,0.710461
1751960766599,43.62284,SteamVR Tracker (Waist),0,0,0,0,0,0,1
1751960766619,43.64405,SteamVR Tracker (Left Foot),-0.2840759,-0.1764655,0.3976101,-0.5003352,-0.4318283,-0.2417799,0.7104446
1751960766619,43.64405,SteamVR Tracker (Waist),0,0,0,0,0,0,1
1751960766652,43.67698,SteamVR Tracker (Left Foot),-0.2841612,-0.1759827,0.3973305,-0.5006395,-0.4311322,-0.2418096,0.7106428
1751960766652,43.67698,SteamVR Tracker (Waist),0,0,0,0,0,0,1
1751960766674,43.69873,SteamVR Tracker (Left Foot),-0.2838413,-0.1758091,0.3968164,-0.5010434,-0.4308844,-0.2419272,0.7104684
1751960766674,43.69873,SteamVR Tracker (Waist),0,0,0,0,0,0,1
1751960766699,43.72272,SteamVR Tracker (Left Foot),-0.2836798,-0.1762717,0.3970792,-0.5012159,-0.4302426,-0.2422261,0.7106339
1751960766699,43.72272,SteamVR Tracker (Waist),0,0,0,0,0,0,1
1751960766720,43.74419,SteamVR Tracker (Left Foot),-0.2841324,-0.1759102,0.3974276,-0.5014597,-0.4297779,-0.2424919,0.7106525
1751960766720,43.74419,SteamVR Tracker (Waist),0,0,0,0,0,0,1
1751960766741,43.76617,SteamVR Tracker (Left Foot),-0.2840749,-0.1766725,0.3971733,-0.5015292,-0.4292531,-0.2429992,0.7107472
1751960766741,43.76617,SteamVR Tracker (Waist),0,0,0,0,0,0,1
1751960766762,43.78732,SteamVR Tracker (Left Foot),-0.2838405,-0.1765234,0.3969738,-0.5016997,-0.428708,-0.2432342,0.7108756
1751960766762,43.78732,SteamVR Tracker (Waist),0,0,0,0,0,0,1
1751960766784,43.80996,SteamVR Tracker (Left Foot),-0.283676,-0.1761141,0.3969403,-0.5023195,-0.4282536,-0.2432323,0.7107124
1751960766784,43.80996,SteamVR Tracker (Waist),0,0,0,0,0,0,1
1751960766808,43.83322,SteamVR Tracker (Left Foot),-0.2837541,-0.1754682,0.3966475,-0.5023568,-0.4278519,-0.2435791,0.7108091
1751960766808,43.83322,SteamVR Tracker (Waist),0,0,0,0,0,0,1
1751960766828,43.8533,SteamVR Tracker (Left Foot),-0.2835484,-0.1753371,0.3965439,-0.5023546,-0.4275397,-0.2435901,0.7109948
1751960766828,43.8533,SteamVR Tracker (Waist),0,0,0,0,0,0,1
1751960766851,43.87635,SteamVR Tracker (Left Foot),-0.2835042,-0.1752088,0.39619,-0.5025773,-0.4272763,-0.2437899,0.7109272
1751960766852,43.87635,SteamVR Tracker (Waist),0,0,0,0,0,0,1
1751960766873,43.89828,SteamVR Tracker (Left Foot),-0.2834966,-0.1752472,0.3958425,-0.5027853,-0.4270556,-0.2440924,0.7108089
1751960766873,43.89828,SteamVR Tracker (Waist),0,0,0,0,0,0,1
1751960766897,43.92152,SteamVR Tracker (Left Foot),-0.2833167,-0.1747267,0.3960406,-0.5028739,-0.4266386,-0.244159,0.7109737
1751960766898,43.92152,SteamVR Tracker (Waist),0,0,0,0,0,0,1
1751960766918,43.943,SteamVR Tracker (Left Foot),-0.2834927,-0.1751256,0.3957601,-0.5031005,-0.426257,-0.2443521,0.7109761
1751960766918,43.943,SteamVR Tracker (Waist),0,0,0,0,0,0,1
1751960766940,43.96573,SteamVR Tracker (Left Foot),-0.2831692,-0.1748383,0.3958834,-0.5030745,-0.4260928,-0.2443217,0.7111033
1751960766940,43.96573,SteamVR Tracker (Waist),0,0,0,0,0,0,1
1751960766963,43.98811,SteamVR Tracker (Left Foot),-0.2835465,-0.174269,0.3956887,-0.5029178,-0.4261842,-0.2442565,0.7111818
1751960766963,43.98811,SteamVR Tracker (Waist),0,0,0,0,0,0,1
1751960766987,44.01222,SteamVR Tracker (Left Foot),-0.2831661,-0.1739581,0.3958952,-0.5031628,-0.4258266,-0.2445922,0.7111073
1751960766987,44.01222,SteamVR Tracker (Waist),0,0,0,0,0,0,1
1751960767008,44.03291,SteamVR Tracker (Left Foot),-0.2832694,-0.1739879,0.3957462,-0.5033467,-0.4255737,-0.2445094,0.711157
1751960767008,44.03291,SteamVR Tracker (Waist),0,0,0,0,0,0,1
1751960767030,44.0546,SteamVR Tracker (Left Foot),-0.2831842,-0.1739125,0.3956184,-0.5033996,-0.425312,-0.2446157,0.7112397
1751960767031,44.0546,SteamVR Tracker (Waist),0,0,0,0,0,0,1
1751960767052,44.07763,SteamVR Tracker (Left Foot),-0.2832945,-0.1732543,0.3957869,-0.5033912,-0.425074,-0.2448639,0.7113024
1751960767053,44.07763,SteamVR Tracker (Waist),0,0,0,0,0,0,1
1751960767073,44.09868,SteamVR Tracker (Left Foot),-0.2830294,-0.1733582,0.3953224,-0.5036388,-0.4248286,-0.2449847,0.7112322
1751960767073,44.09868,SteamVR Tracker (Waist),0,0,0,0,0,0,1
1751960767099,44.12255,SteamVR Tracker (Left Foot),-0.304545,-0.145653,0.4157543,-0.4894983,-0.449935,-0.2341445,0.709314
1751960767099,44.12255,SteamVR Tracker (Waist),0,0,0,0,0,0,1
1751960767118,44.14399,SteamVR Tracker (Left Foot),-0.2626235,-0.196034,0.3843302,-0.5015767,-0.4352491,-0.241185,0.7076786
1751960767118,44.14399,SteamVR Tracker (Waist),0,0,0,0,0,0,1
1751960767141,44.16622,SteamVR Tracker (Left Foot),-0.2736288,-0.1899838,0.3909388,-0.4999869,-0.4350891,-0.2401531,0.7092512
1751960767141,44.16622,SteamVR Tracker (Waist),0,0,0,0,0,0,1
1751960767163,44.1885,SteamVR Tracker (Left Foot),-0.2793245,-0.185504,0.3968169,-0.4991466,-0.435225,-0.2398683,0.7098556
1751960767163,44.1885,SteamVR Tracker (Waist),0,0,0,0,0,0,1
1751960767186,44.2107,SteamVR Tracker (Left Foot),-0.2838385,-0.1816652,0.397518,-0.4988216,-0.4351969,-0.2398248,0.710116
1751960767186,44.2107,SteamVR Tracker (Waist),0,0,0,0,0,0,1
1751960767206,44.23181,SteamVR Tracker (Left Foot),-0.2851526,-0.1796873,0.3978698,-0.4989134,-0.4348605,-0.2399796,0.7102053
1751960767206,44.23181,SteamVR Tracker (Waist),0,0,0,0,0,0,1
1751960767230,44.25517,SteamVR Tracker (Left Foot),-0.285654,-0.1789458,0.3976616,-0.4990681,-0.4347379,-0.2403934,0.7100317
1751960767230,44.25517,SteamVR Tracker (Waist),0,0,0,0,0,0,1
1751960767252,44.27796,SteamVR Tracker (Left Foot),-0.2857758,-0.1774371,0.3981112,-0.4993312,-0.4341017,-0.2408882,0.7100683
1751960767252,44.27796,SteamVR Tracker (Waist),0,0,0,0,0,0,1
1751960767274,44.29938,SteamVR Tracker (Left Foot),-0.2850635,-0.1768644,0.3979469,-0.4995358,-0.4334912,-0.2416502,0.7100385
1751960767274,44.29938,SteamVR Tracker (Waist),0,0,0,0,0,0,1
1751960767299,44.32343,SteamVR Tracker (Left Foot),-0.2845907,-0.175904,0.3979697,-0.5001348,-0.4329973,-0.2427016,0.7095593
1751960767299,44.32343,SteamVR Tracker (Waist),0,0,0,0,0,0,1
1751960767318,44.34398,SteamVR Tracker (Left Foot),-0.2845741,-0.1753139,0.397815,-0.5002128,-0.4324596,-0.2432591,0.7096413
1751960767318,44.34398,SteamVR Tracker (Waist),0,0,0,0,0,0,1
1751960767343,44.36777,SteamVR Tracker (Left Foot),-0.34852,-0.08353305,0.4387632,-0.4875308,-0.4486169,-0.2321257,0.7121617
1751960767343,44.36777,SteamVR Tracker (Waist),0,0,0,0,0,0,1
1751960767364,44.38953,SteamVR Tracker (Left Foot),-0.2986228,-0.1518569,0.4158985,-0.4908084,-0.4505182,-0.2354018,0.7076203
1751960767364,44.38953,SteamVR Tracker (Waist),0,0,0,0,0,0,1
1751960767385,44.41051,SteamVR Tracker (Left Foot),-0.2837166,-0.1713076,0.4050496,-0.4946302,-0.4491064,-0.2371826,0.705258
1751960767385,44.41051,SteamVR Tracker (Waist),0,0,0,0,0,0,1
1751960767408,44.4329,SteamVR Tracker (Left Foot),-0.2795757,-0.1821902,0.4009969,-0.4949624,-0.4483991,-0.2373615,0.7054148
1751960767408,44.4329,SteamVR Tracker (Waist),0,0,0,0,0,0,1
1751960767431,44.45529,SteamVR Tracker (Left Foot),-0.2803095,-0.1871848,0.3997875,-0.4949096,-0.4476315,-0.2373708,0.705936
1751960767431,44.45529,SteamVR Tracker (Waist),0,0,0,0,0,0,1
1751960767452,44.47747,SteamVR Tracker (Left Foot),-0.2824437,-0.1887529,0.3999798,-0.4943008,-0.4471096,-0.2371017,0.7067832
1751960767452,44.47747,SteamVR Tracker (Waist),0,0,0,0,0,0,1
1751960767477,44.50028,SteamVR Tracker (Left Foot),-0.2831211,-0.1914351,0.3989983,-0.4940584,-0.4465873,-0.237068,0.7072941
1751960767477,44.50028,SteamVR Tracker (Waist),0,0,0,0,0,0,1
1751960767496,44.52225,SteamVR Tracker (Left Foot),-0.2865725,-0.1858609,0.4011748,-0.4937542,-0.4460998,-0.2370322,0.707826
1751960767496,44.52225,SteamVR Tracker (Waist),0,0,0,0,0,0,1
1751960767518,44.54374,SteamVR Tracker (Left Foot),-0.3161289,-0.1355274,0.4218939,-0.4849429,-0.4611389,-0.2292645,0.7068374
1751960767518,44.54374,SteamVR Tracker (Waist),0,0,0,0,0,0,1
1751960767542,44.56724,SteamVR Tracker (Left Foot),-0.2906485,-0.1645868,0.4115871,-0.4880606,-0.4598854,-0.2310046,0.7049391
1751960767543,44.56724,SteamVR Tracker (Waist),0,0,0,0,0,0,1
1751960767564,44.58886,SteamVR Tracker (Left Foot),-0.2896908,-0.1683643,0.4107476,-0.4889237,-0.4585313,-0.2314124,0.7050894
1751960767564,44.58886,SteamVR Tracker (Waist),0,0,0,0,0,0,1
1751960767588,44.61251,SteamVR Tracker (Left Foot),-0.2613471,-0.2142503,0.3881674,-0.4946666,-0.4486789,-0.236292,0.7058034
1751960767588,44.61251,SteamVR Tracker (Waist),0,0,0,0,0,0,1
1751960767609,44.63397,SteamVR Tracker (Left Foot),-0.2787249,-0.2002959,0.3976026,-0.4932203,-0.4478305,-0.2358451,0.7075018
1751960767609,44.63397,SteamVR Tracker (Waist),0,0,0,0,0,0,1
1751960767630,44.65547,SteamVR Tracker (Left Foot),-0.2863936,-0.1928196,0.4010879,-0.4925621,-0.4475436,-0.2357045,0.7081884
1751960767631,44.65547,SteamVR Tracker (Waist),0,0,0,0,0,0,1
1751960767653,44.67808,SteamVR Tracker (Left Foot),-0.2885083,-0.1883547,0.402994,-0.4927977,-0.4464256,-0.2360383,0.7086188
1751960767653,44.67808,SteamVR Tracker (Waist),0,0,0,0,0,0,1
1751960767676,44.70005,SteamVR Tracker (Left Foot),-0.2872757,-0.1832778,0.4027447,-0.4938871,-0.4446417,-0.2369974,0.7086618
1751960767676,44.70005,SteamVR Tracker (Waist),0,0,0,0,0,0,1
1751960767698,44.72367,SteamVR Tracker (Left Foot),-0.2866881,-0.183306,0.402732,-0.4944907,-0.4438071,-0.237593,0.7085646
1751960767698,44.72367,SteamVR Tracker (Waist),0,0,0,0,0,0,1
1751960767719,44.74429,SteamVR Tracker (Left Foot),-0.2859703,-0.1828871,0.4022141,-0.4948167,-0.4432448,-0.2381201,0.7085121
1751960767720,44.74429,SteamVR Tracker (Waist),0,0,0,0,0,0,1
1751960767742,44.76712,SteamVR Tracker (Left Foot),-0.285771,-0.1817989,0.4016263,-0.4953254,-0.4425156,-0.2388736,0.7083588
1751960767742,44.76712,SteamVR Tracker (Waist),0,0,0,0,0,0,1
1751960767762,44.78777,SteamVR Tracker (Left Foot),-0.2857918,-0.1820283,0.4016528,-0.4955831,-0.4417339,-0.2393477,0.7085063
1751960767762,44.78777,SteamVR Tracker (Waist),0,0,0,0,0,0,1
1751960767785,44.80991,SteamVR Tracker (Left Foot),-0.2856612,-0.1822636,0.4013984,-0.4960274,-0.4410007,-0.2398613,0.7084785
1751960767785,44.80991,SteamVR Tracker (Waist),0,0,0,0,0,0,1
1751960767809,44.83415,SteamVR Tracker (Left Foot),-0.315593,-0.2065635,0.3879732,-0.4977242,-0.4369431,-0.234892,0.7114612
1751960767809,44.83415,SteamVR Tracker (Waist),0,0,0,0,0,0,1
1751960767831,44.8557,SteamVR Tracker (Left Foot),-0.3003944,-0.2005191,0.3961057,-0.4986854,-0.4337906,-0.2394514,0.7111974
1751960767832,44.8557,SteamVR Tracker (Waist),0,0,0,0,0,0,1
1751960767851,44.8767,SteamVR Tracker (Left Foot),-0.2934687,-0.1975899,0.3987048,-0.4990784,-0.4327562,-0.24099,0.7110321
1751960767851,44.8767,SteamVR Tracker (Waist),0,0,0,0,0,0,1
1751960767876,44.89999,SteamVR Tracker (Left Foot),-0.2875372,-0.1937559,0.3995504,-0.4996623,-0.4324174,-0.2417556,0.7105681
1751960767876,44.89999,SteamVR Tracker (Waist),0,0,0,0,0,0,1
1751960767898,44.92224,SteamVR Tracker (Left Foot),-0.2861867,-0.1916623,0.4001759,-0.5001125,-0.4321482,-0.2423381,0.7102166
1751960767898,44.92224,SteamVR Tracker (Waist),0,0,0,0,0,0,1
1751960767920,44.94484,SteamVR Tracker (Left Foot),-0.2876957,-0.192137,0.3992842,-0.499863,-0.432466,-0.2425017,0.710143
1751960767920,44.94484,SteamVR Tracker (Waist),0,0,0,0,0,0,1
1751960767941,44.96614,SteamVR Tracker (Left Foot),-0.2868707,-0.1900971,0.4000418,-0.5000094,-0.4322677,-0.2428661,0.7100362
1751960767941,44.96614,SteamVR Tracker (Waist),0,0,0,0,0,0,1
1751960767964,44.98958,SteamVR Tracker (Left Foot),-0.2866847,-0.1891787,0.4003655,-0.5000215,-0.4320353,-0.2431065,0.7100868
1751960767964,44.98958,SteamVR Tracker (Waist),0,0,0,0,0,0,1
1751960767985,45.01047,SteamVR Tracker (Left Foot),-0.2874446,-0.1893096,0.3999025,-0.5000532,-0.4319755,-0.2434956,0.7099676
1751960767985,45.01047,SteamVR Tracker (Waist),0,0,0,0,0,0,1
1751960768009,45.03407,SteamVR Tracker (Left Foot),-0.286906,-0.1886127,0.4004803,-0.5002386,-0.4315749,-0.2438876,0.709946
1751960768010,45.03407,SteamVR Tracker (Waist),0,0,0,0,0,0,1
1751960768029,45.05483,SteamVR Tracker (Left Foot),-0.2862714,-0.188076,0.4008281,-0.5004098,-0.4314524,-0.2437261,0.7099552
1751960768030,45.05483,SteamVR Tracker (Waist),0,0,0,0,0,0,1
1751960768052,45.07671,SteamVR Tracker (Left Foot),-0.2860272,-0.1877048,0.4008532,-0.5005223,-0.4314638,-0.244037,0.7097622
1751960768052,45.07671,SteamVR Tracker (Waist),0,0,0,0,0,0,1
1751960768075,45.09974,SteamVR Tracker (Left Foot),-0.3284128,-0.1306202,0.4337186,-0.4824529,-0.4545154,-0.2328143,0.7116548
1751960768075,45.09974,SteamVR Tracker (Waist),0,0,0,0,0,0,1
1751960768099,45.12222,SteamVR Tracker (Left Foot),-0.2990753,-0.1685896,0.4131218,-0.4920766,-0.4497781,-0.2367835,0.7067488
1751960768099,45.12222,SteamVR Tracker (Waist),0,0,0,0,0,0,1
1751960768118,45.14358,SteamVR Tracker (Left Foot),-0.295507,-0.1739805,0.4120131,-0.4934604,-0.4477975,-0.2379523,0.7066492
1751960768118,45.14358,SteamVR Tracker (Waist),0,0,0,0,0,0,1
1751960768141,45.16608,SteamVR Tracker (Left Foot),-0.2931538,-0.1779964,0.4100735,-0.494498,-0.4470954,-0.2385793,0.7061568
1751960768142,45.16608,SteamVR Tracker (Waist),0,0,0,0,0,0,1
1751960768162,45.18764,SteamVR Tracker (Left Foot),-0.3197896,-0.2010837,0.3975006,-0.4966604,-0.4428912,-0.2340079,0.7088133
1751960768163,45.18764,SteamVR Tracker (Waist),0,0,0,0,0,0,1
1751960768185,45.20957,SteamVR Tracker (Left Foot),-0.2935972,-0.2076805,0.4013512,-0.4979352,-0.439788,-0.2393795,0.7080569
1751960768185,45.20957,SteamVR Tracker (Waist),0,0,0,0,0,0,1
1751960768209,45.23364,SteamVR Tracker (Left Foot),-0.2855749,-0.2070472,0.4038232,-0.4985034,-0.438856,-0.2406635,0.7078001
1751960768209,45.23364,SteamVR Tracker (Waist),0,0,0,0,0,0,1
1751960768230,45.25441,SteamVR Tracker (Left Foot),-0.2851953,-0.2048318,0.405395,-0.4983223,-0.4387469,-0.2411391,0.7078333
1751960768230,45.25441,SteamVR Tracker (Waist),0,0,0,0,0,0,1
1751960768252,45.27645,SteamVR Tracker (Left Foot),-0.2908938,-0.2009459,0.4069121,-0.4977789,-0.4389506,-0.2402599,0.7083882
1751960768252,45.27645,SteamVR Tracker (Waist),0,0,0,0,0,0,1
1751960768275,45.29926,SteamVR Tracker (Left Foot),-0.2905302,-0.198123,0.4070142,-0.497857,-0.438765,-0.2401325,0.7084915
1751960768275,45.29926,SteamVR Tracker (Waist),0,0,0,0,0,0,1
1751960768297,45.32148,SteamVR Tracker (Left Foot),-0.329691,-0.1322351,0.4377176,-0.488329,-0.4494686,-0.2331305,0.7107482
1751960768298,45.32148,SteamVR Tracker (Waist),0,0,0,0,0,0,1
1751960768319,45.34349,SteamVR Tracker (Left Foot),-0.2918059,-0.1897099,0.4137452,-0.492373,-0.4550077,-0.2347073,0.7038817
1751960768319,45.34349,SteamVR Tracker (Waist),0,0,0,0,0,0,1
1751960768341,45.36549,SteamVR Tracker (Left Foot),-0.2930285,-0.1927538,0.4131436,-0.4922468,-0.4541162,-0.2346349,0.7045693
1751960768341,45.36549,SteamVR Tracker (Waist),0,0,0,0,0,0,1
1751960768363,45.38792,SteamVR Tracker (Left Foot),-0.2895423,-0.1989949,0.4114466,-0.4925609,-0.4530402,-0.2353121,0.7048168
1751960768363,45.38792,SteamVR Tracker (Waist),0,0,0,0,0,0,1
1751960768386,45.41076,SteamVR Tracker (Left Foot),-0.2917698,-0.1991296,0.4121411,-0.4919643,-0.4523668,-0.2354174,0.7056302
1751960768386,45.41076,SteamVR Tracker (Waist),0,0,0,0,0,0,1
1751960768406,45.43034,SteamVR Tracker (Left Foot),-0.2888875,-0.2042325,0.4099985,-0.4923759,-0.4518021,-0.2360819,0.705483
1751960768407,45.43034,SteamVR Tracker (Waist),0,0,0,0,0,0,1
1751960768427,45.45249,SteamVR Tracker (Left Foot),-0.2912462,-0.203994,0.4104168,-0.4915742,-0.4516785,-0.2360809,0.7061211
1751960768427,45.45249,SteamVR Tracker (Waist),0,0,0,0,0,0,1
1751960768449,45.47462,SteamVR Tracker (Left Foot),-0.3308881,-0.1648202,0.4305428,-0.4791257,-0.4676772,-0.2263735,0.7074402
1751960768450,45.47462,SteamVR Tracker (Waist),0,0,0,0,0,0,1
1751960768472,45.49686,SteamVR Tracker (Left Foot),-0.3032653,-0.1871767,0.4217796,-0.4840323,-0.4667978,-0.2299253,0.7035246
1751960768472,45.49686,SteamVR Tracker (Waist),0,0,0,0,0,0,1
1751960768494,45.51945,SteamVR Tracker (Left Foot),-0.2880166,-0.1992936,0.4160548,-0.4868451,-0.4645319,-0.2319679,0.7024122
1751960768494,45.51945,SteamVR Tracker (Waist),0,0,0,0,0,0,1
1751960768518,45.54185,SteamVR Tracker (Left Foot),-0.2841308,-0.2066839,0.4135346,-0.4871458,-0.4642175,-0.2327108,0.7021658
1751960768518,45.54185,SteamVR Tracker (Waist),0,0,0,0,0,0,1
1751960768538,45.56353,SteamVR Tracker (Left Foot),-0.2882499,-0.2098963,0.412628,-0.4867233,-0.4634445,-0.2325063,0.7030367
1751960768538,45.56353,SteamVR Tracker (Waist),0,0,0,0,0,0,1
1751960768561,45.58561,SteamVR Tracker (Left Foot),-0.2881984,-0.2116206,0.4118894,-0.4862953,-0.4634536,-0.2323763,0.7033697
1751960768562,45.58561,SteamVR Tracker (Waist),0,0,0,0,0,0,1
1751960768583,45.60804,SteamVR Tracker (Left Foot),-0.338054,-0.1593111,0.4445159,-0.4724263,-0.478261,-0.2237457,0.7057037
1751960768583,45.60804,SteamVR Tracker (Waist),0,0,0,0,0,0,1
1751960768605,45.63012,SteamVR Tracker (Left Foot),-0.3062096,-0.1926806,0.4250637,-0.477323,-0.4780126,-0.2257911,0.7019153
1751960768605,45.63012,SteamVR Tracker (Waist),0,0,0,0,0,0,1
1751960768627,45.65244,SteamVR Tracker (Left Foot),-0.2928256,-0.2029023,0.4180872,-0.4796614,-0.4765385,-0.2270877,0.7009045
1751960768628,45.65244,SteamVR Tracker (Waist),0,0,0,0,0,0,1
1751960768650,45.6747,SteamVR Tracker (Left Foot),-0.2948822,-0.2015457,0.4195454,-0.480638,-0.4733674,-0.2274241,0.702274
1751960768650,45.6747,SteamVR Tracker (Waist),0,0,0,0,0,0,1
1751960768674,45.69844,SteamVR Tracker (Left Foot),-0.2912274,-0.2070882,0.4176022,-0.481112,-0.4723381,-0.2275676,0.7025959
1751960768674,45.69844,SteamVR Tracker (Waist),0,0,0,0,0,0,1
1751960768694,45.71894,SteamVR Tracker (Left Foot),-0.2893756,-0.2126634,0.4141042,-0.4816452,-0.4713947,-0.2278697,0.7027662
1751960768694,45.71894,SteamVR Tracker (Waist),0,0,0,0,0,0,1
1751960768719,45.74252,SteamVR Tracker (Left Foot),-0.2898388,-0.2119503,0.4143783,-0.4818486,-0.4699557,-0.2279213,0.7035734
1751960768719,45.74252,SteamVR Tracker (Waist),0,0,0,0,0,0,1
1751960768739,45.76429,SteamVR Tracker (Left Foot),-0.2912194,-0.2120566,0.4140629,-0.4819087,-0.469081,-0.2279758,0.704098
1751960768739,45.76429,SteamVR Tracker (Waist),0,0,0,0,0,0,1
1751960768761,45.78569,SteamVR Tracker (Left Foot),-0.291883,-0.2117193,0.4140251,-0.4821132,-0.4682111,-0.227912,0.7045577
1751960768761,45.78569,SteamVR Tracker (Waist),0,0,0,0,0,0,1
1751960768783,45.80849,SteamVR Tracker (Left Foot),-0.2920527,-0.2116661,0.4136142,-0.4819974,-0.4680228,-0.2280082,0.7047308
1751960768783,45.80849,SteamVR Tracker (Waist),0,0,0,0,0,0,1
1751960768806,45.83089,SteamVR Tracker (Left Foot),-0.2942667,-0.2098756,0.4144383,-0.4820002,-0.467066,-0.2282428,0.7052874
1751960768806,45.83089,SteamVR Tracker (Waist),0,0,0,0,0,0,1
1751960768829,45.85384,SteamVR Tracker (Left Foot),-0.2933421,-0.2090819,0.4148467,-0.4831002,-0.465054,-0.2286589,0.7057295
1751960768829,45.85384,SteamVR Tracker (Waist),0,0,0,0,0,0,1
1751960768850,45.87503,SteamVR Tracker (Left Foot),-0.2941957,-0.2071452,0.4148613,-0.4837524,-0.4640062,-0.2286836,0.7059644
1751960768850,45.87503,SteamVR Tracker (Waist),0,0,0,0,0,0,1
1751960768871,45.89708,SteamVR Tracker (Left Foot),-0.3361055,-0.1685529,0.4305025,-0.473459,-0.4789195,-0.2189374,0.7060731
1751960768871,45.89708,SteamVR Tracker (Waist),0,0,0,0,0,0,1
1751960768894,45.91936,SteamVR Tracker (Left Foot),-0.2905333,-0.2019742,0.4190015,-0.47753,-0.476877,-0.2244241,0.7029846
1751960768894,45.91936,SteamVR Tracker (Waist),0,0,0,0,0,0,1
1751960768918,45.94237,SteamVR Tracker (Left Foot),-0.2862185,-0.209655,0.415479,-0.4785576,-0.4751427,-0.2250755,0.7032519
1751960768919,45.94237,SteamVR Tracker (Waist),0,0,0,0,0,0,1
1751960768939,45.96458,SteamVR Tracker (Left Foot),-0.2868629,-0.214437,0.4141343,-0.4793374,-0.4732596,-0.2253923,0.7038888
1751960768939,45.96458,SteamVR Tracker (Waist),0,0,0,0,0,0,1
1751960768961,45.9862,SteamVR Tracker (Left Foot),-0.2882929,-0.2166767,0.4138563,-0.4799601,-0.4714118,-0.2260175,0.7045035
1751960768961,45.9862,SteamVR Tracker (Waist),0,0,0,0,0,0,1
1751960768986,46.01044,SteamVR Tracker (Left Foot),-0.2898061,-0.2166228,0.4141417,-0.4804993,-0.4697126,-0.2267887,0.7050231
1751960768986,46.01044,SteamVR Tracker (Waist),0,0,0,0,0,0,1
1751960769006,46.03077,SteamVR Tracker (Left Foot),-0.2923616,-0.2145481,0.4151896,-0.4809405,-0.4683175,-0.2270474,0.7055668
1751960769006,46.03077,SteamVR Tracker (Waist),0,0,0,0,0,0,1
1751960769029,46.0536,SteamVR Tracker (Left Foot),-0.2927407,-0.2124586,0.4162959,-0.482184,-0.465878,-0.2282797,0.7059354
1751960769029,46.0536,SteamVR Tracker (Waist),0,0,0,0,0,0,1
1751960769051,46.07521,SteamVR Tracker (Left Foot),-0.292735,-0.2131214,0.4160659,-0.4824264,-0.465255,-0.2286222,0.7060697
1751960769051,46.07521,SteamVR Tracker (Waist),0,0,0,0,0,0,1
1751960769073,46.0975,SteamVR Tracker (Left Foot),-0.2935425,-0.2106135,0.4158799,-0.4832235,-0.4636068,-0.2286347,0.7066045
1751960769073,46.0975,SteamVR Tracker (Waist),0,0,0,0,0,0,1
1751960769095,46.11971,SteamVR Tracker (Left Foot),-0.2933559,-0.2083118,0.4165536,-0.4841712,-0.4622323,-0.229331,0.7066306
1751960769095,46.11971,SteamVR Tracker (Waist),0,0,0,0,0,0,1
1751960769118,46.14118,SteamVR Tracker (Left Foot),-0.2934338,-0.2071848,0.4160092,-0.4848531,-0.4606412,-0.2301185,0.706946
1751960769118,46.14118,SteamVR Tracker (Waist),0,0,0,0,0,0,1
1751960769139,46.1643,SteamVR Tracker (Left Foot),-0.2902443,-0.209641,0.414134,-0.4858391,-0.4590901,-0.2312392,0.7069124
1751960769139,46.1643,SteamVR Tracker (Waist),0,0,0,0,0,0,1
1751960769160,46.18533,SteamVR Tracker (Left Foot),-0.2902912,-0.2106183,0.4134131,-0.4865523,-0.4582108,-0.231751,0.7068248
1751960769160,46.18533,SteamVR Tracker (Waist),0,0,0,0,0,0,1
1751960769183,46.20797,SteamVR Tracker (Left Foot),-0.2899612,-0.2111979,0.4133429,-0.487249,-0.456682,-0.2327006,0.7070222
1751960769183,46.20797,SteamVR Tracker (Waist),0,0,0,0,0,0,1
1751960769205,46.23023,SteamVR Tracker (Left Foot),-0.2901045,-0.2114084,0.413645,-0.4875805,-0.4557067,-0.2335807,0.7071328
1751960769205,46.23023,SteamVR Tracker (Waist),0,0,0,0,0,0,1
1751960769229,46.25341,SteamVR Tracker (Left Foot),-0.2899109,-0.2112005,0.4133452,-0.4879849,-0.4545674,-0.2342386,0.7073695
1751960769229,46.25341,SteamVR Tracker (Waist),0,0,0,0,0,0,1
1751960769251,46.27522,SteamVR Tracker (Left Foot),-0.2907316,-0.209795,0.4135134,-0.4888073,-0.4531779,-0.2349718,0.70745
1751960769251,46.27522,SteamVR Tracker (Waist),0,0,0,0,0,0,1
1751960769271,46.29641,SteamVR Tracker (Left Foot),-0.2907876,-0.2100852,0.4132265,-0.4891196,-0.4524838,-0.235633,0.7074584
1751960769272,46.29641,SteamVR Tracker (Waist),0,0,0,0,0,0,1
1751960769294,46.31937,SteamVR Tracker (Left Foot),-0.2894836,-0.2099948,0.4130148,-0.4899715,-0.4509527,-0.2364502,0.7075739
1751960769294,46.31937,SteamVR Tracker (Waist),0,0,0,0,0,0,1
1751960769318,46.3417,SteamVR Tracker (Left Foot),-0.289442,-0.2096808,0.4129964,-0.4904704,-0.4501243,-0.2371536,0.7075204
1751960769318,46.3417,SteamVR Tracker (Waist),0,0,0,0,0,0,1
1751960769340,46.36489,SteamVR Tracker (Left Foot),-0.2894494,-0.2094998,0.4126883,-0.4909025,-0.449529,-0.2376519,0.707432
1751960769340,46.36489,SteamVR Tracker (Waist),0,0,0,0,0,0,1
1751960769361,46.38656,SteamVR Tracker (Left Foot),-0.2895022,-0.2093344,0.4124981,-0.4912999,-0.4486118,-0.2382644,0.7075323
1751960769361,46.38656,SteamVR Tracker (Waist),0,0,0,0,0,0,1
1751960769384,46.40821,SteamVR Tracker (Left Foot),-0.2896917,-0.2094588,0.4128913,-0.4918756,-0.4477667,-0.2387276,0.7075114
1751960769384,46.40821,SteamVR Tracker (Waist),0,0,0,0,0,0,1
1751960769406,46.43095,SteamVR Tracker (Left Foot),-0.2898211,-0.2102284,0.4123611,-0.4919369,-0.4474156,-0.239033,0.7075878
1751960769406,46.43095,SteamVR Tracker (Waist),0,0,0,0,0,0,1
1751960769429,46.45321,SteamVR Tracker (Left Foot),-0.2895125,-0.2089896,0.4123669,-0.4930391,-0.4464039,-0.2396125,0.7072636
1751960769429,46.45321,SteamVR Tracker (Waist),0,0,0,0,0,0,1
1751960769452,46.47647,SteamVR Tracker (Left Foot),-0.2895024,-0.2084007,0.4125302,-0.4936674,-0.4450417,-0.2404393,0.7074033
1751960769452,46.47647,SteamVR Tracker (Waist),0,0,0,0,0,0,1
1751960769472,46.49707,SteamVR Tracker (Left Foot),-0.2891105,-0.2082837,0.4119636,-0.4938498,-0.4446381,-0.2406747,0.7074497
1751960769472,46.49707,SteamVR Tracker (Waist),0,0,0,0,0,0,1
1751960769495,46.51974,SteamVR Tracker (Left Foot),-0.2888621,-0.2081847,0.4116356,-0.4945215,-0.443905,-0.2412973,0.7072287
1751960769495,46.51974,SteamVR Tracker (Waist),0,0,0,0,0,0,1
1751960769518,46.54176,SteamVR Tracker (Left Foot),-0.2890828,-0.2081664,0.4114459,-0.495181,-0.4428699,-0.2418826,0.7072163
1751960769518,46.54176,SteamVR Tracker (Waist),0,0,0,0,0,0,1
1751960769539,46.56434,SteamVR Tracker (Left Foot),-0.2891348,-0.2082655,0.4114262,-0.494901,-0.4421892,-0.2421926,0.7077319
1751960769539,46.56434,SteamVR Tracker (Waist),0,0,0,0,0,0,1
1751960769559,46.58443,SteamVR Tracker (Left Foot),-0.289283,-0.2082982,0.4113676,-0.495301,-0.4417194,-0.2423606,0.7076879
1751960769560,46.58443,SteamVR Tracker (Waist),0,0,0,0,0,0,1
1751960769582,46.60761,SteamVR Tracker (Left Foot),-0.2890724,-0.2076237,0.4114138,-0.4961185,-0.4409042,-0.2426125,0.7075373
1751960769582,46.60761,SteamVR Tracker (Waist),0,0,0,0,0,0,1
1751960769607,46.63301,SteamVR Tracker (Left Foot),-0.2888978,-0.2071157,0.4110168,-0.4963562,-0.4403935,-0.2428096,0.7076212
1751960769607,46.63301,SteamVR Tracker (Waist),0,0,0,0,0,0,1
1751960769628,46.65298,SteamVR Tracker (Left Foot),-0.2890615,-0.2071135,0.4109232,-0.4966784,-0.4402354,-0.2430264,0.7074189
1751960769628,46.65298,SteamVR Tracker (Waist),0,0,0,0,0,0,1
1751960769651,46.67558,SteamVR Tracker (Left Foot),-0.2890631,-0.2070081,0.4108867,-0.4968639,-0.4395058,-0.2435107,0.7075757
1751960769651,46.67558,SteamVR Tracker (Waist),0,0,0,0,0,0,1
1751960769673,46.6974,SteamVR Tracker (Left Foot),-0.2887571,-0.2067883,0.41059,-0.4972714,-0.4394147,-0.2434433,0.7073692
1751960769673,46.6974,SteamVR Tracker (Waist),0,0,0,0,0,0,1
1751960769697,46.7202,SteamVR Tracker (Left Foot),-0.288469,-0.2065866,0.410606,-0.4973216,-0.4390544,-0.2433349,0.7075949
1751960769697,46.7202,SteamVR Tracker (Waist),0,0,0,0,0,0,1
1751960769718,46.74298,SteamVR Tracker (Left Foot),-0.2889278,-0.2067871,0.4103376,-0.496732,-0.4390526,-0.2427946,0.7081956
1751960769718,46.74298,SteamVR Tracker (Waist),0,0,0,0,0,0,1
1751960769741,46.76647,SteamVR Tracker (Left Foot),-0.288871,-0.2069831,0.4103063,-0.4969375,-0.4387668,-0.2428128,0.7082223
1751960769741,46.76647,SteamVR Tracker (Waist),0,0,0,0,0,0,1
1751960769760,46.7857,SteamVR Tracker (Left Foot),-0.2888071,-0.2068348,0.4102592,-0.4969794,-0.4385909,-0.2426123,0.7083706
1751960769760,46.7857,SteamVR Tracker (Waist),0,0,0,0,0,0,1
1751960769783,46.80795,SteamVR Tracker (Left Foot),-0.2883399,-0.2061012,0.4105597,-0.4971302,-0.4383754,-0.2425101,0.7084331
1751960769783,46.80795,SteamVR Tracker (Waist),0,0,0,0,0,0,1
1751960769806,46.83149,SteamVR Tracker (Left Foot),-0.2882917,-0.2056899,0.4103015,-0.4968131,-0.4384191,-0.2428819,0.708501
1751960769806,46.83149,SteamVR Tracker (Waist),0,0,0,0,0,0,1
1751960769830,46.85368,SteamVR Tracker (Left Foot),-0.3511387,-0.1418152,0.4455977,-0.4831265,-0.4614517,-0.229558,0.7077813
1751960769830,46.85368,SteamVR Tracker (Waist),0,0,0,0,0,0,1
1751960769850,46.87531,SteamVR Tracker (Left Foot),-0.30213,-0.1857414,0.4258941,-0.4871565,-0.4593527,-0.2334421,0.7051088
1751960769850,46.87531,SteamVR Tracker (Waist),0,0,0,0,0,0,1
1751960769871,46.89632,SteamVR Tracker (Left Foot),-0.2863787,-0.2015035,0.4168983,-0.4886435,-0.458,-0.2347054,0.7045403
1751960769871,46.89632,SteamVR Tracker (Waist),0,0,0,0,0,0,1
1751960769895,46.91971,SteamVR Tracker (Left Foot),-0.284678,-0.2167146,0.4111357,-0.4886545,-0.457672,-0.2343713,0.7048569
1751960769895,46.91971,SteamVR Tracker (Waist),0,0,0,0,0,0,1
1751960769917,46.94159,SteamVR Tracker (Left Foot),-0.2866327,-0.2177095,0.4126573,-0.4882553,-0.4570413,-0.2345477,0.7054837
1751960769917,46.94159,SteamVR Tracker (Waist),0,0,0,0,0,0,1
1751960769941,46.96552,SteamVR Tracker (Left Foot),-0.3047861,-0.1955404,0.4266677,-0.4790041,-0.4739722,-0.2271352,0.7030754
1751960769941,46.96552,SteamVR Tracker (Waist),0,0,0,0,0,0,1
1751960769962,46.98674,SteamVR Tracker (Left Foot),-0.2923996,-0.2095704,0.4195864,-0.4816863,-0.4713503,-0.2283632,0.7026076
1751960769962,46.98674,SteamVR Tracker (Waist),0,0,0,0,0,0,1
1751960769983,47.008,SteamVR Tracker (Left Foot),-0.2869925,-0.2180133,0.4150602,-0.4829841,-0.4707308,-0.2289692,0.7019344
1751960769983,47.008,SteamVR Tracker (Waist),0,0,0,0,0,0,1
1751960770006,47.03185,SteamVR Tracker (Left Foot),-0.2891448,-0.21842,0.416748,-0.4828511,-0.4690019,-0.2290747,0.7031478
1751960770006,47.03185,SteamVR Tracker (Waist),0,0,0,0,0,0,1
1751960770027,47.05277,SteamVR Tracker (Left Foot),-0.2906128,-0.2192008,0.4163944,-0.4829513,-0.4679239,-0.2291742,0.7037644
1751960770028,47.05277,SteamVR Tracker (Waist),0,0,0,0,0,0,1
1751960770052,47.07752,SteamVR Tracker (Left Foot),-0.2917849,-0.2183099,0.4163557,-0.4835608,-0.4660267,-0.230069,0.7043127
1751960770052,47.07752,SteamVR Tracker (Waist),0,0,0,0,0,0,1
1751960770072,47.09708,SteamVR Tracker (Left Foot),-0.2935204,-0.2156537,0.4172534,-0.4837747,-0.4646255,-0.2301835,0.7050537
1751960770072,47.09708,SteamVR Tracker (Waist),0,0,0,0,0,0,1
1751960770098,47.12014,SteamVR Tracker (Left Foot),-0.2944534,-0.2125573,0.4182147,-0.4845072,-0.4631874,-0.2310569,0.7052113
1751960770098,47.12014,SteamVR Tracker (Waist),0,0,0,0,0,0,1
1751960770118,47.14264,SteamVR Tracker (Left Foot),-0.2916347,-0.2147784,0.4165397,-0.4854843,-0.4620278,-0.2319114,0.7050195
1751960770118,47.14264,SteamVR Tracker (Waist),0,0,0,0,0,0,1
1751960770139,47.16386,SteamVR Tracker (Left Foot),-0.2916493,-0.2144861,0.4169759,-0.4865865,-0.4603937,-0.2326563,0.7050831
1751960770139,47.16386,SteamVR Tracker (Waist),0,0,0,0,0,0,1
1751960770161,47.18673,SteamVR Tracker (Left Foot),-0.2912112,-0.2138903,0.4158571,-0.4871871,-0.459134,-0.2332019,0.7053096
1751960770161,47.18673,SteamVR Tracker (Waist),0,0,0,0,0,0,1
1751960770183,47.20826,SteamVR Tracker (Left Foot),-0.2915106,-0.2143049,0.4153828,-0.4876364,-0.4585131,-0.2337121,0.7052341
1751960770184,47.20826,SteamVR Tracker (Waist),0,0,0,0,0,0,1
1751960770207,47.23221,SteamVR Tracker (Left Foot),-0.2912866,-0.2133849,0.4157284,-0.4884046,-0.457114,-0.2345812,0.7053223
1751960770207,47.23221,SteamVR Tracker (Waist),0,0,0,0,0,0,1
1751960770228,47.25331,SteamVR Tracker (Left Foot),-0.2908407,-0.2140257,0.4151703,-0.4890574,-0.4562164,-0.2351784,0.7052521
1751960770228,47.25331,SteamVR Tracker (Waist),0,0,0,0,0,0,1
1751960770251,47.27603,SteamVR Tracker (Left Foot),-0.2905793,-0.2134845,0.4150622,-0.4894921,-0.455222,-0.2356815,0.7054251
1751960770251,47.27603,SteamVR Tracker (Waist),0,0,0,0,0,0,1
1751960770273,47.29805,SteamVR Tracker (Left Foot),-0.2910096,-0.2138011,0.4147041,-0.4897231,-0.4544736,-0.2361095,0.7056043
1751960770273,47.29805,SteamVR Tracker (Waist),0,0,0,0,0,0,1
1751960770295,47.31942,SteamVR Tracker (Left Foot),-0.2914765,-0.2132604,0.4148615,-0.4898563,-0.4536697,-0.2364937,0.7059004
1751960770295,47.31942,SteamVR Tracker (Waist),0,0,0,0,0,0,1
1751960770318,47.34223,SteamVR Tracker (Left Foot),-0.2914436,-0.2133133,0.4149291,-0.4905698,-0.4528022,-0.2367794,0.7058662
1751960770318,47.34223,SteamVR Tracker (Waist),0,0,0,0,0,0,1
1751960770340,47.36473,SteamVR Tracker (Left Foot),-0.2908654,-0.2133002,0.4146556,-0.4911002,-0.4521996,-0.2370469,0.7057938
1751960770340,47.36473,SteamVR Tracker (Waist),0,0,0,0,0,0,1
1751960770363,47.38769,SteamVR Tracker (Left Foot),-0.2909879,-0.2127244,0.414476,-0.4910855,-0.4515642,-0.2368442,0.7062787
1751960770363,47.38769,SteamVR Tracker (Waist),0,0,0,0,0,0,1
1751960770385,47.40905,SteamVR Tracker (Left Foot),-0.2911195,-0.2126906,0.4141508,-0.4910908,-0.4505735,-0.2369892,0.7068589
1751960770385,47.40905,SteamVR Tracker (Waist),0,0,0,0,0,0,1
1751960770407,47.43272,SteamVR Tracker (Left Foot),-0.2907916,-0.2129781,0.4139431,-0.4912601,-0.4501002,-0.2372355,0.7069602
1751960770407,47.43272,SteamVR Tracker (Waist),0,0,0,0,0,0,1
1751960770428,47.45335,SteamVR Tracker (Left Foot),-0.2909856,-0.2124767,0.4140648,-0.4911897,-0.4497234,-0.2373062,0.707225
1751960770428,47.45335,SteamVR Tracker (Waist),0,0,0,0,0,0,1
1751960770454,47.47959,SteamVR Tracker (Left Foot),-0.346485,-0.1693647,0.4372538,-0.4799497,-0.4624974,-0.2266505,0.710193
1751960770454,47.47959,SteamVR Tracker (Waist),0,0,0,0,0,0,1
1751960770474,47.49863,SteamVR Tracker (Left Foot),-0.3253383,-0.1812379,0.4332233,-0.4850243,-0.4569736,-0.2303852,0.7091186
1751960770474,47.49863,SteamVR Tracker (Waist),0,0,0,0,0,0,1
1751960770498,47.52091,SteamVR Tracker (Left Foot),-0.3228375,-0.1638875,0.4475792,-0.483426,-0.4594872,-0.2276042,0.7094837
1751960770498,47.52091,SteamVR Tracker (Waist),0,0,0,0,0,0,1
1751960770516,47.54147,SteamVR Tracker (Left Foot),-0.2863423,-0.2112975,0.4230801,-0.483298,-0.4675116,-0.2267098,0.7045982
1751960770516,47.54147,SteamVR Tracker (Waist),0,0,0,0,0,0,1
1751960770538,47.56365,SteamVR Tracker (Left Foot),-0.2776415,-0.2321539,0.4147635,-0.4830983,-0.4684621,-0.2262354,0.7042562
1751960770538,47.56365,SteamVR Tracker (Waist),0,0,0,0,0,0,1
1751960770560,47.58624,SteamVR Tracker (Left Foot),-0.2843495,-0.2353721,0.4171655,-0.4823238,-0.4682361,-0.2265751,0.704828
1751960770560,47.58624,SteamVR Tracker (Waist),0,0,0,0,0,0,1
1751960770583,47.60823,SteamVR Tracker (Left Foot),-0.2908046,-0.2383571,0.4171351,-0.4817075,-0.4682732,-0.2262237,0.7053375
1751960770583,47.60823,SteamVR Tracker (Waist),0,0,0,0,0,0,1
1751960770606,47.63182,SteamVR Tracker (Left Foot),-0.2939041,-0.2359889,0.4183907,-0.4801331,-0.4684086,-0.226635,0.7061886
1751960770607,47.63182,SteamVR Tracker (Waist),0,0,0,0,0,0,1
1751960770628,47.65311,SteamVR Tracker (Left Foot),-0.2952164,-0.2338033,0.4186159,-0.4798993,-0.4674559,-0.2272987,0.7067651
1751960770628,47.65311,SteamVR Tracker (Waist),0,0,0,0,0,0,1
1751960770651,47.67514,SteamVR Tracker (Left Foot),-0.2951421,-0.230473,0.4197282,-0.4801254,-0.4662677,-0.2281015,0.7071377
1751960770651,47.67514,SteamVR Tracker (Waist),0,0,0,0,0,0,1
1751960770673,47.69839,SteamVR Tracker (Left Foot),-0.2945872,-0.229461,0.419651,-0.4802674,-0.465742,-0.2288027,0.7071611
1751960770673,47.69839,SteamVR Tracker (Waist),0,0,0,0,0,0,1
1751960770695,47.71994,SteamVR Tracker (Left Foot),-0.2957198,-0.2250197,0.4201551,-0.4800543,-0.4651141,-0.2291921,0.7075929
1751960770695,47.71994,SteamVR Tracker (Waist),0,0,0,0,0,0,1
1751960770718,47.74227,SteamVR Tracker (Left Foot),-0.2946687,-0.2263098,0.420028,-0.4807694,-0.4644427,-0.2300115,0.7072825
1751960770718,47.74227,SteamVR Tracker (Waist),0,0,0,0,0,0,1
1751960770739,47.76426,SteamVR Tracker (Left Foot),-0.2946874,-0.2240074,0.4208984,-0.4814557,-0.4630761,-0.2306531,0.7075027
1751960770740,47.76426,SteamVR Tracker (Waist),0,0,0,0,0,0,1
1751960770761,47.78696,SteamVR Tracker (Left Foot),-0.2939832,-0.2233846,0.4195704,-0.481807,-0.4618028,-0.2311047,0.7079483
1751960770761,47.78696,SteamVR Tracker (Waist),0,0,0,0,0,0,1
1751960770784,47.80868,SteamVR Tracker (Left Foot),-0.2941887,-0.2227812,0.4197932,-0.482269,-0.4610081,-0.2316528,0.7079726
1751960770784,47.80868,SteamVR Tracker (Waist),0,0,0,0,0,0,1
1751960770806,47.83055,SteamVR Tracker (Left Foot),-0.3362828,-0.1791677,0.4439523,-0.4686312,-0.4762469,-0.2226087,0.709943
1751960770806,47.83055,SteamVR Tracker (Waist),0,0,0,0,0,0,1
1751960770829,47.85339,SteamVR Tracker (Left Foot),-0.3012988,-0.2091994,0.4282412,-0.4725162,-0.4727081,-0.2251423,0.7089334
1751960770829,47.85339,SteamVR Tracker (Waist),0,0,0,0,0,0,1
1751960770850,47.8754,SteamVR Tracker (Left Foot),-0.289766,-0.2270935,0.4193513,-0.4725286,-0.472164,-0.2254833,0.7091793
1751960770850,47.8754,SteamVR Tracker (Waist),0,0,0,0,0,0,1
1751960770872,47.89774,SteamVR Tracker (Left Foot),-0.290939,-0.2280564,0.4203803,-0.473254,-0.4708022,-0.2263991,0.7093091
1751960770872,47.89774,SteamVR Tracker (Waist),0,0,0,0,0,0,1
1751960770895,47.91959,SteamVR Tracker (Left Foot),-0.2933938,-0.2283366,0.4217109,-0.4737438,-0.4698422,-0.2263637,0.70963
1751960770895,47.91959,SteamVR Tracker (Waist),0,0,0,0,0,0,1
1751960770919,47.94269,SteamVR Tracker (Left Foot),-0.2938082,-0.2291389,0.4205826,-0.473758,-0.4685999,-0.2264591,0.710411
1751960770919,47.94269,SteamVR Tracker (Waist),0,0,0,0,0,0,1
1751960770940,47.96538,SteamVR Tracker (Left Foot),-0.2945605,-0.2280707,0.4209222,-0.4742172,-0.4674854,-0.226967,0.7106768
1751960770941,47.96538,SteamVR Tracker (Waist),0,0,0,0,0,0,1
1751960770962,47.98756,SteamVR Tracker (Left Foot),-0.2945879,-0.2277865,0.4209276,-0.4747988,-0.4660899,-0.2274179,0.7110608
1751960770962,47.98756,SteamVR Tracker (Waist),0,0,0,0,0,0,1
1751960770984,48.00917,SteamVR Tracker (Left Foot),-0.2941449,-0.2265944,0.4206765,-0.4756895,-0.4642655,-0.2285361,0.7113005
1751960770984,48.00917,SteamVR Tracker (Waist),0,0,0,0,0,0,1
1751960771006,48.03152,SteamVR Tracker (Left Foot),-0.2945421,-0.2255414,0.4210095,-0.4765677,-0.4634993,-0.2292344,0.7109876
1751960771006,48.03152,SteamVR Tracker (Waist),0,0,0,0,0,0,1
1751960771027,48.05304,SteamVR Tracker (Left Foot),-0.294271,-0.2250357,0.4207978,-0.4774062,-0.4623224,-0.2300912,0.7109144
1751960771027,48.05304,SteamVR Tracker (Waist),0,0,0,0,0,0,1
1751960771051,48.07572,SteamVR Tracker (Left Foot),-0.2939208,-0.2253258,0.4204686,-0.477751,-0.4611523,-0.230493,0.7113126
1751960771051,48.07572,SteamVR Tracker (Waist),0,0,0,0,0,0,1
1751960771074,48.09857,SteamVR Tracker (Left Foot),-0.2937427,-0.2253394,0.4202774,-0.4785756,-0.4598701,-0.2312485,0.7113431
1751960771074,48.09857,SteamVR Tracker (Waist),0,0,0,0,0,0,1
1751960771094,48.11966,SteamVR Tracker (Left Foot),-0.2934285,-0.2246718,0.4198961,-0.4790509,-0.4590672,-0.2318796,0.7113364
1751960771095,48.11966,SteamVR Tracker (Waist),0,0,0,0,0,0,1
1751960771119,48.14272,SteamVR Tracker (Left Foot),-0.2933919,-0.2242386,0.4194351,-0.4797964,-0.4580073,-0.2327856,0.7112212
1751960771119,48.14272,SteamVR Tracker (Waist),0,0,0,0,0,0,1
1751960771139,48.16453,SteamVR Tracker (Left Foot),-0.2935192,-0.2232652,0.4198316,-0.4804634,-0.4571128,-0.2334048,0.7111435
1751960771140,48.16453,SteamVR Tracker (Waist),0,0,0,0,0,0,1
1751960771162,48.18722,SteamVR Tracker (Left Foot),-0.2930614,-0.2232227,0.419563,-0.4810856,-0.456459,-0.2340361,0.7109354
1751960771162,48.18722,SteamVR Tracker (Waist),0,0,0,0,0,0,1
1751960771184,48.20862,SteamVR Tracker (Left Foot),-0.2930581,-0.2234855,0.4193273,-0.4820189,-0.4553385,-0.2350289,0.7106941
1751960771184,48.20862,SteamVR Tracker (Waist),0,0,0,0,0,0,1
1751960771206,48.23156,SteamVR Tracker (Left Foot),-0.2925224,-0.223495,0.419249,-0.4821745,-0.4548645,-0.2354354,0.7107575
1751960771207,48.23156,SteamVR Tracker (Waist),0,0,0,0,0,0,1
1751960771229,48.25389,SteamVR Tracker (Left Foot),-0.2926384,-0.2238975,0.4188372,-0.4830135,-0.4540389,-0.236061,0.7105082
1751960771229,48.25389,SteamVR Tracker (Waist),0,0,0,0,0,0,1
1751960771251,48.27612,SteamVR Tracker (Left Foot),-0.2925492,-0.2240286,0.4187922,-0.483369,-0.4531412,-0.23633,0.71075
1751960771251,48.27612,SteamVR Tracker (Waist),0,0,0,0,0,0,1
1751960771274,48.29863,SteamVR Tracker (Left Foot),-0.2922568,-0.2234211,0.4188666,-0.4839311,-0.4528469,-0.2372202,0.7102584
1751960771274,48.29863,SteamVR Tracker (Waist),0,0,0,0,0,0,1
1751960771298,48.32119,SteamVR Tracker (Left Foot),-0.2922312,-0.2230582,0.4188247,-0.484152,-0.4527097,-0.2376127,0.7100641
1751960771298,48.32119,SteamVR Tracker (Waist),0,0,0,0,0,0,1
1751960771319,48.34396,SteamVR Tracker (Left Foot),-0.2924594,-0.2224624,0.4186819,-0.4842634,-0.4525255,-0.2380152,0.7099707
1751960771319,48.34396,SteamVR Tracker (Waist),0,0,0,0,0,0,1
1751960771341,48.36523,SteamVR Tracker (Left Foot),-0.2924143,-0.2224414,0.4184787,-0.4843841,-0.4520712,-0.2380693,0.7101597
1751960771341,48.36523,SteamVR Tracker (Waist),0,0,0,0,0,0,1
1751960771363,48.38711,SteamVR Tracker (Left Foot),-0.2924398,-0.2221048,0.4184479,-0.4842574,-0.451929,-0.2378699,0.7104033
1751960771363,48.38711,SteamVR Tracker (Waist),0,0,0,0,0,0,1
1751960771386,48.41021,SteamVR Tracker (Left Foot),-0.2922195,-0.2218411,0.4184887,-0.4845585,-0.451424,-0.2379176,0.7105031
1751960771386,48.41021,SteamVR Tracker (Waist),0,0,0,0,0,0,1
1751960771408,48.43199,SteamVR Tracker (Left Foot),-0.2916215,-0.2224631,0.4182944,-0.4851104,-0.4512222,-0.2377771,0.7103017
1751960771408,48.43199,SteamVR Tracker (Waist),0,0,0,0,0,0,1
1751960771430,48.45459,SteamVR Tracker (Left Foot),-0.3448811,-0.2512908,0.3954687,-0.4858944,-0.4502931,-0.2308019,0.7126523
1751960771430,48.45459,SteamVR Tracker (Waist),0,0,0,0,0,0,1
1751960771451,48.4764,SteamVR Tracker (Left Foot),-0.3512923,-0.143908,0.4595613,-0.4736303,-0.4567114,-0.2269192,0.7180506
1751960771451,48.4764,SteamVR Tracker (Waist),0,0,0,0,0,0,1
1751960771474,48.499,SteamVR Tracker (Left Foot),-0.2925224,-0.218941,0.4241374,-0.477736,-0.4583021,-0.2287793,0.7137139
1751960771474,48.499,SteamVR Tracker (Waist),0,0,0,0,0,0,1
1751960771496,48.52029,SteamVR Tracker (Left Foot),-0.2834803,-0.2306836,0.4206943,-0.4782454,-0.4582115,-0.229807,0.7131006
1751960771496,48.52029,SteamVR Tracker (Waist),0,0,0,0,0,0,1
1751960771519,48.54395,SteamVR Tracker (Left Foot),-0.2868814,-0.2348552,0.4197224,-0.4781628,-0.4580236,-0.2299111,0.7132431
1751960771519,48.54395,SteamVR Tracker (Waist),0,0,0,0,0,0,1
1751960771539,48.56465,SteamVR Tracker (Left Foot),-0.2908532,-0.2358732,0.4203188,-0.4776945,-0.4580677,-0.229936,0.7135204
1751960771539,48.56465,SteamVR Tracker (Waist),0,0,0,0,0,0,1
1751960771563,48.58754,SteamVR Tracker (Left Foot),-0.29345,-0.2352078,0.4208261,-0.4777001,-0.457855,-0.230279,0.7135426
1751960771563,48.58754,SteamVR Tracker (Waist),0,0,0,0,0,0,1
1751960771585,48.61031,SteamVR Tracker (Left Foot),-0.2944607,-0.2329168,0.4211703,-0.4782133,-0.4571608,-0.2309614,0.7134234
1751960771585,48.61031,SteamVR Tracker (Waist),0,0,0,0,0,0,1
1751960771606,48.63125,SteamVR Tracker (Left Foot),-0.2949924,-0.2310963,0.4214808,-0.4787188,-0.4567326,-0.2314771,0.7131914
1751960771606,48.63125,SteamVR Tracker (Waist),0,0,0,0,0,0,1
1751960771630,48.6547,SteamVR Tracker (Left Foot),-0.29454,-0.230768,0.4215714,-0.4788305,-0.4565466,-0.2317034,0.7131621
1751960771630,48.6547,SteamVR Tracker (Waist),0,0,0,0,0,0,1
1751960771652,48.67697,SteamVR Tracker (Left Foot),-0.2951629,-0.228662,0.4224691,-0.4796068,-0.4558007,-0.2319869,0.7130253
1751960771652,48.67697,SteamVR Tracker (Waist),0,0,0,0,0,0,1
1751960771675,48.69896,SteamVR Tracker (Left Foot),-0.2942231,-0.2286954,0.4218082,-0.4794298,-0.4559201,-0.2319231,0.7130889
1751960771675,48.69896,SteamVR Tracker (Waist),0,0,0,0,0,0,1
1751960771698,48.72147,SteamVR Tracker (Left Foot),-0.2942378,-0.2283812,0.4212199,-0.4804103,-0.4548032,-0.2333856,0.7126648
1751960771698,48.72147,SteamVR Tracker (Waist),0,0,0,0,0,0,1
1751960771719,48.74363,SteamVR Tracker (Left Foot),-0.2941739,-0.2280917,0.4211084,-0.480831,-0.4544048,-0.2336224,0.7125576
1751960771719,48.74363,SteamVR Tracker (Waist),0,0,0,0,0,0,1
1751960771740,48.76555,SteamVR Tracker (Left Foot),-0.2939749,-0.2280302,0.4213505,-0.4811027,-0.4540855,-0.2338616,0.7124994
1751960771740,48.76555,SteamVR Tracker (Waist),0,0,0,0,0,0,1
1751960771762,48.78718,SteamVR Tracker (Left Foot),-0.2938219,-0.2282414,0.4209819,-0.4810432,-0.4539388,-0.2341664,0.7125329
1751960771762,48.78718,SteamVR Tracker (Waist),0,0,0,0,0,0,1
1751960771785,48.80971,SteamVR Tracker (Left Foot),-0.2936851,-0.2276247,0.4211079,-0.4811107,-0.45371,-0.2344445,0.7125416
1751960771785,48.80971,SteamVR Tracker (Waist),0,0,0,0,0,0,1
1751960771808,48.83241,SteamVR Tracker (Left Foot),-0.2937314,-0.2279828,0.420583,-0.4818102,-0.4527961,-0.2352037,0.7124001
1751960771808,48.83241,SteamVR Tracker (Waist),0,0,0,0,0,0,1
1751960771831,48.85558,SteamVR Tracker (Left Foot),-0.2933703,-0.2270751,0.4207614,-0.4824191,-0.452247,-0.2352663,0.7123161
1751960771831,48.85558,SteamVR Tracker (Waist),0,0,0,0,0,0,1
1751960771851,48.87586,SteamVR Tracker (Left Foot),-0.2933004,-0.2272272,0.4208315,-0.4828854,-0.4517618,-0.2357573,0.7121457
1751960771851,48.87586,SteamVR Tracker (Waist),0,0,0,0,0,0,1
1751960771874,48.89886,SteamVR Tracker (Left Foot),-0.2934025,-0.2273314,0.4203206,-0.4831566,-0.4513291,-0.2362131,0.7120851
1751960771874,48.89886,SteamVR Tracker (Waist),0,0,0,0,0,0,1
1751960771897,48.92118,SteamVR Tracker (Left Foot),-0.2929472,-0.2270117,0.420425,-0.4836365,-0.4510072,-0.2364347,0.7118897
1751960771897,48.92118,SteamVR Tracker (Waist),0,0,0,0,0,0,1
1751960771919,48.94363,SteamVR Tracker (Left Foot),-0.2932969,-0.2268286,0.4200525,-0.4841018,-0.4507284,-0.2370535,0.7115442
1751960771919,48.94363,SteamVR Tracker (Waist),0,0,0,0,0,0,1
1751960771941,48.96613,SteamVR Tracker (Left Foot),-0.2930994,-0.2266457,0.4200583,-0.4842621,-0.4505373,-0.2372943,0.7114757
1751960771942,48.96613,SteamVR Tracker (Waist),0,0,0,0,0,0,1
1751960771963,48.98782,SteamVR Tracker (Left Foot),-0.2930195,-0.2267487,0.4194778,-0.4843777,-0.4501952,-0.2376046,0.71151
1751960771963,48.98782,SteamVR Tracker (Waist),0,0,0,0,0,0,1
1751960771985,49.01042,SteamVR Tracker (Left Foot),-0.2932876,-0.2266624,0.4197633,-0.484607,-0.4499007,-0.2378185,0.7114688
1751960771985,49.01042,SteamVR Tracker (Waist),0,0,0,0,0,0,1
1751960772008,49.03263,SteamVR Tracker (Left Foot),-0.2935776,-0.2266612,0.4198677,-0.4851252,-0.4494846,-0.2379994,0.7113181
1751960772008,49.03263,SteamVR Tracker (Waist),0,0,0,0,0,0,1
1751960772031,49.05557,SteamVR Tracker (Left Foot),-0.2931211,-0.2260199,0.4198893,-0.4860378,-0.4485976,-0.2388622,0.7109658
1751960772031,49.05557,SteamVR Tracker (Waist),0,0,0,0,0,0,1
1751960772052,49.07694,SteamVR Tracker (Left Foot),-0.2928725,-0.2253067,0.4198932,-0.4864864,-0.4483752,-0.2389854,0.7107579
1751960772052,49.07694,SteamVR Tracker (Waist),0,0,0,0,0,0,1
1751960772074,49.09918,SteamVR Tracker (Left Foot),-0.2928008,-0.2253869,0.4193301,-0.4865616,-0.4481174,-0.2391364,0.7108181
1751960772074,49.09918,SteamVR Tracker (Waist),0,0,0,0,0,0,1
1751960772098,49.12162,SteamVR Tracker (Left Foot),-0.2925354,-0.2252145,0.4193063,-0.4868434,-0.4479296,-0.2390207,0.7107824
1751960772098,49.12162,SteamVR Tracker (Waist),0,0,0,0,0,0,1
1751960772118,49.14305,SteamVR Tracker (Left Foot),-0.2924641,-0.2249427,0.419279,-0.4866794,-0.4477086,-0.2388984,0.711075
1751960772118,49.14305,SteamVR Tracker (Waist),0,0,0,0,0,0,1
1751960772140,49.16505,SteamVR Tracker (Left Foot),-0.2926203,-0.2251241,0.4190148,-0.4873779,-0.4471033,-0.2394898,0.7107785
1751960772140,49.16505,SteamVR Tracker (Waist),0,0,0,0,0,0,1
1751960772162,49.18688,SteamVR Tracker (Left Foot),-0.2921441,-0.2248557,0.4190591,-0.4871996,-0.447184,-0.2392846,0.7109191
1751960772162,49.18688,SteamVR Tracker (Waist),0,0,0,0,0,0,1
1751960772185,49.20962,SteamVR Tracker (Left Foot),-0.2925734,-0.2245474,0.4190134,-0.4875247,-0.4466835,-0.2398545,0.7108188
1751960772185,49.20962,SteamVR Tracker (Waist),0,0,0,0,0,0,1
1751960772206,49.23201,SteamVR Tracker (Left Foot),-0.2923222,-0.2248552,0.4187513,-0.4877391,-0.4463338,-0.2402476,0.7107587
1751960772207,49.23201,SteamVR Tracker (Waist),0,0,0,0,0,0,1
1751960772230,49.25388,SteamVR Tracker (Left Foot),-0.2924242,-0.2246518,0.4188504,-0.4877546,-0.4462254,-0.2403171,0.7107925
1751960772230,49.25388,SteamVR Tracker (Waist),0,0,0,0,0,0,1
1751960772252,49.27687,SteamVR Tracker (Left Foot),-0.2922813,-0.2245688,0.4187861,-0.4877458,-0.4460557,-0.2404209,0.71087
1751960772252,49.27687,SteamVR Tracker (Waist),0,0,0,0,0,0,1
1751960772273,49.29831,SteamVR Tracker (Left Foot),-0.2920169,-0.2242157,0.4186305,-0.4880339,-0.4456829,-0.2406981,0.7108123
1751960772274,49.29831,SteamVR Tracker (Waist),0,0,0,0,0,0,1
1751960772298,49.32127,SteamVR Tracker (Left Foot),-0.2922315,-0.2240341,0.418641,-0.4878763,-0.4456347,-0.2410978,0.7108152
1751960772298,49.32127,SteamVR Tracker (Waist),0,0,0,0,0,0,1
1751960772316,49.34183,SteamVR Tracker (Left Foot),-0.2921592,-0.2235773,0.4187028,-0.4880767,-0.4454729,-0.2415345,0.7106308
1751960772317,49.34183,SteamVR Tracker (Waist),0,0,0,0,0,0,1
1751960772339,49.36509,SteamVR Tracker (Left Foot),-0.2919723,-0.2231002,0.4187742,-0.4881295,-0.445497,-0.2418779,0.7104627
1751960772339,49.36509,SteamVR Tracker (Waist),0,0,0,0,0,0,1
1751960772362,49.38689,SteamVR Tracker (Left Foot),-0.2918599,-0.2230802,0.4186042,-0.4880982,-0.4453655,-0.2423884,0.7103925
1751960772362,49.38689,SteamVR Tracker (Waist),0,0,0,0,0,0,1
1751960772384,49.40925,SteamVR Tracker (Left Foot),-0.2918137,-0.2230544,0.4182141,-0.4886398,-0.4449185,-0.243359,0.7099684
1751960772384,49.40925,SteamVR Tracker (Waist),0,0,0,0,0,0,1
1751960772408,49.43332,SteamVR Tracker (Left Foot),-0.2919054,-0.2229624,0.4185824,-0.4887927,-0.4447112,-0.2436497,0.7098933
1751960772408,49.43332,SteamVR Tracker (Waist),0,0,0,0,0,0,1
1751960772430,49.45448,SteamVR Tracker (Left Foot),-0.2918303,-0.2226143,0.4184008,-0.4889289,-0.4443938,-0.2438332,0.7099352
1751960772430,49.45448,SteamVR Tracker (Waist),0,0,0,0,0,0,1
1751960772449,49.4746,SteamVR Tracker (Left Foot),-0.2919137,-0.222609,0.418214,-0.4889526,-0.4441583,-0.2436054,0.7101446
1751960772449,49.4746,SteamVR Tracker (Waist),0,0,0,0,0,0,1
1751960772474,49.49829,SteamVR Tracker (Left Foot),-0.2921465,-0.2225888,0.4181584,-0.4892458,-0.444134,-0.2433199,0.7100557
1751960772474,49.49829,SteamVR Tracker (Waist),0,0,0,0,0,0,1
1751960772497,49.52187,SteamVR Tracker (Left Foot),-0.2920089,-0.2224414,0.4176198,-0.4893392,-0.4440104,-0.2433756,0.7100496
1751960772498,49.52187,SteamVR Tracker (Waist),0,0,0,0,0,0,1
1751960772517,49.54253,SteamVR Tracker (Left Foot),-0.291691,-0.2221823,0.4177467,-0.489553,-0.4438418,-0.2435383,0.7099517
1751960772517,49.54253,SteamVR Tracker (Waist),0,0,0,0,0,0,1
1751960772541,49.5657,SteamVR Tracker (Left Foot),-0.2913606,-0.2215536,0.4178926,-0.4896911,-0.4437733,-0.2434787,0.7099198
1751960772541,49.5657,SteamVR Tracker (Waist),0,0,0,0,0,0,1
1751960772563,49.58805,SteamVR Tracker (Left Foot),-0.2919038,-0.2215621,0.4174072,-0.4895977,-0.4436164,-0.2434529,0.710091
1751960772563,49.58805,SteamVR Tracker (Waist),0,0,0,0,0,0,1
1751960772585,49.61053,SteamVR Tracker (Left Foot),-0.2918587,-0.2212074,0.4173889,-0.4896571,-0.4436023,-0.24361,0.710005
1751960772585,49.61053,SteamVR Tracker (Waist),0,0,0,0,0,0,1
1751960772608,49.63257,SteamVR Tracker (Left Foot),-0.2915022,-0.2209246,0.4173955,-0.4899457,-0.4434547,-0.2433203,0.7099975
1751960772608,49.63257,SteamVR Tracker (Waist),0,0,0,0,0,0,1
1751960772631,49.65561,SteamVR Tracker (Left Foot),-0.2916968,-0.2209847,0.4171782,-0.4896584,-0.4435316,-0.2430968,0.7102242
1751960772631,49.65561,SteamVR Tracker (Waist),0,0,0,0,0,0,1
1751960772652,49.67699,SteamVR Tracker (Left Foot),-0.2916518,-0.2209973,0.4170486,-0.4894597,-0.4437022,-0.2426982,0.7103908
1751960772652,49.67699,SteamVR Tracker (Waist),0,0,0,0,0,0,1
1751960772676,49.69998,SteamVR Tracker (Left Foot),-0.291313,-0.2208002,0.4171448,-0.4897008,-0.443915,-0.2427604,0.7100704
1751960772676,49.69998,SteamVR Tracker (Waist),0,0,0,0,0,0,1
1751960772700,49.72353,SteamVR Tracker (Left Foot),-0.2914444,-0.2202203,0.4170882,-0.4897721,-0.4438106,-0.2425744,0.7101501
1751960772700,49.72353,SteamVR Tracker (Waist),0,0,0,0,0,0,1
1751960772720,49.74414,SteamVR Tracker (Left Foot),-0.2917657,-0.2202137,0.4169716,-0.4899157,-0.4438136,-0.2425682,0.7100513
1751960772721,49.74414,SteamVR Tracker (Waist),0,0,0,0,0,0,1
1751960772742,49.76624,SteamVR Tracker (Left Foot),-0.2917357,-0.2199595,0.4167907,-0.4900025,-0.4437155,-0.2426124,0.7100376
1751960772742,49.76624,SteamVR Tracker (Waist),0,0,0,0,0,0,1
1751960772761,49.78687,SteamVR Tracker (Left Foot),-0.2914606,-0.2200696,0.4164901,-0.4900234,-0.4435112,-0.2424512,0.7102059
1751960772761,49.78687,SteamVR Tracker (Waist),0,0,0,0,0,0,1
1751960772786,49.81104,SteamVR Tracker (Left Foot),-0.2914768,-0.220089,0.4165087,-0.4898829,-0.4435038,-0.2426026,0.7102556
1751960772786,49.81104,SteamVR Tracker (Waist),0,0,0,0,0,0,1
1751960772807,49.83173,SteamVR Tracker (Left Foot),-0.2919302,-0.2198298,0.4163868,-0.4902031,-0.4433841,-0.2428775,0.7100155
1751960772807,49.83173,SteamVR Tracker (Waist),0,0,0,0,0,0,1
1751960772830,49.85471,SteamVR Tracker (Left Foot),-0.2918553,-0.2194936,0.4164465,-0.4902256,-0.4431737,-0.243057,0.7100699
1751960772830,49.85471,SteamVR Tracker (Waist),0,0,0,0,0,0,1
1751960772852,49.87701,SteamVR Tracker (Left Foot),-0.2916403,-0.2194622,0.4163048,-0.490587,-0.4430304,-0.2431066,0.7098927
1751960772852,49.87701,SteamVR Tracker (Waist),0,0,0,0,0,0,1
1751960772876,49.90052,SteamVR Tracker (Left Foot),-0.2912893,-0.2195053,0.4160783,-0.4905184,-0.4427621,-0.2432852,0.7100464
1751960772876,49.90052,SteamVR Tracker (Waist),0,0,0,0,0,0,1
1751960772896,49.92124,SteamVR Tracker (Left Foot),-0.2914595,-0.2194076,0.4161543,-0.4906069,-0.4426302,-0.2433484,0.7100458
1751960772896,49.92124,SteamVR Tracker (Waist),0,0,0,0,0,0,1
1751960772919,49.94407,SteamVR Tracker (Left Foot),-0.2914434,-0.2193627,0.4161097,-0.4906474,-0.4427242,-0.243394,0.7099436
1751960772919,49.94407,SteamVR Tracker (Waist),0,0,0,0,0,0,1
1751960772940,49.96606,SteamVR Tracker (Left Foot),-0.2913436,-0.2186859,0.4161138,-0.4904251,-0.4427438,-0.243414,0.7100781
1751960772941,49.96606,SteamVR Tracker (Waist),0,0,0,0,0,0,1
1751960772964,49.98896,SteamVR Tracker (Left Foot),-0.3103644,-0.2365549,0.4066055,-0.4927426,-0.4378916,-0.2420206,0.7119563
1751960772964,49.98896,SteamVR Tracker (Waist),0,0,0,0,0,0,1
1751960772986,50.01078,SteamVR Tracker (Left Foot),-0.2980188,-0.2316496,0.4134963,-0.4933971,-0.4370701,-0.2427507,0.7117592
1751960772986,50.01078,SteamVR Tracker (Waist),0,0,0,0,0,0,1
1751960773010,50.03454,SteamVR Tracker (Left Foot),-0.2911492,-0.2276404,0.4174258,-0.493799,-0.4361673,-0.2431872,0.7118853
1751960773010,50.03454,SteamVR Tracker (Waist),0,0,0,0,0,0,1
1751960773032,50.0557,SteamVR Tracker (Left Foot),-0.2902112,-0.2255287,0.4180315,-0.4938574,-0.4367428,-0.2429309,0.7115793
1751960773032,50.0557,SteamVR Tracker (Waist),0,0,0,0,0,0,1
1751960773053,50.07802,SteamVR Tracker (Left Foot),-0.2901042,-0.2251999,0.4171054,-0.4935256,-0.4374959,-0.2424049,0.7115263
1751960773053,50.07802,SteamVR Tracker (Waist),0,0,0,0,0,0,1
1751960773073,50.09886,SteamVR Tracker (Left Foot),-0.2915352,-0.2238145,0.4168804,-0.4931636,-0.4378551,-0.2426874,0.71146
1751960773074,50.09886,SteamVR Tracker (Waist),0,0,0,0,0,0,1
1751960773098,50.12274,SteamVR Tracker (Left Foot),-0.2922915,-0.2236686,0.4169536,-0.4929411,-0.4382768,-0.242705,0.7113486
1751960773099,50.12274,SteamVR Tracker (Waist),0,0,0,0,0,0,1
1751960773119,50.14363,SteamVR Tracker (Left Foot),-0.2924354,-0.2234967,0.416777,-0.4928544,-0.4384844,-0.2426959,0.7112839
1751960773119,50.14363,SteamVR Tracker (Waist),0,0,0,0,0,0,1
1751960773141,50.16513,SteamVR Tracker (Left Foot),-0.2924787,-0.2229366,0.4168937,-0.4925205,-0.438881,-0.2427049,0.7112675
1751960773142,50.16513,SteamVR Tracker (Waist),0,0,0,0,0,0,1
1751960773162,50.18759,SteamVR Tracker (Left Foot),-0.2921821,-0.2231977,0.416902,-0.4925139,-0.4392533,-0.2425297,0.7111019
1751960773162,50.18759,SteamVR Tracker (Waist),0,0,0,0,0,0,1
1751960773185,50.2097,SteamVR Tracker (Left Foot),-0.2927838,-0.222683,0.4164551,-0.492241,-0.4396581,-0.2424076,0.7110824
1751960773185,50.2097,SteamVR Tracker (Waist),0,0,0,0,0,0,1
1751960773210,50.23389,SteamVR Tracker (Left Foot),-0.2921657,-0.2222164,0.4170726,-0.4919513,-0.439842,-0.2419789,0.7113151
1751960773210,50.23389,SteamVR Tracker (Waist),0,0,0,0,0,0,1
1751960773228,50.25345,SteamVR Tracker (Left Foot),-0.2925196,-0.222595,0.416971,-0.4914173,-0.4401853,-0.2418357,0.7115206
1751960773228,50.25345,SteamVR Tracker (Waist),0,0,0,0,0,0,1
1751960773252,50.27676,SteamVR Tracker (Left Foot),-0.2924724,-0.221848,0.4166453,-0.4913481,-0.4403041,-0.2420295,0.7114289
1751960773252,50.27676,SteamVR Tracker (Waist),0,0,0,0,0,0,1
1751960773274,50.29821,SteamVR Tracker (Left Foot),-0.2925185,-0.2215357,0.4162446,-0.4911853,-0.4403079,-0.2421662,0.7114925
1751960773274,50.29821,SteamVR Tracker (Waist),0,0,0,0,0,0,1
1751960773297,50.32072,SteamVR Tracker (Left Foot),-0.2923716,-0.2213025,0.4165508,-0.4908214,-0.4407546,-0.2421791,0.7114627
1751960773297,50.32072,SteamVR Tracker (Waist),0,0,0,0,0,0,1
1751960773319,50.34303,SteamVR Tracker (Left Foot),-0.2918983,-0.2212167,0.4167505,-0.4905234,-0.4411355,-0.2418665,0.7115384
1751960773319,50.34303,SteamVR Tracker (Waist),0,0,0,0,0,0,1
1751960773341,50.36578,SteamVR Tracker (Left Foot),-0.2915897,-0.2207112,0.4167741,-0.4903757,-0.4411726,-0.2418165,0.7116343
1751960773341,50.36578,SteamVR Tracker (Waist),0,0,0,0,0,0,1
1751960773362,50.38715,SteamVR Tracker (Left Foot),-0.2920429,-0.2211466,0.4168453,-0.4903648,-0.4412392,-0.2416699,0.7116502
1751960773362,50.38715,SteamVR Tracker (Waist),0,0,0,0,0,0,1
1751960773384,50.40972,SteamVR Tracker (Left Foot),-0.2920247,-0.2216597,0.4164134,-0.4903198,-0.4412293,-0.2417773,0.7116508
1751960773384,50.40972,SteamVR Tracker (Waist),0,0,0,0,0,0,1
1751960773408,50.43268,SteamVR Tracker (Left Foot),-0.2924691,-0.2209375,0.4169369,-0.4899724,-0.4414692,-0.2414146,0.7118645
1751960773408,50.43268,SteamVR Tracker (Waist),0,0,0,0,0,0,1
1751960773430,50.45501,SteamVR Tracker (Left Foot),-0.2925285,-0.2205212,0.416952,-0.4898568,-0.4417311,-0.2408769,0.7119637
1751960773430,50.45501,SteamVR Tracker (Waist),0,0,0,0,0,0,1
1751960773453,50.47649,SteamVR Tracker (Left Foot),-0.2928227,-0.2205539,0.4168712,-0.4899571,-0.4418511,-0.2410753,0.711753
1751960773453,50.47649,SteamVR Tracker (Waist),0,0,0,0,0,0,1
1751960773474,50.49896,SteamVR Tracker (Left Foot),-0.2927032,-0.2206459,0.4165019,-0.4896587,-0.4420911,-0.2410069,0.7118325
1751960773474,50.49896,SteamVR Tracker (Waist),0,0,0,0,0,0,1
1751960773500,50.52204,SteamVR Tracker (Left Foot),-0.2922709,-0.2203271,0.4161634,-0.4896959,-0.4421548,-0.2409566,0.7117843
1751960773500,50.52204,SteamVR Tracker (Waist),0,0,0,0,0,0,1
1751960773519,50.5435,SteamVR Tracker (Left Foot),-0.2923205,-0.2205763,0.4160708,-0.4896063,-0.4419934,-0.2410448,0.7119164
1751960773519,50.5435,SteamVR Tracker (Waist),0,0,0,0,0,0,1
1751960773540,50.5651,SteamVR Tracker (Left Foot),-0.292606,-0.2206583,0.4159793,-0.4893196,-0.4421968,-0.2411983,0.7119353
1751960773540,50.5651,SteamVR Tracker (Waist),0,0,0,0,0,0,1
1751960773563,50.58781,SteamVR Tracker (Left Foot),-0.2927769,-0.2202082,0.4160921,-0.4894303,-0.4421069,-0.2412489,0.7118978
1751960773563,50.58781,SteamVR Tracker (Waist),0,0,0,0,0,0,1
1751960773585,50.61094,SteamVR Tracker (Left Foot),-0.292796,-0.219919,0.4162179,-0.48951,-0.4419753,-0.2413808,0.71188
1751960773586,50.61094,SteamVR Tracker (Waist),0,0,0,0,0,0,1
1751960773607,50.63209,SteamVR Tracker (Left Foot),-0.2925423,-0.2198682,0.4160956,-0.4895145,-0.441908,-0.2414305,0.7119018
1751960773608,50.63209,SteamVR Tracker (Waist),0,0,0,0,0,0,1
1751960773628,50.65323,SteamVR Tracker (Left Foot),-0.2917573,-0.2197616,0.4160683,-0.4898317,-0.4419788,-0.241145,0.7117364
1751960773628,50.65323,SteamVR Tracker (Waist),0,0,0,0,0,0,1
1751960773652,50.67722,SteamVR Tracker (Left Foot),-0.291676,-0.2196052,0.4161313,-0.4898435,-0.4422068,-0.2409538,0.7116515
1751960773653,50.67722,SteamVR Tracker (Waist),0,0,0,0,0,0,1
1751960773675,50.699,SteamVR Tracker (Left Foot),-0.2918147,-0.2190866,0.4162162,-0.4899557,-0.4421854,-0.2411165,0.7115324
1751960773675,50.699,SteamVR Tracker (Waist),0,0,0,0,0,0,1
1751960773696,50.72075,SteamVR Tracker (Left Foot),-0.2919527,-0.2188854,0.4160507,-0.4901725,-0.4422534,-0.2411589,0.7113265
1751960773697,50.72075,SteamVR Tracker (Waist),0,0,0,0,0,0,1
1751960773719,50.74362,SteamVR Tracker (Left Foot),-0.2921385,-0.2187984,0.4157187,-0.4901349,-0.4420848,-0.2412378,0.7114303
1751960773719,50.74362,SteamVR Tracker (Waist),0,0,0,0,0,0,1
1751960773741,50.76521,SteamVR Tracker (Left Foot),-0.3521845,-0.1692214,0.440006,-0.4715068,-0.4612526,-0.2278634,0.7162442
1751960773741,50.76521,SteamVR Tracker (Waist),0,0,0,0,0,0,1
1751960773761,50.78597,SteamVR Tracker (Left Foot),-0.3022417,-0.2013597,0.4269996,-0.4779552,-0.4594352,-0.2322413,0.7117177
1751960773762,50.78597,SteamVR Tracker (Waist),0,0,0,0,0,0,1
1751960773784,50.80933,SteamVR Tracker (Left Foot),-0.2881657,-0.220979,0.4180797,-0.4785905,-0.4584461,-0.2323812,0.7118829
1751960773784,50.80933,SteamVR Tracker (Waist),0,0,0,0,0,0,1
1751960773808,50.83217,SteamVR Tracker (Left Foot),-0.2868769,-0.2288008,0.4159459,-0.4787771,-0.4580007,-0.2325314,0.711995
1751960773808,50.83217,SteamVR Tracker (Waist),0,0,0,0,0,0,1
1751960773827,50.85326,SteamVR Tracker (Left Foot),-0.2904027,-0.2304535,0.4161374,-0.4784677,-0.4576628,-0.232589,0.7124014
1751960773827,50.85326,SteamVR Tracker (Waist),0,0,0,0,0,0,1
1751960773850,50.87485,SteamVR Tracker (Left Foot),-0.2948332,-0.2260773,0.420406,-0.4787,-0.4574442,-0.2328083,0.7123142
1751960773850,50.87485,SteamVR Tracker (Waist),0,0,0,0,0,0,1
1751960773874,50.89997,SteamVR Tracker (Left Foot),-0.2959932,-0.2231107,0.4199328,-0.4789943,-0.4571009,-0.2328412,0.7123259
1751960773875,50.89997,SteamVR Tracker (Waist),0,0,0,0,0,0,1
1751960773896,50.92081,SteamVR Tracker (Left Foot),-0.2943929,-0.222187,0.4193552,-0.4797238,-0.4563544,-0.2334513,0.712114
1751960773896,50.92081,SteamVR Tracker (Waist),0,0,0,0,0,0,1
1751960773918,50.94291,SteamVR Tracker (Left Foot),-0.2950997,-0.221375,0.420494,-0.4798004,-0.456203,-0.2331598,0.7122548
1751960773918,50.94291,SteamVR Tracker (Waist),0,0,0,0,0,0,1
1751960773941,50.96609,SteamVR Tracker (Left Foot),-0.2938044,-0.2212579,0.4188982,-0.4802642,-0.4554482,-0.2335218,0.7123068
1751960773941,50.96609,SteamVR Tracker (Waist),0,0,0,0,0,0,1
1751960773964,50.9886,SteamVR Tracker (Left Foot),-0.2943473,-0.2200809,0.419398,-0.4803016,-0.4552031,-0.2337058,0.7123778
1751960773964,50.9886,SteamVR Tracker (Waist),0,0,0,0,0,0,1
1751960773985,51.01047,SteamVR Tracker (Left Foot),-0.2939155,-0.2209697,0.4187387,-0.4804797,-0.4551549,-0.2335841,0.7123284
1751960773985,51.01047,SteamVR Tracker (Waist),0,0,0,0,0,0,1
1751960774009,51.03363,SteamVR Tracker (Left Foot),-0.2932647,-0.2219789,0.4181857,-0.4801969,-0.4546321,-0.2332418,0.7129648
1751960774009,51.03363,SteamVR Tracker (Waist),0,0,0,0,0,0,1
1751960774031,51.05596,SteamVR Tracker (Left Foot),-0.2931486,-0.2218409,0.418248,-0.4800763,-0.4543922,-0.2329049,0.7133091
1751960774031,51.05596,SteamVR Tracker (Waist),0,0,0,0,0,0,1
1751960774052,51.07706,SteamVR Tracker (Left Foot),-0.2932945,-0.2217827,0.4181077,-0.4802823,-0.4540184,-0.2329625,0.7133896
1751960774052,51.07706,SteamVR Tracker (Waist),0,0,0,0,0,0,1
1751960774076,51.10049,SteamVR Tracker (Left Foot),-0.2935044,-0.2212503,0.4179354,-0.4802907,-0.4535913,-0.2330316,0.713633
1751960774077,51.10049,SteamVR Tracker (Waist),0,0,0,0,0,0,1
1751960774097,51.12205,SteamVR Tracker (Left Foot),-0.2936461,-0.2208638,0.4178204,-0.4807328,-0.4533699,-0.2331333,0.7134427
1751960774097,51.12205,SteamVR Tracker (Waist),0,0,0,0,0,0,1
1751960774120,51.14556,SteamVR Tracker (Left Foot),-0.2937525,-0.2206087,0.4177567,-0.4812971,-0.4529057,-0.2335849,0.7132094
1751960774121,51.14556,SteamVR Tracker (Waist),0,0,0,0,0,0,1
1751960774142,51.16691,SteamVR Tracker (Left Foot),-0.2932113,-0.2205901,0.4176274,-0.4818045,-0.4523018,-0.2340383,0.7131014
1751960774142,51.16691,SteamVR Tracker (Waist),0,0,0,0,0,0,1
1751960774163,51.18901,SteamVR Tracker (Left Foot),-0.2931872,-0.2209444,0.4171166,-0.4820969,-0.4518254,-0.2342878,0.7131239
1751960774163,51.18901,SteamVR Tracker (Waist),0,0,0,0,0,0,1
1751960774185,51.21,SteamVR Tracker (Left Foot),-0.2932669,-0.2208002,0.4172041,-0.4823819,-0.4514261,-0.2344303,0.7131371
1751960774185,51.21,SteamVR Tracker (Waist),0,0,0,0,0,0,1
1751960774209,51.23328,SteamVR Tracker (Left Foot),-0.2931559,-0.2205377,0.4175207,-0.4828098,-0.4509545,-0.2346518,0.7130732
1751960774209,51.23328,SteamVR Tracker (Waist),0,0,0,0,0,0,1
1751960774231,51.25545,SteamVR Tracker (Left Foot),-0.2932807,-0.2200415,0.4172907,-0.4833365,-0.4506783,-0.2349536,0.7127914
1751960774231,51.25545,SteamVR Tracker (Waist),0,0,0,0,0,0,1
1751960774252,51.27678,SteamVR Tracker (Left Foot),-0.2933274,-0.2199624,0.4169531,-0.4835972,-0.4503509,-0.2352401,0.7127271
1751960774252,51.27678,SteamVR Tracker (Waist),0,0,0,0,0,0,1
1751960774277,51.3003,SteamVR Tracker (Left Foot),-0.2931275,-0.2199304,0.4166502,-0.4839662,-0.4497843,-0.2355744,0.7127241
1751960774277,51.3003,SteamVR Tracker (Waist),0,0,0,0,0,0,1
1751960774296,51.32122,SteamVR Tracker (Left Foot),-0.293133,-0.2199473,0.4165444,-0.4839899,-0.4495513,-0.235725,0.7128052
1751960774296,51.32122,SteamVR Tracker (Waist),0,0,0,0,0,0,1
1751960774319,51.34404,SteamVR Tracker (Left Foot),-0.308971,-0.2365401,0.4071882,-0.485993,-0.4459051,-0.2348557,0.7140184
1751960774319,51.34404,SteamVR Tracker (Waist),0,0,0,0,0,0,1
1751960774342,51.36673,SteamVR Tracker (Left Foot),-0.3018137,-0.2360637,0.4107037,-0.4865988,-0.4442299,-0.2359727,0.7142817
1751960774342,51.36673,SteamVR Tracker (Waist),0,0,0,0,0,0,1
1751960774359,51.38579,SteamVR Tracker (Left Foot),-0.2946645,-0.2311022,0.4149992,-0.4872178,-0.4432352,-0.2374021,0.7140039
1751960774359,51.38579,SteamVR Tracker (Waist),0,0,0,0,0,0,1
1751960774383,51.40873,SteamVR Tracker (Left Foot),-0.2946383,-0.229789,0.4151543,-0.4871717,-0.4433706,-0.2374477,0.7139361
1751960774384,51.40873,SteamVR Tracker (Waist),0,0,0,0,0,0,1
1751960774406,51.43105,SteamVR Tracker (Left Foot),-0.2934749,-0.227205,0.416757,-0.48733,-0.4432592,-0.2375566,0.7138611
1751960774406,51.43105,SteamVR Tracker (Waist),0,0,0,0,0,0,1
1751960774428,51.45345,SteamVR Tracker (Left Foot),-0.2928212,-0.224689,0.4170589,-0.487867,-0.4428287,-0.2378589,0.7136608
1751960774428,51.45345,SteamVR Tracker (Waist),0,0,0,0,0,0,1
1751960774451,51.47599,SteamVR Tracker (Left Foot),-0.2943555,-0.2252803,0.4161242,-0.4877492,-0.4433199,-0.2374791,0.7135628
1751960774451,51.47599,SteamVR Tracker (Waist),0,0,0,0,0,0,1
1751960774473,51.4978,SteamVR Tracker (Left Foot),-0.2952367,-0.2257812,0.41561,-0.4874342,-0.4436588,-0.2375287,0.7135509
1751960774473,51.4978,SteamVR Tracker (Waist),0,0,0,0,0,0,1
1751960774496,51.52031,SteamVR Tracker (Left Foot),-0.2954843,-0.2259355,0.4152436,-0.4873388,-0.4438621,-0.2377396,0.7134194
1751960774496,51.52031,SteamVR Tracker (Waist),0,0,0,0,0,0,1
1751960774516,51.54179,SteamVR Tracker (Left Foot),-0.2943332,-0.2249451,0.4160692,-0.4874349,-0.443697,-0.2379514,0.7133858
1751960774516,51.54179,SteamVR Tracker (Waist),0,0,0,0,0,0,1
1751960774538,51.56393,SteamVR Tracker (Left Foot),-0.2718737,-0.2511969,0.4002636,-0.4998193,-0.4311416,-0.2464538,0.7096183
1751960774538,51.56393,SteamVR Tracker (Waist),0,0,0,0,0,0,1
1751960774562,51.58752,SteamVR Tracker (Left Foot),-0.2892682,-0.2332926,0.4111136,-0.4967489,-0.4325801,-0.2445886,0.7115416
1751960774562,51.58752,SteamVR Tracker (Waist),0,0,0,0,0,0,1
1751960774585,51.61066,SteamVR Tracker (Left Foot),-0.29026,-0.2287302,0.4145082,-0.4959747,-0.4335368,-0.2438889,0.7117395
1751960774585,51.61066,SteamVR Tracker (Waist),0,0,0,0,0,0,1
1751960774607,51.63308,SteamVR Tracker (Left Foot),-0.2903241,-0.227762,0.4136527,-0.4959061,-0.433647,-0.2438336,0.7117391
1751960774608,51.63308,SteamVR Tracker (Waist),0,0,0,0,0,0,1
1751960774630,51.65587,SteamVR Tracker (Left Foot),-0.2905697,-0.2253134,0.4141706,-0.4960946,-0.4340493,-0.2438701,0.71135
1751960774631,51.65587,SteamVR Tracker (Waist),0,0,0,0,0,0,1
1751960774652,51.6771,SteamVR Tracker (Left Foot),-0.2925612,-0.2197378,0.4152356,-0.495992,-0.4340266,-0.2440956,0.7113581
1751960774652,51.6771,SteamVR Tracker (Waist),0,0,0,0,0,0,1
1751960774676,51.69974,SteamVR Tracker (Left Foot),-0.2930832,-0.2183759,0.4157452,-0.4959588,-0.4343828,-0.2444724,0.7110343
1751960774676,51.69974,SteamVR Tracker (Waist),0,0,0,0,0,0,1
1751960774699,51.72206,SteamVR Tracker (Left Foot),-0.2922184,-0.2191246,0.4153251,-0.4962189,-0.4344141,-0.2449445,0.7106711
1751960774699,51.72206,SteamVR Tracker (Waist),0,0,0,0,0,0,1
1751960774720,51.74413,SteamVR Tracker (Left Foot),-0.2912124,-0.2202542,0.4148058,-0.4960712,-0.4346503,-0.2450627,0.7105891
1751960774720,51.74413,SteamVR Tracker (Waist),0,0,0,0,0,0,1
1751960774743,51.76835,SteamVR Tracker (Left Foot),-0.2914607,-0.2200503,0.4146032,-0.4958657,-0.434899,-0.2449672,0.7106132
1751960774743,51.76835,SteamVR Tracker (Waist),0,0,0,0,0,0,1
1751960774763,51.78859,SteamVR Tracker (Left Foot),-0.3323036,-0.1728897,0.4368307,-0.4809035,-0.4549712,-0.2339231,0.7120485
1751960774763,51.78859,SteamVR Tracker (Waist),0,0,0,0,0,0,1
1751960774786,51.81087,SteamVR Tracker (Left Foot),-0.3116301,-0.18539,0.4296736,-0.4845884,-0.452511,-0.236184,0.7103696
1751960774786,51.81087,SteamVR Tracker (Waist),0,0,0,0,0,0,1
1751960774808,51.83328,SteamVR Tracker (Left Foot),-0.292199,-0.2109632,0.4221039,-0.4861094,-0.4530969,-0.2371173,0.708644
1751960774808,51.83328,SteamVR Tracker (Waist),0,0,0,0,0,0,1
1751960774829,51.8543,SteamVR Tracker (Left Foot),-0.286093,-0.2245605,0.419345,-0.4858818,-0.4538183,-0.2372586,0.7082911
1751960774829,51.8543,SteamVR Tracker (Waist),0,0,0,0,0,0,1
1751960774849,51.87483,SteamVR Tracker (Left Foot),-0.3162935,-0.2538793,0.4008203,-0.4862831,-0.4516302,-0.23142,0.7113394
1751960774850,51.87483,SteamVR Tracker (Waist),0,0,0,0,0,0,1
1751960774873,51.89803,SteamVR Tracker (Left Foot),-0.2980745,-0.2426207,0.4158359,-0.4862459,-0.4491446,-0.2353009,0.7116654
1751960774873,51.89803,SteamVR Tracker (Waist),0,0,0,0,0,0,1
1751960774897,51.92089,SteamVR Tracker (Left Foot),-0.294779,-0.2394621,0.4188731,-0.4866024,-0.4486227,-0.235847,0.7115701
1751960774897,51.92089,SteamVR Tracker (Waist),0,0,0,0,0,0,1
1751960774917,51.94288,SteamVR Tracker (Left Foot),-0.2935162,-0.2359447,0.4199882,-0.4867827,-0.448321,-0.2366366,0.7113748
1751960774917,51.94288,SteamVR Tracker (Waist),0,0,0,0,0,0,1
1751960774941,51.96595,SteamVR Tracker (Left Foot),-0.2946278,-0.2327716,0.4204318,-0.4866006,-0.448434,-0.2366815,0.7114131
1751960774941,51.96595,SteamVR Tracker (Waist),0,0,0,0,0,0,1
1751960774964,51.98906,SteamVR Tracker (Left Foot),-0.3182503,-0.2430565,0.4114627,-0.4890002,-0.4442642,-0.2341864,0.7132075
1751960774964,51.98906,SteamVR Tracker (Waist),0,0,0,0,0,0,1
1751960774985,52.0104,SteamVR Tracker (Left Foot),-0.2967288,-0.2357149,0.4237973,-0.4898634,-0.4422708,-0.236228,0.7131808
1751960774986,52.0104,SteamVR Tracker (Waist),0,0,0,0,0,0,1
1751960775008,52.03247,SteamVR Tracker (Left Foot),-0.2932817,-0.2318914,0.4237048,-0.4902583,-0.4421389,-0.2361859,0.7130051
1751960775008,52.03247,SteamVR Tracker (Waist),0,0,0,0,0,0,1
1751960775031,52.05616,SteamVR Tracker (Left Foot),-0.2924103,-0.2316139,0.4217498,-0.4903214,-0.4426344,-0.2363349,0.7126048
1751960775031,52.05616,SteamVR Tracker (Waist),0,0,0,0,0,0,1
1751960775052,52.07679,SteamVR Tracker (Left Foot),-0.2928229,-0.2305369,0.4218964,-0.4903211,-0.4429826,-0.2364092,0.712364
1751960775052,52.07679,SteamVR Tracker (Waist),0,0,0,0,0,0,1
1751960775074,52.09906,SteamVR Tracker (Left Foot),-0.3549578,-0.1546013,0.4636162,-0.4759448,-0.4599679,-0.227519,0.7142417
1751960775074,52.09906,SteamVR Tracker (Waist),0,0,0,0,0,0,1
1751960775097,52.12199,SteamVR Tracker (Left Foot),-0.3345327,-0.1783609,0.4495415,-0.4802538,-0.4579221,-0.2297557,0.7119521
1751960775097,52.12199,SteamVR Tracker (Waist),0,0,0,0,0,0,1
1751960775119,52.14401,SteamVR Tracker (Left Foot),-0.3042558,-0.2144825,0.433395,-0.483894,-0.4585803,-0.2309694,0.7086635
1751960775119,52.14401,SteamVR Tracker (Waist),0,0,0,0,0,0,1
1751960775141,52.16624,SteamVR Tracker (Left Foot),-0.2924106,-0.234894,0.4245422,-0.484693,-0.4586661,-0.231619,0.7078494
1751960775142,52.16624,SteamVR Tracker (Waist),0,0,0,0,0,0,1
1751960775164,52.18869,SteamVR Tracker (Left Foot),-0.2948428,-0.2363849,0.4256664,-0.4840039,-0.4587066,-0.2312634,0.7084107
1751960775164,52.18869,SteamVR Tracker (Waist),0,0,0,0,0,0,1
1751960775186,52.21125,SteamVR Tracker (Left Foot),-0.2954429,-0.2384813,0.4256598,-0.4835154,-0.4589544,-0.2312019,0.7086039
1751960775186,52.21125,SteamVR Tracker (Waist),0,0,0,0,0,0,1
1751960775209,52.23488,SteamVR Tracker (Left Foot),-0.2990157,-0.2361467,0.4269868,-0.4830636,-0.458844,-0.2311646,0.7089955
1751960775209,52.23488,SteamVR Tracker (Waist),0,0,0,0,0,0,1
1751960775231,52.25553,SteamVR Tracker (Left Foot),-0.2965047,-0.2385476,0.4255112,-0.4835277,-0.4584437,-0.2316147,0.7087912
1751960775231,52.25553,SteamVR Tracker (Waist),0,0,0,0,0,0,1
1751960775252,52.27806,SteamVR Tracker (Left Foot),-0.2949142,-0.2398272,0.4245967,-0.4833434,-0.4576921,-0.2318748,0.7093175
1751960775252,52.27806,SteamVR Tracker (Waist),0,0,0,0,0,0,1
1751960775272,52.29803,SteamVR Tracker (Left Foot),-0.2949082,-0.2391167,0.4245319,-0.4832108,-0.4573782,-0.2317893,0.7096381
1751960775272,52.29803,SteamVR Tracker (Waist),0,0,0,0,0,0,1
1751960775300,52.32317,SteamVR Tracker (Left Foot),-0.2953692,-0.2387362,0.4240484,-0.483344,-0.4569048,-0.2320459,0.7097685
1751960775300,52.32317,SteamVR Tracker (Waist),0,0,0,0,0,0,1
1751960775319,52.34413,SteamVR Tracker (Left Foot),-0.2951471,-0.2381032,0.4238659,-0.4831903,-0.456688,-0.231985,0.7100326
1751960775319,52.34413,SteamVR Tracker (Waist),0,0,0,0,0,0,1
1751960775340,52.36496,SteamVR Tracker (Left Foot),-0.2968635,-0.2362776,0.425494,-0.4832484,-0.4557835,-0.2318663,0.7106127
1751960775340,52.36496,SteamVR Tracker (Waist),0,0,0,0,0,0,1
1751960775363,52.38818,SteamVR Tracker (Left Foot),-0.296905,-0.2359781,0.4247953,-0.4829233,-0.4555072,-0.2319275,0.7109908
1751960775363,52.38818,SteamVR Tracker (Waist),0,0,0,0,0,0,1
1751960775384,52.40934,SteamVR Tracker (Left Foot),-0.2954113,-0.2354136,0.4244046,-0.4831297,-0.4549096,-0.2319371,0.71123
1751960775384,52.40934,SteamVR Tracker (Waist),0,0,0,0,0,0,1
1751960775409,52.43349,SteamVR Tracker (Left Foot),-0.2957862,-0.2343576,0.4251619,-0.4832946,-0.4547972,-0.2317541,0.7112495
1751960775409,52.43349,SteamVR Tracker (Waist),0,0,0,0,0,0,1
1751960775429,52.45433,SteamVR Tracker (Left Foot),-0.2958074,-0.2340131,0.4244265,-0.4836394,-0.4546617,-0.2316761,0.7111272
1751960775429,52.45433,SteamVR Tracker (Waist),0,0,0,0,0,0,1
1751960775451,52.47665,SteamVR Tracker (Left Foot),-0.2960936,-0.2343934,0.4235035,-0.4836667,-0.4543792,-0.2316531,0.7112967
1751960775451,52.47665,SteamVR Tracker (Waist),0,0,0,0,0,0,1
1751960775472,52.49769,SteamVR Tracker (Left Foot),-0.2960501,-0.2349973,0.4234651,-0.4836558,-0.4540454,-0.2318862,0.7114412
1751960775473,52.49769,SteamVR Tracker (Waist),0,0,0,0,0,0,1
1751960775497,52.52139,SteamVR Tracker (Left Foot),-0.295906,-0.235404,0.4231803,-0.4838893,-0.4537482,-0.2321891,0.7113733
1751960775497,52.52139,SteamVR Tracker (Waist),0,0,0,0,0,0,1
1751960775516,52.54234,SteamVR Tracker (Left Foot),-0.2957544,-0.2354059,0.4232318,-0.4840137,-0.4535325,-0.2323036,0.7113888
1751960775516,52.54234,SteamVR Tracker (Waist),0,0,0,0,0,0,1
1751960775540,52.56479,SteamVR Tracker (Left Foot),-0.2958314,-0.2339303,0.4235091,-0.4840263,-0.4532211,-0.2326381,0.7114694
1751960775540,52.56479,SteamVR Tracker (Waist),0,0,0,0,0,0,1
1751960775563,52.5884,SteamVR Tracker (Left Foot),-0.2959632,-0.2334423,0.4234442,-0.4844835,-0.4525276,-0.2331898,0.711419
1751960775563,52.5884,SteamVR Tracker (Waist),0,0,0,0,0,0,1
1751960775586,52.61108,SteamVR Tracker (Left Foot),-0.2957387,-0.2335563,0.4232854,-0.484582,-0.4521061,-0.2335013,0.7115178
1751960775586,52.61108,SteamVR Tracker (Waist),0,0,0,0,0,0,1
1751960775610,52.63394,SteamVR Tracker (Left Foot),-0.2955263,-0.2340393,0.4228904,-0.48475,-0.4516963,-0.2339262,0.711524
1751960775610,52.63394,SteamVR Tracker (Waist),0,0,0,0,0,0,1
1751960775645,52.66809,SteamVR Tracker (Left Foot),-0.2955286,-0.2343075,0.4227338,-0.4851846,-0.4509869,-0.2348732,0.7113658
1751960775645,52.66809,SteamVR Tracker (Waist),0,0,0,0,0,0,1
1751960775660,52.68594,SteamVR Tracker (Left Foot),-0.2951948,-0.2341759,0.4228027,-0.4854035,-0.4506253,-0.2352661,0.7113158
1751960775660,52.68594,SteamVR Tracker (Waist),0,0,0,0,0,0,1
1751960775683,52.70815,SteamVR Tracker (Left Foot),-0.2949627,-0.2337761,0.4230092,-0.4856927,-0.4503437,-0.235297,0.7112865
1751960775683,52.70815,SteamVR Tracker (Waist),0,0,0,0,0,0,1
1751960775707,52.73232,SteamVR Tracker (Left Foot),-0.3441226,-0.1749668,0.4568952,-0.4730117,-0.4684654,-0.2262975,0.7110482
1751960775707,52.73232,SteamVR Tracker (Waist),0,0,0,0,0,0,1
1751960775728,52.75295,SteamVR Tracker (Left Foot),-0.2900516,-0.2300911,0.4264787,-0.4772898,-0.4667149,-0.2285862,0.7086042
1751960775728,52.75295,SteamVR Tracker (Waist),0,0,0,0,0,0,1
1751960775749,52.77436,SteamVR Tracker (Left Foot),-0.2870638,-0.2387352,0.4229497,-0.4778658,-0.4661291,-0.2286118,0.7085935
1751960775749,52.77436,SteamVR Tracker (Waist),0,0,0,0,0,0,1
1751960775772,52.79722,SteamVR Tracker (Left Foot),-0.2929946,-0.2440951,0.4238023,-0.47798,-0.465048,-0.2289887,0.709105
1751960775772,52.79722,SteamVR Tracker (Waist),0,0,0,0,0,0,1
1751960775796,52.82014,SteamVR Tracker (Left Foot),-0.2963104,-0.2420733,0.4252835,-0.478012,-0.4644814,-0.2292995,0.7093542
1751960775796,52.82014,SteamVR Tracker (Waist),0,0,0,0,0,0,1
1751960775815,52.84055,SteamVR Tracker (Left Foot),-0.299347,-0.2371075,0.4278519,-0.4784961,-0.4634936,-0.2293689,0.7096514
1751960775816,52.84055,SteamVR Tracker (Waist),0,0,0,0,0,0,1
1751960775840,52.86429,SteamVR Tracker (Left Foot),-0.2976402,-0.2390437,0.4267644,-0.4786536,-0.4630851,-0.2300735,0.7095838
1751960775840,52.86429,SteamVR Tracker (Waist),0,0,0,0,0,0,1
1751960775861,52.88638,SteamVR Tracker (Left Foot),-0.2982086,-0.236021,0.4271665,-0.4792318,-0.4619704,-0.2303732,0.7098229
1751960775861,52.88638,SteamVR Tracker (Waist),0,0,0,0,0,0,1
1751960775884,52.90949,SteamVR Tracker (Left Foot),-0.2970139,-0.2370751,0.4262388,-0.4795836,-0.4613469,-0.2307011,0.7098842
1751960775885,52.90949,SteamVR Tracker (Waist),0,0,0,0,0,0,1
1751960775909,52.93326,SteamVR Tracker (Left Foot),-0.2955088,-0.2388215,0.4246263,-0.4796668,-0.4607837,-0.2309808,0.7101028
1751960775909,52.93326,SteamVR Tracker (Waist),0,0,0,0,0,0,1
1751960775929,52.95471,SteamVR Tracker (Left Foot),-0.2966049,-0.2371049,0.4253491,-0.4801645,-0.4597432,-0.2314263,0.7102958
1751960775929,52.95471,SteamVR Tracker (Waist),0,0,0,0,0,0,1
1751960775951,52.97654,SteamVR Tracker (Left Foot),-0.2961836,-0.2371268,0.4250389,-0.4807808,-0.4589851,-0.2318504,0.7102308
1751960775951,52.97654,SteamVR Tracker (Waist),0,0,0,0,0,0,1
1751960775974,52.99956,SteamVR Tracker (Left Foot),-0.2962627,-0.2367702,0.4250519,-0.4810462,-0.4579612,-0.2320964,0.7106316
1751960775975,52.99956,SteamVR Tracker (Waist),0,0,0,0,0,0,1
1751960775998,53.02277,SteamVR Tracker (Left Foot),-0.2961278,-0.2367246,0.4251917,-0.4810448,-0.457356,-0.232245,0.7109737
1751960775999,53.02277,SteamVR Tracker (Waist),0,0,0,0,0,0,1
1751960776019,53.04344,SteamVR Tracker (Left Foot),-0.2963734,-0.236901,0.4243243,-0.4812378,-0.4569468,-0.232364,0.7110674
1751960776019,53.04344,SteamVR Tracker (Waist),0,0,0,0,0,0,1
1751960776041,53.06636,SteamVR Tracker (Left Foot),-0.2960705,-0.2366304,0.4242241,-0.481345,-0.4562812,-0.2325855,0.7113497
1751960776041,53.06636,SteamVR Tracker (Waist),0,0,0,0,0,0,1
1751960776062,53.08754,SteamVR Tracker (Left Foot),-0.2961178,-0.2366524,0.4242193,-0.4813482,-0.4557585,-0.2324088,0.7117404
1751960776063,53.08754,SteamVR Tracker (Waist),0,0,0,0,0,0,1
1751960776085,53.11039,SteamVR Tracker (Left Foot),-0.2961269,-0.2365696,0.4243174,-0.4815743,-0.4552147,-0.2328851,0.7117797
1751960776085,53.11039,SteamVR Tracker (Waist),0,0,0,0,0,0,1
1751960776108,53.13254,SteamVR Tracker (Left Foot),-0.2962984,-0.2362888,0.424062,-0.4818037,-0.4548061,-0.2329277,0.7118717
1751960776108,53.13254,SteamVR Tracker (Waist),0,0,0,0,0,0,1
1751960776131,53.15684,SteamVR Tracker (Left Foot),-0.2958256,-0.2361889,0.4243235,-0.4818775,-0.4539453,-0.2335069,0.7121814
1751960776131,53.15684,SteamVR Tracker (Waist),0,0,0,0,0,0,1
1751960776151,53.17612,SteamVR Tracker (Left Foot),-0.2957795,-0.2360725,0.4244103,-0.4820878,-0.4537339,-0.2339635,0.712024
1751960776152,53.17612,SteamVR Tracker (Waist),0,0,0,0,0,0,1
1751960776173,53.19821,SteamVR Tracker (Left Foot),-0.2961701,-0.2356877,0.42431,-0.4823962,-0.4533944,-0.2342917,0.7119234
1751960776173,53.19821,SteamVR Tracker (Waist),0,0,0,0,0,0,1
1751960776197,53.22121,SteamVR Tracker (Left Foot),-0.2954222,-0.2358589,0.4244371,-0.4824816,-0.4530885,-0.233966,0.7121673
1751960776197,53.22121,SteamVR Tracker (Waist),0,0,0,0,0,0,1
1751960776218,53.24328,SteamVR Tracker (Left Foot),-0.3287606,-0.2000089,0.4462214,-0.4667875,-0.4675386,-0.2246983,0.7162597
1751960776218,53.24328,SteamVR Tracker (Waist),0,0,0,0,0,0,1
1751960776241,53.26648,SteamVR Tracker (Left Foot),-0.3045485,-0.2214305,0.434617,-0.4707609,-0.4674347,-0.22661,0.7131178
1751960776242,53.26648,SteamVR Tracker (Waist),0,0,0,0,0,0,1
1751960776264,53.28849,SteamVR Tracker (Left Foot),-0.2931738,-0.2347291,0.4268964,-0.4720367,-0.4661762,-0.2270125,0.7129701
1751960776264,53.28849,SteamVR Tracker (Waist),0,0,0,0,0,0,1
1751960776285,53.31038,SteamVR Tracker (Left Foot),-0.2927761,-0.2415402,0.424481,-0.4723023,-0.4656585,-0.2269982,0.7131371
1751960776285,53.31038,SteamVR Tracker (Waist),0,0,0,0,0,0,1
1751960776308,53.33329,SteamVR Tracker (Left Foot),-0.2938242,-0.2440956,0.4245313,-0.4721527,-0.4652831,-0.2272042,0.7134156
1751960776309,53.33329,SteamVR Tracker (Waist),0,0,0,0,0,0,1
1751960776330,53.35452,SteamVR Tracker (Left Foot),-0.2953399,-0.2435687,0.4253299,-0.4730155,-0.4638121,-0.2282078,0.7134815
1751960776330,53.35452,SteamVR Tracker (Waist),0,0,0,0,0,0,1
1751960776352,53.37733,SteamVR Tracker (Left Foot),-0.2968581,-0.24121,0.426851,-0.473945,-0.4626228,-0.2291192,0.7133448
1751960776352,53.37733,SteamVR Tracker (Waist),0,0,0,0,0,0,1
1751960776372,53.39788,SteamVR Tracker (Left Foot),-0.2976418,-0.2388799,0.4264486,-0.4744346,-0.461672,-0.2298532,0.7133991
1751960776372,53.39788,SteamVR Tracker (Waist),0,0,0,0,0,0,1
1751960776399,53.42276,SteamVR Tracker (Left Foot),-0.2968899,-0.239027,0.426167,-0.4746577,-0.46108,-0.2301366,0.7135422
1751960776399,53.42276,SteamVR Tracker (Waist),0,0,0,0,0,0,1
1751960776419,53.44434,SteamVR Tracker (Left Foot),-0.2963583,-0.2385595,0.4260097,-0.4754866,-0.4604455,-0.2308578,0.713167
1751960776419,53.44434,SteamVR Tracker (Waist),0,0,0,0,0,0,1
1751960776441,53.46614,SteamVR Tracker (Left Foot),-0.2971037,-0.2378879,0.4258286,-0.476215,-0.4595569,-0.2316777,0.7129883
1751960776441,53.46614,SteamVR Tracker (Waist),0,0,0,0,0,0,1
1751960776462,53.48764,SteamVR Tracker (Left Foot),-0.2969821,-0.2376695,0.4255767,-0.4769367,-0.4587729,-0.232464,0.7127548
1751960776463,53.48764,SteamVR Tracker (Waist),0,0,0,0,0,0,1
1751960776486,53.51032,SteamVR Tracker (Left Foot),-0.2960462,-0.2379985,0.4251966,-0.4778802,-0.4573762,-0.2334738,0.7126904
1751960776486,53.51032,SteamVR Tracker (Waist),0,0,0,0,0,0,1
1751960776509,53.53437,SteamVR Tracker (Left Foot),-0.2960853,-0.2380207,0.4252719,-0.4781516,-0.4568716,-0.2332502,0.7129052
1751960776510,53.53437,SteamVR Tracker (Waist),0,0,0,0,0,0,1
1751960776531,53.55512,SteamVR Tracker (Left Foot),-0.2962179,-0.2383504,0.4250842,-0.4778067,-0.4567935,-0.232844,0.7133191
1751960776531,53.55512,SteamVR Tracker (Waist),0,0,0,0,0,0,1
1751960776552,53.57761,SteamVR Tracker (Left Foot),-0.2957595,-0.2386103,0.4248721,-0.4783917,-0.4562806,-0.2333102,0.7131029
1751960776552,53.57761,SteamVR Tracker (Waist),0,0,0,0,0,0,1
1751960776573,53.59871,SteamVR Tracker (Left Foot),-0.2955078,-0.2382905,0.4249558,-0.4789312,-0.4556479,-0.2333585,0.7131295
1751960776573,53.59871,SteamVR Tracker (Waist),0,0,0,0,0,0,1
1751960776598,53.62178,SteamVR Tracker (Left Foot),-0.2958804,-0.2377057,0.4245986,-0.4794483,-0.4552065,-0.2337849,0.7129243
1751960776598,53.62178,SteamVR Tracker (Waist),0,0,0,0,0,0,1
1751960776618,53.64363,SteamVR Tracker (Left Foot),-0.2963791,-0.2378688,0.4245256,-0.4797044,-0.4548953,-0.2340621,0.7128598
1751960776619,53.64363,SteamVR Tracker (Waist),0,0,0,0,0,0,1
1751960776642,53.66558,SteamVR Tracker (Left Foot),-0.2959869,-0.2379,0.4244375,-0.4796668,-0.4546964,-0.2338834,0.7130705
1751960776642,53.66558,SteamVR Tracker (Waist),0,0,0,0,0,0,1
1751960776663,53.68813,SteamVR Tracker (Left Foot),-0.2954175,-0.2374184,0.4245722,-0.4798091,-0.4545986,-0.2337399,0.7130842
1751960776663,53.68813,SteamVR Tracker (Waist),0,0,0,0,0,0,1
1751960776684,53.70911,SteamVR Tracker (Left Foot),-0.2955819,-0.2371075,0.424763,-0.4799684,-0.4545036,-0.2336023,0.7130827
1751960776684,53.70911,SteamVR Tracker (Waist),0,0,0,0,0,0,1
1751960776707,53.7318,SteamVR Tracker (Left Foot),-0.2959121,-0.2369671,0.4247722,-0.4793283,-0.4546724,-0.2336725,0.7133825
1751960776707,53.7318,SteamVR Tracker (Waist),0,0,0,0,0,0,1
1751960776728,53.75344,SteamVR Tracker (Left Foot),-0.295884,-0.2372561,0.4245384,-0.4793712,-0.4543136,-0.2337438,0.7135589
1751960776728,53.75344,SteamVR Tracker (Waist),0,0,0,0,0,0,1
1751960776750,53.77603,SteamVR Tracker (Left Foot),-0.2963046,-0.2369246,0.4246352,-0.4796078,-0.4537384,-0.2342077,0.7136138
1751960776751,53.77603,SteamVR Tracker (Waist),0,0,0,0,0,0,1
1751960776772,53.79808,SteamVR Tracker (Left Foot),-0.3186446,-0.1995113,0.4435604,-0.4703571,-0.4669439,-0.2272975,0.7134869
1751960776772,53.79808,SteamVR Tracker (Waist),0,0,0,0,0,0,1
1751960776799,53.82176,SteamVR Tracker (Left Foot),-0.3072424,-0.2106764,0.4381221,-0.4720373,-0.4648598,-0.2283273,0.7134093
1751960776799,53.82176,SteamVR Tracker (Waist),0,0,0,0,0,0,1
1751960776818,53.84267,SteamVR Tracker (Left Foot),-0.3024538,-0.2209995,0.4349213,-0.4732088,-0.4639015,-0.2292419,0.7129635
1751960776818,53.84267,SteamVR Tracker (Waist),0,0,0,0,0,0,1
1751960776841,53.86535,SteamVR Tracker (Left Foot),-0.2995923,-0.2274921,0.4333443,-0.4734958,-0.4636607,-0.229863,0.7127296
1751960776841,53.86535,SteamVR Tracker (Waist),0,0,0,0,0,0,1
1751960776863,53.88757,SteamVR Tracker (Left Foot),-0.2910816,-0.2428722,0.4273233,-0.472643,-0.4652135,-0.2297846,0.7123089
1751960776863,53.88757,SteamVR Tracker (Waist),0,0,0,0,0,0,1
1751960776884,53.90966,SteamVR Tracker (Left Foot),-0.2946982,-0.2432611,0.4280671,-0.4721157,-0.4647712,-0.2301059,0.7128435
1751960776884,53.90966,SteamVR Tracker (Waist),0,0,0,0,0,0,1
1751960776908,53.93305,SteamVR Tracker (Left Foot),-0.2980914,-0.2410419,0.4292803,-0.4712023,-0.4651776,-0.2304247,0.7130798
1751960776908,53.93305,SteamVR Tracker (Waist),0,0,0,0,0,0,1
1751960776928,53.95376,SteamVR Tracker (Left Foot),-0.2963109,-0.2428317,0.4283628,-0.4710543,-0.4650116,-0.2309988,0.7131
1751960776928,53.95376,SteamVR Tracker (Waist),0,0,0,0,0,0,1
1751960776948,53.97489,SteamVR Tracker (Left Foot),-0.2974535,-0.2412984,0.4286126,-0.4698773,-0.4656962,-0.2313255,0.7133239
1751960776948,53.97489,SteamVR Tracker (Waist),0,0,0,0,0,0,1
1751960776973,53.99877,SteamVR Tracker (Left Foot),-0.2972009,-0.2414935,0.428151,-0.4700924,-0.4652424,-0.2319057,0.7132899
1751960776973,53.99877,SteamVR Tracker (Waist),0,0,0,0,0,0,1
1751960776994,54.01917,SteamVR Tracker (Left Foot),-0.2966495,-0.241482,0.4276789,-0.4703716,-0.464864,-0.2327443,0.7130793
1751960776994,54.01917,SteamVR Tracker (Waist),0,0,0,0,0,0,1
1751960777019,54.0435,SteamVR Tracker (Left Foot),-0.2975045,-0.2391956,0.4285666,-0.4701648,-0.464657,-0.2333269,0.7131603
1751960777019,54.0435,SteamVR Tracker (Waist),0,0,0,0,0,0,1
1751960777038,54.06493,SteamVR Tracker (Left Foot),-0.2974556,-0.2397032,0.427699,-0.4697873,-0.4647569,-0.2335286,0.7132779
1751960777039,54.06493,SteamVR Tracker (Waist),0,0,0,0,0,0,1
1751960777063,54.08848,SteamVR Tracker (Left Foot),-0.2979614,-0.2375779,0.4286873,-0.4703262,-0.4640177,-0.2344994,0.7130855
1751960777064,54.08848,SteamVR Tracker (Waist),0,0,0,0,0,0,1
1751960777086,54.11147,SteamVR Tracker (Left Foot),-0.2971546,-0.2375784,0.4287923,-0.4712011,-0.4635263,-0.2349678,0.7126731
1751960777087,54.11147,SteamVR Tracker (Waist),0,0,0,0,0,0,1
1751960777110,54.13522,SteamVR Tracker (Left Foot),-0.2962215,-0.2377794,0.4284942,-0.4723766,-0.4625742,-0.2355884,0.7123086
1751960777110,54.13522,SteamVR Tracker (Waist),0,0,0,0,0,0,1
1751960777130,54.15556,SteamVR Tracker (Left Foot),-0.2966307,-0.2369714,0.4284341,-0.4735202,-0.4618237,-0.2366644,0.7116795
1751960777131,54.15556,SteamVR Tracker (Waist),0,0,0,0,0,0,1
1751960777153,54.17746,SteamVR Tracker (Left Foot),-0.2961441,-0.2362871,0.4284205,-0.4744526,-0.4614825,-0.2371545,0.7111163
1751960777153,54.17746,SteamVR Tracker (Waist),0,0,0,0,0,0,1
1751960777177,54.20123,SteamVR Tracker (Left Foot),-0.2922978,-0.241307,0.4251927,-0.4766463,-0.459194,-0.2384536,0.7106962
1751960777177,54.20123,SteamVR Tracker (Waist),0,0,0,0,0,0,1
1751960777199,54.22321,SteamVR Tracker (Left Foot),-0.2923387,-0.2413321,0.4244582,-0.4781163,-0.4573545,-0.239203,0.7106431
1751960777199,54.22321,SteamVR Tracker (Waist),0,0,0,0,0,0,1
1751960777220,54.24522,SteamVR Tracker (Left Foot),-0.2949283,-0.2388263,0.42584,-0.4786772,-0.4572389,-0.2397163,0.7101668
1751960777220,54.24522,SteamVR Tracker (Waist),0,0,0,0,0,0,1
1751960777241,54.2664,SteamVR Tracker (Left Foot),-0.2933619,-0.2386613,0.424863,-0.4809387,-0.4546906,-0.241976,0.7095083
1751960777241,54.2664,SteamVR Tracker (Waist),0,0,0,0,0,0,1
1751960777264,54.28897,SteamVR Tracker (Left Foot),-0.2951005,-0.2369328,0.425611,-0.4819925,-0.4539767,-0.2423659,0.7091172
1751960777264,54.28897,SteamVR Tracker (Waist),0,0,0,0,0,0,1
1751960777286,54.31102,SteamVR Tracker (Left Foot),-0.2922787,-0.2377269,0.4238967,-0.4861529,-0.4504625,-0.2455124,0.7074339
1751960777286,54.31102,SteamVR Tracker (Waist),0,0,0,0,0,0,1
1751960777309,54.33397,SteamVR Tracker (Left Foot),-0.2920955,-0.2366333,0.4232885,-0.4877636,-0.4491217,-0.2461188,0.7069668
1751960777310,54.33397,SteamVR Tracker (Waist),0,0,0,0,0,0,1
1751960777351,54.37449,SteamVR Tracker (Left Foot),-0.2926234,-0.2358086,0.4230568,-0.4880686,-0.4481278,-0.2469858,0.7070845
1751960777351,54.37449,SteamVR Tracker (Waist),0,0,0,0,0,0,1
1751960777373,54.39819,SteamVR Tracker (Left Foot),-0.2918827,-0.2352419,0.4225983,-0.4891053,-0.4469841,-0.2484605,0.7065753
1751960777373,54.39819,SteamVR Tracker (Waist),0,0,0,0,0,0,1
1751960777395,54.41941,SteamVR Tracker (Left Foot),-0.2907872,-0.2329745,0.4232071,-0.4904403,-0.4453813,-0.2506715,0.7058808
1751960777395,54.41941,SteamVR Tracker (Waist),0,0,0,0,0,0,1
1751960777414,54.43932,SteamVR Tracker (Left Foot),-0.2891187,-0.2339847,0.4213319,-0.4933614,-0.4428279,-0.2535606,0.7044182
1751960777414,54.43932,SteamVR Tracker (Waist),0,0,0,0,0,0,1
1751960777439,54.46245,SteamVR Tracker (Left Foot),-0.2897888,-0.2314329,0.4220193,-0.494287,-0.4414126,-0.2552034,0.7040643
1751960777439,54.46245,SteamVR Tracker (Waist),0,0,0,0,0,0,1
1751960777459,54.48428,SteamVR Tracker (Left Foot),-0.2874591,-0.2328773,0.420348,-0.4965359,-0.439577,-0.2573375,0.7028525
1751960777459,54.48428,SteamVR Tracker (Waist),0,0,0,0,0,0,1
1751960777482,54.50687,SteamVR Tracker (Left Foot),-0.2875785,-0.2317104,0.4201743,-0.4973367,-0.4377522,-0.2585455,0.7029818
1751960777482,54.50687,SteamVR Tracker (Waist),0,0,0,0,0,0,1
1751960777503,54.52802,SteamVR Tracker (Left Foot),-0.2875762,-0.2309175,0.4201555,-0.4997795,-0.4353275,-0.2600316,0.7022065
1751960777503,54.52802,SteamVR Tracker (Waist),0,0,0,0,0,0,1
1751960777525,54.55002,SteamVR Tracker (Left Foot),-0.2879775,-0.2292793,0.4197035,-0.5019349,-0.4334687,-0.2619601,0.7011015
1751960777525,54.55002,SteamVR Tracker (Waist),0,0,0,0,0,0,1
1751960777546,54.57298,SteamVR Tracker (Left Foot),-0.2872359,-0.2282507,0.4194306,-0.5022806,-0.4323331,-0.2622678,0.7014399
1751960777546,54.57298,SteamVR Tracker (Waist),0,0,0,0,0,0,1
1751960777569,54.59368,SteamVR Tracker (Left Foot),-0.2884258,-0.226361,0.4181032,-0.5060777,-0.4294702,-0.2648069,0.6995127
1751960777569,54.59368,SteamVR Tracker (Waist),0,0,0,0,0,0,1
1751960777593,54.61826,SteamVR Tracker (Left Foot),-0.287849,-0.2245619,0.4174042,-0.508149,-0.4281136,-0.2660893,0.6983551
1751960777593,54.61826,SteamVR Tracker (Waist),0,0,0,0,0,0,1
1751960777619,54.64264,SteamVR Tracker (Left Foot),-0.2869748,-0.2221236,0.4178227,-0.5089001,-0.4270613,-0.267092,0.6980697
1751960777619,54.64264,SteamVR Tracker (Waist),0,0,0,0,0,0,1
1751960777640,54.6652,SteamVR Tracker (Left Foot),-0.2868974,-0.2219062,0.4172598,-0.5086996,-0.4271656,-0.2670594,0.6981644
1751960777640,54.6652,SteamVR Tracker (Waist),0,0,0,0,0,0,1
1751960777661,54.68713,SteamVR Tracker (Left Foot),-0.2875664,-0.2200766,0.4169199,-0.5106602,-0.4256235,-0.2677637,0.6974047
1751960777661,54.68713,SteamVR Tracker (Waist),0,0,0,0,0,0,1
1751960777686,54.71067,SteamVR Tracker (Left Foot),-0.2865425,-0.2211101,0.4153536,-0.510405,-0.4244007,-0.2690848,0.6978282
1751960777686,54.71067,SteamVR Tracker (Waist),0,0,0,0,0,0,1
1751960777708,54.73344,SteamVR Tracker (Left Foot),-0.2865505,-0.2200899,0.4148269,-0.5130518,-0.4248784,-0.2700786,0.6952078
1751960777708,54.73344,SteamVR Tracker (Waist),0,0,0,0,0,0,1
1751960777730,54.75519,SteamVR Tracker (Left Foot),-0.2878553,-0.218271,0.4144427,-0.5122284,-0.4233828,-0.2709469,0.6963885
1751960777730,54.75519,SteamVR Tracker (Waist),0,0,0,0,0,0,1
1751960777751,54.7766,SteamVR Tracker (Left Foot),-0.2850755,-0.2199209,0.4126658,-0.5125572,-0.422339,-0.2738597,0.6956406
1751960777751,54.7766,SteamVR Tracker (Waist),0,0,0,0,0,0,1
1751960777774,54.7998,SteamVR Tracker (Left Foot),-0.2857837,-0.2194149,0.4116797,-0.5117025,-0.4245714,-0.2749952,0.6944619
1751960777774,54.7998,SteamVR Tracker (Waist),0,0,0,0,0,0,1
1751960777798,54.82196,SteamVR Tracker (Left Foot),-0.2866538,-0.2167809,0.4120288,-0.5140958,-0.4262344,-0.2773155,0.690743
1751960777798,54.82196,SteamVR Tracker (Waist),0,0,0,0,0,0,1
1751960777819,54.844,SteamVR Tracker (Left Foot),-0.2866364,-0.2152128,0.411181,-0.5136606,-0.4272915,-0.2759984,0.6909411
1751960777819,54.844,SteamVR Tracker (Waist),0,0,0,0,0,0,1
1751960777841,54.86641,SteamVR Tracker (Left Foot),-0.2859549,-0.2141776,0.4101966,-0.5156906,-0.4291877,-0.2744082,0.6888841
1751960777841,54.86641,SteamVR Tracker (Waist),0,0,0,0,0,0,1
1751960777862,54.88853,SteamVR Tracker (Left Foot),-0.2856689,-0.2125342,0.4097882,-0.5172706,-0.4278813,-0.273074,0.6890423
1751960777863,54.88853,SteamVR Tracker (Waist),0,0,0,0,0,0,1
1751960777885,54.91018,SteamVR Tracker (Left Foot),-0.285509,-0.2104321,0.4095991,-0.5194747,-0.4267678,-0.274608,0.6874633
1751960777885,54.91018,SteamVR Tracker (Waist),0,0,0,0,0,0,1
1751960777906,54.93264,SteamVR Tracker (Left Foot),-0.2846728,-0.2107372,0.4085967,-0.5206914,-0.4265949,-0.2746225,0.6866438
1751960777907,54.93264,SteamVR Tracker (Waist),0,0,0,0,0,0,1
1751960777927,54.95238,SteamVR Tracker (Left Foot),-0.2842531,-0.20945,0.4086846,-0.5205365,-0.4257989,-0.2769042,0.686339
1751960777927,54.95238,SteamVR Tracker (Waist),0,0,0,0,0,0,1
1751960777951,54.97707,SteamVR Tracker (Left Foot),-0.2827455,-0.2065122,0.4109736,-0.518764,-0.4120949,-0.2854189,0.69253
1751960777952,54.97707,SteamVR Tracker (Waist),0,0,0,0,0,0,1
1751960777974,54.99906,SteamVR Tracker (Left Foot),-0.281379,-0.2045922,0.4104845,-0.5195482,-0.4054972,-0.2915241,0.6932933
1751960777974,54.99906,SteamVR Tracker (Waist),0,0,0,0,0,0,1
1751960777999,55.02348,SteamVR Tracker (Left Foot),-0.2811787,-0.2027593,0.4092301,-0.5252761,-0.4088025,-0.2913085,0.6870989
1751960777999,55.02348,SteamVR Tracker (Waist),0,0,0,0,0,0,1
1751960778019,55.04475,SteamVR Tracker (Left Foot),-0.2807383,-0.2013845,0.409543,-0.5256853,-0.4096784,-0.2892213,0.6871461
1751960778020,55.04475,SteamVR Tracker (Waist),0,0,0,0,0,0,1
1751960778040,55.06652,SteamVR Tracker (Left Foot),-0.2805553,-0.2005785,0.4098544,-0.5268795,-0.4125666,-0.2826903,0.6872212
1751960778040,55.06652,SteamVR Tracker (Waist),0,0,0,0,0,0,1
1751960778064,55.08852,SteamVR Tracker (Left Foot),-0.2801628,-0.1977556,0.4087213,-0.528523,-0.4109696,-0.2843209,0.6862427
1751960778064,55.08852,SteamVR Tracker (Waist),0,0,0,0,0,0,1
1751960778087,55.11192,SteamVR Tracker (Left Foot),-0.2781072,-0.1991944,0.4082291,-0.5284408,-0.4122615,-0.2820044,0.686487
1751960778088,55.11192,SteamVR Tracker (Waist),0,0,0,0,0,0,1
1751960778109,55.13397,SteamVR Tracker (Left Foot),-0.2792908,-0.1976354,0.4084002,-0.525116,-0.4146546,-0.2782519,0.6891232
1751960778109,55.13397,SteamVR Tracker (Waist),0,0,0,0,0,0,1
1751960778130,55.15446,SteamVR Tracker (Left Foot),-0.2790937,-0.1928825,0.4070804,-0.5308534,-0.4054331,-0.2944553,0.683458
1751960778130,55.15446,SteamVR Tracker (Waist),0,0,0,0,0,0,1
1751960778152,55.17707,SteamVR Tracker (Left Foot),-0.2799173,-0.193969,0.4056241,-0.5204899,-0.4079211,-0.3016289,0.686812
1751960778152,55.17707,SteamVR Tracker (Waist),0,0,0,0,0,0,1
1751960778177,55.20036,SteamVR Tracker (Left Foot),-0.2820258,-0.1983945,0.4045486,-0.5048742,-0.4201135,-0.2982417,0.6925738
1751960778177,55.20036,SteamVR Tracker (Waist),0,0,0,0,0,0,1
1751960778197,55.22235,SteamVR Tracker (Left Foot),-0.283556,-0.202951,0.4019455,-0.4784724,-0.4379638,-0.2932279,0.7023314
1751960778197,55.22235,SteamVR Tracker (Waist),0,0,0,0,0,0,1
1751960778219,55.24422,SteamVR Tracker (Left Foot),-0.2813419,-0.1974499,0.3954398,-0.5060027,-0.4838431,-0.272184,0.660131
1751960778219,55.24422,SteamVR Tracker (Waist),0,0,0,0,0,0,1
1751960778240,55.26578,SteamVR Tracker (Left Foot),-0.2793977,-0.196389,0.3940377,-0.4891566,-0.4530134,-0.3258195,0.670333
1751960778240,55.26578,SteamVR Tracker (Waist),0,0,0,0,0,0,1
1751960778260,55.28622,SteamVR Tracker (Left Foot),-0.2818387,-0.1974933,0.387238,-0.4962353,-0.4834362,-0.3151902,0.6486102
1751960778261,55.28622,SteamVR Tracker (Waist),0,0,0,0,0,0,1
1751960778286,55.31074,SteamVR Tracker (Left Foot),-0.2839436,-0.1967249,0.3808084,-0.4920938,-0.4903528,-0.3228168,0.6427963
1751960778286,55.31074,SteamVR Tracker (Waist),0,0,0,0,0,0,1
1751960778308,55.33257,SteamVR Tracker (Left Foot),-0.2853386,-0.194288,0.3771598,-0.4899866,-0.4965831,-0.325947,0.6380258
1751960778308,55.33257,SteamVR Tracker (Waist),0,0,0,0,0,0,1
1751960778330,55.35535,SteamVR Tracker (Left Foot),-0.2863664,-0.1928346,0.373401,-0.4918245,-0.4975415,-0.3294591,0.6340488
1751960778330,55.35535,SteamVR Tracker (Waist),0,0,0,0,0,0,1
1751960778353,55.37799,SteamVR Tracker (Left Foot),-0.2875427,-0.1924911,0.3704383,-0.4919279,-0.5011098,-0.3317671,0.6299416
1751960778353,55.37799,SteamVR Tracker (Waist),0,0,0,0,0,0,1
1751960778372,55.3978,SteamVR Tracker (Left Foot),-0.2871678,-0.1935132,0.3683173,-0.4931803,-0.5029563,-0.3307143,0.6280416
1751960778372,55.3978,SteamVR Tracker (Waist),0,0,0,0,0,0,1
1751960778398,55.42236,SteamVR Tracker (Left Foot),-0.2871127,-0.1931984,0.3703404,-0.4938636,-0.4962434,-0.3252295,0.6356627
1751960778399,55.42236,SteamVR Tracker (Waist),0,0,0,0,0,0,1
1751960778420,55.44476,SteamVR Tracker (Left Foot),-0.2869967,-0.1926706,0.3701993,-0.4929629,-0.4915626,-0.3271377,0.6390108
1751960778420,55.44476,SteamVR Tracker (Waist),0,0,0,0,0,0,1
1751960778440,55.46505,SteamVR Tracker (Left Foot),-0.2858843,-0.1907852,0.3703683,-0.495468,-0.4921942,-0.3269124,0.6366982
1751960778440,55.46505,SteamVR Tracker (Waist),0,0,0,0,0,0,1
1751960778461,55.48676,SteamVR Tracker (Left Foot),-0.2854888,-0.190367,0.3697073,-0.4957421,-0.4918552,-0.3264269,0.6369959
1751960778461,55.48676,SteamVR Tracker (Waist),0,0,0,0,0,0,1
1751960778484,55.50868,SteamVR Tracker (Left Foot),-0.2870893,-0.190186,0.3686796,-0.4969187,-0.4921601,-0.326196,0.6359612
1751960778484,55.50868,SteamVR Tracker (Waist),0,0,0,0,0,0,1
1751960778507,55.53179,SteamVR Tracker (Left Foot),-0.2871744,-0.1878531,0.3688559,-0.4974276,-0.4914177,-0.3267511,0.6358523
1751960778507,55.53179,SteamVR Tracker (Waist),0,0,0,0,0,0,1
1751960778528,55.55346,SteamVR Tracker (Left Foot),-0.28839,-0.1873276,0.3686654,-0.4967333,-0.4919181,-0.3265547,0.636109
1751960778528,55.55346,SteamVR Tracker (Waist),0,0,0,0,0,0,1
1751960778550,55.57599,SteamVR Tracker (Left Foot),-0.2865849,-0.1873415,0.368332,-0.4972698,-0.4911951,-0.3273559,0.6358367
1751960778550,55.57599,SteamVR Tracker (Waist),0,0,0,0,0,0,1
1751960778573,55.5981,SteamVR Tracker (Left Foot),-0.2859537,-0.1869779,0.3680483,-0.4979866,-0.4906316,-0.3276032,0.6355834
1751960778573,55.5981,SteamVR Tracker (Waist),0,0,0,0,0,0,1
1751960778598,55.62106,SteamVR Tracker (Left Foot),-0.2854937,-0.1863303,0.367416,-0.4982184,-0.4902439,-0.3273212,0.6358461
1751960778598,55.62106,SteamVR Tracker (Waist),0,0,0,0,0,0,1
1751960778619,55.64486,SteamVR Tracker (Left Foot),-0.2844253,-0.1862259,0.367673,-0.4978748,-0.4900529,-0.3278337,0.6359984
1751960778619,55.64486,SteamVR Tracker (Waist),0,0,0,0,0,0,1
1751960778643,55.66662,SteamVR Tracker (Left Foot),-0.2843721,-0.1859968,0.3671982,-0.497426,-0.490073,-0.3279652,0.6362663
1751960778643,55.66662,SteamVR Tracker (Waist),0,0,0,0,0,0,1
1751960778664,55.68945,SteamVR Tracker (Left Foot),-0.286466,-0.1844909,0.3665548,-0.4973311,-0.4894417,-0.3286069,0.6364952
1751960778664,55.68945,SteamVR Tracker (Waist),0,0,0,0,0,0,1
1751960778685,55.70979,SteamVR Tracker (Left Foot),-0.2869882,-0.1840432,0.3666285,-0.4971919,-0.4890845,-0.3293195,0.6365102
1751960778685,55.70979,SteamVR Tracker (Waist),0,0,0,0,0,0,1
1751960778708,55.73306,SteamVR Tracker (Left Foot),-0.2876027,-0.1830938,0.3670326,-0.4955072,-0.4898082,-0.3292516,0.637302
1751960778708,55.73306,SteamVR Tracker (Waist),0,0,0,0,0,0,1
1751960778732,55.75538,SteamVR Tracker (Left Foot),-0.2865619,-0.1825888,0.3667849,-0.49526,-0.4898507,-0.3298478,0.6371533
1751960778732,55.75538,SteamVR Tracker (Waist),0,0,0,0,0,0,1
1751960778753,55.77811,SteamVR Tracker (Left Foot),-0.2855535,-0.1817071,0.3667181,-0.4949614,-0.4896197,-0.3305814,0.6371826
1751960778753,55.77811,SteamVR Tracker (Waist),0,0,0,0,0,0,1
1751960778774,55.79947,SteamVR Tracker (Left Foot),-0.2854253,-0.1810746,0.3665017,-0.4945823,-0.4896465,-0.3309547,0.6372626
1751960778774,55.79947,SteamVR Tracker (Waist),0,0,0,0,0,0,1
1751960778796,55.82079,SteamVR Tracker (Left Foot),-0.2852756,-0.1805289,0.366206,-0.4943554,-0.4897361,-0.3311456,0.6372707
1751960778797,55.82079,SteamVR Tracker (Waist),0,0,0,0,0,0,1
1751960778818,55.84295,SteamVR Tracker (Left Foot),-0.2848896,-0.1799331,0.3661205,-0.4943283,-0.4898233,-0.3314974,0.6370417
1751960778818,55.84295,SteamVR Tracker (Waist),0,0,0,0,0,0,1
1751960778840,55.86426,SteamVR Tracker (Left Foot),-0.2846095,-0.1792047,0.3655412,-0.4946775,-0.4895563,-0.3320395,0.6366935
1751960778840,55.86426,SteamVR Tracker (Waist),0,0,0,0,0,0,1
1751960778864,55.88931,SteamVR Tracker (Left Foot),-0.2861806,-0.1778212,0.3659106,-0.4938537,-0.4895889,-0.3322626,0.6371914
1751960778864,55.88931,SteamVR Tracker (Waist),0,0,0,0,0,0,1
1751960778882,55.90765,SteamVR Tracker (Left Foot),-0.2855479,-0.1784046,0.3652716,-0.4928845,-0.4900447,-0.3320605,0.6376967
1751960778882,55.90765,SteamVR Tracker (Waist),0,0,0,0,0,0,1
1751960778908,55.93288,SteamVR Tracker (Left Foot),-0.285226,-0.1771796,0.3651471,-0.4932337,-0.4900102,-0.3323026,0.6373269
1751960778908,55.93288,SteamVR Tracker (Waist),0,0,0,0,0,0,1
1751960778930,55.95472,SteamVR Tracker (Left Foot),-0.2852902,-0.1768942,0.3645028,-0.4931669,-0.4902921,-0.3323287,0.6371481
1751960778930,55.95472,SteamVR Tracker (Waist),0,0,0,0,0,0,1
1751960778952,55.97702,SteamVR Tracker (Left Foot),-0.2851782,-0.1768239,0.3640351,-0.4934054,-0.4899619,-0.3325267,0.6371141
1751960778952,55.97702,SteamVR Tracker (Waist),0,0,0,0,0,0,1
1751960778974,55.99881,SteamVR Tracker (Left Foot),-0.284559,-0.1762853,0.3642952,-0.492964,-0.4901893,-0.3326131,0.6372358
1751960778974,55.99881,SteamVR Tracker (Waist),0,0,0,0,0,0,1
1751960778997,56.02184,SteamVR Tracker (Left Foot),-0.2847733,-0.1754136,0.3642264,-0.4935634,-0.4899192,-0.3330399,0.6367565
1751960778997,56.02184,SteamVR Tracker (Waist),0,0,0,0,0,0,1
1751960779020,56.04513,SteamVR Tracker (Left Foot),-0.2847325,-0.1750565,0.3640082,-0.4936604,-0.4896284,-0.3332166,0.6368125
1751960779021,56.04513,SteamVR Tracker (Waist),0,0,0,0,0,0,1
1751960779042,56.06673,SteamVR Tracker (Left Foot),-0.2842121,-0.1742291,0.3638567,-0.4934805,-0.489794,-0.3332573,0.6368033
1751960779042,56.06673,SteamVR Tracker (Waist),0,0,0,0,0,0,1
1751960779066,56.0904,SteamVR Tracker (Left Foot),-0.2854699,-0.1726165,0.3632839,-0.4938795,-0.4899538,-0.3332764,0.6363609
1751960779066,56.0904,SteamVR Tracker (Waist),0,0,0,0,0,0,1
1751960779087,56.11199,SteamVR Tracker (Left Foot),-0.2855715,-0.1724064,0.3628395,-0.4941667,-0.4898587,-0.3330865,0.6363105
1751960779087,56.11199,SteamVR Tracker (Waist),0,0,0,0,0,0,1
1751960779110,56.13459,SteamVR Tracker (Left Foot),-0.2845426,-0.1716602,0.3627253,-0.4941787,-0.4904412,-0.3325924,0.636111
1751960779110,56.13459,SteamVR Tracker (Waist),0,0,0,0,0,0,1
1751960779132,56.15621,SteamVR Tracker (Left Foot),-0.2843328,-0.1703584,0.3620542,-0.4947514,-0.4906268,-0.3327354,0.6354476
1751960779132,56.15621,SteamVR Tracker (Waist),0,0,0,0,0,0,1
1751960779152,56.17696,SteamVR Tracker (Left Foot),-0.2846453,-0.1703811,0.3615937,-0.4944682,-0.4911019,-0.3321524,0.6356059
1751960779152,56.17696,SteamVR Tracker (Waist),0,0,0,0,0,0,1
1751960779176,56.19993,SteamVR Tracker (Left Foot),-0.2843194,-0.1698461,0.3612749,-0.4946983,-0.4912722,-0.3316984,0.6355325
1751960779176,56.19993,SteamVR Tracker (Waist),0,0,0,0,0,0,1
1751960779197,56.22147,SteamVR Tracker (Left Foot),-0.2840624,-0.1692882,0.3607112,-0.4948261,-0.4916364,-0.3312965,0.6353608
1751960779198,56.22147,SteamVR Tracker (Waist),0,0,0,0,0,0,1
1751960779220,56.24573,SteamVR Tracker (Left Foot),-0.2852375,-0.1683559,0.3602611,-0.49445,-0.4925802,-0.3294803,0.6358668
1751960779221,56.24573,SteamVR Tracker (Waist),0,0,0,0,0,0,1
1751960779242,56.26749,SteamVR Tracker (Left Foot),-0.284918,-0.1682308,0.3594669,-0.495018,-0.4932583,-0.3294268,0.6349264
1751960779242,56.26749,SteamVR Tracker (Waist),0,0,0,0,0,0,1
1751960779263,56.287,SteamVR Tracker (Left Foot),-0.2847959,-0.1677315,0.3589388,-0.4958882,-0.4936855,-0.3295309,0.6338604
1751960779263,56.287,SteamVR Tracker (Waist),0,0,0,0,0,0,1
1751960779285,56.31029,SteamVR Tracker (Left Foot),-0.284085,-0.1682246,0.3581381,-0.4952622,-0.4942796,-0.328866,0.6342319
1751960779285,56.31029,SteamVR Tracker (Waist),-0.1900377,1.010249,0.4819348,-0.1250905,-0.5737011,-0.1193597,0.8006077
1751960779308,56.33241,SteamVR Tracker (Left Foot),-0.2850172,-0.1667194,0.3581322,-0.495351,-0.4950314,-0.3285228,0.633754
1751960779308,56.33241,SteamVR Tracker (Waist),-0.1947767,1.011305,0.4806814,-0.1330201,-0.5775655,-0.1217889,0.7961729
1751960779329,56.35413,SteamVR Tracker (Left Foot),-0.2855404,-0.165967,0.3579124,-0.4959422,-0.4952725,-0.3263493,0.6342261
1751960779329,56.35413,SteamVR Tracker (Waist),-0.1975882,1.010001,0.4795691,-0.1202186,-0.5862626,-0.1157443,0.7927464
1751960779350,56.37621,SteamVR Tracker (Left Foot),-0.2852381,-0.1648507,0.3571988,-0.4964485,-0.4956687,-0.3249808,0.6342231
1751960779350,56.37621,SteamVR Tracker (Waist),-0.1990196,1.009577,0.4777684,-0.1127728,-0.5913169,-0.1123287,0.7905751
1751960779373,56.39841,SteamVR Tracker (Left Foot),-0.2848679,-0.1642988,0.3566656,-0.496885,-0.4961821,-0.3240663,0.6339477
1751960779373,56.39841,SteamVR Tracker (Waist),-0.2008328,1.00926,0.4745949,-0.1221647,-0.5960765,-0.1154374,0.7851387
1751960779397,56.42099,SteamVR Tracker (Left Foot),-0.2844656,-0.1635587,0.3563213,-0.4966497,-0.4966443,-0.3230882,0.6342693
1751960779397,56.42099,SteamVR Tracker (Waist),-0.2030022,1.011101,0.4740328,-0.1341257,-0.5919878,-0.1239301,0.7849854
1751960779418,56.44381,SteamVR Tracker (Left Foot),-0.2829619,-0.1625929,0.356334,-0.4974511,-0.4960162,-0.323763,0.6337885
1751960779418,56.44381,SteamVR Tracker (Waist),-0.2054603,1.012686,0.4736307,-0.1479171,-0.5812859,-0.1289957,0.7896755
1751960779441,56.46648,SteamVR Tracker (Left Foot),-0.2838004,-0.1624432,0.3559961,-0.4973198,-0.4957069,-0.3233933,0.634322
1751960779441,56.46648,SteamVR Tracker (Waist),-0.2080339,1.013001,0.4733933,-0.1523102,-0.5898629,-0.12859,0.7825139
1751960779462,56.48784,SteamVR Tracker (Left Foot),-0.2849229,-0.1614847,0.356011,-0.4974759,-0.4957314,-0.3233061,0.634225
1751960779463,56.48784,SteamVR Tracker (Waist),-0.2098257,1.011181,0.4728182,-0.1413741,-0.5927618,-0.1234362,0.7832052
1751960779485,56.51018,SteamVR Tracker (Left Foot),-0.2839407,-0.1621695,0.3555196,-0.4967894,-0.4959888,-0.3230032,0.634716
1751960779485,56.51018,SteamVR Tracker (Waist),-0.21295,1.011013,0.472039,-0.1252005,-0.5872069,-0.1188932,0.790808
1751960779509,56.534,SteamVR Tracker (Left Foot),-0.2839502,-0.1601727,0.355827,-0.4969821,-0.4954935,-0.3238866,0.6345018
1751960779509,56.534,SteamVR Tracker (Waist),-0.2142362,1.008546,0.4704518,-0.1253559,-0.5948232,-0.1127566,0.7859753
1751960779531,56.55616,SteamVR Tracker (Left Foot),-0.2844899,-0.1600096,0.355295,-0.4966491,-0.4958716,-0.3238282,0.634497
1751960779531,56.55616,SteamVR Tracker (Waist),-0.2148143,1.007947,0.4692544,-0.1291941,-0.6003361,-0.1137067,0.7810098
1751960779552,56.57772,SteamVR Tracker (Left Foot),-0.284398,-0.1600902,0.3551956,-0.4960994,-0.4963644,-0.3236949,0.6346097
1751960779552,56.57772,SteamVR Tracker (Waist),-0.215511,1.007426,0.4684716,-0.1347265,-0.5954281,-0.121691,0.7826273
1751960779577,56.60015,SteamVR Tracker (Left Foot),-0.2848816,-0.1607327,0.3546216,-0.4958721,-0.4969126,-0.3232,0.6346105
1751960779577,56.60015,SteamVR Tracker (Waist),-0.2169476,1.007002,0.4685684,-0.1390647,-0.5957776,-0.1287797,0.7804652
1751960779597,56.62178,SteamVR Tracker (Left Foot),-0.2845379,-0.1605332,0.354736,-0.4951508,-0.4975658,-0.323085,0.6347204
1751960779597,56.62178,SteamVR Tracker (Waist),-0.2194178,1.006719,0.4684641,-0.1233042,-0.5836637,-0.1282221,0.7922701
1751960779619,56.64417,SteamVR Tracker (Left Foot),-0.2838478,-0.1596005,0.3546149,-0.4954457,-0.4975687,-0.3234278,0.6343133
1751960779619,56.64417,SteamVR Tracker (Waist),-0.2221042,1.005697,0.4660966,-0.1018344,-0.5930454,-0.1105382,0.7910173
1751960779641,56.66622,SteamVR Tracker (Left Foot),-0.2851396,-0.1604316,0.3540418,-0.4943057,-0.4987492,-0.3233817,0.6342992
1751960779641,56.66622,SteamVR Tracker (Waist),-0.2235837,1.003938,0.4638554,-0.08415038,-0.6111207,-0.09387943,0.7814326
1751960779663,56.68846,SteamVR Tracker (Left Foot),-0.2866022,-0.1588974,0.3535165,-0.4946347,-0.4990642,-0.3234803,0.6337445
1751960779663,56.68846,SteamVR Tracker (Waist),-0.2257576,1.003345,0.4624429,-0.06867784,-0.6102699,-0.08172241,0.7849685
1751960779686,56.71085,SteamVR Tracker (Left Foot),-0.2850594,-0.1589956,0.3533638,-0.4939318,-0.4997512,-0.3229149,0.6340395
1751960779686,56.71085,SteamVR Tracker (Waist),-0.227766,1.003318,0.4611145,-0.06170128,-0.6116709,-0.07305787,0.7853116
1751960779708,56.73359,SteamVR Tracker (Left Foot),-0.2851004,-0.1570096,0.3538244,-0.4942079,-0.4995957,-0.3227951,0.6340079
1751960779708,56.73359,SteamVR Tracker (Waist),-0.2302817,1.002699,0.4614559,-0.06980166,-0.6127706,-0.07278737,0.7837997
1751960779731,56.75558,SteamVR Tracker (Left Foot),-0.2851535,-0.1568222,0.3534411,-0.4944531,-0.4994619,-0.3226992,0.6339709
1751960779731,56.75558,SteamVR Tracker (Waist),-0.2329409,1.00171,0.462256,-0.04884186,-0.6138296,-0.06672679,0.7850958
1751960779750,56.77597,SteamVR Tracker (Left Foot),-0.2850139,-0.156558,0.3534245,-0.4942508,-0.4999036,-0.3221393,0.6340653
1751960779750,56.77597,SteamVR Tracker (Waist),-0.2352492,0.9995974,0.4627753,-0.02644184,-0.6021907,-0.05637757,0.7959202
1751960779775,56.80005,SteamVR Tracker (Left Foot),-0.2843398,-0.1559768,0.3530613,-0.4942942,-0.4998301,-0.321995,0.6341628
1751960779775,56.80005,SteamVR Tracker (Waist),-0.2372764,0.999229,0.4630234,-0.01051378,-0.5902678,-0.04943114,0.8056239
1751960779796,56.82153,SteamVR Tracker (Left Foot),-0.2843966,-0.1557016,0.3527493,-0.4945958,-0.4996609,-0.3217559,0.6341823
1751960779796,56.82153,SteamVR Tracker (Waist),-0.2391127,0.9990751,0.4631675,-0.01466445,-0.600591,-0.04253704,0.7982894
1751960779816,56.84177,SteamVR Tracker (Left Foot),-0.2846305,-0.1559665,0.3521369,-0.4951544,-0.4993974,-0.3217619,0.6339508
1751960779816,56.84177,SteamVR Tracker (Waist),-0.2405773,0.9966314,0.4626496,-0.01749174,-0.6034526,-0.02682577,0.7967556
1751960779843,56.86819,SteamVR Tracker (Left Foot),-0.2854538,-0.1539845,0.3523899,-0.4948263,-0.4996903,-0.3214597,0.6341296
1751960779843,56.86819,SteamVR Tracker (Waist),-0.2420118,0.9956459,0.4618865,-0.01054604,-0.6011249,-0.03141901,0.7984676
1751960779862,56.88782,SteamVR Tracker (Left Foot),-0.2865706,-0.1545508,0.3513638,-0.4946963,-0.5000089,-0.321338,0.6340415
1751960779862,56.88782,SteamVR Tracker (Waist),-0.2436367,0.9961096,0.4617069,-0.01258626,-0.6034881,-0.03714557,0.7964069
1751960779886,56.91113,SteamVR Tracker (Left Foot),-0.2851153,-0.15312,0.352057,-0.4951004,-0.4999507,-0.3215572,0.6336607
1751960779886,56.91113,SteamVR Tracker (Waist),-0.2454388,0.9963363,0.4605909,-0.0329428,-0.604004,-0.04265954,0.7951567
1751960779909,56.93383,SteamVR Tracker (Left Foot),-0.2838939,-0.1531677,0.3512684,-0.495127,-0.4999509,-0.3216862,0.6335742
1751960779909,56.93383,SteamVR Tracker (Waist),-0.2468041,0.9958102,0.459295,-0.04889635,-0.6092988,-0.04785305,0.7899837
1751960779930,56.95622,SteamVR Tracker (Left Foot),-0.2846567,-0.15187,0.3517447,-0.4941845,-0.500423,-0.321584,0.6339892
1751960779931,56.95622,SteamVR Tracker (Waist),-0.2488894,0.9962795,0.4579703,-0.05750674,-0.6054826,-0.06284551,0.7912865
1751960779953,56.97802,SteamVR Tracker (Left Foot),-0.2845669,-0.1512845,0.3516806,-0.4935483,-0.5009254,-0.3214526,0.6341547
1751960779953,56.97802,SteamVR Tracker (Waist),-0.2506262,0.9973003,0.4565696,-0.07093424,-0.6042257,-0.07811981,0.7897956
1751960779977,57.00109,SteamVR Tracker (Left Foot),-0.2839602,-0.1518514,0.3504679,-0.4928441,-0.5012742,-0.3209633,0.6346744
1751960779977,57.00109,SteamVR Tracker (Waist),-0.2517857,0.9979106,0.4542558,-0.07733166,-0.6139198,-0.08316126,0.7811571
1751960779998,57.0229,SteamVR Tracker (Left Foot),-0.2835862,-0.1527622,0.3501967,-0.4931272,-0.5007479,-0.3203613,0.6351739
1751960779998,57.0229,SteamVR Tracker (Waist),-0.2536615,0.9977072,0.4534922,-0.06749882,-0.6095402,-0.08169821,0.7856399
1751960780021,57.0454,SteamVR Tracker (Left Foot),-0.28423,-0.1532574,0.3497843,-0.4923368,-0.5017107,-0.3192721,0.6355754
1751960780021,57.0454,SteamVR Tracker (Waist),-0.2542064,0.9976139,0.4505275,-0.03131086,-0.5996884,-0.0739414,0.7961948
1751960780042,57.0667,SteamVR Tracker (Left Foot),-0.2850057,-0.1509111,0.3506026,-0.4923478,-0.5021526,-0.3193224,0.6351927
1751960780042,57.0667,SteamVR Tracker (Waist),-0.2565868,0.9934558,0.4527943,-0.03024042,-0.5848923,-0.06796995,0.8076922
1751960780065,57.08897,SteamVR Tracker (Left Foot),-0.2847235,-0.1497936,0.3499715,-0.4924442,-0.501834,-0.3192024,0.6354299
1751960780065,57.08897,SteamVR Tracker (Waist),-0.2575194,0.9914926,0.4500963,-0.007233974,-0.5981009,-0.0479972,0.7999495
1751960780089,57.11378,SteamVR Tracker (Left Foot),-0.2844102,-0.1481516,0.3501654,-0.4930297,-0.5012612,-0.3192731,0.6353925
1751960780090,57.11378,SteamVR Tracker (Waist),-0.2580477,0.987082,0.4491971,0.01533735,-0.5706795,-0.0306185,0.8204585
1751960780121,57.14544,SteamVR Tracker (Left Foot),-0.2840526,-0.1488037,0.3496068,-0.4926878,-0.5018967,-0.3188879,0.6353496
1751960780122,57.14544,SteamVR Tracker (Waist),-0.2633419,0.9826647,0.4462616,0.02593493,-0.5600601,-0.01591803,0.8278929
1751960780140,57.16531,SteamVR Tracker (Left Foot),-0.284663,-0.1475034,0.3492375,-0.4920409,-0.5018433,-0.3186424,0.6360158
1751960780140,57.16531,SteamVR Tracker (Waist),-0.2661792,0.9825413,0.4431193,0.02611405,-0.6055399,-0.005244322,0.7953691
1751960780163,57.18864,SteamVR Tracker (Left Foot),-0.284412,-0.146244,0.3492365,-0.4923272,-0.5015289,-0.3186882,0.6360194
1751960780163,57.18864,SteamVR Tracker (Waist),-0.2652994,0.9849451,0.4423426,0.01099471,-0.6596332,-0.02349021,0.7511401
1751960780183,57.20862,SteamVR Tracker (Left Foot),-0.2845701,-0.1460984,0.3490285,-0.4919384,-0.5018401,-0.3183722,0.6362329
1751960780184,57.20862,SteamVR Tracker (Waist),-0.2645211,0.9858242,0.4407436,-0.0008525339,-0.6018344,-0.02444866,0.7982461
1751960780210,57.23368,SteamVR Tracker (Left Foot),-0.2844347,-0.1462827,0.3490401,-0.4914301,-0.5020168,-0.3182826,0.6365311
1751960780210,57.23368,SteamVR Tracker (Waist),-0.2662459,0.9850659,0.4400283,-0.001272656,-0.5822024,-0.01281954,0.8129418
1751960780229,57.25423,SteamVR Tracker (Left Foot),-0.2840318,-0.1460462,0.3488759,-0.490584,-0.5024776,-0.3178434,0.6370395
1751960780229,57.25423,SteamVR Tracker (Waist),-0.2673783,0.9836338,0.4380295,-0.00874988,-0.5848137,-0.01210784,0.8110301
1751960780251,57.27555,SteamVR Tracker (Left Foot),-0.2839064,-0.1452932,0.3487511,-0.4899425,-0.5028278,-0.3178528,0.6372522
1751960780251,57.27555,SteamVR Tracker (Waist),-0.2677507,0.9834206,0.4366441,-0.02177677,-0.5840262,-0.03016567,0.8108818
1751960780273,57.29785,SteamVR Tracker (Left Foot),-0.2842905,-0.1443877,0.3489476,-0.4887128,-0.5033539,-0.3175463,0.6379335
1751960780274,57.29785,SteamVR Tracker (Waist),-0.2685343,0.9837723,0.4356279,-0.02982648,-0.5852094,-0.04207614,0.8092403
1751960780296,57.32018,SteamVR Tracker (Left Foot),-0.283618,-0.1443033,0.3485025,-0.4881769,-0.5035148,-0.3177743,0.6381032
1751960780296,57.32018,SteamVR Tracker (Waist),-0.2678666,0.9826704,0.4332231,-0.02842403,-0.5898561,-0.04262901,0.8058813
1751960780319,57.34349,SteamVR Tracker (Left Foot),-0.2842701,-0.1452677,0.3481281,-0.4872108,-0.5044191,-0.3176652,0.6381817
1751960780319,57.34349,SteamVR Tracker (Waist),-0.2671483,0.9821573,0.4304633,-0.02604469,-0.5860621,-0.04242864,0.8087353
1751960780340,57.365,SteamVR Tracker (Left Foot),-0.2851045,-0.1456337,0.3479554,-0.4862612,-0.5049305,-0.3170358,0.6388143
1751960780341,57.365,SteamVR Tracker (Waist),-0.2669298,0.9822804,0.4288126,-0.02060685,-0.5850165,-0.04488284,0.8095163
1751960780363,57.38804,SteamVR Tracker (Left Foot),-0.2840659,-0.1453409,0.3475593,-0.4858693,-0.5046737,-0.3173468,0.6391608
1751960780363,57.38804,SteamVR Tracker (Waist),-0.2678213,0.9826491,0.4279714,-0.02147459,-0.5772381,-0.05282589,0.8145823
1751960780386,57.41058,SteamVR Tracker (Left Foot),-0.2843458,-0.1450896,0.3473936,-0.4855915,-0.5046871,-0.3174829,0.6392938
1751960780386,57.41058,SteamVR Tracker (Waist),-0.2682346,0.9824648,0.4251837,-0.02694147,-0.5881205,-0.06389964,0.8057948
1751960780407,57.43134,SteamVR Tracker (Left Foot),-0.2836174,-0.1461465,0.3471983,-0.484746,-0.5052141,-0.3172891,0.6396152
1751960780407,57.43134,SteamVR Tracker (Waist),-0.2681265,0.9825124,0.4218265,-0.02953075,-0.6005003,-0.07188803,0.7958388
1751960780430,57.45459,SteamVR Tracker (Left Foot),-0.2829259,-0.1446631,0.3473156,-0.4847392,-0.50505,-0.3176325,0.6395795
1751960780430,57.45459,SteamVR Tracker (Waist),-0.2687865,0.9780967,0.4275668,-0.0620879,-0.5952548,-0.0644699,0.7985364
1751960780451,57.47591,SteamVR Tracker (Left Foot),-0.2827341,-0.1451452,0.3472782,-0.4843049,-0.5054535,-0.317459,0.639676
1751960780451,57.47591,SteamVR Tracker (Waist),-0.2705207,0.9743888,0.4297853,-0.0208307,-0.5409166,-0.0684881,0.8380243
1751960780475,57.49934,SteamVR Tracker (Left Foot),-0.2835948,-0.1435578,0.3475423,-0.4839272,-0.5056601,-0.3173018,0.6398765
1751960780475,57.49934,SteamVR Tracker (Waist),-0.2716994,0.968739,0.4319387,0.07578593,-0.5081642,-0.02279653,0.8576164
1751960780498,57.52133,SteamVR Tracker (Left Foot),-0.2831042,-0.1433585,0.3480814,-0.4830684,-0.5061184,-0.3169745,0.6403251
1751960780498,57.52133,SteamVR Tracker (Waist),-0.2837253,0.9865422,0.4427029,0.1434271,-0.4894777,0.007253892,0.8601092
1751960780521,57.54538,SteamVR Tracker (Left Foot),-0.2838525,-0.1432922,0.3472425,-0.4823943,-0.5068989,-0.3164619,0.6404696
1751960780521,57.54538,SteamVR Tracker (Waist),-0.2904061,0.9934014,0.4435399,0.2238716,-0.4817284,-0.01223782,0.8471538
1751960780541,57.56646,SteamVR Tracker (Left Foot),-0.2845058,-0.1419184,0.3469372,-0.4824473,-0.5066139,-0.3168893,0.6404437
1751960780541,57.56646,SteamVR Tracker (Waist),-0.2932618,0.9959782,0.4396477,0.2706849,-0.4786433,-0.03521974,0.8344998
1751960780563,57.58742,SteamVR Tracker (Left Foot),-0.2841979,-0.1417382,0.3468068,-0.4823947,-0.5065932,-0.3169624,0.6404636
1751960780563,57.58742,SteamVR Tracker (Waist),-0.2967326,0.9995723,0.4388834,0.2899807,-0.4596035,-0.05527244,0.8376281
1751960780585,57.61015,SteamVR Tracker (Left Foot),-0.2837709,-0.1414909,0.3465776,-0.4820783,-0.5068537,-0.317037,0.6404588
1751960780585,57.61015,SteamVR Tracker (Waist),-0.3002326,1.00575,0.4395164,0.2716211,-0.4347446,-0.0839327,0.8545024
1751960780607,57.63211,SteamVR Tracker (Left Foot),-0.2841912,-0.1405864,0.3466522,-0.4813043,-0.5073071,-0.3168108,0.6407937
1751960780607,57.63211,SteamVR Tracker (Waist),-0.3033309,1.014174,0.440718,0.236115,-0.3908674,-0.1076289,0.8831129
1751960780631,57.6556,SteamVR Tracker (Left Foot),-0.2838657,-0.1405361,0.3465042,-0.48106,-0.5073689,-0.3166364,0.6410144
1751960780631,57.6556,SteamVR Tracker (Waist),-0.3062269,1.020961,0.4420648,0.2264821,-0.329955,-0.1241575,0.907976
1751960780653,57.67686,SteamVR Tracker (Left Foot),-0.2837431,-0.1406727,0.3463364,-0.480742,-0.5076433,-0.3164993,0.6411035
1751960780653,57.67686,SteamVR Tracker (Waist),-0.3075731,1.027929,0.4438618,0.2475476,-0.2895085,-0.1534286,0.911792
1751960780675,57.69947,SteamVR Tracker (Left Foot),-0.2840579,-0.1409962,0.3458075,-0.4799349,-0.5083805,-0.3160102,0.6413652
1751960780675,57.69947,SteamVR Tracker (Waist),-0.3128457,1.037197,0.4410937,0.2239547,-0.2096482,-0.1711442,0.9362701
1751960780697,57.72124,SteamVR Tracker (Left Foot),-0.2839549,-0.1410849,0.3455992,-0.4796,-0.5085819,-0.3158264,0.6415467
1751960780698,57.72124,SteamVR Tracker (Waist),-0.3162483,1.046459,0.4418421,0.2578796,-0.2084717,-0.2248015,0.9162434
1751960780719,57.74418,SteamVR Tracker (Left Foot),-0.2836075,-0.1404219,0.3452913,-0.4790031,-0.5087745,-0.3160067,0.641751
1751960780719,57.74418,SteamVR Tracker (Waist),-0.3242913,1.057041,0.4426371,0.2906821,-0.1511653,-0.2465221,0.9120745
1751960780742,57.76626,SteamVR Tracker (Left Foot),-0.2843072,-0.1394658,0.3452993,-0.4786277,-0.5091379,-0.3162068,0.6416444
1751960780742,57.76626,SteamVR Tracker (Waist),-0.3303927,1.065291,0.4438122,0.3248492,-0.1367787,-0.2899051,0.8897863
1751960780763,57.78753,SteamVR Tracker (Left Foot),-0.2845643,-0.1385922,0.3453637,-0.4785693,-0.5086206,-0.3163685,0.6420183
1751960780763,57.78753,SteamVR Tracker (Waist),-0.3371815,1.075197,0.4465153,0.3542524,-0.1530006,-0.3527136,0.8524607
1751960780786,57.81176,SteamVR Tracker (Left Foot),-0.2841326,-0.1387098,0.345821,-0.4776074,-0.5090827,-0.3156405,0.6427263
1751960780786,57.81176,SteamVR Tracker (Waist),-0.3444793,1.087883,0.4510313,0.3621107,-0.146924,-0.3770364,0.8397219
1751960780811,57.83491,SteamVR Tracker (Left Foot),-0.2840494,-0.1385989,0.3457938,-0.4769614,-0.509548,-0.3149171,0.6431921
1751960780811,57.83491,SteamVR Tracker (Waist),-0.3498096,1.102783,0.456533,0.3520841,-0.1576199,-0.3871413,0.8374451
1751960780830,57.85546,SteamVR Tracker (Left Foot),-0.2832748,-0.1380544,0.3459588,-0.4770463,-0.5092483,-0.3150514,0.6433007
1751960780830,57.85546,SteamVR Tracker (Waist),-0.3526189,1.117438,0.4629689,0.3004881,-0.1628397,-0.3756112,0.861456
1751960780854,57.87703,SteamVR Tracker (Left Foot),-0.2844336,-0.1384456,0.3454005,-0.4764858,-0.510294,-0.3139422,0.6434296
1751960780854,57.87703,SteamVR Tracker (Waist),-0.3541158,1.128383,0.4687193,0.2204773,-0.1601657,-0.3828031,0.8827223
1751960780874,57.89845,SteamVR Tracker (Left Foot),-0.2846406,-0.1384413,0.3453613,-0.476215,-0.5107006,-0.3140266,0.6432663
1751960780874,57.89845,SteamVR Tracker (Waist),-0.3548844,1.136778,0.4722001,0.1168322,-0.1000884,-0.3726708,0.9151224
1751960780898,57.9208,SteamVR Tracker (Left Foot),-0.2849203,-0.1387262,0.3453099,-0.4754426,-0.5113242,-0.3136714,0.6435155
1751960780898,57.9208,SteamVR Tracker (Waist),-0.356939,1.148593,0.4733643,-0.006828544,-0.01111649,-0.394045,0.9189985
1751960780919,57.94361,SteamVR Tracker (Left Foot),-0.2842751,-0.1392338,0.3451476,-0.4749832,-0.5119075,-0.3134189,0.643514
1751960780919,57.94361,SteamVR Tracker (Waist),-0.35853,1.159911,0.470394,-0.1032778,0.0328343,-0.4201943,0.9009397
1751960780942,57.96546,SteamVR Tracker (Left Foot),-0.2843108,-0.1395745,0.3448003,-0.4743871,-0.5126584,-0.3130588,0.6435313
1751960780942,57.96546,SteamVR Tracker (Waist),-0.365225,1.156343,0.4675315,-0.1207823,0.05612089,-0.4329523,0.8915236
1751960780961,57.98615,SteamVR Tracker (Left Foot),-0.4032443,-0.1895323,0.2810796,-0.4794722,-0.507557,-0.2989746,0.6504664
1751960780961,57.98615,SteamVR Tracker (Waist),-0.3759816,1.15953,0.4595448,0.02004733,0.01021051,-0.430621,0.9022524
1751960780983,58.00826,SteamVR Tracker (Left Foot),-0.3555568,-0.1989264,0.3106867,-0.4811963,-0.4972717,-0.315509,0.6493267
1751960780983,58.00826,SteamVR Tracker (Waist),-0.3846267,1.166237,0.4553044,0.05568936,-0.001829781,-0.494239,0.8675386
1751960781005,58.02969,SteamVR Tracker (Left Foot),-0.3001424,-0.1970115,0.3405997,-0.4831107,-0.4919624,-0.3245136,0.6475091
1751960781005,58.02969,SteamVR Tracker (Waist),-0.3877043,1.172921,0.4558576,0.05119855,0.07123465,-0.5199487,0.849681
1751960781028,58.05294,SteamVR Tracker (Left Foot),-0.2842147,-0.1855123,0.3489885,-0.483132,-0.4924208,-0.3263018,0.6462448
1751960781028,58.05294,SteamVR Tracker (Waist),-0.397848,1.174459,0.4850883,-0.1224294,0.2271192,-0.5122475,0.8191645
1751960781049,58.07465,SteamVR Tracker (Left Foot),-0.2815381,-0.1792259,0.3498611,-0.4825805,-0.4935776,-0.3264233,0.6457129
1751960781050,58.07465,SteamVR Tracker (Waist),-0.4097308,1.182206,0.4880194,-0.2071758,-0.0686521,-0.5071974,0.8337361
1751960781072,58.09666,SteamVR Tracker (Left Foot),-0.2853617,-0.174058,0.3513792,-0.4811222,-0.495834,-0.3264577,0.6450546
1751960781072,58.09666,SteamVR Tracker (Waist),-0.4131931,1.189548,0.4867573,-0.1969381,-0.08230896,-0.4848804,0.8481342
1751960781097,58.12056,SteamVR Tracker (Left Foot),-0.2977571,-0.1779375,0.3441989,-0.4806176,-0.4980954,-0.3249358,0.6444567
1751960781097,58.12056,SteamVR Tracker (Waist),-0.4187272,1.196337,0.4901913,-0.2069974,-0.03009046,-0.5223455,0.8266812
1751960781120,58.14314,SteamVR Tracker (Left Foot),-0.2979425,-0.1751404,0.34679,-0.4802488,-0.4990861,-0.326283,0.6432834
1751960781120,58.14314,SteamVR Tracker (Waist),-0.4235636,1.197918,0.4929805,-0.2111836,-0.06992801,-0.5277747,0.819735
1751960781140,58.16474,SteamVR Tracker (Left Foot),-0.2917022,-0.1717703,0.3523099,-0.4785672,-0.5001419,-0.3265425,0.643585
1751960781140,58.16474,SteamVR Tracker (Waist),-0.4284335,1.198711,0.4992675,-0.2241642,-0.09468392,-0.5231077,0.8167887
1751960781161,58.18687,SteamVR Tracker (Left Foot),-0.2945667,-0.1717474,0.3508503,-0.4786774,-0.5012532,-0.3267861,0.6425138
1751960781161,58.18687,SteamVR Tracker (Waist),-0.4357625,1.201083,0.5046338,-0.2447223,-0.06269511,-0.5203213,0.8157489
1751960781185,58.20914,SteamVR Tracker (Left Foot),-0.2931171,-0.1695447,0.351523,-0.4784715,-0.5016558,-0.3269927,0.6422478
1751960781185,58.20914,SteamVR Tracker (Waist),-0.4412886,1.204392,0.5127274,-0.2726467,-0.04297682,-0.5112423,0.8139092
1751960781207,58.23203,SteamVR Tracker (Left Foot),-0.2909503,-0.1680014,0.3533215,-0.4786682,-0.501686,-0.326344,0.6424076
1751960781207,58.23203,SteamVR Tracker (Waist),-0.4433284,1.207459,0.5179778,-0.278061,-0.0270106,-0.5158131,0.80987
1751960781231,58.25479,SteamVR Tracker (Left Foot),-0.2906024,-0.1673918,0.3538726,-0.4777198,-0.503016,-0.3259653,0.6422659
1751960781231,58.25479,SteamVR Tracker (Waist),-0.443326,1.20506,0.5210926,-0.2860851,-0.04693323,-0.4954317,0.8188407
1751960781253,58.27711,SteamVR Tracker (Left Foot),-0.2899526,-0.1666942,0.3542667,-0.4773819,-0.5038484,-0.3261641,0.6417636
1751960781253,58.27711,SteamVR Tracker (Waist),-0.4481553,1.202347,0.5228702,-0.3191813,-0.03919261,-0.4888498,0.8109335
1751960781275,58.29871,SteamVR Tracker (Left Foot),-0.2896911,-0.1666207,0.3545445,-0.4761121,-0.5051537,-0.3262654,0.6416292
1751960781275,58.29871,SteamVR Tracker (Waist),-0.4581561,1.205791,0.5274722,-0.3870717,-0.05027667,-0.4775794,0.787125
1751960781297,58.32074,SteamVR Tracker (Left Foot),-0.2920858,-0.1682117,0.3543209,-0.4727795,-0.5086783,-0.3249541,0.6419742
1751960781297,58.32074,SteamVR Tracker (Waist),-0.4660449,1.202286,0.5283821,-0.4006097,-0.09118606,-0.3997101,0.8194076
1751960781318,58.34311,SteamVR Tracker (Left Foot),-0.2913609,-0.1678843,0.3551819,-0.4707375,-0.5108348,-0.3237821,0.6423544
1751960781319,58.34311,SteamVR Tracker (Waist),-0.477296,1.198623,0.5305167,-0.4298751,-0.0836033,-0.3721419,0.8183693
1751960781341,58.36596,SteamVR Tracker (Left Foot),-0.287959,-0.1663308,0.3560911,-0.4678455,-0.5131773,-0.3230237,0.6429816
1751960781341,58.36596,SteamVR Tracker (Waist),-0.4919774,1.198658,0.5290223,-0.4681757,-0.06881965,-0.2986699,0.8287772
1751960781363,58.38778,SteamVR Tracker (Left Foot),-0.2879094,-0.1647491,0.3566524,-0.4645219,-0.5154647,-0.3217228,0.6442128
1751960781363,58.38778,SteamVR Tracker (Waist),-0.5021331,1.194189,0.526392,-0.5100639,-0.07451801,-0.235748,0.8238354
1751960781386,58.41037,SteamVR Tracker (Left Foot),-0.2897591,-0.1634192,0.3573523,-0.4568582,-0.5199247,-0.3180657,0.6479144
1751960781386,58.41037,SteamVR Tracker (Waist),-0.5109648,1.190759,0.5237598,-0.5173715,-0.08419473,-0.2317696,0.8194637
1751960781408,58.43312,SteamVR Tracker (Left Foot),-0.2905733,-0.1632442,0.3581728,-0.4414822,-0.5282595,-0.3147624,0.6534219
1751960781408,58.43312,SteamVR Tracker (Waist),-0.5241154,1.189836,0.5198932,-0.4953377,-0.08398359,-0.2431525,0.8297374
1751960781431,58.45506,SteamVR Tracker (Left Foot),-0.2930541,-0.162837,0.3576615,-0.4246837,-0.5416319,-0.3024743,0.6593846
1751960781431,58.45506,SteamVR Tracker (Waist),-0.5329096,1.181909,0.5137659,-0.6245865,-0.03854207,-0.287741,0.7249906
1751960781452,58.47717,SteamVR Tracker (Left Foot),-0.2970333,-0.1608725,0.3593206,-0.3996467,-0.5548089,-0.286428,0.6711399
1751960781452,58.47717,SteamVR Tracker (Waist),-0.5416201,1.184296,0.5063352,-0.7248908,0.02219598,-0.2877123,0.6255096
1751960781474,58.49871,SteamVR Tracker (Left Foot),-0.2997581,-0.1602259,0.3592374,-0.3761649,-0.5648435,-0.2696299,0.6831923
1751960781475,58.49871,SteamVR Tracker (Waist),-0.5490086,1.182193,0.5045344,-0.7097144,-0.0879942,-0.248725,0.6532216
1751960781500,58.52317,SteamVR Tracker (Left Foot),-0.30474,-0.1590364,0.3589992,-0.3525647,-0.5789328,-0.2455134,0.6930066
1751960781500,58.52317,SteamVR Tracker (Waist),-0.558448,1.176454,0.5011407,-0.6509767,-0.1215087,-0.2504813,0.7062041
1751960781519,58.54425,SteamVR Tracker (Left Foot),-0.3099708,-0.1575944,0.358745,-0.3324673,-0.5971415,-0.2186712,0.69647
1751960781519,58.54425,SteamVR Tracker (Waist),-0.5673759,1.170803,0.4940643,-0.651095,-0.09122217,-0.2448818,0.7125916
1751960781542,58.56707,SteamVR Tracker (Left Foot),-0.3175212,-0.1525457,0.3582612,-0.3196105,-0.6129962,-0.2017284,0.693823
1751960781542,58.56707,SteamVR Tracker (Waist),-0.57234,1.172848,0.4873385,-0.6274834,-0.1078356,-0.2712226,0.7218549
1751960781562,58.58665,SteamVR Tracker (Left Foot),-0.3299838,-0.1476269,0.3602355,-0.3181498,-0.6106078,-0.2149551,0.6926277
1751960781562,58.58665,SteamVR Tracker (Waist),-0.5799943,1.16847,0.4813525,-0.6205925,-0.1313959,-0.2595687,0.7281649
1751960781587,58.61087,SteamVR Tracker (Left Foot),-0.3568598,-0.1451142,0.356002,-0.3125426,-0.6175785,-0.2475186,0.6779739
1751960781587,58.61087,SteamVR Tracker (Waist),-0.588218,1.162349,0.4741221,-0.6214882,-0.1654862,-0.2309535,0.7300872
1751960781610,58.63376,SteamVR Tracker (Left Foot),-0.3810051,-0.1413963,0.3510876,-0.324421,-0.6264302,-0.2845462,0.6491299
1751960781610,58.63376,SteamVR Tracker (Waist),-0.5958084,1.156077,0.4657041,-0.6363717,-0.1673704,-0.2082676,0.7236317
1751960781629,58.65446,SteamVR Tracker (Left Foot),-0.4092767,-0.1415973,0.3459085,-0.3261754,-0.6257051,-0.3145291,0.63496
1751960781629,58.65446,SteamVR Tracker (Waist),-0.6039056,1.152309,0.4585065,-0.646054,-0.1620009,-0.2152551,0.7141675
1751960781651,58.67632,SteamVR Tracker (Left Foot),-0.4397233,-0.140327,0.3410258,-0.3363,-0.6242256,-0.3387339,0.6184692
1751960781651,58.67632,SteamVR Tracker (Waist),-0.6069305,1.142544,0.4502724,-0.6631246,-0.1529529,-0.261961,0.6842863
1751960781673,58.69796,SteamVR Tracker (Left Foot),-0.4745596,-0.1392086,0.3350281,-0.3503898,-0.6164092,-0.3655393,0.6030322
1751960781674,58.69796,SteamVR Tracker (Waist),-0.6121428,1.139631,0.4436852,-0.6811714,-0.1174398,-0.3510274,0.6316592
1751960781698,58.72165,SteamVR Tracker (Left Foot),-0.5116209,-0.1373863,0.3311146,-0.365613,-0.6061704,-0.3866599,0.5910828
1751960781698,58.72165,SteamVR Tracker (Waist),-0.6206003,1.139514,0.4329589,-0.6410673,-0.1327121,-0.4070395,0.6369765
1751960781719,58.74356,SteamVR Tracker (Left Foot),-0.5496145,-0.1335361,0.3278226,-0.3850789,-0.5957516,-0.4022834,0.5787594
1751960781719,58.74356,SteamVR Tracker (Waist),-0.6282955,1.135934,0.4208742,-0.6348956,-0.198076,-0.3557673,0.6565844
1751960781739,58.76487,SteamVR Tracker (Left Foot),-0.5848467,-0.1282141,0.3251533,-0.4022812,-0.581735,-0.4173991,0.5705544
1751960781740,58.76487,SteamVR Tracker (Waist),-0.6348284,1.13075,0.4127452,-0.636132,-0.235547,-0.3376758,0.6525556
1751960781763,58.78816,SteamVR Tracker (Left Foot),-0.6193689,-0.1192162,0.326574,-0.4226761,-0.5677716,-0.4267696,0.5628927
1751960781764,58.78816,SteamVR Tracker (Waist),-0.6425778,1.125653,0.4046264,-0.6153756,-0.2468345,-0.3401613,0.6668403
1751960781785,58.80996,SteamVR Tracker (Left Foot),-0.6547254,-0.1120942,0.3276356,-0.444768,-0.5563068,-0.4279795,0.5563612
1751960781785,58.80996,SteamVR Tracker (Waist),-0.6509405,1.124518,0.3966128,-0.600893,-0.2808,-0.346131,0.6635303
1751960781808,58.83234,SteamVR Tracker (Left Foot),-0.685954,-0.1054382,0.3330096,-0.4660604,-0.5453528,-0.4180417,0.5573323
1751960781808,58.83234,SteamVR Tracker (Waist),-0.656967,1.121227,0.3895517,-0.5886539,-0.29928,-0.3859246,0.6441897
1751960781829,58.85413,SteamVR Tracker (Left Foot),-0.7179539,-0.1000497,0.340398,-0.4864731,-0.532823,-0.4031982,0.5629165
1751960781829,58.85413,SteamVR Tracker (Waist),-0.6629272,1.114626,0.3835822,-0.5606366,-0.3039107,-0.4028966,0.6565053
1751960781853,58.87745,SteamVR Tracker (Left Foot),-0.7456303,-0.09505582,0.3534767,-0.507948,-0.5175061,-0.3820961,0.5728689
1751960781853,58.87745,SteamVR Tracker (Waist),-0.6683925,1.107508,0.3827999,-0.5584828,-0.2900316,-0.4180718,0.6551296
1751960781876,58.90051,SteamVR Tracker (Left Foot),-0.766784,-0.08185244,0.3665676,-0.5392832,-0.4854998,-0.3797598,0.5737998
1751960781876,58.90051,SteamVR Tracker (Waist),-0.6744281,1.099059,0.3799201,-0.5409296,-0.2747604,-0.4455749,0.6583046
1751960781895,58.92043,SteamVR Tracker (Left Foot),-0.781693,-0.07795525,0.3784065,-0.5582044,-0.471712,-0.3563451,0.5821631
1751960781895,58.92043,SteamVR Tracker (Waist),-0.6809273,1.090301,0.3774057,-0.5302913,-0.2435478,-0.448921,0.6767167
1751960781917,58.94206,SteamVR Tracker (Left Foot),-0.7881401,-0.08648896,0.3852555,-0.5763053,-0.4655536,-0.3295318,0.58527
1751960781917,58.94206,SteamVR Tracker (Waist),-0.6929922,1.080997,0.3795146,-0.4971543,-0.233304,-0.4596286,0.6979602
1751960781939,58.96455,SteamVR Tracker (Left Foot),-0.7979647,-0.08124995,0.3966717,-0.5786121,-0.4536014,-0.3219831,0.5964736
1751960781939,58.96455,SteamVR Tracker (Waist),-0.7015592,1.074391,0.3772804,-0.49913,-0.2333267,-0.4575141,0.6979317
1751960781961,58.98639,SteamVR Tracker (Left Foot),-0.797428,-0.08989239,0.4051421,-0.5650659,-0.4602924,-0.2912501,0.6196812
1751960781961,58.98639,SteamVR Tracker (Waist),-0.7113069,1.067372,0.3769338,-0.5357602,-0.2516404,-0.3853453,0.7079175
1751960781983,59.00889,SteamVR Tracker (Left Foot),-0.7838619,-0.09237552,0.4119713,-0.5452635,-0.4466626,-0.279198,0.6520956
1751960781984,59.00889,SteamVR Tracker (Waist),-0.7201339,1.059794,0.3787907,-0.5290446,-0.2837059,-0.3564159,0.7159542
1751960782009,59.03262,SteamVR Tracker (Left Foot),-0.786914,-0.0961144,0.4118633,-0.5376266,-0.4392944,-0.2844857,0.6610944
1751960782009,59.03262,SteamVR Tracker (Waist),-0.7301892,1.051392,0.3817595,-0.5196056,-0.3004675,-0.3457969,0.7212169
1751960782027,59.05316,SteamVR Tracker (Left Foot),-0.7925507,-0.1046956,0.4016401,-0.5070817,-0.5022005,-0.2654486,0.6482283
1751960782027,59.05316,SteamVR Tracker (Waist),-0.7404888,1.042386,0.3846988,-0.5076932,-0.3183023,-0.3412323,0.724218
1751960782050,59.07444,SteamVR Tracker (Left Foot),-0.7816359,-0.09836316,0.4062737,-0.4981545,-0.4580468,-0.3142103,0.6658133
1751960782050,59.07444,SteamVR Tracker (Waist),-0.7511498,1.03302,0.3907142,-0.4942347,-0.3150271,-0.3262224,0.7416663
1751960782073,59.09786,SteamVR Tracker (Left Foot),-0.7850343,-0.1003828,0.4071603,-0.4733557,-0.4549402,-0.3054697,0.6896753
1751960782073,59.09786,SteamVR Tracker (Waist),-0.7610056,1.023318,0.3973903,-0.4815279,-0.3018986,-0.3040618,0.7645486
1751960782097,59.12007,SteamVR Tracker (Left Foot),-0.7847362,-0.1015279,0.403896,-0.5266245,-0.4677099,-0.3073464,0.6398846
1751960782097,59.12007,SteamVR Tracker (Waist),-0.7708342,1.014134,0.4034364,-0.451189,-0.2981379,-0.2682605,0.7972319
1751960782118,59.14332,SteamVR Tracker (Left Foot),-0.7850083,-0.1023259,0.4016574,-0.5104055,-0.4684467,-0.2988592,0.656298
1751960782118,59.14332,SteamVR Tracker (Waist),-0.780636,1.007599,0.4126162,-0.4302893,-0.2994676,-0.2405739,0.8168809
1751960782142,59.16734,SteamVR Tracker (Left Foot),-0.7857205,-0.1037164,0.4017162,-0.5107698,-0.4686568,-0.3003628,0.6551773
1751960782143,59.16734,SteamVR Tracker (Waist),-0.7886683,1.006033,0.4274359,-0.4312432,-0.3129383,-0.2127485,0.8190464
1751960782164,59.18863,SteamVR Tracker (Left Foot),-0.7852333,-0.1047444,0.4016407,-0.5115619,-0.4684426,-0.3035524,0.6532395
1751960782164,59.18863,SteamVR Tracker (Waist),-0.7974206,1.004581,0.4412329,-0.4792562,-0.3010673,-0.1869135,0.8029541
1751960782185,59.21006,SteamVR Tracker (Left Foot),-0.7851691,-0.1079361,0.4010847,-0.5103953,-0.469311,-0.3032309,0.653678
1751960782185,59.21006,SteamVR Tracker (Waist),-0.8058869,1.003568,0.4546657,-0.5472018,-0.3380405,-0.1680265,0.7470381
1751960782208,59.23271,SteamVR Tracker (Left Foot),-0.7855002,-0.1110513,0.4030244,-0.5116887,-0.4695828,-0.3047312,0.6517712
1751960782208,59.23271,SteamVR Tracker (Waist),-0.8126652,1.000723,0.468024,-0.5853403,-0.3637627,-0.1249913,0.713744
1751960782230,59.25535,SteamVR Tracker (Left Foot),-0.7871253,-0.111814,0.403311,-0.5104734,-0.4704353,-0.3047207,0.6521142
1751960782231,59.25535,SteamVR Tracker (Waist),-0.8176217,0.9978203,0.4856582,-0.5657745,-0.2948468,-0.1493022,0.7554293
1751960782251,59.27612,SteamVR Tracker (Left Foot),-0.7859635,-0.1122394,0.3999038,-0.5095938,-0.4717811,-0.3054017,0.651511
1751960782251,59.27612,SteamVR Tracker (Waist),-0.8208638,0.9943141,0.5031623,-0.5606647,-0.2876443,-0.1550938,0.7608297
1751960782276,59.29936,SteamVR Tracker (Left Foot),-0.7845198,-0.111721,0.4017798,-0.5072947,-0.4729897,-0.3052968,0.6524774
1751960782276,59.29936,SteamVR Tracker (Waist),-0.8207684,0.9934675,0.5239267,-0.5800761,-0.2583534,-0.163912,0.754916
1751960782298,59.32226,SteamVR Tracker (Left Foot),-0.7844079,-0.1119187,0.4025411,-0.50652,-0.4729078,-0.3057833,0.6529108
1751960782299,59.32226,SteamVR Tracker (Waist),-0.8204892,0.9965732,0.5454444,-0.6255409,-0.2078597,-0.1947974,0.7263243
1751960782319,59.34418,SteamVR Tracker (Left Foot),-0.7891535,-0.1125021,0.4019751,-0.5055695,-0.4717785,-0.3058967,0.6544095
1751960782319,59.34418,SteamVR Tracker (Waist),-0.8206781,1.000864,0.5648444,-0.6610624,-0.1615672,-0.1979763,0.7054771
1751960782342,59.36649,SteamVR Tracker (Left Foot),-0.7867064,-0.1093822,0.4051669,-0.50411,-0.4724353,-0.306419,0.6548172
1751960782342,59.36649,SteamVR Tracker (Waist),-0.8213483,1.003353,0.5847538,-0.6905876,-0.1576902,-0.1701767,0.6850274
1751960782362,59.38715,SteamVR Tracker (Left Foot),-0.7860479,-0.1072893,0.4054826,-0.5035998,-0.4732496,-0.3068178,0.6544348
1751960782362,59.38715,SteamVR Tracker (Waist),-0.8203218,1.006067,0.6080145,-0.7100289,-0.1642276,-0.1401319,0.6702622
1751960782384,59.40924,SteamVR Tracker (Left Foot),-0.7858536,-0.10604,0.4054425,-0.5019916,-0.4741388,-0.3067721,0.6550479
1751960782385,59.40924,SteamVR Tracker (Waist),-0.8178266,1.01091,0.6318694,-0.6967733,-0.1633627,-0.1251569,0.6871357
1751960782405,59.43043,SteamVR Tracker (Left Foot),-0.7861706,-0.1052523,0.4055633,-0.501597,-0.4749345,-0.3077363,0.6543211
1751960782405,59.43043,SteamVR Tracker (Waist),-0.8140982,1.013744,0.6557818,-0.6852793,-0.177318,-0.08424873,0.7013222
1751960782430,59.4539,SteamVR Tracker (Left Foot),-0.7859291,-0.1046586,0.4043705,-0.5010622,-0.4757587,-0.3078957,0.654057
1751960782430,59.4539,SteamVR Tracker (Waist),-0.8105392,1.01693,0.6794934,-0.67457,-0.1528485,-0.07565958,0.7182398
1751960782450,59.47486,SteamVR Tracker (Left Foot),-0.7854435,-0.10307,0.4056904,-0.5011142,-0.4751253,-0.3088745,0.6540161
1751960782450,59.47486,SteamVR Tracker (Waist),-0.8069001,1.018248,0.7037082,-0.6866916,-0.1474932,-0.05171759,0.7099477
1751960782472,59.49676,SteamVR Tracker (Left Foot),-0.7847105,-0.104259,0.4045871,-0.5013196,-0.4750543,-0.3096056,0.6535645
1751960782472,59.49676,SteamVR Tracker (Waist),-0.8028471,1.019128,0.7292059,-0.7007365,-0.1249005,-0.04425254,0.7010064
1751960782497,59.52089,SteamVR Tracker (Left Foot),-0.7845819,-0.1045394,0.4046326,-0.5017286,-0.4745323,-0.3105689,0.6531727
1751960782498,59.52089,SteamVR Tracker (Waist),-0.7983077,1.019743,0.7546138,-0.709766,-0.1092383,-0.04976847,0.6941344
1751960782517,59.54161,SteamVR Tracker (Left Foot),-0.7846787,-0.1044207,0.4046493,-0.5018314,-0.4740298,-0.3114161,0.6530551
1751960782517,59.54161,SteamVR Tracker (Waist),-0.7939669,1.020949,0.7807922,-0.7288598,-0.0588033,-0.07155795,0.6783694
1751960782539,59.56456,SteamVR Tracker (Left Foot),-0.7847108,-0.1034677,0.4041435,-0.5021169,-0.4740406,-0.3121483,0.652478
1751960782539,59.56456,SteamVR Tracker (Waist),-0.7889256,1.019882,0.8064235,-0.7554131,-0.0217834,-0.0850189,0.6493445
1751960782560,59.58561,SteamVR Tracker (Left Foot),-0.7847171,-0.1019833,0.4036869,-0.5026395,-0.4730915,-0.3130332,0.6523406
1751960782560,59.58561,SteamVR Tracker (Waist),-0.7834888,1.018413,0.8326414,-0.7716588,0.002645081,-0.07844497,0.6311753
1751960782583,59.60797,SteamVR Tracker (Left Foot),-0.8056515,-0.123529,0.3880841,-0.5043603,-0.4741977,-0.3089808,0.6521412
1751960782583,59.60797,SteamVR Tracker (Waist),-0.7766651,1.019233,0.859614,-0.7712526,0.01831126,-0.05293315,0.6340601
1751960782606,59.63104,SteamVR Tracker (Left Foot),-0.7911668,-0.1145015,0.4020551,-0.5028605,-0.4719403,-0.313031,0.6530049
1751960782606,59.63104,SteamVR Tracker (Waist),-0.7717454,1.01862,0.8763645,-0.7570002,0.04097746,-0.0387554,0.6509759
1751960782630,59.65424,SteamVR Tracker (Left Foot),-0.7866259,-0.1100876,0.4051098,-0.5026639,-0.4710356,-0.3141397,0.653277
1751960782630,59.65424,SteamVR Tracker (Waist),-0.7647245,1.015526,0.9012818,-0.7560064,0.07034057,-0.02382501,0.6503376
1751960782650,59.67583,SteamVR Tracker (Left Foot),-0.7842656,-0.1068635,0.4065762,-0.5026656,-0.4707624,-0.3145026,0.653298
1751960782651,59.67583,SteamVR Tracker (Waist),-0.7546129,1.010469,0.9355038,-0.7676264,0.09125123,-0.008593529,0.6343099
1751960782672,59.69695,SteamVR Tracker (Left Foot),-0.782811,-0.1032376,0.407265,-0.5020542,-0.4710729,-0.3146879,0.653455
1751960782672,59.69695,SteamVR Tracker (Waist),-0.7464418,1.005823,0.9607435,-0.7804916,0.1112075,-0.000582632,0.6151955
1751960782699,59.72223,SteamVR Tracker (Left Foot),-0.7829514,-0.1014338,0.4078379,-0.5013825,-0.4710957,-0.3149855,0.6538107
1751960782699,59.72223,SteamVR Tracker (Waist),-0.7360196,0.9999081,0.9840403,-0.77299,0.1400692,0.03049683,0.6180106
1751960782718,59.74266,SteamVR Tracker (Left Foot),-0.7832597,-0.1002004,0.4074183,-0.5001172,-0.4717441,-0.3141758,0.6547014
1751960782718,59.74266,SteamVR Tracker (Waist),-0.7286396,0.995128,0.9987271,-0.7644256,0.1732293,0.04740981,0.619191
1751960782740,59.76427,SteamVR Tracker (Left Foot),-0.7836552,-0.09790659,0.4054299,-0.496827,-0.4730516,-0.313142,0.6567551
1751960782740,59.76427,SteamVR Tracker (Waist),-0.7159375,0.9857764,1.027655,-0.7590732,0.2217198,0.05537947,0.6095748
1751960782761,59.78631,SteamVR Tracker (Left Foot),-0.7832991,-0.09810805,0.4057747,-0.4930179,-0.4749035,-0.3112141,0.6592008
1751960782761,59.78631,SteamVR Tracker (Waist),-0.7089994,0.9788001,1.041927,-0.7517996,0.243733,0.07204463,0.6084415
1751960782784,59.80935,SteamVR Tracker (Left Foot),-0.7847211,-0.09594941,0.4046742,-0.487594,-0.4761564,-0.3086353,0.6635295
1751960782785,59.80935,SteamVR Tracker (Waist),-0.6981087,0.969159,1.062707,-0.7498613,0.2734811,0.1005482,0.5939749
1751960782807,59.83149,SteamVR Tracker (Left Foot),-0.7864997,-0.09792662,0.4056638,-0.4816069,-0.478503,-0.3058217,0.667505
1751960782807,59.83149,SteamVR Tracker (Waist),-0.6853853,0.9590431,1.082187,-0.7452174,0.2999961,0.1327955,0.580533
1751960782828,59.85305,SteamVR Tracker (Left Foot),-0.7879325,-0.09923983,0.4062079,-0.4728151,-0.4838466,-0.301866,0.6717256
1751960782828,59.85305,SteamVR Tracker (Waist),-0.6731625,0.9468414,1.099365,-0.7316731,0.3308159,0.1624656,0.5734285
1751960782850,59.87513,SteamVR Tracker (Left Foot),-0.7879021,-0.09781885,0.4068273,-0.4605126,-0.4875651,-0.2995831,0.6785709
1751960782850,59.87513,SteamVR Tracker (Waist),-0.6573629,0.9285072,1.121819,-0.7080287,0.3821608,0.1931855,0.5615405
1751960782873,59.89779,SteamVR Tracker (Left Foot),-0.7894996,-0.09879136,0.4077422,-0.4540772,-0.4904422,-0.2963038,0.6822642
1751960782874,59.89779,SteamVR Tracker (Waist),-0.6520972,0.9192162,1.130662,-0.6951153,0.4173169,0.2057703,0.5480147
1751960782897,59.92158,SteamVR Tracker (Left Foot),-0.79031,-0.09839559,0.4082498,-0.4416851,-0.4934789,-0.2924905,0.6898131
1751960782897,59.92158,SteamVR Tracker (Waist),-0.6378491,0.9009091,1.151328,-0.666694,0.4426945,0.2454432,0.5470817
1751960782918,59.94232,SteamVR Tracker (Left Foot),-0.7913334,-0.09775138,0.4090361,-0.4327646,-0.4932873,-0.2911343,0.6961489
1751960782918,59.94232,SteamVR Tracker (Waist),-0.6263565,0.8884246,1.162409,-0.6537061,0.4473863,0.2674173,0.5486363
1751960782938,59.96328,SteamVR Tracker (Left Foot),-0.7917714,-0.09727812,0.409682,-0.4235924,-0.4931684,-0.2894261,0.7025574
1751960782938,59.96328,SteamVR Tracker (Waist),-0.6145545,0.8760021,1.173587,-0.6466085,0.4689927,0.2725282,0.5363504
1751960782960,59.98535,SteamVR Tracker (Left Foot),-0.792468,-0.09529281,0.4108953,-0.4157169,-0.4915639,-0.2904584,0.7079394
1751960782960,59.98535,SteamVR Tracker (Waist),-0.604367,0.863572,1.185207,-0.6469745,0.5134822,0.2484994,0.5059725
1751960782983,60.00769,SteamVR Tracker (Left Foot),-0.7923712,-0.09383345,0.4117404,-0.406981,-0.4898779,-0.2912102,0.7138507
1751960782983,60.00769,SteamVR Tracker (Waist),-0.5965196,0.8504344,1.197484,0.6464485,-0.5310481,-0.2284592,-0.4978944
1751960783005,60.0304,SteamVR Tracker (Left Foot),-0.7929518,-0.09332561,0.41302,-0.3990358,-0.4889846,-0.2916164,0.7187659
1751960783005,60.0304,SteamVR Tracker (Waist),-0.5897346,0.8362758,1.208908,-0.6342486,0.5248172,0.2283394,0.5197661
1751960783028,60.05226,SteamVR Tracker (Left Foot),-0.7930366,-0.092134,0.4148875,-0.3872107,-0.484419,-0.2929661,0.7277204
1751960783028,60.05226,SteamVR Tracker (Waist),-0.5833014,0.823534,1.216553,-0.6128985,0.5292675,0.2320682,0.5388652
1751960783050,60.07483,SteamVR Tracker (Left Foot),-0.7925075,-0.09089041,0.4161327,-0.3811534,-0.474473,-0.2987759,0.7350717
1751960783050,60.07483,SteamVR Tracker (Waist),-0.5773251,0.8112236,1.222239,-0.5927821,0.5537832,0.2332249,0.5362273
1751960783072,60.09685,SteamVR Tracker (Left Foot),-0.7941337,-0.0885365,0.4183438,-0.3722644,-0.46627,-0.3004175,0.7441511
1751960783072,60.09685,SteamVR Tracker (Waist),-0.5738807,0.800061,1.228446,-0.5977349,0.5795388,0.2263641,0.505576
1751960783093,60.11861,SteamVR Tracker (Left Foot),-0.794358,-0.08714056,0.4208992,-0.3637026,-0.4497947,-0.3068249,0.7558197
1751960783094,60.11861,SteamVR Tracker (Waist),-0.5707642,0.7878675,1.23578,0.6169372,-0.5854463,-0.222349,-0.4766573
1751960783117,60.14127,SteamVR Tracker (Left Foot),-0.7941768,-0.08577204,0.4235241,-0.3560458,-0.4340051,-0.3099709,0.7673259
1751960783117,60.14127,SteamVR Tracker (Waist),-0.5693392,0.7762215,1.241395,0.6299949,-0.5945074,-0.2102657,-0.4532721
1751960783140,60.16344,SteamVR Tracker (Left Foot),-0.7930943,-0.08439803,0.4275965,-0.3575272,-0.420645,-0.3004379,0.7777976
1751960783140,60.16344,SteamVR Tracker (Waist),-0.5697795,0.764509,1.244278,0.6231143,-0.6146777,-0.196426,-0.4419465
1751960783160,60.18543,SteamVR Tracker (Left Foot),-0.7915759,-0.08514524,0.4352381,-0.3632556,-0.3992098,-0.275344,0.7955266
1751960783160,60.18543,SteamVR Tracker (Waist),-0.5706117,0.7537076,1.246602,-0.6154403,0.6443405,0.1794568,0.416958
1751960783184,60.2089,SteamVR Tracker (Left Foot),-0.7886378,-0.08364367,0.4425666,-0.3791278,-0.3769164,-0.251929,0.8066772
1751960783184,60.2089,SteamVR Tracker (Waist),-0.5716844,0.7434833,1.247425,-0.5846131,0.6782964,0.1868147,0.4040321
1751960783204,60.22933,SteamVR Tracker (Left Foot),-0.7869456,-0.08325267,0.4475164,-0.3856442,-0.3714543,-0.2345404,0.8113514
1751960783204,60.22933,SteamVR Tracker (Waist),-0.5746832,0.7370532,1.248012,0.6218672,-0.3472258,-0.5721189,-0.4066884
1751960783227,60.25171,SteamVR Tracker (Left Foot),-0.7857497,-0.08266449,0.4512447,-0.3872511,-0.3723972,-0.2268458,0.812341
1751960783227,60.25171,SteamVR Tracker (Waist),-0.5784155,0.7132125,1.251035,0.5815516,-0.437117,-0.5533054,-0.4056841
1751960783250,60.27462,SteamVR Tracker (Left Foot),-0.7847505,-0.08072114,0.4543024,-0.3910382,-0.3736909,-0.2260303,0.8101572
1751960783250,60.27462,SteamVR Tracker (Waist),-0.5672046,0.6916001,1.255148,0.5590438,-0.5509269,-0.4063563,-0.4677865
1751960783271,60.29617,SteamVR Tracker (Left Foot),-0.7837497,-0.07910204,0.4575625,-0.3929973,-0.3761466,-0.225994,0.8080802
1751960783271,60.29617,SteamVR Tracker (Waist),-0.5633655,0.6950794,1.253878,-0.5792054,0.4062513,0.4259678,0.5639437
1751960783296,60.32051,SteamVR Tracker (Left Foot),-0.7851175,-0.07908916,0.4588838,-0.393051,-0.3819787,-0.2293125,0.8043749
1751960783296,60.32051,SteamVR Tracker (Waist),-0.5570103,0.6923256,1.253794,-0.5617824,0.4543145,0.4580143,0.5179015
1751960783316,60.34092,SteamVR Tracker (Left Foot),-0.784387,-0.07834673,0.4613473,-0.3947032,-0.3863122,-0.2341807,0.8000823
1751960783316,60.34092,SteamVR Tracker (Waist),-0.5538348,0.6871595,1.254244,0.5529633,-0.483124,-0.4638262,-0.4956693
1751960783341,60.36598,SteamVR Tracker (Left Foot),-0.7839513,-0.07814097,0.4644105,-0.398687,-0.3904442,-0.2360944,0.7955259
1751960783341,60.36598,SteamVR Tracker (Waist),-0.5564696,0.6896415,1.252074,-0.55479,0.4507249,0.4680198,0.5196275
1751960783359,60.38451,SteamVR Tracker (Left Foot),-0.7815793,-0.07745361,0.4680192,-0.4022299,-0.3942252,-0.2358136,0.791953
1751960783359,60.38451,SteamVR Tracker (Waist),-0.5562608,0.678926,1.247195,-0.4638681,0.4085622,0.5164284,0.5926257
1751960783381,60.406,SteamVR Tracker (Left Foot),-0.7791893,-0.07594752,0.4719271,-0.4103442,-0.3968488,-0.2328827,0.7873337
1751960783381,60.406,SteamVR Tracker (Waist),-0.5527102,0.6812122,1.24726,-0.4436572,0.5205388,0.4668939,0.5605514
1751960783404,60.42918,SteamVR Tracker (Left Foot),-0.7761114,-0.07600427,0.4763556,-0.4216329,-0.3963318,-0.2304896,0.7823179
1751960783405,60.42918,SteamVR Tracker (Waist),-0.5543975,0.6753256,1.247589,-0.5396408,0.4549323,0.4928135,0.5088806
1751960783428,60.45255,SteamVR Tracker (Left Foot),-0.7721162,-0.07651043,0.480042,-0.4268518,-0.3971609,-0.2248451,0.7807083
1751960783428,60.45255,SteamVR Tracker (Waist),-0.5600827,0.6951966,1.243845,-0.515779,0.4770867,0.4989903,0.5073156
1751960783451,60.47641,SteamVR Tracker (Left Foot),-0.7667294,-0.07709551,0.4844912,-0.4377657,-0.3996817,-0.2157026,0.7759434
1751960783451,60.47641,SteamVR Tracker (Waist),-0.5611544,0.7019236,1.243724,-0.4954436,0.4959283,0.4808927,0.5266241
1751960783473,60.49845,SteamVR Tracker (Left Foot),-0.7605295,-0.07762241,0.4888782,-0.445676,-0.4004286,-0.2051846,0.7739051
1751960783473,60.49845,SteamVR Tracker (Waist),-0.5618397,0.7033274,1.242006,-0.5095783,0.4863342,0.4956996,0.5080265
1751960783494,60.51845,SteamVR Tracker (Left Foot),-0.7520437,-0.07663918,0.4929776,-0.4610367,-0.4006791,-0.1914773,0.7682694
1751960783494,60.51845,SteamVR Tracker (Waist),-0.5631447,0.7085785,1.238373,-0.4974518,0.4946852,0.4956664,0.5119992
1751960783518,60.54149,SteamVR Tracker (Left Foot),-0.7413807,-0.07549858,0.4979934,-0.4783993,-0.3947625,-0.1798996,0.7635004
1751960783518,60.54149,SteamVR Tracker (Waist),-0.5648134,0.7148471,1.234093,-0.501906,0.4926304,0.4971135,0.5082164
1751960783538,60.56271,SteamVR Tracker (Left Foot),-0.7304463,-0.0750978,0.5024542,-0.4841379,-0.3915639,-0.1641092,0.7650859
1751960783538,60.56271,SteamVR Tracker (Waist),-0.5662382,0.7206132,1.231981,-0.4999297,0.4934334,0.4974056,0.5090988
1751960783560,60.58442,SteamVR Tracker (Left Foot),-0.7178454,-0.07485557,0.5054886,-0.4946268,-0.3834866,-0.1503891,0.7652878
1751960783560,60.58442,SteamVR Tracker (Waist),-0.5665681,0.7231523,1.230807,-0.4991075,0.4946102,0.498221,0.5079649
1751960783580,60.60603,SteamVR Tracker (Left Foot),-0.7041349,-0.07378793,0.5097817,-0.5024389,-0.3768997,-0.128617,0.7674369
1751960783581,60.60603,SteamVR Tracker (Waist),-0.5682588,0.7272143,1.230204,-0.49884,0.494539,0.4995345,0.507006
1751960783604,60.62964,SteamVR Tracker (Left Foot),-0.687248,-0.07440639,0.5130753,-0.509529,-0.3638816,-0.1096017,0.7719831
1751960783604,60.62964,SteamVR Tracker (Waist),-0.5691648,0.7309053,1.230522,-0.4977154,0.4950224,0.499352,0.5078186
1751960783627,60.65128,SteamVR Tracker (Left Foot),-0.6725439,-0.0755012,0.5137916,-0.5132079,-0.3574399,-0.08162896,0.7760099
1751960783627,60.65128,SteamVR Tracker (Waist),-0.5702697,0.7349981,1.230919,-0.4991499,0.4937447,0.498183,0.5088018
1751960783651,60.67595,SteamVR Tracker (Left Foot),-0.6548938,-0.07600045,0.5165051,-0.5191852,-0.3485007,-0.05309856,0.7785722
1751960783651,60.67595,SteamVR Tracker (Waist),-0.571152,0.7379831,1.230582,-0.4981718,0.4949209,0.4969007,0.5098704
1751960783670,60.6951,SteamVR Tracker (Left Foot),-0.6394345,-0.07276368,0.5201494,-0.5260621,-0.3395598,-0.01864618,0.7794935
1751960783670,60.6951,SteamVR Tracker (Waist),-0.5717192,0.740394,1.230235,-0.4993981,0.4932384,0.4986532,0.5085887
1751960783692,60.71691,SteamVR Tracker (Left Foot),-0.6221862,-0.07376432,0.5237734,-0.5340873,-0.3273347,0.02354832,0.779133
1751960783693,60.71691,SteamVR Tracker (Waist),-0.5730888,0.7450131,1.230187,-0.4979566,0.4938907,0.4980107,0.5099966
1751960783717,60.7413,SteamVR Tracker (Left Foot),-0.6079345,-0.07567692,0.5268428,-0.534896,-0.3178706,0.05921289,0.7806013
1751960783717,60.7413,SteamVR Tracker (Waist),-0.5742394,0.7490052,1.230145,-0.4982743,0.4933378,0.4988391,0.5094116
1751960783737,60.76199,SteamVR Tracker (Left Foot),-0.5986234,-0.07400393,0.5291194,-0.5368366,-0.3179306,0.08283481,0.7770875
1751960783737,60.76199,SteamVR Tracker (Waist),-0.5749872,0.7520922,1.230054,-0.4973008,0.4937912,0.4989929,0.5097728
1751960783758,60.78333,SteamVR Tracker (Left Foot),-0.5910668,-0.07172775,0.5304986,-0.5373191,-0.2980598,0.06059361,0.7866238
1751960783758,60.78333,SteamVR Tracker (Waist),-0.5757668,0.7549648,1.229457,-0.4957961,0.494732,0.5001351,0.5092066
1751960783781,60.80643,SteamVR Tracker (Left Foot),-0.591195,-0.07369137,0.5282152,-0.5385136,-0.2818834,-0.003155449,0.7940623
1751960783781,60.80643,SteamVR Tracker (Waist),-0.576492,0.757436,1.228905,-0.4956591,0.4952484,0.5015445,0.5074487
1751960783806,60.83038,SteamVR Tracker (Left Foot),-0.5938182,-0.07759356,0.5296693,-0.5430288,-0.2519843,-0.05994281,0.7987681
1751960783806,60.83038,SteamVR Tracker (Waist),-0.5772511,0.759643,1.228859,-0.4957455,0.4950137,0.500913,0.5082164
1751960783825,60.85133,SteamVR Tracker (Left Foot),-0.5871506,-0.08209491,0.5335585,-0.5210667,-0.2149102,-0.1065189,0.8191195
1751960783825,60.85133,SteamVR Tracker (Waist),-0.5777217,0.7613117,1.228916,-0.4947627,0.4949353,0.5002862,0.5098653
1751960783849,60.8731,SteamVR Tracker (Left Foot),-0.5837369,-0.08196568,0.5322186,-0.5227146,-0.202143,-0.1315954,0.8176738
1751960783849,60.8731,SteamVR Tracker (Waist),-0.5780923,0.7625777,1.228804,-0.4957553,0.4943953,0.5007488,0.5089703
1751960783871,60.89626,SteamVR Tracker (Left Foot),-0.5840818,-0.0822804,0.5304028,-0.5513481,-0.2340866,-0.1228652,0.7912794
1751960783871,60.89626,SteamVR Tracker (Waist),-0.5784798,0.7639619,1.228765,-0.4954569,0.4948173,0.5003041,0.5092879
1751960783892,60.91714,SteamVR Tracker (Left Foot),-0.5839365,-0.08078957,0.5310662,-0.5466911,-0.234209,-0.1280104,0.793655
1751960783892,60.91714,SteamVR Tracker (Waist),-0.5788586,0.7652791,1.22864,-0.495451,0.494689,0.5003565,0.5093668
1751960783918,60.94199,SteamVR Tracker (Left Foot),-0.5820687,-0.08168125,0.5317877,-0.5602117,-0.2545491,-0.1254741,0.7782184
1751960783918,60.94199,SteamVR Tracker (Waist),-0.5792048,0.7668239,1.22856,-0.4953875,0.4945593,0.5004672,0.5094457
1751960783938,60.96355,SteamVR Tracker (Left Foot),-0.5795157,-0.08251739,0.5323885,-0.5652881,-0.2517488,-0.1217258,0.7760507
1751960783938,60.96355,SteamVR Tracker (Waist),-0.5794919,0.767941,1.228536,-0.495075,0.4946362,0.5004682,0.5096738
1751960783960,60.98454,SteamVR Tracker (Left Foot),-0.5791796,-0.0815866,0.5315574,-0.5651729,-0.2420076,-0.1269939,0.7783859
1751960783960,60.98454,SteamVR Tracker (Waist),-0.5797572,0.7688872,1.228363,-0.4951311,0.4946056,0.5004415,0.5096753
1751960783981,61.00746,SteamVR Tracker (Left Foot),-0.578898,-0.0806551,0.5311578,-0.5763731,-0.240334,-0.1282772,0.7704406
1751960783982,61.00746,SteamVR Tracker (Waist),-0.5798774,0.7692373,1.228292,-0.4951133,0.4945408,0.5003986,0.5097977
1751960784005,61.03022,SteamVR Tracker (Left Foot),-0.579352,-0.07986164,0.5314942,-0.5634192,-0.2403748,-0.1231263,0.7807809
1751960784005,61.03022,SteamVR Tracker (Waist),-0.5797648,0.768515,1.228272,-0.4951372,0.4945257,0.5004597,0.509729
1751960784028,61.05333,SteamVR Tracker (Left Foot),-0.5790267,-0.07939339,0.5313658,-0.5648134,-0.2409136,-0.1220114,0.7797818
1751960784028,61.05333,SteamVR Tracker (Waist),-0.5798601,0.7691438,1.228141,-0.4949541,0.4946288,0.5004476,0.5098187
1751960784050,61.07525,SteamVR Tracker (Left Foot),-0.5783911,-0.07875395,0.5312091,-0.5652702,-0.2414064,-0.1213136,0.7794071
1751960784050,61.07525,SteamVR Tracker (Waist),-0.5800337,0.7696456,1.228157,-0.4948481,0.4946305,0.5004028,0.5099638
1751960784074,61.09912,SteamVR Tracker (Left Foot),-0.5781718,-0.07809901,0.5311382,-0.5646532,-0.2416801,-0.1212229,0.7797837
1751960784074,61.09912,SteamVR Tracker (Waist),-0.5801657,0.7702451,1.228073,-0.4948377,0.4946162,0.5004843,0.5099079
1751960784096,61.12009,SteamVR Tracker (Left Foot),-0.577348,-0.0774951,0.5311549,-0.5651824,-0.2412451,-0.12103,0.7795649
1751960784096,61.12009,SteamVR Tracker (Waist),-0.5803242,0.7711346,1.228033,-0.4948788,0.4945967,0.5004064,0.5099632
1751960784118,61.14333,SteamVR Tracker (Left Foot),-0.5767701,-0.07685637,0.530963,-0.5662601,-0.2411639,-0.1208211,0.77884
1751960784118,61.14333,SteamVR Tracker (Waist),-0.5804445,0.7715354,1.228071,-0.4946457,0.4945428,0.5006762,0.509977
1751960784139,61.16421,SteamVR Tracker (Left Foot),-0.5764983,-0.07614684,0.5308271,-0.5668433,-0.2409407,-0.1205242,0.7785308
1751960784139,61.16421,SteamVR Tracker (Waist),-0.5807753,0.7731824,1.228148,-0.4945411,0.4944016,0.5007691,0.5101239
1751960784161,61.18523,SteamVR Tracker (Left Foot),-0.5764072,-0.07539082,0.5305724,-0.5681198,-0.2408352,-0.1196076,0.7777739
1751960784161,61.18523,SteamVR Tracker (Waist),-0.5806457,0.7717377,1.227957,-0.4944759,0.4944451,0.5007787,0.5101356
1751960784183,61.20813,SteamVR Tracker (Left Foot),-0.5762544,-0.07454944,0.5299487,-0.5709569,-0.2415343,-0.1185936,0.775632
1751960784184,61.20813,SteamVR Tracker (Waist),-0.5805808,0.7713667,1.227583,-0.4943629,0.4945536,0.5007137,0.5102038
1751960784205,61.23004,SteamVR Tracker (Left Foot),-0.5850835,-0.08268976,0.527034,-0.5716168,-0.2424385,-0.1173606,0.7750512
1751960784205,61.23004,SteamVR Tracker (Waist),-0.5804936,0.771262,1.227659,-0.4943795,0.4944909,0.5007521,0.5102108
1751960784229,61.25335,SteamVR Tracker (Left Foot),-0.5858752,-0.08270311,0.5267033,-0.5733786,-0.2436597,-0.1173119,0.7733725
1751960784229,61.25335,SteamVR Tracker (Waist),-0.5806068,0.7714286,1.227648,-0.4941932,0.4945143,0.5007922,0.5103292
1751960784249,61.27478,SteamVR Tracker (Left Foot),-0.5857558,-0.08291101,0.5271581,-0.5722471,-0.2439468,-0.1169108,0.7741804
1751960784249,61.27478,SteamVR Tracker (Waist),-0.5804322,0.7710211,1.227669,-0.4941981,0.4944407,0.5008116,0.5103768
1751960784271,61.29635,SteamVR Tracker (Left Foot),-0.5856596,-0.08298254,0.52727,-0.5714713,-0.243437,-0.1167986,0.7749304
1751960784272,61.29635,SteamVR Tracker (Waist),-0.5803797,0.770782,1.227791,-0.4942054,0.4943882,0.500689,0.5105408
1751960784293,61.31817,SteamVR Tracker (Left Foot),-0.5855975,-0.08340669,0.5272354,-0.570397,-0.2438098,-0.1162813,0.7756821
1751960784293,61.31817,SteamVR Tracker (Waist),-0.5804623,0.7708483,1.227954,-0.4941562,0.4943469,0.500793,0.5105264
1751960784316,61.3404,SteamVR Tracker (Left Foot),-0.5856335,-0.08359456,0.5270751,-0.5709246,-0.2436114,-0.1165391,0.7753176
1751960784316,61.3404,SteamVR Tracker (Waist),-0.5807002,0.7722412,1.228096,-0.4941138,0.494213,0.5008386,0.5106524
1751960784338,61.36367,SteamVR Tracker (Left Foot),-0.5851988,-0.08396816,0.5271555,-0.570619,-0.2435351,-0.1166594,0.7755483
1751960784338,61.36367,SteamVR Tracker (Waist),-0.5802108,0.7706621,1.227678,-0.4939996,0.4944591,0.5008897,0.5104743
1751960784359,61.38371,SteamVR Tracker (Left Foot),-0.5851785,-0.0835228,0.5278979,-0.570325,-0.2437756,-0.1167569,0.7756743
1751960784359,61.38371,SteamVR Tracker (Waist),-0.5801011,0.7704355,1.227548,-0.4941569,0.4941925,0.5006674,0.5107984
1751960784380,61.40613,SteamVR Tracker (Left Foot),-0.5849339,-0.08339357,0.528086,-0.5680664,-0.2441163,-0.1164504,0.7772691
1751960784381,61.40613,SteamVR Tracker (Waist),-0.5800112,0.7697839,1.227933,-0.4939778,0.4941893,0.5007772,0.510867
1751960784403,61.42909,SteamVR Tracker (Left Foot),-0.5848334,-0.08338594,0.5279207,-0.5680304,-0.2442357,-0.116393,0.7772664
1751960784403,61.42909,SteamVR Tracker (Waist),-0.5798603,0.7694838,1.22767,-0.4939005,0.4941565,0.5009026,0.5108506
1751960784428,61.45274,SteamVR Tracker (Left Foot),-0.5848733,-0.08357573,0.5280375,-0.5683849,-0.244178,-0.1163226,0.7770359
1751960784428,61.45274,SteamVR Tracker (Waist),-0.5796371,0.7680287,1.227669,-0.4938173,0.4941946,0.5009725,0.5108255
1751960784451,61.47638,SteamVR Tracker (Left Foot),-0.5847632,-0.08352876,0.5279244,-0.5680643,-0.2443521,-0.1160271,0.7772598
1751960784451,61.47638,SteamVR Tracker (Waist),-0.5796076,0.7680451,1.227547,-0.4938073,0.4941843,0.5009465,0.5108708
1751960784473,61.49723,SteamVR Tracker (Left Foot),-0.5844818,-0.08342099,0.5280451,-0.567978,-0.2445459,-0.1158157,0.7772934
1751960784473,61.49723,SteamVR Tracker (Waist),-0.5794457,0.7674834,1.22775,-0.4938526,0.4940122,0.5009661,0.5109741
1751960784497,61.5204,SteamVR Tracker (Left Foot),-0.5842165,-0.08335686,0.5280586,-0.567554,-0.244502,-0.1159168,0.7776018
1751960784497,61.5204,SteamVR Tracker (Waist),-0.5792073,0.7668227,1.227922,-0.4937388,0.4939869,0.50103,0.5110459
1751960784518,61.5417,SteamVR Tracker (Left Foot),-0.5842621,-0.08351779,0.5281249,-0.5672243,-0.2447195,-0.115558,0.7778273
1751960784518,61.5417,SteamVR Tracker (Waist),-0.5792207,0.7667239,1.227913,-0.4937979,0.4940096,0.5010054,0.510991
1751960784541,61.56557,SteamVR Tracker (Left Foot),-0.584384,-0.08361244,0.5282369,-0.5667799,-0.2449166,-0.1155355,0.7780925
1751960784541,61.56557,SteamVR Tracker (Waist),-0.5792418,0.7664167,1.227757,-0.4936666,0.4939255,0.5009555,0.5112479
1751960784560,61.58526,SteamVR Tracker (Left Foot),-0.5841682,-0.0837357,0.5285618,-0.5653168,-0.245145,-0.1155004,0.7790896
1751960784560,61.58526,SteamVR Tracker (Waist),-0.5791075,0.7659134,1.227588,-0.4938743,0.4938792,0.5007771,0.511267
1751960784581,61.60699,SteamVR Tracker (Left Foot),-0.5840384,-0.08364129,0.52868,-0.5658672,-0.2452472,-0.1153536,0.7786795
1751960784581,61.60699,SteamVR Tracker (Waist),-0.5788214,0.7657179,1.227607,-0.4938187,0.4939269,0.5009562,0.5110991
1751960784604,61.62943,SteamVR Tracker (Left Foot),-0.5838414,-0.08369279,0.5287307,-0.5656279,-0.2454912,-0.1155524,0.7787469
1751960784604,61.62943,SteamVR Tracker (Waist),-0.5788777,0.7659031,1.227856,-0.4937257,0.4939042,0.5009582,0.5112088
1751960784627,61.65155,SteamVR Tracker (Left Foot),-0.5838046,-0.0835371,0.5287125,-0.5651955,-0.2456527,-0.1157893,0.7789747
1751960784628,61.65155,SteamVR Tracker (Waist),-0.5787302,0.7649229,1.227876,-0.4938381,0.4939086,0.5009922,0.5110627
1751960784649,61.67446,SteamVR Tracker (Left Foot),-0.5836211,-0.08335638,0.5286883,-0.5655844,-0.2453825,-0.1162573,0.778708
1751960784649,61.67446,SteamVR Tracker (Waist),-0.5786824,0.7649817,1.227866,-0.4937974,0.494086,0.5009121,0.511009
1751960784671,61.69632,SteamVR Tracker (Left Foot),-0.5836278,-0.08340335,0.5287651,-0.5655642,-0.2454322,-0.11628,0.7787036
1751960784671,61.69632,SteamVR Tracker (Waist),-0.5787427,0.7648761,1.227979,-0.4938114,0.4940681,0.5010054,0.5109214
1751960784693,61.71835,SteamVR Tracker (Left Foot),-0.5835141,-0.08338141,0.5288993,-0.5653619,-0.2451129,-0.1166484,0.7788959
1751960784693,61.71835,SteamVR Tracker (Waist),-0.5786798,0.7644712,1.22789,-0.4939451,0.4940131,0.500971,0.5108792
1751960784717,61.7409,SteamVR Tracker (Left Foot),-0.5835832,-0.08336425,0.5287219,-0.5655026,-0.2450103,-0.1168461,0.7787964
1751960784717,61.7409,SteamVR Tracker (Waist),-0.5786244,0.7640381,1.227782,-0.4939604,0.4940766,0.5009694,0.5108044
1751960784739,61.7641,SteamVR Tracker (Left Foot),-0.5833791,-0.08321786,0.5286177,-0.5655413,-0.2452035,-0.1170871,0.7786713
1751960784739,61.7641,SteamVR Tracker (Waist),-0.5785036,0.7639641,1.227901,-0.4938792,0.4940616,0.5011078,0.5107617
1751960784759,61.78445,SteamVR Tracker (Left Foot),-0.5830045,-0.08300996,0.5285856,-0.5654421,-0.244657,-0.1180983,0.7787625
1751960784759,61.78445,SteamVR Tracker (Waist),-0.5784421,0.7638669,1.227828,-0.4938754,0.4940979,0.5010392,0.5107976
1751960784784,61.80883,SteamVR Tracker (Left Foot),-0.5820231,-0.08265233,0.5289968,-0.5624209,-0.2451473,-0.1187985,0.7806872
1751960784784,61.80883,SteamVR Tracker (Waist),-0.5785526,0.7639959,1.227905,-0.4939604,0.4940467,0.5011644,0.5106422
1751960784808,61.83269,SteamVR Tracker (Left Foot),-0.5799838,-0.08119774,0.5294712,-0.5634559,-0.2397875,-0.1207626,0.781304
1751960784808,61.83269,SteamVR Tracker (Waist),-0.5785735,0.7640544,1.227813,-0.4939782,0.4941264,0.5010601,0.51065
1751960784832,61.85571,SteamVR Tracker (Left Foot),-0.5759187,-0.07975316,0.5313019,-0.5647753,-0.2275713,-0.1136893,0.7850572
1751960784832,61.85571,SteamVR Tracker (Waist),-0.5784513,0.7638761,1.227873,-0.4939236,0.494029,0.5011846,0.510675
1751960784851,61.87636,SteamVR Tracker (Left Foot),-0.566249,-0.07951522,0.5372568,-0.5756364,-0.2045581,-0.07093623,0.7885219
1751960784852,61.87636,SteamVR Tracker (Waist),-0.5784069,0.7637573,1.227918,-0.4940161,0.4939855,0.5011747,0.5106373
1751960784874,61.89937,SteamVR Tracker (Left Foot),-0.5520267,-0.07820082,0.544123,-0.5807112,-0.160684,-0.03269278,0.7974249
1751960784874,61.89937,SteamVR Tracker (Waist),-0.5785612,0.7639829,1.227917,-0.4939882,0.4939716,0.50129,0.5105646
1751960784892,61.91828,SteamVR Tracker (Left Foot),-0.5345714,-0.07759976,0.5521449,-0.5829425,-0.114,0.01149508,0.8043941
1751960784892,61.91828,SteamVR Tracker (Waist),-0.5784565,0.7641577,1.227965,-0.4939797,0.4939533,0.5013452,0.5105362
1751960784916,61.94159,SteamVR Tracker (Left Foot),-0.5148163,-0.07635903,0.5576445,-0.580548,-0.06365737,0.05917773,0.8095738
1751960784916,61.94159,SteamVR Tracker (Waist),-0.5784303,0.7642694,1.228011,-0.4939157,0.4940668,0.5012961,0.5105365
1751960784939,61.9647,SteamVR Tracker (Left Foot),-0.4987394,-0.07632494,0.5588638,-0.578975,-0.02388573,0.09070659,0.8099319
1751960784939,61.9647,SteamVR Tracker (Waist),-0.5784563,0.764274,1.227988,-0.4939915,0.4939359,0.5014395,0.5104491
1751960784960,61.98615,SteamVR Tracker (Left Foot),-0.4874295,-0.08000684,0.560827,-0.5607644,0.01349501,0.07603543,0.8243663
1751960784960,61.98615,SteamVR Tracker (Waist),-0.578369,0.7635518,1.227756,-0.4941788,0.4939864,0.5013655,0.5102915
1751960784984,62.00829,SteamVR Tracker (Left Foot),-0.5029665,-0.07936096,0.5586,-0.5505714,-0.009102171,0.03022347,0.8341912
1751960784984,62.00829,SteamVR Tracker (Waist),-0.5783923,0.7634981,1.227811,-0.4942088,0.4939308,0.501366,0.5103158
1751960785006,62.03157,SteamVR Tracker (Left Foot),-0.5027082,-0.07903218,0.556971,-0.5825496,-0.07293076,0.05235423,0.8078219
1751960785007,62.03157,SteamVR Tracker (Waist),-0.5783585,0.7633938,1.227801,-0.4941393,0.4939829,0.5013611,0.5103374
1751960785028,62.05292,SteamVR Tracker (Left Foot),-0.5049124,-0.07909083,0.5587085,-0.5598523,-0.04371768,0.03785327,0.826572
1751960785028,62.05292,SteamVR Tracker (Waist),-0.5785127,0.763696,1.227772,-0.4941899,0.4940354,0.5013745,0.5102245
1751960785050,62.07504,SteamVR Tracker (Left Foot),-0.5043358,-0.08015037,0.5578448,-0.5689761,-0.04703587,0.04304817,0.8198785
1751960785050,62.07504,SteamVR Tracker (Waist),-0.5784003,0.7638119,1.227718,-0.4941797,0.4940164,0.5012753,0.5103503
1751960785070,62.09568,SteamVR Tracker (Left Foot),-0.5061786,-0.08029389,0.5574918,-0.5693374,-0.04981004,0.04639111,0.8192812
1751960785070,62.09568,SteamVR Tracker (Waist),-0.5784333,0.76389,1.227858,-0.4942998,0.4938418,0.5013399,0.5103395
1751960785097,62.12162,SteamVR Tracker (Left Foot),-0.5071627,-0.08074498,0.5575514,-0.5667212,-0.04730031,0.04613981,0.8212557
1751960785098,62.12162,SteamVR Tracker (Waist),-0.5787444,0.7638705,1.227948,-0.4942583,0.4937651,0.501321,0.5104724
1751960785119,62.1442,SteamVR Tracker (Left Foot),-0.5076951,-0.08108377,0.5575333,-0.565149,-0.0473739,0.04573938,0.8223565
1751960785120,62.1442,SteamVR Tracker (Waist),-0.578522,0.7631737,1.2279,-0.4942782,0.4936619,0.5013653,0.5105095
1751960785143,62.16746,SteamVR Tracker (Left Foot),-0.5082262,-0.08151484,0.5576231,-0.5653758,-0.04740898,0.04563656,0.8222043
1751960785143,62.16746,SteamVR Tracker (Waist),-0.5786874,0.7628933,1.227945,-0.4947456,0.4935779,0.5013698,0.5101334
1751960785162,62.18673,SteamVR Tracker (Left Foot),-0.5085684,-0.08153439,0.557744,-0.5647369,-0.04692017,0.04566726,0.8226696
1751960785162,62.18673,SteamVR Tracker (Waist),-0.5788344,0.7632825,1.228104,-0.4946783,0.4935954,0.5012951,0.5102552
1751960785184,62.20787,SteamVR Tracker (Left Foot),-0.5086162,-0.08135581,0.5574355,-0.5663942,-0.04663861,0.0461806,0.8215168
1751960785184,62.20787,SteamVR Tracker (Waist),-0.5785511,0.7614778,1.228918,-0.4946001,0.4937772,0.5011981,0.5102503
1751960785206,62.231,SteamVR Tracker (Left Foot),-0.508495,-0.08138204,0.5572944,-0.5668249,-0.04584396,0.04612543,0.8212675
1751960785206,62.231,SteamVR Tracker (Waist),-0.5786337,0.7609171,1.228857,-0.4949543,0.4936667,0.5011251,0.5100854
1751960785230,62.25424,SteamVR Tracker (Left Foot),-0.5082371,-0.08160567,0.5573351,-0.5671846,-0.04540917,0.04559967,0.8210726
1751960785230,62.25424,SteamVR Tracker (Waist),-0.5784971,0.7608706,1.229027,-0.4950503,0.493422,0.5012036,0.5101519
1751960785249,62.27483,SteamVR Tracker (Left Foot),-0.5079507,-0.08158565,0.5573148,-0.568226,-0.04511724,0.04516058,0.8203927
1751960785249,62.27483,SteamVR Tracker (Waist),-0.5785121,0.7607298,1.229229,-0.4951513,0.4934645,0.5011771,0.5100389
1751960785271,62.29613,SteamVR Tracker (Left Foot),-0.5077381,-0.08176661,0.5572576,-0.5673369,-0.04499697,0.04444735,0.8210533
1751960785271,62.29613,SteamVR Tracker (Waist),-0.5785146,0.7604796,1.229259,-0.4952489,0.4934137,0.5012048,0.509966
1751960785294,62.31843,SteamVR Tracker (Left Foot),-0.5078503,-0.08184004,0.5570297,-0.5681928,-0.04486155,0.04407628,0.8204887
1751960785294,62.31843,SteamVR Tracker (Waist),-0.5785137,0.7604067,1.229149,-0.4954187,0.493403,0.5012155,0.5098009
1751960785318,62.34218,SteamVR Tracker (Left Foot),-0.507881,-0.08209372,0.5569409,-0.5687522,-0.0445674,0.04364715,0.82014
1751960785318,62.34218,SteamVR Tracker (Waist),-0.578607,0.7606335,1.229031,-0.4955579,0.4932641,0.5012639,0.5097525
1751960785340,62.36388,SteamVR Tracker (Left Foot),-0.5076815,-0.08197308,0.5568798,-0.5702695,-0.04425526,0.04345874,0.8191127
1751960785340,62.36388,SteamVR Tracker (Waist),-0.5785911,0.7607598,1.229112,-0.4956158,0.4932798,0.5012531,0.5096914
1751960785360,62.38503,SteamVR Tracker (Left Foot),-0.5077626,-0.08187604,0.5566617,-0.5714808,-0.04366032,0.0436406,0.8182902
1751960785360,62.38503,SteamVR Tracker (Waist),-0.5786985,0.7608969,1.22919,-0.4956874,0.4931964,0.5013391,0.509618
1751960785384,62.40825,SteamVR Tracker (Left Foot),-0.5076694,-0.08147621,0.5560543,-0.5750631,-0.04240546,0.04314175,0.8158695
1751960785384,62.40825,SteamVR Tracker (Waist),-0.5784384,0.7608644,1.228927,-0.4958336,0.4931488,0.5013007,0.5095596
1751960785404,62.42965,SteamVR Tracker (Left Foot),-0.5077202,-0.08144164,0.5559677,-0.5769204,-0.04180314,0.04277503,0.8146076
1751960785404,62.42965,SteamVR Tracker (Waist),-0.5784136,0.7608707,1.228894,-0.49582,0.4931619,0.5013735,0.5094886
1751960785426,62.45145,SteamVR Tracker (Left Foot),-0.5077251,-0.08135438,0.5560527,-0.5758376,-0.04168524,0.04273215,0.8153818
1751960785426,62.45145,SteamVR Tracker (Waist),-0.5785372,0.7609403,1.228881,-0.495954,0.4930231,0.5014175,0.509449
1751960785448,62.47312,SteamVR Tracker (Left Foot),-0.5078833,-0.08141971,0.555916,-0.5765435,-0.04190926,0.04241081,0.8148881
1751960785448,62.47312,SteamVR Tracker (Waist),-0.5784761,0.7609971,1.228928,-0.4959996,0.4929231,0.5014514,0.5094682
1751960785472,62.49738,SteamVR Tracker (Left Foot),-0.5079111,-0.08140254,0.5555754,-0.5775347,-0.04193198,0.04233428,0.8141887
1751960785472,62.49738,SteamVR Tracker (Waist),-0.5785843,0.7610823,1.228853,-0.4959404,0.4928997,0.501479,0.5095212
1751960785496,62.52004,SteamVR Tracker (Left Foot),-0.5079534,-0.08136392,0.5553272,-0.5786961,-0.04199573,0.04221981,0.8133662
1751960785496,62.52004,SteamVR Tracker (Waist),-0.5785793,0.7612032,1.22878,-0.4960541,0.4928753,0.5014421,0.5094704
1751960785520,62.54428,SteamVR Tracker (Left Foot),-0.5076512,-0.08145833,0.5553222,-0.5787974,-0.04215495,0.04196643,0.8132991
1751960785520,62.54428,SteamVR Tracker (Waist),-0.5786256,0.761286,1.2289,-0.4959972,0.4929168,0.5014721,0.5094562
1751960785538,62.56348,SteamVR Tracker (Left Foot),-0.5075842,-0.0816009,0.5554715,-0.5780619,-0.04205146,0.04194111,0.8138287
1751960785539,62.56348,SteamVR Tracker (Waist),-0.5784379,0.761122,1.22881,-0.4960559,0.4927791,0.5014856,0.509519
1751960785560,62.58482,SteamVR Tracker (Left Foot),-0.5077593,-0.08152151,0.5554453,-0.5783839,-0.0420289,0.04179848,0.8136084
1751960785560,62.58482,SteamVR Tracker (Waist),-0.5783919,0.7606518,1.22881,-0.4961139,0.4927468,0.5015587,0.5094216
1751960785580,62.60522,SteamVR Tracker (Left Foot),-0.5075219,-0.08132362,0.5553047,-0.578721,-0.0419368,0.0421049,0.8133576
1751960785580,62.60522,SteamVR Tracker (Waist),-0.5783612,0.7608056,1.229012,-0.4961184,0.4927044,0.501545,0.5094718
1751960785605,62.63044,SteamVR Tracker (Left Foot),-0.5075651,-0.0813396,0.5552922,-0.5793029,-0.04178487,0.0421191,0.8129503
1751960785605,62.63044,SteamVR Tracker (Waist),-0.5782825,0.7607477,1.228887,-0.496152,0.4926472,0.5015974,0.5094429
1751960785627,62.65218,SteamVR Tracker (Left Foot),-0.5077639,-0.08143973,0.5552009,-0.5796003,-0.04184716,0.04225957,0.8127278
1751960785627,62.65218,SteamVR Tracker (Waist),-0.5782964,0.7606633,1.228747,-0.4961758,0.4927097,0.5016265,0.5093306
1751960785650,62.67476,SteamVR Tracker (Left Foot),-0.5079247,-0.08130908,0.5550054,-0.5804527,-0.04192954,0.0424256,0.8121063
1751960785651,62.67476,SteamVR Tracker (Waist),-0.5784919,0.7608486,1.228709,-0.4962312,0.4926537,0.5016308,0.5093265
1751960785672,62.69652,SteamVR Tracker (Left Foot),-0.508014,-0.08130193,0.5548486,-0.5813696,-0.04261319,0.0430801,0.8113801
1751960785672,62.69652,SteamVR Tracker (Waist),-0.5785851,0.7609766,1.228768,-0.4962435,0.4925369,0.5017283,0.5093314
1751960785695,62.71888,SteamVR Tracker (Left Foot),-0.5080444,-0.08122206,0.5547505,-0.5821566,-0.0425081,0.04275078,0.8108385
1751960785695,62.71888,SteamVR Tracker (Waist),-0.5784771,0.7612988,1.228741,-0.4963249,0.4924406,0.5016496,0.5094228
1751960785719,62.7428,SteamVR Tracker (Left Foot),-0.5082631,-0.08099437,0.5544907,-0.5827022,-0.04313293,0.04296415,0.8104023
1751960785719,62.7428,SteamVR Tracker (Waist),-0.5782313,0.7610521,1.228661,-0.4963222,0.4924446,0.5016567,0.5094145
1751960785740,62.76376,SteamVR Tracker (Left Foot),-0.5083524,-0.08096719,0.5542849,-0.5842635,-0.04384781,0.04340431,0.8092155
1751960785740,62.76376,SteamVR Tracker (Waist),-0.5781794,0.760929,1.228765,-0.4963278,0.4924689,0.5016963,0.5093465
1751960785758,62.78305,SteamVR Tracker (Left Foot),-0.5081575,-0.08083797,0.5542837,-0.5854452,-0.04333174,0.04291986,0.8084146
1751960785758,62.78305,SteamVR Tracker (Waist),-0.5783731,0.7609116,1.22878,-0.4962795,0.4925442,0.5016777,0.5093392
1751960785782,62.80745,SteamVR Tracker (Left Foot),-0.5082834,-0.08082032,0.5542248,-0.5855089,-0.04291315,0.04251464,0.8084122
1751960785782,62.80745,SteamVR Tracker (Waist),-0.578421,0.7612203,1.228546,-0.4963115,0.4925749,0.5017183,0.5092382
1751960785806,62.83084,SteamVR Tracker (Left Foot),-0.5082651,-0.08105063,0.5541041,-0.5845928,-0.0426442,0.04216694,0.8091073
1751960785806,62.83084,SteamVR Tracker (Waist),-0.5781941,0.7610904,1.228525,-0.4962852,0.4926046,0.501664,0.5092887
1751960785828,62.85365,SteamVR Tracker (Left Foot),-0.50819,-0.08114839,0.5543662,-0.5838889,-0.0423585,0.0421427,0.8096318
1751960785828,62.85365,SteamVR Tracker (Waist),-0.5782297,0.7611468,1.228629,-0.4963478,0.4925849,0.5016406,0.5092698
1751960785849,62.87427,SteamVR Tracker (Left Foot),-0.5082366,-0.08132696,0.5543198,-0.5836655,-0.04177658,0.04166082,0.809848
1751960785849,62.87427,SteamVR Tracker (Waist),-0.5784124,0.7611649,1.228531,-0.4964268,0.492625,0.5016429,0.5091518
1751960785871,62.89635,SteamVR Tracker (Left Foot),-0.5082539,-0.08132434,0.5541736,-0.5841202,-0.04156449,0.04178729,0.8095245
1751960785871,62.89635,SteamVR Tracker (Waist),-0.5783806,0.761314,1.228424,-0.4963481,0.4926327,0.5016745,0.5091899
1751960785894,62.9189,SteamVR Tracker (Left Foot),-0.5080754,-0.08138013,0.5541329,-0.5848851,-0.04127566,0.04178344,0.8089869
1751960785894,62.9189,SteamVR Tracker (Waist),-0.5781955,0.7611407,1.228584,-0.4963824,0.4925787,0.5016762,0.5092071
1751960785919,62.94289,SteamVR Tracker (Left Foot),-0.5080208,-0.0814693,0.5541567,-0.5848851,-0.04101015,0.04147656,0.8090163
1751960785919,62.94289,SteamVR Tracker (Waist),-0.5782794,0.7611444,1.228582,-0.4963945,0.4925422,0.5016611,0.5092453
1751960785940,62.96534,SteamVR Tracker (Left Foot),-0.5079232,-0.08172035,0.5543876,-0.5842124,-0.04054173,0.04116947,0.8095415
1751960785940,62.96534,SteamVR Tracker (Waist),-0.5781499,0.7612869,1.228724,-0.4964105,0.4925889,0.5016422,0.5092033
1751960785963,62.98741,SteamVR Tracker (Left Foot),-0.5079204,-0.08182573,0.5543609,-0.5831715,-0.04031572,0.04103106,0.8103099
1751960785963,62.98741,SteamVR Tracker (Waist),-0.5783883,0.7611036,1.228445,-0.4964998,0.4925421,0.5016639,0.5091401
1751960785982,63.00784,SteamVR Tracker (Left Foot),-0.5080327,-0.08173752,0.5543177,-0.5834617,-0.04056724,0.04116227,0.8100817
1751960785982,63.00784,SteamVR Tracker (Waist),-0.5783693,0.7612131,1.228453,-0.4964509,0.4926056,0.501658,0.5091321
1751960786006,63.03076,SteamVR Tracker (Left Foot),-0.5079299,-0.08178401,0.5543849,-0.5830742,-0.04021693,0.0412152,0.8103756
1751960786006,63.03076,SteamVR Tracker (Waist),-0.578302,0.7611487,1.228542,-0.4964409,0.4925858,0.5016663,0.5091529
1751960786031,63.05497,SteamVR Tracker (Left Foot),-0.5080224,-0.08188748,0.5543447,-0.5833363,-0.04021952,0.04136155,0.8101793
1751960786031,63.05497,SteamVR Tracker (Waist),-0.5781724,0.7610195,1.228499,-0.4964741,0.4925937,0.501605,0.5091733
1751960786051,63.07599,SteamVR Tracker (Left Foot),-0.5079951,-0.08203483,0.554264,-0.5830666,-0.04004531,0.04128006,0.8103862
1751960786051,63.07599,SteamVR Tracker (Waist),-0.5781947,0.7608812,1.228541,-0.4964892,0.4925201,0.5016882,0.5091478
1751960786072,63.09758,SteamVR Tracker (Left Foot),-0.5079175,-0.08215904,0.5543755,-0.582336,-0.04003026,0.04121795,0.8109152
1751960786072,63.09758,SteamVR Tracker (Waist),-0.5782666,0.7612301,1.228546,-0.4964439,0.4925424,0.5017171,0.5091419
1751960786099,63.12226,SteamVR Tracker (Left Foot),-0.5080129,-0.08226299,0.5546113,-0.5822923,-0.04007076,0.04149766,0.8109304
1751960786099,63.12226,SteamVR Tracker (Waist),-0.5784171,0.7614115,1.228622,-0.4964983,0.4925452,0.5017198,0.5090835
1751960786119,63.14391,SteamVR Tracker (Left Foot),-0.5080143,-0.08247399,0.5547141,-0.5813134,-0.04012103,0.04171551,0.8116187
1751960786119,63.14391,SteamVR Tracker (Waist),-0.5782876,0.7613587,1.228706,-0.4965192,0.4925196,0.5017077,0.5090998
1751960786139,63.16437,SteamVR Tracker (Left Foot),-0.5080932,-0.08266163,0.5547561,-0.5810953,-0.04013255,0.0416958,0.8117753
1751960786140,63.16437,SteamVR Tracker (Waist),-0.5782617,0.7612594,1.228675,-0.4964493,0.4926276,0.501628,0.509142
1751960786163,63.18711,SteamVR Tracker (Left Foot),-0.5078171,-0.08287883,0.5546376,-0.5812549,-0.04016379,0.04182662,0.8116527
1751960786163,63.18711,SteamVR Tracker (Waist),-0.5782505,0.7613417,1.228574,-0.4965296,0.4925509,0.5016456,0.5091204
1751960786184,63.20916,SteamVR Tracker (Left Foot),-0.5078871,-0.08298588,0.5546154,-0.5811688,-0.04037028,0.04188244,0.8117012
1751960786184,63.20916,SteamVR Tracker (Waist),-0.57816,0.7612786,1.228545,-0.496538,0.4925141,0.5015875,0.5092052
1751960786207,63.23067,SteamVR Tracker (Left Foot),-0.5080801,-0.08290267,0.55464,-0.5805258,-0.04050642,0.04197019,0.8121499
1751960786207,63.23067,SteamVR Tracker (Waist),-0.578248,0.7610683,1.228503,-0.4965952,0.4925468,0.5016605,0.5090458
1751960786230,63.2543,SteamVR Tracker (Left Foot),-0.5083506,-0.08297777,0.5545445,-0.5809359,-0.04062424,0.04214604,0.8118417
1751960786230,63.2543,SteamVR Tracker (Waist),-0.5783365,0.7611564,1.228341,-0.4966325,0.4925161,0.5017422,0.5089586
1751960786249,63.27435,SteamVR Tracker (Left Foot),-0.5081803,-0.08298182,0.5545929,-0.581089,-0.04052225,0.04221008,0.8117339
1751960786249,63.27435,SteamVR Tracker (Waist),-0.5782405,0.7612898,1.228472,-0.4966295,0.4925208,0.5016119,0.5090854
1751960786271,63.29682,SteamVR Tracker (Left Foot),-0.5082762,-0.08300829,0.5548792,-0.5811216,-0.04043051,0.04225755,0.8117126
1751960786271,63.29682,SteamVR Tracker (Waist),-0.578456,0.7613369,1.228508,-0.4965773,0.4925818,0.5017064,0.5089843
1751960786297,63.32085,SteamVR Tracker (Left Foot),-0.5081538,-0.08292484,0.5548312,-0.5810595,-0.04034023,0.04231697,0.8117585
1751960786297,63.32085,SteamVR Tracker (Waist),-0.5783666,0.7614207,1.228574,-0.4965447,0.4926023,0.5017029,0.5089996
1751960786318,63.3415,SteamVR Tracker (Left Foot),-0.5082736,-0.0829308,0.5546734,-0.58136,-0.04048735,0.04249797,0.8115265
1751960786318,63.3415,SteamVR Tracker (Waist),-0.5782074,0.7614107,1.228501,-0.4966295,0.4925584,0.5016882,0.5089739
1751960786338,63.36421,SteamVR Tracker (Left Foot),-0.5084523,-0.0830586,0.5546567,-0.5813494,-0.04056396,0.04271806,0.8115187
1751960786338,63.36421,SteamVR Tracker (Waist),-0.5780808,0.7610772,1.22829,-0.4967292,0.4925526,0.5016597,0.5089102
1751960786359,63.38481,SteamVR Tracker (Left Foot),-0.508495,-0.08324051,0.5546191,-0.5812975,-0.04062006,0.04275037,0.8115513
1751960786359,63.38481,SteamVR Tracker (Waist),-0.5781058,0.761178,1.228252,-0.4967832,0.4925036,0.5017508,0.5088152
1751960786381,63.40656,SteamVR Tracker (Left Foot),-0.508341,-0.08323717,0.5546746,-0.5813244,-0.04071221,0.04270851,0.8115297
1751960786381,63.40656,SteamVR Tracker (Waist),-0.5782961,0.7613842,1.228313,-0.4967999,0.492404,0.5018415,0.5088059
1751960786404,63.42909,SteamVR Tracker (Left Foot),-0.5084364,-0.08326387,0.5547199,-0.5812753,-0.04055297,0.04256443,0.8115804
1751960786404,63.42909,SteamVR Tracker (Waist),-0.5783976,0.7615849,1.228379,-0.4967999,0.4924308,0.501729,0.5088909
1751960786429,63.45331,SteamVR Tracker (Left Foot),-0.5083747,-0.08308196,0.554742,-0.5813117,-0.04068185,0.04261312,0.8115453
1751960786429,63.45331,SteamVR Tracker (Waist),-0.5783468,0.7615722,1.228461,-0.496866,0.4924295,0.5017411,0.5088156
1751960786451,63.47599,SteamVR Tracker (Left Foot),-0.5083348,-0.08313966,0.554656,-0.58138,-0.0408447,0.04262095,0.8114879
1751960786451,63.47599,SteamVR Tracker (Waist),-0.578337,0.7616416,1.228476,-0.4969143,0.4924244,0.5016869,0.5088268
1751960786473,63.4985,SteamVR Tracker (Left Foot),-0.508423,-0.08318853,0.5546581,-0.5814232,-0.04071397,0.04280275,0.8114539
1751960786474,63.4985,SteamVR Tracker (Waist),-0.5782561,0.761619,1.228549,-0.4967405,0.4925628,0.5016688,0.5088804
1751960786498,63.52069,SteamVR Tracker (Left Foot),-0.5086651,-0.08322096,0.5545216,-0.5813371,-0.04085902,0.04276218,0.8115104
1751960786498,63.52069,SteamVR Tracker (Waist),-0.5783924,0.7616444,1.228503,-0.4968545,0.492575,0.5017487,0.5086784
1751960786518,63.54332,SteamVR Tracker (Left Foot),-0.5085105,-0.08327317,0.5546139,-0.5812593,-0.04073105,0.04291435,0.8115644
1751960786518,63.54332,SteamVR Tracker (Waist),-0.5781704,0.7613635,1.228527,-0.4968126,0.4926968,0.5017146,0.5086349
1751960786538,63.56347,SteamVR Tracker (Left Foot),-0.5083072,-0.08330846,0.5547642,-0.5810665,-0.0406576,0.04277996,0.8117133
1751960786538,63.56347,SteamVR Tracker (Waist),-0.5782456,0.7615491,1.22858,-0.4967792,0.4927051,0.5017477,0.5086271
1751960786563,63.58664,SteamVR Tracker (Left Foot),-0.5084139,-0.0831759,0.5547224,-0.5812252,-0.04056402,0.04261468,0.8116131
1751960786563,63.58664,SteamVR Tracker (Waist),-0.5782008,0.7612482,1.228519,-0.4966473,0.4928557,0.5016661,0.5086904
1751960786591,63.60947,SteamVR Tracker (Left Foot),-0.5083995,-0.08324456,0.5546661,-0.5812264,-0.04053613,0.04257174,0.8116159
1751960786591,63.60947,SteamVR Tracker (Waist),-0.578166,0.7613132,1.228467,-0.4966748,0.4929146,0.5016254,0.5086466
1751960786591,63.60947,SteamVR Tracker (Right Foot),0,0,0,0,0,0,1
1751960786607,63.63244,SteamVR Tracker (Left Foot),-0.5084186,-0.08332682,0.5547056,-0.5813583,-0.04045669,0.04272399,0.8115174
1751960786607,63.63244,SteamVR Tracker (Waist),-0.578227,0.7614007,1.228417,-0.4967006,0.492916,0.5015765,0.5086684
1751960786607,63.63244,SteamVR Tracker (Right Foot),0,0,0,0,0,0,1
1751960786627,63.65205,SteamVR Tracker (Left Foot),-0.5083091,-0.08355474,0.5547085,-0.5812175,-0.04045696,0.04261561,0.8116239
1751960786627,63.65205,SteamVR Tracker (Waist),-0.5782787,0.7614487,1.228457,-0.4966644,0.4928776,0.5015697,0.5087475
1751960786627,63.65205,SteamVR Tracker (Right Foot),0,0,0,0,0,0,1
1751960786652,63.67696,SteamVR Tracker (Left Foot),-0.5083585,-0.08364177,0.5546039,-0.5812726,-0.04060735,0.04263591,0.8115759
1751960786652,63.67696,SteamVR Tracker (Waist),-0.5782664,0.761469,1.228341,-0.4966727,0.4929898,0.5015087,0.508691
1751960786652,63.67696,SteamVR Tracker (Right Foot),0,0,0,0,0,0,1
1751960786668,63.69416,SteamVR Tracker (Left Foot),-0.5084674,-0.08367872,0.5545613,-0.581309,-0.04062029,0.0426668,0.8115476
1751960786668,63.69416,SteamVR Tracker (Waist),-0.5783204,0.7613288,1.228349,-0.4967284,0.492893,0.5015518,0.5086876
1751960786668,63.69416,SteamVR Tracker (Right Foot),0,0,0,0,0,0,1
1751960786691,63.71701,SteamVR Tracker (Left Foot),-0.5084161,-0.08360982,0.5547956,-0.5810245,-0.04048453,0.04256785,0.8117633
1751960786691,63.71701,SteamVR Tracker (Waist),-0.5782661,0.761385,1.228409,-0.4967426,0.4928282,0.501556,0.5087324
1751960786691,63.71701,SteamVR Tracker (Right Foot),0,0,0,0,0,0,1
1751960786717,63.74112,SteamVR Tracker (Left Foot),-0.5083754,-0.08358002,0.554753,-0.581094,-0.04053238,0.04255274,0.8117119
1751960786717,63.74112,SteamVR Tracker (Waist),-0.5782734,0.7613512,1.228375,-0.4967054,0.4927777,0.5014951,0.5088778
1751960786717,63.74112,SteamVR Tracker (Right Foot),0,0,0,0,0,0,1
1751960786737,63.76308,SteamVR Tracker (Left Foot),-0.5083534,-0.08378887,0.5547174,-0.5809884,-0.04057617,0.04251402,0.8117873
1751960786737,63.76308,SteamVR Tracker (Waist),-0.5782565,0.7610474,1.228358,-0.4966274,0.4928555,0.5015551,0.5088195
1751960786737,63.76308,SteamVR Tracker (Right Foot),0,0,0,0,0,0,1
1751960786759,63.78341,SteamVR Tracker (Left Foot),-0.508459,-0.08379126,0.5546378,-0.5806879,-0.04053298,0.04242319,0.8120092
1751960786759,63.78341,SteamVR Tracker (Waist),-0.5782079,0.7610456,1.228377,-0.4966964,0.4927785,0.5015442,0.5088373
1751960786759,63.78341,SteamVR Tracker (Right Foot),0,0,0,0,0,0,1
1751960786784,63.80948,SteamVR Tracker (Left Foot),-0.5083307,-0.08365893,0.5548235,-0.5806496,-0.04044355,0.04241377,0.8120415
1751960786784,63.80948,SteamVR Tracker (Waist),-0.5782698,0.7611735,1.22835,-0.4967466,0.4927176,0.5015958,0.5087966
1751960786784,63.80948,SteamVR Tracker (Right Foot),0,0,0,0,0,0,1
1751960786808,63.83236,SteamVR Tracker (Left Foot),-0.508322,-0.08359742,0.5547587,-0.5807464,-0.04055277,0.04251488,0.8119616
1751960786808,63.83236,SteamVR Tracker (Waist),-0.5782986,0.7613857,1.228401,-0.496716,0.4926955,0.5016148,0.5088291
1751960786808,63.83236,SteamVR Tracker (Right Foot),0,0,0,0,0,0,1
1751960786829,63.854,SteamVR Tracker (Left Foot),-0.5084788,-0.0837326,0.5545967,-0.5808851,-0.04050283,0.04255048,0.8118629
1751960786829,63.854,SteamVR Tracker (Waist),-0.5782772,0.7614683,1.228414,-0.4967625,0.4926558,0.5015404,0.5088953
1751960786829,63.854,SteamVR Tracker (Right Foot),0,0,0,0,0,0,1
1751960786851,63.87598,SteamVR Tracker (Left Foot),-0.5085113,-0.08385587,0.5545122,-0.5809869,-0.04050941,0.04257847,0.8117883
1751960786851,63.87598,SteamVR Tracker (Waist),-0.5782135,0.7613279,1.228235,-0.4966738,0.4928431,0.5015092,0.5088314
1751960786851,63.87598,SteamVR Tracker (Right Foot),0,0,0,0,0,0,1
1751960786875,63.89957,SteamVR Tracker (Left Foot),-0.508289,-0.08389378,0.5547447,-0.5807009,-0.04060598,0.04247676,0.8119934
1751960786875,63.89957,SteamVR Tracker (Waist),-0.5780164,0.7612907,1.228334,-0.4966543,0.4927886,0.5015005,0.5089117
1751960786875,63.89957,SteamVR Tracker (Right Foot),0,0,0,0,0,0,1
1751960786899,63.92287,SteamVR Tracker (Left Foot),-0.5084184,-0.083951,0.5547088,-0.5808488,-0.04057357,0.04257637,0.8118841
1751960786899,63.92287,SteamVR Tracker (Waist),-0.5782496,0.7610341,1.228335,-0.4966151,0.4928716,0.5016197,0.5087522
1751960786899,63.92287,SteamVR Tracker (Right Foot),0,0,0,0,0,0,1
1751960786919,63.94487,SteamVR Tracker (Left Foot),-0.5083877,-0.08399796,0.5547395,-0.5805703,-0.04064785,0.0425293,0.812082
1751960786920,63.94487,SteamVR Tracker (Waist),-0.5782303,0.7610532,1.228245,-0.4966594,0.4929198,0.5015427,0.5087382
1751960786920,63.94487,SteamVR Tracker (Right Foot),0,0,0,0,0,0,1
1751960786940,63.9646,SteamVR Tracker (Left Foot),-0.508278,-0.08394909,0.5547696,-0.580475,-0.04052006,0.0424818,0.8121589
1751960786940,63.9646,SteamVR Tracker (Waist),-0.5781169,0.7612064,1.228223,-0.4967774,0.4928876,0.5014709,0.5087249
1751960786940,63.9646,SteamVR Tracker (Right Foot),0,0,0,0,0,0,1
1751960786962,63.98612,SteamVR Tracker (Left Foot),-0.5082144,-0.08396792,0.5546482,-0.5807404,-0.04055548,0.04250728,0.8119661
1751960786962,63.98612,SteamVR Tracker (Waist),-0.5780588,0.7611872,1.228297,-0.4967491,0.492822,0.5015754,0.5087131
1751960786962,63.98612,SteamVR Tracker (Right Foot),0,0,0,0,0,0,1
1751960786982,64.00792,SteamVR Tracker (Left Foot),-0.5081906,-0.08398819,0.554633,-0.5808393,-0.04051222,0.04250054,0.8118979
1751960786982,64.00792,SteamVR Tracker (Waist),-0.5782117,0.7613051,1.228387,-0.4965388,0.493119,0.5013524,0.5088504
1751960786982,64.00792,SteamVR Tracker (Right Foot),0,0,0,0,0,0,1
1751960787006,64.03149,SteamVR Tracker (Left Foot),-0.5083069,-0.0840354,0.5546429,-0.5809135,-0.04067873,0.04236165,0.8118438
1751960787006,64.03149,SteamVR Tracker (Waist),-0.5783455,0.7613767,1.228278,-0.4967725,0.4928967,0.5015316,0.508661
1751960787006,64.03149,SteamVR Tracker (Right Foot),0,0,0,0,0,0,1
1751960787031,64.0563,SteamVR Tracker (Left Foot),-0.5083526,-0.08410883,0.5546106,-0.5811639,-0.0406729,0.04240221,0.8116627
1751960787032,64.0563,SteamVR Tracker (Waist),-0.5783305,0.7613542,1.228291,-0.4967071,0.4928984,0.5014618,0.5087921
1751960787032,64.0563,SteamVR Tracker (Right Foot),0,0,0,0,0,0,1
1751960787050,64.07506,SteamVR Tracker (Left Foot),-0.5084454,-0.084126,0.5545622,-0.5813946,-0.04078639,0.0423848,0.8114927
1751960787050,64.07506,SteamVR Tracker (Waist),-0.5783116,0.7613024,1.228302,-0.4967077,0.4928775,0.5015201,0.5087542
1751960787050,64.07506,SteamVR Tracker (Right Foot),0,0,0,0,0,0,1
1751960787072,64.09678,SteamVR Tracker (Left Foot),-0.5086081,-0.08414555,0.5545664,-0.5812824,-0.0410561,0.04242685,0.8115572
1751960787072,64.09678,SteamVR Tracker (Waist),-0.5781416,0.7609956,1.228158,-0.4966961,0.4928724,0.5015048,0.5087855
1751960787072,64.09678,SteamVR Tracker (Right Foot),0,0,0,0,0,0,1
1751960787097,64.12069,SteamVR Tracker (Left Foot),-0.5083699,-0.08399248,0.5544166,-0.5816367,-0.04142684,0.04261741,0.8112745
1751960787097,64.12069,SteamVR Tracker (Waist),-0.5780013,0.7608764,1.228376,-0.4966798,0.4929408,0.5015425,0.5086981
1751960787097,64.12069,SteamVR Tracker (Right Foot),0,0,0,0,0,0,1
1751960787116,64.14121,SteamVR Tracker (Left Foot),-0.508471,-0.08395767,0.5543194,-0.5824674,-0.04232575,0.0429713,0.8106133
1751960787117,64.14121,SteamVR Tracker (Waist),-0.5781204,0.7609214,1.228407,-0.4967355,0.4928928,0.5015236,0.5087088
1751960787117,64.14121,SteamVR Tracker (Right Foot),0,0,0,0,0,0,1
1751960787141,64.16561,SteamVR Tracker (Left Foot),-0.5085793,-0.08387399,0.5539799,-0.5844361,-0.04390183,0.04380327,0.8090664
1751960787141,64.16561,SteamVR Tracker (Waist),-0.5782844,0.7611345,1.22821,-0.4967934,0.4928934,0.501497,0.508678
1751960787141,64.16561,SteamVR Tracker (Right Foot),0,0,0,0,0,0,1
1751960787160,64.18595,SteamVR Tracker (Left Foot),-0.5087008,-0.08375812,0.5540243,-0.5855299,-0.04453459,0.04364975,0.8082488
1751960787161,64.18595,SteamVR Tracker (Waist),-0.5782433,0.7613031,1.228142,-0.4967977,0.4928859,0.5014864,0.5086913
1751960787161,64.18595,SteamVR Tracker (Right Foot),0,0,0,0,0,0,1
1751960787184,64.20949,SteamVR Tracker (Left Foot),-0.5086713,-0.08373237,0.5539425,-0.5855518,-0.04430255,0.04336695,0.808261
1751960787184,64.20949,SteamVR Tracker (Waist),-0.5782565,0.7614626,1.228259,-0.4967248,0.4928759,0.5015237,0.5087355
1751960787184,64.20949,SteamVR Tracker (Right Foot),0,0,0,0,0,0,1
1751960787206,64.23146,SteamVR Tracker (Left Foot),-0.5087891,-0.08370733,0.5537924,-0.5871082,-0.04467351,0.04346003,0.8071057
1751960787206,64.23146,SteamVR Tracker (Waist),-0.5782819,0.7614678,1.228188,-0.4967354,0.4929663,0.5014995,0.5086615
1751960787206,64.23146,SteamVR Tracker (Right Foot),0,0,0,0,0,0,1
1751960787230,64.25423,SteamVR Tracker (Left Foot),-0.5086929,-0.0837481,0.553808,-0.5864381,-0.04440359,0.04311986,0.8076258
1751960787231,64.25423,SteamVR Tracker (Waist),-0.5783468,0.7613339,1.228304,-0.4967434,0.4928859,0.5015472,0.5086846
1751960787231,64.25423,SteamVR Tracker (Right Foot),0,0,0,0,0,0,1
1751960787252,64.27656,SteamVR Tracker (Left Foot),-0.5086967,-0.08382225,0.5539654,-0.5871977,-0.04459121,0.04296905,0.8070714
1751960787252,64.27656,SteamVR Tracker (Waist),-0.578282,0.7611713,1.22833,-0.4967263,0.4928544,0.5015756,0.5087038
1751960787252,64.27656,SteamVR Tracker (Right Foot),0,0,0,0,0,0,1
1751960787273,64.29741,SteamVR Tracker (Left Foot),-0.5084815,-0.08402109,0.5539016,-0.5867006,-0.04431706,0.04215616,0.8074907
1751960787273,64.29741,SteamVR Tracker (Waist),-0.5782287,0.7613618,1.22828,-0.4967999,0.4928353,0.501534,0.5086913
1751960787273,64.29741,SteamVR Tracker (Right Foot),0,0,0,0,0,0,1
1751960787297,64.32068,SteamVR Tracker (Left Foot),-0.5082796,-0.0842936,0.5540897,-0.5860015,-0.0443059,0.04155908,0.8080298
1751960787297,64.32068,SteamVR Tracker (Waist),-0.5781946,0.7609745,1.228166,-0.4969089,0.4928806,0.5014836,0.5085908
1751960787297,64.32068,SteamVR Tracker (Right Foot),0,0,0,0,0,0,1
1751960787318,64.34247,SteamVR Tracker (Left Foot),-0.5082077,-0.08437347,0.554342,-0.5853614,-0.04485726,0.04093167,0.8084952
1751960787318,64.34247,SteamVR Tracker (Waist),-0.5781437,0.7609632,1.2283,-0.4968692,0.4928371,0.501572,0.5085844
1751960787319,64.34247,SteamVR Tracker (Right Foot),0,0,0,0,0,0,1
1751960787342,64.36571,SteamVR Tracker (Left Foot),-0.5081974,-0.08461046,0.5546204,-0.5844736,-0.04505054,0.0405984,0.8091433
1751960787342,64.36571,SteamVR Tracker (Waist),-0.578117,0.7607664,1.228317,-0.4968648,0.4928578,0.5015495,0.5085909
1751960787342,64.36571,SteamVR Tracker (Right Foot),0,0,0,0,0,0,1
1751960787364,64.38809,SteamVR Tracker (Left Foot),-0.5081277,-0.08473969,0.5547424,-0.583885,-0.04490189,0.04005764,0.8096033
1751960787364,64.38809,SteamVR Tracker (Waist),-0.5780935,0.7608109,1.228276,-0.4968631,0.4928384,0.5016489,0.5085133
1751960787364,64.38809,SteamVR Tracker (Right Foot),0,0,0,0,0,0,1
1751960787384,64.40884,SteamVR Tracker (Left Foot),-0.5080334,-0.08487201,0.5547417,-0.5840644,-0.0449195,0.03961587,0.8094947
1751960787384,64.40884,SteamVR Tracker (Waist),-0.5781697,0.7611068,1.228148,-0.4969876,0.4927038,0.5016533,0.5085178
1751960787384,64.40884,SteamVR Tracker (Right Foot),0,0,0,0,0,0,1
1751960787406,64.43151,SteamVR Tracker (Left Foot),-0.5079316,-0.08509874,0.5548913,-0.5836234,-0.04504614,0.03925896,0.809823
1751960787406,64.43151,SteamVR Tracker (Waist),-0.5781466,0.7613046,1.228238,-0.4968669,0.4927175,0.5016349,0.5086406
1751960787407,64.43151,SteamVR Tracker (Right Foot),0,0,0,0,0,0,1
1751960787430,64.45406,SteamVR Tracker (Left Foot),-0.5079335,-0.08536458,0.555038,-0.583505,-0.04523223,0.03897941,0.8099115
1751960787430,64.45406,SteamVR Tracker (Waist),-0.5782421,0.7614132,1.228261,-0.4970219,0.4926506,0.5017031,0.5084866
1751960787430,64.45406,SteamVR Tracker (Right Foot),0,0,0,0,0,0,1
1751960787451,64.47563,SteamVR Tracker (Left Foot),-0.5078241,-0.08555436,0.5550426,-0.5829115,-0.04512321,0.03864188,0.810361
1751960787451,64.47563,SteamVR Tracker (Waist),-0.5781468,0.7614554,1.228313,-0.4969304,0.492669,0.5016949,0.5085665
1751960787451,64.47563,SteamVR Tracker (Right Foot),0,0,0,0,0,0,1
1751960787472,64.49702,SteamVR Tracker (Left Foot),-0.5077475,-0.08564138,0.5551714,-0.5821226,-0.04500745,0.03842259,0.8109448
1751960787472,64.49702,SteamVR Tracker (Waist),-0.5781926,0.7615142,1.228251,-0.4969106,0.4926411,0.5016534,0.5086536
1751960787472,64.49702,SteamVR Tracker (Right Foot),0,0,0,0,0,0,1
1751960787495,64.51974,SteamVR Tracker (Left Foot),-0.5077918,-0.0857532,0.5551766,-0.5823219,-0.04513138,0.03829432,0.8108008
1751960787495,64.51974,SteamVR Tracker (Waist),-0.5782105,0.7613697,1.228089,-0.4970081,0.4926402,0.5016165,0.5085958
1751960787495,64.51974,SteamVR Tracker (Right Foot),0,0,0,0,0,0,1
1751960787518,64.54254,SteamVR Tracker (Left Foot),-0.5077593,-0.08593392,0.5551655,-0.5820673,-0.04522899,0.03806919,0.8109888
1751960787518,64.54254,SteamVR Tracker (Waist),-0.5782616,0.7612946,1.228085,-0.496916,0.4927325,0.5015828,0.5086295
1751960787519,64.54254,SteamVR Tracker (Right Foot),0,0,0,0,0,0,1
1751960787540,64.56436,SteamVR Tracker (Left Foot),-0.5077276,-0.08602285,0.555262,-0.5822004,-0.04512452,0.03772199,0.8109152
1751960787540,64.56436,SteamVR Tracker (Waist),-0.5782788,0.7612262,1.22804,-0.4969032,0.4927337,0.5016944,0.5085308
1751960787540,64.56436,SteamVR Tracker (Right Foot),0,0,0,0,0,0,1
1751960787559,64.5846,SteamVR Tracker (Left Foot),-0.5076741,-0.08598304,0.5554399,-0.5820022,-0.04536491,0.03772031,0.8110442
1751960787560,64.5846,SteamVR Tracker (Waist),-0.5781585,0.7610263,1.228228,-0.4968598,0.4926871,0.501731,0.5085821
1751960787560,64.5846,SteamVR Tracker (Right Foot),0,0,0,0,0,0,1
1751960787584,64.60834,SteamVR Tracker (Left Foot),-0.5077046,-0.08582211,0.555482,-0.5814763,-0.04583595,0.03802452,0.8113806
1751960787584,64.60834,SteamVR Tracker (Waist),-0.5778602,0.7610067,1.228269,-0.4968387,0.4927929,0.5016385,0.5085915
1751960787584,64.60834,SteamVR Tracker (Right Foot),0,0,0,0,0,0,1
1751960787606,64.6316,SteamVR Tracker (Left Foot),-0.507879,-0.08583307,0.5554132,-0.5819471,-0.04546634,0.03796515,0.8110666
1751960787606,64.6316,SteamVR Tracker (Waist),-0.5779679,0.76091,1.228382,-0.4969033,0.4927565,0.5017089,0.5084943
1751960787606,64.6316,SteamVR Tracker (Right Foot),0,0,0,0,0,0,1
1751960787626,64.65217,SteamVR Tracker (Left Foot),-0.508022,-0.08590293,0.5553554,-0.5820248,-0.04561339,0.03786778,0.8110072
1751960787626,64.65217,SteamVR Tracker (Waist),-0.5781635,0.7610819,1.228296,-0.4969073,0.4928175,0.5017338,0.5084067
1751960787626,64.65217,SteamVR Tracker (Right Foot),0,0,0,0,0,0,1
1751960787650,64.675,SteamVR Tracker (Left Foot),-0.5081999,-0.0859189,0.5552668,-0.5808613,-0.04612202,0.03795202,0.8118082
1751960787650,64.675,SteamVR Tracker (Waist),-0.5781105,0.7611241,1.22827,-0.4968779,0.4928342,0.5018011,0.5083528
1751960787650,64.675,SteamVR Tracker (Right Foot),0,0,0,0,0,0,1
1751960787673,64.69781,SteamVR Tracker (Left Foot),-0.508486,-0.08590889,0.5549424,-0.5821499,-0.04675941,0.03830088,0.8108318
1751960787673,64.69781,SteamVR Tracker (Waist),-0.5780841,0.7612166,1.228134,-0.4968584,0.4928364,0.5016938,0.5084757
1751960787673,64.69781,SteamVR Tracker (Right Foot),0,0,0,0,0,0,1
1751960787696,64.71996,SteamVR Tracker (Left Foot),-0.5085341,-0.08596992,0.555128,-0.5825179,-0.04710019,0.03832956,0.8105463
1751960787696,64.71996,SteamVR Tracker (Waist),-0.5782337,0.7614281,1.228087,-0.4969299,0.4927322,0.5017381,0.508463
1751960787696,64.71996,SteamVR Tracker (Right Foot),0,0,0,0,0,0,1
1751960787720,64.74438,SteamVR Tracker (Left Foot),-0.5084978,-0.08628225,0.5553665,-0.5814684,-0.0472225,0.03702148,0.8113532
1751960787721,64.74438,SteamVR Tracker (Waist),-0.5782266,0.7614307,1.228097,-0.4967828,0.4928318,0.5017113,0.5085366
1751960787721,64.74438,SteamVR Tracker (Right Foot),0,0,0,0,0,0,1
1751960787738,64.7643,SteamVR Tracker (Left Foot),-0.5085429,-0.08647704,0.5553485,-0.5812355,-0.04754512,0.0365149,0.8115241
1751960787738,64.7643,SteamVR Tracker (Waist),-0.578264,0.7614071,1.228134,-0.4968068,0.4928115,0.5017442,0.5085004
1751960787739,64.7643,SteamVR Tracker (Right Foot),0,0,0,0,0,0,1
1751960787761,64.78622,SteamVR Tracker (Left Foot),-0.5086135,-0.08653617,0.5552933,-0.5811239,-0.04752827,0.03571208,0.8116408
1751960787761,64.78622,SteamVR Tracker (Waist),-0.5780456,0.7612717,1.228085,-0.4967539,0.4927941,0.5018128,0.5085012
1751960787761,64.78622,SteamVR Tracker (Right Foot),0,0,0,0,0,0,1
1751960787784,64.80917,SteamVR Tracker (Left Foot),-0.5087897,-0.0866251,0.5554261,-0.5810588,-0.04817728,0.03594472,0.8116389
1751960787784,64.80917,SteamVR Tracker (Waist),-0.5780833,0.7613415,1.228085,-0.4967166,0.4927749,0.5018036,0.5085654
1751960787784,64.80917,SteamVR Tracker (Right Foot),0,0,0,0,0,0,1
1751960787807,64.83215,SteamVR Tracker (Left Foot),-0.5085995,-0.08683681,0.5557558,-0.5803199,-0.04855919,0.0348543,0.8121921
1751960787807,64.83215,SteamVR Tracker (Waist),-0.5782188,0.7614964,1.228085,-0.4966741,0.4927227,0.501968,0.5084952
1751960787807,64.83215,SteamVR Tracker (Right Foot),0,0,0,0,0,0,1
1751960787831,64.85431,SteamVR Tracker (Left Foot),-0.5085266,-0.08706045,0.5558348,-0.5805005,-0.04977655,0.03461699,0.8119994
1751960787831,64.85431,SteamVR Tracker (Waist),-0.5782506,0.7616922,1.228167,-0.4966263,0.4927086,0.5019451,0.5085781
1751960787831,64.85431,SteamVR Tracker (Right Foot),0,0,0,0,0,0,1
1751960787853,64.87673,SteamVR Tracker (Left Foot),-0.5085032,-0.0871911,0.5557782,-0.5815318,-0.04984388,0.03435442,0.8112683
1751960787853,64.87673,SteamVR Tracker (Waist),-0.5782951,0.7619178,1.22818,-0.4966452,0.4926757,0.5019821,0.5085551
1751960787853,64.87673,SteamVR Tracker (Right Foot),-0.2481537,0.04856563,0.4589239,-0.5344811,0.07581028,0.04149179,0.8407504
1751960787872,64.89855,SteamVR Tracker (Left Foot),-0.5083923,-0.08729148,0.5560911,-0.5806655,-0.05010743,0.03321445,0.8119198
1751960787872,64.89855,SteamVR Tracker (Waist),-0.5783523,0.7621163,1.22812,-0.496563,0.4928232,0.5019618,0.5085124
1751960787872,64.89855,SteamVR Tracker (Right Foot),-0.2504747,0.04581857,0.4581531,-0.5329829,0.07657073,0.04066332,0.8416726
1751960787897,64.92077,SteamVR Tracker (Left Foot),-0.5086713,-0.08794379,0.5568712,-0.5805651,-0.0526082,0.03229943,0.8118703
1751960787897,64.92077,SteamVR Tracker (Waist),-0.5784687,0.7623121,1.22798,-0.4964772,0.4929516,0.5018452,0.5085868
1751960787897,64.92077,SteamVR Tracker (Right Foot),-0.252443,0.04402685,0.4589459,-0.5310678,0.07631335,0.0403557,0.8429204
1751960787920,64.94504,SteamVR Tracker (Left Foot),-0.5087626,-0.08800435,0.5568584,-0.5766347,-0.05178396,0.03148561,0.8147512
1751960787920,64.94504,SteamVR Tracker (Waist),-0.5785621,0.7625539,1.227983,-0.4964846,0.4928181,0.5019862,0.5085698
1751960787920,64.94504,SteamVR Tracker (Right Foot),-0.2537977,0.04348946,0.4589888,-0.5292271,0.07700689,0.03999861,0.8440313
1751960787938,64.96339,SteamVR Tracker (Left Foot),-0.509061,-0.08800697,0.5568222,-0.5790591,-0.05235136,0.03250569,0.8129535
1751960787938,64.96339,SteamVR Tracker (Waist),-0.5786215,0.7628028,1.228024,-0.4963773,0.4928848,0.5020025,0.5085938
1751960787938,64.96339,SteamVR Tracker (Right Foot),-0.2542868,0.04378819,0.4586216,-0.5284263,0.07832658,0.03906827,0.844455
1751960787960,64.98613,SteamVR Tracker (Left Foot),-0.5090985,-0.08799934,0.5569397,-0.577401,-0.05256201,0.03288969,0.8141029
1751960787960,64.98613,SteamVR Tracker (Waist),-0.5786911,0.7631302,1.227989,-0.4963052,0.4929176,0.5020324,0.5086029
1751960787960,64.98613,SteamVR Tracker (Right Foot),-0.2523152,0.04498506,0.4587401,-0.5283258,0.08247562,0.04015776,0.8440717
1751960787984,65.0085,SteamVR Tracker (Left Foot),-0.5094297,-0.08770156,0.5569212,-0.577809,-0.05434369,0.03546313,0.8135883
1751960787984,65.0085,SteamVR Tracker (Waist),-0.5786294,0.7632161,1.227895,-0.4963445,0.4929382,0.5019336,0.5086421
1751960787984,65.0085,SteamVR Tracker (Right Foot),-0.2502364,0.04728293,0.4584817,-0.5314757,0.09097324,0.04655316,0.8408866
1751960788039,65.06165,SteamVR Tracker (Left Foot),-0.5095173,-0.08776426,0.5567341,-0.578522,-0.05429516,0.0359792,0.813062
1751960788039,65.06165,SteamVR Tracker (Waist),-0.5786946,0.7632575,1.227823,-0.496389,0.4928776,0.5018006,0.5087885
1751960788039,65.06165,SteamVR Tracker (Right Foot),-0.2399697,0.05390716,0.4576158,-0.5317063,0.1097161,0.07831299,0.8361327
1751960788064,65.08788,SteamVR Tracker (Left Foot),-0.5098022,-0.08783913,0.5566314,-0.5791283,-0.05399182,0.03616779,0.8126422
1751960788064,65.08788,SteamVR Tracker (Waist),-0.5790464,0.764178,1.22782,-0.4963619,0.4927619,0.5017779,0.5089495
1751960788064,65.08788,SteamVR Tracker (Right Foot),-0.2283591,0.05475402,0.4531932,-0.5278891,0.1573418,0.1211084,0.8257781
1751960788098,65.12028,SteamVR Tracker (Left Foot),-0.5095214,-0.08820844,0.5564112,-0.5805182,-0.05312936,0.03458101,0.8117759
1751960788098,65.12028,SteamVR Tracker (Waist),-0.5790267,0.7642992,1.227868,-0.4964317,0.4927571,0.5017762,0.5088878
1751960788098,65.12028,SteamVR Tracker (Right Foot),-0.2163223,0.05757523,0.4510718,-0.5177277,0.1975202,0.1485922,0.819063
1751960788118,65.14331,SteamVR Tracker (Left Foot),-0.5094883,-0.08848023,0.5565416,-0.5812282,-0.05196944,0.03284498,0.811415
1751960788118,65.14331,SteamVR Tracker (Waist),-0.578864,0.7641807,1.227905,-0.4963215,0.4927024,0.5018771,0.5089487
1751960788118,65.14331,SteamVR Tracker (Right Foot),-0.2106038,0.05665636,0.4500147,-0.5102616,0.2157553,0.1578735,0.8174098
1751960788139,65.16369,SteamVR Tracker (Left Foot),-0.5092746,-0.08846068,0.5569318,-0.580359,-0.05255473,0.03215576,0.8120268
1751960788140,65.16369,SteamVR Tracker (Waist),-0.5788833,0.7642547,1.227965,-0.4963507,0.4926366,0.5019195,0.5089421
1751960788140,65.16369,SteamVR Tracker (Right Foot),-0.2047021,0.05904055,0.4497887,-0.5090942,0.2201301,0.1633222,0.8158993
1751960788187,65.2109,SteamVR Tracker (Left Foot),-0.5092845,-0.08857751,0.5569364,-0.5798265,-0.05311452,0.0320079,0.8123766
1751960788187,65.2109,SteamVR Tracker (Waist),-0.5787882,0.763929,1.227878,-0.4963734,0.4926814,0.5019017,0.5088941
1751960788187,65.2109,SteamVR Tracker (Right Foot),-0.1936539,0.06265187,0.4509359,-0.5079423,0.2148054,0.164125,0.8178731
1751960788220,65.24359,SteamVR Tracker (Left Foot),-0.5093652,-0.08880663,0.5570137,-0.5784169,-0.05383657,0.03135465,0.8133588
1751960788220,65.24359,SteamVR Tracker (Waist),-0.578638,0.7632817,1.228088,-0.4963269,0.492701,0.501849,0.5089725
1751960788220,65.24359,SteamVR Tracker (Right Foot),-0.1721581,0.06415844,0.4529135,-0.5022992,0.2168434,0.1702038,0.8195763
1751960788246,65.27119,SteamVR Tracker (Left Foot),-0.5093397,-0.08898187,0.5569275,-0.5798126,-0.05411575,0.03139296,0.8123444
1751960788246,65.27119,SteamVR Tracker (Waist),-0.5786563,0.7632921,1.228052,-0.4962486,0.492679,0.5018215,0.5090973
1751960788246,65.27119,SteamVR Tracker (Right Foot),-0.1566022,0.06663179,0.4558089,-0.5037901,0.2129152,0.1707507,0.8195772
1751960788281,65.30445,SteamVR Tracker (Left Foot),-0.5092674,-0.08928728,0.5572529,-0.5784031,-0.05482986,0.03152879,0.8132955
1751960788282,65.30445,SteamVR Tracker (Waist),-0.5785075,0.7629567,1.227883,-0.4963295,0.4927986,0.5017095,0.5090129
1751960788282,65.30445,SteamVR Tracker (Right Foot),-0.133462,0.06926847,0.4592325,-0.5061622,0.2151617,0.1797363,0.8155981
1751960788314,65.33811,SteamVR Tracker (Left Foot),-0.5092355,-0.08962107,0.5574945,-0.5773594,-0.05607602,0.03168103,0.8139459
1751960788314,65.33811,SteamVR Tracker (Waist),-0.578584,0.7627276,1.228076,-0.4964494,0.4927102,0.5017266,0.5089647
1751960788314,65.33811,SteamVR Tracker (Right Foot),-0.1048249,0.07321143,0.4621773,-0.50508,0.2206881,0.2015039,0.8096834
1751960788374,65.39693,SteamVR Tracker (Left Foot),-0.5091473,-0.08992362,0.5578998,-0.5745854,-0.05699116,0.03116609,0.8158629
1751960788374,65.39693,SteamVR Tracker (Waist),-0.5784647,0.7627636,1.228013,-0.4964568,0.4926989,0.5016592,0.5090349
1751960788374,65.39693,SteamVR Tracker (Right Foot),-0.06997438,0.079108,0.468332,-0.5102922,0.231065,0.2253067,0.7971498
1751960788391,65.41676,SteamVR Tracker (Left Foot),-0.5092095,-0.09045601,0.5583906,-0.5718071,-0.05858029,0.03073851,0.8177165
1751960788391,65.41676,SteamVR Tracker (Waist),-0.5784502,0.7625538,1.227974,-0.4963567,0.4927716,0.501618,0.5091029
1751960788391,65.41676,SteamVR Tracker (Right Foot),-0.02697326,0.08628654,0.4768861,-0.5193709,0.2376254,0.2516376,0.7813236
1751960788440,65.46215,SteamVR Tracker (Left Foot),-0.5088928,-0.09061861,0.5589138,-0.5681912,-0.06010581,0.03037359,0.8201363
1751960788440,65.46215,SteamVR Tracker (Waist),-0.5784316,0.7624292,1.228005,-0.4962925,0.4927436,0.5016257,0.5091848
1751960788440,65.46215,SteamVR Tracker (Right Foot),0.02227731,0.09582424,0.4891873,-0.5334451,0.2458637,0.2776067,0.7602118
1751960788485,65.5075,SteamVR Tracker (Left Foot),-0.5091504,-0.09082913,0.559665,-0.5635907,-0.06085894,0.03067909,0.8232378
1751960788485,65.5075,SteamVR Tracker (Waist),-0.5784932,0.7626696,1.227994,-0.4963655,0.4927574,0.5015669,0.5091581
1751960788485,65.5075,SteamVR Tracker (Right Foot),0.07510047,0.1071563,0.502263,-0.5493084,0.2611162,0.3089961,0.7311636
1751960788552,65.57533,SteamVR Tracker (Left Foot),-0.5098006,-0.09076977,0.5601744,-0.5597895,-0.05934341,0.03338933,0.8258325
1751960788552,65.57533,SteamVR Tracker (Waist),-0.5785474,0.7625957,1.227944,-0.4963335,0.4927215,0.5016844,0.5091085
1751960788552,65.57533,SteamVR Tracker (Right Foot),0.1216192,0.1171093,0.514784,-0.5608903,0.2829716,0.3360677,0.7017035
1751960788581,65.60629,SteamVR Tracker (Left Foot),-0.5104439,-0.09091306,0.5611667,-0.5523728,-0.05826063,0.03651515,0.8307567
1751960788582,65.60629,SteamVR Tracker (Waist),-0.5787375,0.7632372,1.22799,-0.496345,0.4926716,0.5016337,0.5091954
1751960788582,65.60629,SteamVR Tracker (Right Foot),0.1821048,0.1276443,0.530187,-0.5727826,0.3042284,0.3704157,0.6649492
1751960788610,65.63514,SteamVR Tracker (Left Foot),-0.5107299,-0.09124231,0.5618519,-0.548849,-0.05840175,0.03655333,0.8330774
1751960788610,65.63514,SteamVR Tracker (Waist),-0.578739,0.7633089,1.227841,-0.4962654,0.49277,0.5017775,0.5090361
1751960788611,65.63514,SteamVR Tracker (Right Foot),0.2059483,0.1299324,0.5376608,-0.5766441,0.3124549,0.3787785,0.6529781
1751960788648,65.67215,SteamVR Tracker (Left Foot),-0.5113211,-0.09143829,0.5624523,-0.5442653,-0.05880228,0.03900557,0.8359403
1751960788648,65.67215,SteamVR Tracker (Waist),-0.5787907,0.7636682,1.227865,-0.4963492,0.492677,0.501762,0.5090598
1751960788648,65.67215,SteamVR Tracker (Right Foot),0.2300568,0.1297524,0.5473155,-0.5854053,0.3127667,0.381566,0.643339
1751960788706,65.72909,SteamVR Tracker (Left Foot),-0.5118843,-0.09153175,0.5637708,-0.5335703,-0.0589205,0.04123241,0.8426927
1751960788706,65.72909,SteamVR Tracker (Waist),-0.5786129,0.7633203,1.228047,-0.4962487,0.4927568,0.5018359,0.5090076
1751960788706,65.72909,SteamVR Tracker (Right Foot),0.2425622,0.1195133,0.5556138,-0.590341,0.3094547,0.3652544,0.649865
1751960788725,65.74957,SteamVR Tracker (Left Foot),-0.5131006,-0.09156919,0.5652516,-0.5178373,-0.05868834,0.04519767,0.852266
1751960788725,65.74957,SteamVR Tracker (Waist),-0.5787009,0.763671,1.228,-0.4963775,0.4926453,0.5017604,0.5090644
1751960788725,65.74957,SteamVR Tracker (Right Foot),0.2600322,0.1055987,0.5655379,-0.5955053,0.3144971,0.3507758,0.6507084
1751960788754,65.77882,SteamVR Tracker (Left Foot),-0.5141627,-0.09137678,0.5677381,-0.4973614,-0.05650626,0.04885623,0.8643216
1751960788755,65.77882,SteamVR Tracker (Waist),-0.5788525,0.7638012,1.227937,-0.4964817,0.4925314,0.5018198,0.5090145
1751960788755,65.77882,SteamVR Tracker (Right Foot),0.2522925,0.08278704,0.5690301,-0.5740683,0.3231917,0.3277474,0.6771812
1751960788791,65.81394,SteamVR Tracker (Left Foot),-0.5148182,-0.09115291,0.571454,-0.4651272,-0.0550875,0.04955802,0.8821372
1751960788791,65.81394,SteamVR Tracker (Waist),-0.5781599,0.7618585,1.227979,-0.4965703,0.4925198,0.5017341,0.5090238
1751960788791,65.81394,SteamVR Tracker (Right Foot),0.2645932,0.06597733,0.5870256,-0.5347062,0.3118824,0.2645433,0.7394833
1751960788829,65.85165,SteamVR Tracker (Left Foot),-0.5142391,-0.09077144,0.5791764,-0.393488,-0.04875707,0.03934199,0.9171925
1751960788830,65.85165,SteamVR Tracker (Waist),-0.5780573,0.761658,1.228112,-0.4965421,0.4925275,0.5017977,0.5089811
1751960788830,65.85165,SteamVR Tracker (Right Foot),0.2661347,0.0630827,0.5804353,-0.5027559,0.3301858,0.2692216,0.7521527
1751960788884,65.9071,SteamVR Tracker (Left Foot),-0.5052034,-0.08698654,0.5927078,-0.2815627,0.01777197,-0.03802859,0.9586242
1751960788884,65.9071,SteamVR Tracker (Waist),-0.5780491,0.7612612,1.228035,-0.4966211,0.4925258,0.5018874,0.5088171
1751960788884,65.9071,SteamVR Tracker (Right Foot),0.2789712,0.05768037,0.5739139,-0.49986,0.3835427,0.2283234,0.7422287
1751960788904,65.92927,SteamVR Tracker (Left Foot),-0.4851221,-0.0692935,0.609271,-0.1887468,0.1258854,-0.1796667,0.9572081
1751960788904,65.92927,SteamVR Tracker (Waist),-0.5782262,0.7612967,1.227984,-0.4966389,0.4925436,0.5019188,0.5087516
1751960788904,65.92927,SteamVR Tracker (Right Foot),0.2871459,0.05076933,0.5712641,-0.4914758,0.4336534,0.1664385,0.7366781
1751960788935,65.95885,SteamVR Tracker (Left Foot),-0.4514939,-0.04743791,0.6283948,-0.1364105,0.1426107,-0.2406827,0.9503295
1751960788935,65.95885,SteamVR Tracker (Waist),-0.5780661,0.7613133,1.228125,-0.4964362,0.49268,0.5019249,0.5088114
1751960788935,65.95885,SteamVR Tracker (Right Foot),0.2805531,0.05673027,0.5730873,-0.4918864,0.3694515,0.2309282,0.7538074
1751960788971,65.99495,SteamVR Tracker (Left Foot),-0.3522316,-0.02916408,0.6610122,-0.2479553,0.2628235,-0.06161162,0.930401
1751960788971,65.99495,SteamVR Tracker (Waist),-0.5780735,0.7613525,1.228013,-0.4967359,0.4924752,0.5019146,0.5087271
1751960788971,65.99495,SteamVR Tracker (Right Foot),0.2834119,0.05133176,0.5710968,-0.4840823,0.3718172,0.2234924,0.7599128
1751960789002,66.02724,SteamVR Tracker (Left Foot),-0.270698,-0.04230952,0.6878526,-0.2129409,0.2879948,0.06178463,0.9316103
1751960789002,66.02724,SteamVR Tracker (Waist),-0.5780203,0.7611928,1.228068,-0.4966383,0.492534,0.5020533,0.5086288
1751960789002,66.02724,SteamVR Tracker (Right Foot),0.2689573,0.03855896,0.5686061,-0.4864133,0.3813973,0.2189429,0.7549849
1751960789049,66.07301,SteamVR Tracker (Left Foot),-0.2236451,-0.04672217,0.717329,-0.2697121,0.2224009,0.07600074,0.9338186
1751960789049,66.07301,SteamVR Tracker (Waist),-0.5781125,0.76127,1.228117,-0.4967479,0.4926684,0.5019594,0.5084842
1751960789049,66.07301,SteamVR Tracker (Right Foot),0.265601,0.03608179,0.5699603,-0.4796866,0.3835496,0.2198505,0.757929
1751960789069,66.09401,SteamVR Tracker (Left Foot),-0.12266,-0.04776645,0.7761371,-0.3383945,0.1949452,0.1000281,0.9151394
1751960789069,66.09401,SteamVR Tracker (Waist),-0.5780108,0.7611665,1.228199,-0.496773,0.49257,0.5019647,0.5085498
1751960789069,66.09401,SteamVR Tracker (Right Foot),0.264318,0.03433394,0.5697826,-0.4761302,0.3832541,0.2229374,0.7594177
1751960789107,66.13018,SteamVR Tracker (Left Foot),-0.04071268,-0.05439544,0.8388982,-0.4183769,0.1360709,0.0714328,0.8951775
1751960789107,66.13018,SteamVR Tracker (Waist),-0.5780934,0.7614574,1.228052,-0.496819,0.4925532,0.50204,0.5084468
1751960789107,66.13018,SteamVR Tracker (Right Foot),0.2704732,0.04198647,0.5725923,-0.4703999,0.3858149,0.221766,0.7620306
1751960789142,66.16517,SteamVR Tracker (Left Foot),0.0392231,-0.05981278,0.9047671,-0.4855129,0.08089578,0.07097396,0.8675804
1751960789142,66.16517,SteamVR Tracker (Waist),-0.578055,0.761425,1.22794,-0.4969337,0.4925049,0.502053,0.5083686
1751960789143,66.16517,SteamVR Tracker (Right Foot),0.2724037,0.04486299,0.573585,-0.4676538,0.3872649,0.2213151,0.7631156
1751960789169,66.19446,SteamVR Tracker (Left Foot),0.1208875,-0.06105232,0.9712371,-0.545848,0.03059492,0.07849633,0.833638
1751960789170,66.19446,SteamVR Tracker (Waist),-0.5780113,0.7615076,1.228008,-0.4968416,0.4924998,0.5020861,0.5084309
1751960789170,66.19446,SteamVR Tracker (Right Foot),0.2774476,0.05007672,0.5757338,-0.4643087,0.3893995,0.2213247,0.7640687
1751960789225,66.2483,SteamVR Tracker (Left Foot),0.2059146,-0.05323529,1.038072,-0.5840864,-0.007205954,0.1214142,0.8025271
1751960789225,66.2483,SteamVR Tracker (Waist),-0.578123,0.761245,1.227888,-0.4968642,0.492612,0.5021017,0.5082847
1751960789225,66.2483,SteamVR Tracker (Right Foot),0.2820588,0.05533266,0.5776718,-0.4630699,0.3915528,0.2227993,0.763291
1751960789247,66.2725,SteamVR Tracker (Left Foot),0.316705,-0.03999138,1.122304,-0.6272871,-0.04541533,0.1937037,0.7529457
1751960789247,66.2725,SteamVR Tracker (Waist),-0.5780916,0.7613087,1.227674,-0.4968601,0.4926285,0.5021422,0.5082326
1751960789247,66.2725,SteamVR Tracker (Right Foot),0.2810706,0.05378628,0.5785748,-0.4560389,0.3916605,0.2252823,0.7667324
1751960789284,66.30788,SteamVR Tracker (Left Foot),0.3877411,-0.01609993,1.182442,-0.6571558,-0.02147681,0.249257,0.7110246
1751960789284,66.30788,SteamVR Tracker (Waist),-0.5780404,0.7613118,1.227896,-0.4966916,0.4927139,0.502117,0.5083395
1751960789284,66.30788,SteamVR Tracker (Right Foot),0.2822175,0.0541904,0.5791689,-0.4535116,0.3936718,0.224759,0.7673547
1751960789318,66.34089,SteamVR Tracker (Left Foot),0.4255427,0.003210783,1.237955,-0.6863618,-0.04566532,0.2462798,0.6827653
1751960789318,66.34089,SteamVR Tracker (Waist),-0.5777876,0.7611142,1.228037,-0.4966973,0.4927257,0.5021262,0.5083134
1751960789318,66.34089,SteamVR Tracker (Right Foot),0.2830968,0.05395436,0.5793247,-0.4501798,0.399706,0.2170925,0.7684036
1751960789349,66.37315,SteamVR Tracker (Left Foot),0.445726,0.0164957,1.280875,-0.7208355,-0.104566,0.2020385,0.654708
1751960789349,66.37315,SteamVR Tracker (Waist),-0.5778711,0.7612184,1.227993,-0.496902,0.4925532,0.5021624,0.5082448
1751960789350,66.37315,SteamVR Tracker (Right Foot),0.2846012,0.05340767,0.5801764,-0.4391506,0.4074004,0.2074685,0.7733877
1751960789406,66.43027,SteamVR Tracker (Left Foot),0.4508522,-0.001236439,1.282424,-0.6949425,-0.1267277,0.183198,0.6836911
1751960789406,66.43027,SteamVR Tracker (Waist),-0.5781108,0.7613716,1.227811,-0.4969327,0.4927025,0.5019979,0.5082324
1751960789406,66.43027,SteamVR Tracker (Right Foot),0.2902495,0.0542047,0.5815739,-0.4049652,0.4246681,0.175086,0.7905726
1751960789426,66.45117,SteamVR Tracker (Left Foot),0.4755786,-0.02031708,1.297854,-0.678482,-0.1317473,0.1514914,0.7066507
1751960789426,66.45117,SteamVR Tracker (Waist),-0.5780907,0.7616192,1.227736,-0.4969853,0.4926456,0.5018995,0.5083334
1751960789426,66.45117,SteamVR Tracker (Right Foot),0.2975107,0.05535388,0.5843506,-0.3527357,0.4438327,0.1311307,0.8132619
1751960789461,66.48566,SteamVR Tracker (Left Foot),0.4809569,-0.03458929,1.294586,-0.6607666,-0.02358031,0.1031435,0.7430969
1751960789462,66.48566,SteamVR Tracker (Waist),-0.5780386,0.7613914,1.228036,-0.496911,0.492644,0.5019683,0.5083396
1751960789462,66.48566,SteamVR Tracker (Right Foot),0.304332,0.05441403,0.5881732,-0.2863967,0.4597845,0.09069137,0.8356735
1751960789492,66.51733,SteamVR Tracker (Left Foot),0.4869442,-0.04770517,1.313345,-0.5469287,-0.02477317,0.09195712,0.8317447
1751960789492,66.51733,SteamVR Tracker (Waist),-0.5780263,0.7611902,1.227932,-0.4969995,0.4927087,0.5019164,0.5082417
1751960789492,66.51733,SteamVR Tracker (Right Foot),0.3139645,0.05307508,0.5930077,-0.1970725,0.4735175,0.03327555,0.8578091
1751960789525,66.54729,SteamVR Tracker (Left Foot),0.4887313,-0.0441339,1.302156,-0.5963134,-0.0468285,0.1006546,0.7950384
1751960789525,66.54729,SteamVR Tracker (Waist),-0.5779105,0.7612053,1.228028,-0.4971091,0.492618,0.5018799,0.5082584
1751960789525,66.54729,SteamVR Tracker (Right Foot),0.3257262,0.05027246,0.6035903,-0.03385224,0.4679711,-0.05073512,0.8816366
1751960789583,66.60629,SteamVR Tracker (Left Foot),0.4974762,-0.04257441,1.302696,-0.5740785,0.003561187,0.05746398,0.8167736
1751960789583,66.60629,SteamVR Tracker (Waist),-0.5781426,0.7612152,1.227913,-0.4972215,0.4924992,0.5019165,0.5082275
1751960789583,66.60629,SteamVR Tracker (Right Foot),0.3551142,0.08267736,0.6278401,0.03352309,0.3967573,-0.03711391,0.9165601
1751960789601,66.62521,SteamVR Tracker (Left Foot),0.502947,-0.0422554,1.304896,-0.5625333,0.0148191,0.03851382,0.8257442
1751960789602,66.62521,SteamVR Tracker (Waist),-0.5781336,0.7613949,1.227922,-0.4971582,0.4924858,0.5018823,0.5083362
1751960789602,66.62521,SteamVR Tracker (Right Foot),0.4060632,0.1215363,0.6730265,0.0667725,0.3836139,-0.04494585,0.9199792
1751960789636,66.66099,SteamVR Tracker (Left Foot),0.5019696,-0.03910685,1.304527,-0.5729674,-0.002367631,0.05477881,0.817742
1751960789636,66.66099,SteamVR Tracker (Waist),-0.5780102,0.7614101,1.227881,-0.4971645,0.4923995,0.5019636,0.5083333
1751960789636,66.66099,SteamVR Tracker (Right Foot),0.4755297,0.136471,0.7305468,0.007132067,0.3230269,0.06294534,0.9442673
1751960789668,66.6936,SteamVR Tracker (Left Foot),0.501762,-0.03719974,1.30367,-0.573579,-0.001556634,0.05805056,0.8170893
1751960789668,66.6936,SteamVR Tracker (Waist),-0.5780342,0.7611586,1.227951,-0.4971565,0.4923474,0.5019106,0.508444
1751960789668,66.6936,SteamVR Tracker (Right Foot),0.5422765,0.1350365,0.8069505,-0.01024007,0.3158545,0.1208485,0.9410243
1751960789703,66.72713,SteamVR Tracker (Left Foot),0.5014484,-0.03669167,1.303687,-0.5720146,-0.001821574,0.0581159,0.81818
1751960789703,66.72713,SteamVR Tracker (Waist),-0.5781845,0.7613336,1.227884,-0.4972876,0.4921762,0.5019863,0.5084068
1751960789703,66.72713,SteamVR Tracker (Right Foot),0.6135019,0.1239164,0.8992566,-0.1034979,0.3051485,0.14925,0.9348246
1751960789765,66.78837,SteamVR Tracker (Left Foot),0.5005537,-0.03818798,1.304394,-0.5694167,-0.004316011,0.05573433,0.8201462
1751960789765,66.78837,SteamVR Tracker (Waist),-0.5779794,0.7612901,1.227862,-0.4972352,0.4924064,0.5019038,0.5083165
1751960789765,66.78837,SteamVR Tracker (Right Foot),0.6872271,0.08679509,1.035255,-0.2190781,0.2515924,0.138459,0.9324887
1751960789780,66.80521,SteamVR Tracker (Left Foot),0.5013636,-0.03796601,1.305167,-0.5658484,-0.007086248,0.05402024,0.8227072
1751960789780,66.80521,SteamVR Tracker (Waist),-0.5781276,0.7613939,1.22795,-0.4972071,0.4923844,0.5019521,0.5083177
1751960789780,66.80521,SteamVR Tracker (Right Foot),0.7644289,0.06557298,1.18154,-0.3405748,0.1842835,0.1505241,0.9096103
1751960789815,66.83868,SteamVR Tracker (Left Foot),0.5021635,-0.0371244,1.305198,-0.5624953,-0.009064236,0.05240456,0.8250883
1751960789815,66.83868,SteamVR Tracker (Waist),-0.5780009,0.7613581,1.228027,-0.4971539,0.492489,0.5018521,0.5083672
1751960789815,66.83868,SteamVR Tracker (Right Foot),0.8040646,0.05157161,1.30191,-0.431841,0.1517001,0.1506943,0.8762372
1751960789855,66.8723,SteamVR Tracker (Left Foot),0.5030856,-0.03559589,1.304971,-0.5615591,-0.01040615,0.05155255,0.8257636
1751960789855,66.8723,SteamVR Tracker (Waist),-0.5781941,0.7615256,1.22805,-0.4970989,0.4925262,0.5018929,0.5083447
1751960789855,66.8723,SteamVR Tracker (Right Foot),0.8341964,0.0472343,1.435854,-0.5287907,0.1200291,0.1433783,0.8278986
1751960789882,66.90542,SteamVR Tracker (Left Foot),0.503536,-0.03399849,1.304972,-0.5595997,-0.01146321,0.05201054,0.82705
1751960789882,66.90542,SteamVR Tracker (Waist),-0.5781295,0.7614039,1.227989,-0.4970918,0.4926466,0.5018388,0.5082883
1751960789882,66.90542,SteamVR Tracker (Right Foot),0.8410536,0.0659411,1.562863,-0.6143434,0.09922884,0.1126025,0.7746331
1751960789944,66.96596,SteamVR Tracker (Left Foot),0.5010796,-0.03998041,1.307037,-0.55601,-0.01351721,0.05204852,0.8294342
1751960789944,66.96596,SteamVR Tracker (Waist),-0.5780152,0.7613482,1.227853,-0.497057,0.4926383,0.5018689,0.5083006
1751960789944,66.96596,SteamVR Tracker (Right Foot),0.8113437,0.1008897,1.648049,-0.6790342,0.0679606,0.05137523,0.7291464
1751960789968,66.99253,SteamVR Tracker (Left Foot),0.5014292,-0.04039526,1.308311,-0.5434027,-0.01992787,0.04818752,0.837851
1751960789969,66.99253,SteamVR Tracker (Waist),-0.5780233,0.7614114,1.227856,-0.4970589,0.4926519,0.5018834,0.5082712
1751960789969,66.99253,SteamVR Tracker (Right Foot),0.7832164,0.1266773,1.77828,-0.7314855,-0.009876919,-0.08319982,0.6766899
1751960790012,67.03657,SteamVR Tracker (Left Foot),0.4991712,-0.04273748,1.31124,-0.5181597,-0.02384861,0.0505543,0.8534554
1751960790012,67.03657,SteamVR Tracker (Waist),-0.5780634,0.7614753,1.227907,-0.4970187,0.4927226,0.50187,0.5082552
1751960790013,67.03657,SteamVR Tracker (Right Foot),0.7450644,0.103225,1.790318,-0.6987473,-0.02867573,-0.1271795,0.7033885
1751960790060,67.08115,SteamVR Tracker (Left Foot),0.4957965,-0.04632854,1.316709,-0.4646784,-0.03230686,0.0551501,0.8831697
1751960790060,67.08115,SteamVR Tracker (Waist),-0.577955,0.7613602,1.227776,-0.496952,0.4927139,0.5018551,0.5083437
1751960790060,67.08115,SteamVR Tracker (Right Foot),0.7067108,0.05109549,1.776433,-0.5763108,-0.1587843,-0.1230204,0.7921612
1751960790132,67.15432,SteamVR Tracker (Left Foot),0.4911271,-0.04968786,1.333511,-0.2867715,-0.0680708,0.05606588,0.9539314
1751960790132,67.15432,SteamVR Tracker (Waist),-0.5778965,0.7611111,1.227972,-0.4970386,0.492769,0.5018844,0.5081767
1751960790132,67.15432,SteamVR Tracker (Right Foot),0.7337146,0.05128527,1.774923,-0.5134736,-0.07471582,-0.1184092,0.846606
1751960790156,67.17992,SteamVR Tracker (Left Foot),0.4897874,-0.03743219,1.355953,-0.03736101,-0.1823596,0.1163815,0.9756047
1751960790156,67.17992,SteamVR Tracker (Waist),-0.57792,0.7612771,1.227976,-0.4971288,0.4927063,0.5019525,0.5080819
1751960790156,67.17992,SteamVR Tracker (Right Foot),0.7321112,0.0427165,1.77913,-0.4983128,-0.07534773,-0.09768606,0.8581751
1751960790200,67.22112,SteamVR Tracker (Left Foot),0.4762862,0.004994869,1.415945,-0.07721056,-0.2226852,0.08504927,0.9680994
1751960790200,67.22112,SteamVR Tracker (Waist),-0.5779513,0.7613977,1.227932,-0.497085,0.4926761,0.5019345,0.5081717
1751960790200,67.22112,SteamVR Tracker (Right Foot),0.7326446,0.03900599,1.779355,-0.5269828,-0.08578302,-0.08807745,0.8409356
1751960790246,67.269,SteamVR Tracker (Left Foot),0.4431795,0.01108217,1.523983,-0.2064079,-0.2918971,-0.1212521,0.9260074
1751960790246,67.269,SteamVR Tracker (Waist),-0.5780461,0.761521,1.2279,-0.4971239,0.4925779,0.5019116,0.5082515
1751960790246,67.269,SteamVR Tracker (Right Foot),0.7349112,0.03686595,1.779918,-0.5186737,-0.08282384,-0.08817992,0.84637
1751960790319,67.34019,SteamVR Tracker (Left Foot),0.4240054,-0.008734226,1.644616,-0.2986465,-0.3082505,-0.1229923,0.8947988
1751960790319,67.34019,SteamVR Tracker (Waist),-0.5780497,0.7614988,1.227771,-0.4971268,0.4927234,0.5019287,0.5080907
1751960790319,67.34019,SteamVR Tracker (Right Foot),0.7305562,0.0361197,1.780282,-0.5102903,-0.08520422,-0.07841417,0.8521709
1751960790345,67.36964,SteamVR Tracker (Left Foot),0.3899946,-0.02533841,1.791878,-0.4151541,-0.351771,-0.1552999,0.8244915
1751960790345,67.36964,SteamVR Tracker (Waist),-0.5780487,0.7616664,1.227759,-0.4971448,0.4927189,0.5019065,0.5080994
1751960790345,67.36964,SteamVR Tracker (Right Foot),0.730831,0.03556323,1.78073,-0.5006147,-0.08560523,-0.07812112,0.8578775
1751960790385,67.40912,SteamVR Tracker (Left Foot),0.3485583,-0.03194928,1.902948,-0.504338,-0.3903502,-0.1855524,0.7475562
1751960790385,67.40912,SteamVR Tracker (Waist),-0.5777956,0.7612318,1.227904,-0.4971068,0.4926287,0.5019921,0.5081396
1751960790385,67.40912,SteamVR Tracker (Right Foot),0.7310321,0.03658509,1.780955,-0.4953107,-0.08514741,-0.07964861,0.8608562
1751960790430,67.45367,SteamVR Tracker (Left Foot),0.2906373,-0.02506828,2.007725,-0.5756521,-0.4327656,-0.236882,0.6520932
1751960790431,67.45367,SteamVR Tracker (Waist),-0.5781307,0.7613362,1.227888,-0.4971952,0.4926423,0.501981,0.5080507
1751960790431,67.45367,SteamVR Tracker (Right Foot),0.7313377,0.03647923,1.781801,-0.4907678,-0.08455814,-0.07878918,0.8635909
1751960790506,67.52721,SteamVR Tracker (Left Foot),0.2281269,-0.003615141,2.077438,-0.6072323,-0.5147868,-0.2774867,0.5378333
1751960790506,67.52721,SteamVR Tracker (Waist),-0.5781177,0.7613101,1.227808,-0.4971115,0.4927243,0.501951,0.5080829
1751960790506,67.52721,SteamVR Tracker (Right Foot),0.7308277,0.03659129,1.783728,-0.4830987,-0.08382726,-0.07719403,0.8681186
1751960790535,67.55933,SteamVR Tracker (Left Foot),0.1717409,0.008679867,2.133691,0.6072052,0.5836932,0.3465343,-0.4129383
1751960790535,67.55933,SteamVR Tracker (Waist),-0.5777403,0.7610184,1.227982,-0.4971659,0.4926656,0.5018772,0.5081593
1751960790535,67.55933,SteamVR Tracker (Right Foot),0.7308394,0.03640413,1.785061,-0.4702727,-0.08340073,-0.07425857,0.8754277
1751960790577,67.59988,SteamVR Tracker (Left Foot),0.1616307,0.004878998,2.14741,0.5980659,0.5951036,0.360696,-0.397577
1751960790578,67.59988,SteamVR Tracker (Waist),-0.5780864,0.7614017,1.227747,-0.4971435,0.4927344,0.5018888,0.5081032
1751960790578,67.59988,SteamVR Tracker (Right Foot),0.7309762,0.03644967,1.787646,-0.4476164,-0.08300183,-0.07523371,0.887181
1751960790623,67.64426,SteamVR Tracker (Left Foot),0,0,0,0,0,0,1
1751960790623,67.64426,SteamVR Tracker (Waist),-0.5780454,0.7616644,1.227894,-0.4970862,0.4926853,0.5019509,0.5081455
1751960790624,67.64426,SteamVR Tracker (Right Foot),0.731354,0.03615332,1.794091,-0.3934842,-0.08539356,-0.07531491,0.9122532
1751960790697,67.71997,SteamVR Tracker (Left Foot),0,0,0,0,0,0,1
1751960790697,67.71997,SteamVR Tracker (Waist),-0.5779184,0.7611008,1.227849,-0.4970738,0.4927794,0.5019422,0.5080749
1751960790697,67.71997,SteamVR Tracker (Right Foot),0.728138,0.03517079,1.813405,-0.2048441,-0.09991983,-0.05820351,0.97194
1751960790727,67.75002,SteamVR Tracker (Left Foot),0,0,0,0,0,0,1
1751960790727,67.75002,SteamVR Tracker (Waist),-0.5781552,0.7611164,1.227838,-0.497277,0.4926649,0.5019591,0.5079704
1751960790727,67.75002,SteamVR Tracker (Right Foot),0.7207456,0.04237747,1.836659,0.02621595,-0.1441899,0.001274054,0.9892019
1751960790765,67.78871,SteamVR Tracker (Left Foot),0,0,0,0,0,0,1
1751960790765,67.78871,SteamVR Tracker (Waist),-0.5780386,0.7614628,1.228024,-0.4969862,0.4927453,0.5020117,0.5081251
1751960790765,67.78871,SteamVR Tracker (Right Foot),0.7073146,0.08557391,1.874292,0.05586405,-0.2838031,0.06423243,0.9550965
1751960790811,67.83544,SteamVR Tracker (Left Foot),0,0,0,0,0,0,1
1751960790811,67.83544,SteamVR Tracker (Waist),-0.5778631,0.761206,1.227921,-0.4971671,0.4928497,0.5018383,0.5080181
1751960790812,67.83544,SteamVR Tracker (Right Foot),0.6661272,0.1163609,1.939755,0.04124706,-0.3592905,0.008226552,0.9322776
1751960790882,67.90357,SteamVR Tracker (Left Foot),0.2605523,0.0341351,2.085518,-0.4695359,-0.5249863,-0.3244184,0.6314097
1751960790882,67.90357,SteamVR Tracker (Waist),-0.577837,0.7612368,1.22801,-0.4971629,0.4927516,0.5019421,0.5080149
1751960790882,67.90357,SteamVR Tracker (Right Foot),0.5909852,0.1101952,2.043632,-0.1221039,-0.37923,-0.04812481,0.9159472
1751960790915,67.93924,SteamVR Tracker (Left Foot),0.256222,0.0415144,2.074743,-0.4653803,-0.5267119,-0.3232778,0.6336303
1751960790915,67.93924,SteamVR Tracker (Waist),-0.5780684,0.7615137,1.227764,-0.4972288,0.4926913,0.5019751,0.5079761
1751960790915,67.93924,SteamVR Tracker (Right Foot),0.5074672,0.09600115,2.143272,-0.228916,-0.4132056,-0.07754591,0.877978
1751960790953,67.97724,SteamVR Tracker (Left Foot),0.2548438,0.04483104,2.071,-0.4663053,-0.5268924,-0.3226738,0.6331079
1751960790954,67.97724,SteamVR Tracker (Waist),-0.5780306,0.7617074,1.227992,-0.4972527,0.4926949,0.5018977,0.5080258
1751960790954,67.97724,SteamVR Tracker (Right Foot),0.4198955,0.07423997,2.216341,-0.3171363,-0.4449721,-0.126159,0.8279544
1751960791002,68.02374,SteamVR Tracker (Left Foot),0.2537813,0.0480063,2.067338,-0.4669289,-0.5271334,-0.3221845,0.6326966
1751960791002,68.02374,SteamVR Tracker (Waist),-0.5780523,0.7617711,1.227879,-0.4970659,0.4928484,0.5018811,0.5080761
1751960791002,68.02374,SteamVR Tracker (Right Foot),0.301882,0.05639529,2.27683,-0.4080688,-0.4811505,-0.2078632,0.7475071
1751960791071,68.09415,SteamVR Tracker (Left Foot),0.2541952,0.05162358,2.064109,-0.4686582,-0.5260277,-0.3229953,0.6319245
1751960791071,68.09415,SteamVR Tracker (Waist),-0.5780071,0.7615037,1.227665,-0.4969768,0.4929249,0.501877,0.5080932
1751960791071,68.09415,SteamVR Tracker (Right Foot),0.1586117,0.06390095,2.301716,-0.4507378,-0.4834923,-0.3156996,0.6807382
1751960791092,68.11699,SteamVR Tracker (Left Foot),0.2538465,0.05502963,2.059152,-0.469018,-0.5265567,-0.3218961,0.6317777
1751960791092,68.11699,SteamVR Tracker (Waist),-0.5778179,0.7612135,1.227837,-0.4969224,0.4929318,0.5019527,0.5080648
1751960791092,68.11699,SteamVR Tracker (Right Foot),0.05002737,0.07745314,2.301909,-0.4639299,-0.5436515,-0.4159212,0.562336
1751960791124,68.14772,SteamVR Tracker (Left Foot),0.2536353,0.05762291,2.05562,-0.4694305,-0.5270194,-0.3216742,0.6311983
1751960791125,68.14772,SteamVR Tracker (Waist),-0.5778623,0.7612524,1.227867,-0.4970348,0.4928205,0.501864,0.5081505
1751960791125,68.14772,SteamVR Tracker (Right Foot),0.001280755,0.08749914,2.257663,0.3928814,0.614621,0.4957795,-0.4712619
1751960791157,68.1804,SteamVR Tracker (Left Foot),0.2534284,0.05936551,2.053341,-0.4683511,-0.5290655,-0.3205004,0.6308854
1751960791157,68.1804,SteamVR Tracker (Waist),-0.5779338,0.7612958,1.22792,-0.4969824,0.4929518,0.5019128,0.5080261
1751960791157,68.1804,SteamVR Tracker (Right Foot),-0.02450213,0.08498979,2.230455,0.2813914,0.6649585,0.5726508,-0.388227
1751960791222,68.24361,SteamVR Tracker (Left Foot),0.2532287,0.06144452,2.051111,-0.4668398,-0.5302298,-0.3205602,0.6309978
1751960791222,68.24361,SteamVR Tracker (Waist),-0.5779988,0.7613664,1.227808,-0.4970405,0.4927948,0.5018839,0.50815
1751960791222,68.24361,SteamVR Tracker (Right Foot),0.00377515,0.0678339,2.199391,0.2054227,0.689769,0.5458571,-0.4290225
1751960791267,68.29076,SteamVR Tracker (Left Foot),0.2524419,0.06715608,2.04443,-0.4632507,-0.5336531,-0.3190476,0.6315235
1751960791267,68.29076,SteamVR Tracker (Waist),-0.5780617,0.7615031,1.227772,-0.4970297,0.4928258,0.5019156,0.5080994
1751960791267,68.29076,SteamVR Tracker (Right Foot),0.01380348,0.05170703,2.173386,0.1622516,0.7699789,0.483038,-0.3840328
1751960791302,68.32503,SteamVR Tracker (Left Foot),0.2510677,0.06825233,2.043633,-0.4559649,-0.5408833,-0.3152617,0.6325752
1751960791302,68.32503,SteamVR Tracker (Waist),-0.5779855,0.7611499,1.227861,-0.4969202,0.4929745,0.5017933,0.508183
1751960791302,68.32503,SteamVR Tracker (Right Foot),0.006305844,0.05738521,2.194115,0.2281142,0.7218543,0.4898552,-0.4323566
1751960791334,68.35944,SteamVR Tracker (Left Foot),0.2499351,0.004591942,2.117306,-0.4299055,-0.5750045,-0.3322414,0.6116917
1751960791335,68.35944,SteamVR Tracker (Waist),-0.5779454,0.7612271,1.227682,-0.4970277,0.4928971,0.5018018,0.5081446
1751960791335,68.35944,SteamVR Tracker (Right Foot),0.004925668,0.05854154,2.195895,0.2281372,0.7350427,0.4815908,-0.4192088
1751960791398,68.41923,SteamVR Tracker (Left Foot),0.2444295,0.00462842,2.111277,-0.3821542,-0.6449609,-0.3647684,0.5522025
1751960791398,68.41923,SteamVR Tracker (Waist),-0.5778197,0.7612413,1.227952,-0.4969903,0.4929951,0.501796,0.5080919
1751960791398,68.41923,SteamVR Tracker (Right Foot),0.001610249,0.0618906,2.193753,0.2255467,0.7275051,0.4933877,-0.42004
1751960791415,68.43923,SteamVR Tracker (Left Foot),0.2391695,0.005124092,2.105464,-0.3397919,-0.6979282,-0.3832426,0.5005626
1751960791415,68.43923,SteamVR Tracker (Waist),-0.5779384,0.7613083,1.227858,-0.4971035,0.4929126,0.501906,0.5079525
1751960791415,68.43923,SteamVR Tracker (Right Foot),-0.0006328821,0.06359148,2.191098,0.2257395,0.7296627,0.4909529,-0.4190457
1751960791458,68.47999,SteamVR Tracker (Left Foot),0.2350781,0.00668335,2.096944,0.3161295,0.7342294,0.3932891,-0.454195
1751960791458,68.47999,SteamVR Tracker (Waist),-0.5778668,0.7614188,1.227823,-0.4970271,0.4929936,0.5019306,0.5079244
1751960791458,68.47999,SteamVR Tracker (Right Foot),0,0,0,0,0,0,1
1751960791501,68.52415,SteamVR Tracker (Left Foot),0.2324971,0.008064508,2.084094,0.3093373,0.7605259,0.4152813,-0.3917298
1751960791502,68.52415,SteamVR Tracker (Waist),-0.578061,0.7616589,1.227929,-0.4970442,0.49299,0.5019938,0.5078486
1751960791502,68.52415,SteamVR Tracker (Right Foot),0,0,0,0,0,0,1
1751960791576,68.59855,SteamVR Tracker (Left Foot),0.2391997,0.01068139,2.054714,0.2709871,0.7751232,0.4797971,-0.3091032
1751960791576,68.59855,SteamVR Tracker (Waist),-0.5779394,0.7614081,1.227739,-0.4971077,0.4929282,0.5019971,0.5078431
1751960791576,68.59855,SteamVR Tracker (Right Foot),0,0,0,0,0,0,1
1751960791603,68.62654,SteamVR Tracker (Left Foot),0.249406,0.01400018,2.021252,0.2134152,0.7858872,0.5325574,-0.2306901
1751960791603,68.62654,SteamVR Tracker (Waist),-0.5778947,0.7612031,1.227817,-0.4970312,0.4929914,0.5019511,0.5079021
1751960791603,68.62654,SteamVR Tracker (Right Foot),0,0,0,0,0,0,1
1751960791645,68.66845,SteamVR Tracker (Left Foot),0.2693389,0.01582837,1.989563,0.1451053,0.7897056,0.5680655,-0.1805858
1751960791646,68.66845,SteamVR Tracker (Waist),-0.5779408,0.7610142,1.227835,-0.497072,0.4930875,0.5018415,0.5078773
1751960791646,68.66845,SteamVR Tracker (Right Foot),0,0,0,0,0,0,1
1751960791689,68.7122,SteamVR Tracker (Left Foot),0.2967179,0.02209902,1.958405,0.08196163,0.7852629,0.604472,-0.1061042
1751960791689,68.7122,SteamVR Tracker (Waist),-0.5779468,0.7609615,1.227832,-0.4968794,0.4932008,0.5017996,0.5079971
1751960791689,68.7122,SteamVR Tracker (Right Foot),0,0,0,0,0,0,1
1751960791738,68.76029,SteamVR Tracker (Left Foot),0.3303124,0.02390075,1.932119,0.02111058,0.7870696,0.6143905,-0.05099305
1751960791738,68.76029,SteamVR Tracker (Waist),-0.5779345,0.7615845,1.227638,-0.4968917,0.4931081,0.5018547,0.5080207
1751960791738,68.76029,SteamVR Tracker (Right Foot),0,0,0,0,0,0,1
1751960791780,68.80382,SteamVR Tracker (Left Foot),0.3601727,0.02974868,1.910452,-0.01724223,0.7716249,0.6357303,-0.01203417
1751960791780,68.80382,SteamVR Tracker (Waist),-0.5779805,0.7617036,1.227985,-0.496864,0.4930662,0.5017669,0.5081751
1751960791780,68.80382,SteamVR Tracker (Right Foot),0,0,0,0,0,0,1
1751960791826,68.84962,SteamVR Tracker (Left Foot),0.3865603,0.03278899,1.89022,-0.03995707,0.7632096,0.6448917,0.005403646
1751960791826,68.84962,SteamVR Tracker (Waist),-0.5778918,0.7614692,1.227918,-0.4969306,0.4929913,0.5016744,0.508274
1751960791826,68.84962,SteamVR Tracker (Right Foot),0,0,0,0,0,0,1
1751960791871,68.89452,SteamVR Tracker (Left Foot),0.4113114,0.03537369,1.875429,-0.05931996,0.7463749,0.6626166,0.01857159
1751960791872,68.89452,SteamVR Tracker (Waist),-0.5779891,0.7614917,1.227679,-0.4970308,0.4929715,0.5016912,0.5081785
1751960791872,68.89452,SteamVR Tracker (Right Foot),0,0,0,0,0,0,1
1751960791922,68.94392,SteamVR Tracker (Left Foot),0.4312167,0.03282094,1.871135,-0.08625248,0.7423447,0.6625534,0.05007882
1751960791922,68.94392,SteamVR Tracker (Waist),-0.5779052,0.7614585,1.227872,-0.4972003,0.4928336,0.5017093,0.5081287
1751960791923,68.94392,SteamVR Tracker (Right Foot),0,0,0,0,0,0,1
1751960791951,68.97513,SteamVR Tracker (Left Foot),0.4435211,0.0241437,1.872774,-0.1235851,0.7389911,0.6582255,0.07319885
1751960791951,68.97513,SteamVR Tracker (Waist),-0.5780408,0.7615042,1.227685,-0.4971192,0.4929596,0.5016648,0.5081298
1751960791951,68.97513,SteamVR Tracker (Right Foot),0,0,0,0,0,0,1
1751960791986,69.00888,SteamVR Tracker (Left Foot),0.4474808,0.01107407,1.882415,-0.1240446,0.7576548,0.6311367,0.1106283
1751960791986,69.00888,SteamVR Tracker (Waist),-0.5780414,0.7615438,1.227874,-0.4970084,0.4929386,0.5017969,0.508128
1751960791986,69.00888,SteamVR Tracker (Right Foot),0,0,0,0,0,0,1
1751960792021,69.04337,SteamVR Tracker (Left Foot),0.4562101,-0.001096725,1.872521,-0.07447848,0.7636678,0.6260251,0.1391296
1751960792021,69.04337,SteamVR Tracker (Waist),-0.5777634,0.7612301,1.227888,-0.4971637,0.4928961,0.501711,0.5081022
1751960792021,69.04337,SteamVR Tracker (Right Foot),0,0,0,0,0,0,1
1751960792060,69.08482,SteamVR Tracker (Left Foot),0.4479235,-0.009792805,1.866359,-0.05847789,0.8022505,0.5844024,0.1069974
1751960792060,69.08482,SteamVR Tracker (Waist),-0.5780214,0.7614163,1.227795,-0.4971247,0.4928409,0.501816,0.5080903
1751960792060,69.08482,SteamVR Tracker (Right Foot),0,0,0,0,0,0,1
1751960792093,69.11806,SteamVR Tracker (Left Foot),0.4521664,-0.0135901,1.865897,-0.03403504,0.8155429,0.563299,0.1281631
1751960792093,69.11806,SteamVR Tracker (Waist),-0.5780511,0.7614365,1.227896,-0.4971384,0.4929108,0.501848,0.5079773
1751960792093,69.11806,SteamVR Tracker (Right Foot),0,0,0,0,0,0,1
1751960792117,69.14071,SteamVR Tracker (Left Foot),0.4496535,-0.01202941,1.869661,-0.04192498,0.7886671,0.5985551,0.1340838
1751960792118,69.14071,SteamVR Tracker (Waist),-0.5779276,0.7614422,1.227825,-0.4971735,0.4928924,0.5018689,0.5079403
1751960792118,69.14071,SteamVR Tracker (Right Foot),0,0,0,0,0,0,1
1751960792139,69.16393,SteamVR Tracker (Left Foot),0.4500998,-0.01189113,1.870016,-0.04869533,0.8051735,0.5787996,0.1196474
1751960792139,69.16393,SteamVR Tracker (Waist),-0.5779183,0.761505,1.227773,-0.497081,0.4929226,0.5017791,0.5080901
1751960792139,69.16393,SteamVR Tracker (Right Foot),0,0,0,0,0,0,1
1751960792160,69.18505,SteamVR Tracker (Left Foot),0.4500337,-0.01267385,1.870284,-0.04778505,0.7948481,0.592786,0.1205734
1751960792160,69.18505,SteamVR Tracker (Waist),-0.5779948,0.7614599,1.227755,-0.4970694,0.4929616,0.5018606,0.5079831
1751960792160,69.18505,SteamVR Tracker (Right Foot),0,0,0,0,0,0,1
1751960792183,69.20734,SteamVR Tracker (Left Foot),0.4501636,-0.01349354,1.871262,-0.04762155,0.795149,0.5926009,0.1195593
1751960792183,69.20734,SteamVR Tracker (Waist),-0.5780842,0.7614634,1.227749,-0.4971227,0.4929875,0.5018067,0.5079591
1751960792183,69.20734,SteamVR Tracker (Right Foot),0,0,0,0,0,0,1
1751960792205,69.2301,SteamVR Tracker (Left Foot),0.4517492,-0.01382661,1.870933,-0.04502822,0.7971404,0.5898598,0.1208519
1751960792205,69.2301,SteamVR Tracker (Waist),-0.5779386,0.7611698,1.22768,-0.4971111,0.4930389,0.5017259,0.5080004
1751960792206,69.2301,SteamVR Tracker (Right Foot),0,0,0,0,0,0,1
1751960792228,69.25253,SteamVR Tracker (Left Foot),0.4517939,-0.01388049,1.871056,-0.04358046,0.7957106,0.5915696,0.1224373
1751960792229,69.25253,SteamVR Tracker (Waist),-0.5778764,0.7610589,1.227695,-0.4970283,0.4930466,0.5018179,0.5079831
1751960792229,69.25253,SteamVR Tracker (Right Foot),0,0,0,0,0,0,1
1751960792252,69.27671,SteamVR Tracker (Left Foot),0.451894,-0.01353645,1.871439,-0.04358251,0.7960056,0.5912988,0.1218254
1751960792252,69.27671,SteamVR Tracker (Waist),-0.5779619,0.7612233,1.227752,-0.4970961,0.4930255,0.501806,0.5079489
1751960792252,69.27671,SteamVR Tracker (Right Foot),0,0,0,0,0,0,1
1751960792271,69.29639,SteamVR Tracker (Left Foot),0.4524384,-0.01361656,1.87159,-0.04190736,0.7963246,0.5905806,0.1237964
1751960792271,69.29639,SteamVR Tracker (Waist),-0.5778865,0.7613621,1.227946,-0.4971566,0.4929616,0.5018513,0.507907
1751960792271,69.29639,SteamVR Tracker (Right Foot),0,0,0,0,0,0,1
1751960792297,69.32037,SteamVR Tracker (Left Foot),0.4525438,-0.01360011,1.872499,-0.04225713,0.7953048,0.5918206,0.1243106
1751960792297,69.32037,SteamVR Tracker (Waist),-0.5780586,0.7614354,1.227916,-0.4972179,0.49297,0.5017635,0.5079256
1751960792297,69.32037,SteamVR Tracker (Right Foot),0,0,0,0,0,0,1
1751960792319,69.34332,SteamVR Tracker (Left Foot),0.4531277,-0.013937,1.872654,-0.04212296,0.7948266,0.5922813,0.125217
1751960792319,69.34332,SteamVR Tracker (Waist),-0.5779063,0.7613542,1.227805,-0.4972404,0.4928616,0.5017527,0.5080194
1751960792319,69.34332,SteamVR Tracker (Right Foot),0.1770598,0.09745765,1.932967,-0.008179166,0.9571435,0.2811902,-0.06885831
1751960792342,69.36639,SteamVR Tracker (Left Foot),0.4531552,-0.01442599,1.872365,-0.04287743,0.7980825,0.5877687,0.1255141
1751960792343,69.36639,SteamVR Tracker (Waist),-0.5779392,0.7613528,1.227552,-0.4973742,0.4928294,0.5018287,0.5078446
1751960792343,69.36639,SteamVR Tracker (Right Foot),0.2020286,0.08669066,1.911005,-0.04287135,0.9535807,0.2935811,-0.05153631
1751960792362,69.38765,SteamVR Tracker (Left Foot),0.4534557,-0.01535749,1.871964,-0.04280826,0.7971755,0.5883287,0.1286395
1751960792362,69.38765,SteamVR Tracker (Waist),-0.5779278,0.7611427,1.227593,-0.4971722,0.4929157,0.5018212,0.507966
1751960792362,69.38765,SteamVR Tracker (Right Foot),0.2245513,0.08169127,1.877315,-0.06499241,0.9446266,0.3175297,-0.05129838
1751960792385,69.40992,SteamVR Tracker (Left Foot),0.4538734,-0.01574254,1.871814,-0.04372837,0.79631,0.5891008,0.1301477
1751960792385,69.40992,SteamVR Tracker (Waist),-0.5779179,0.7610034,1.227657,-0.4973118,0.4927959,0.5019217,0.5078462
1751960792385,69.40992,SteamVR Tracker (Right Foot),0.2468933,0.07820463,1.837246,-0.08097576,0.9351627,0.3416789,-0.0465753
1751960792435,69.4588,SteamVR Tracker (Left Foot),0.4542536,-0.01621199,1.871921,-0.0425733,0.7988205,0.5856826,0.1305726
1751960792435,69.4588,SteamVR Tracker (Waist),-0.5779525,0.7612988,1.227714,-0.4973813,0.4928477,0.5019199,0.5077298
1751960792435,69.4588,SteamVR Tracker (Right Foot),0.2638515,0.07353568,1.789048,-0.079886,0.9177673,0.3851034,-0.05492582
1751960792464,69.48854,SteamVR Tracker (Left Foot),0.454664,-0.0170517,1.870977,-0.0418785,0.8001811,0.5832368,0.1333842
1751960792465,69.48854,SteamVR Tracker (Waist),-0.5778472,0.76136,1.227669,-0.4974056,0.4928854,0.5017837,0.5078039
1751960792465,69.48854,SteamVR Tracker (Right Foot),0.3092545,0.06739092,1.6747,-0.1088738,0.8790764,0.4606854,-0.0560372
1751960792485,69.51091,SteamVR Tracker (Left Foot),0.4546773,-0.01711631,1.871029,-0.04176499,0.7994489,0.5840697,0.1341636
1751960792485,69.51091,SteamVR Tracker (Waist),-0.5778579,0.7615743,1.227762,-0.4973342,0.4929384,0.5018363,0.5077705
1751960792485,69.51091,SteamVR Tracker (Right Foot),0.3206206,0.06642222,1.629126,-0.09893137,0.8658109,0.4872813,-0.05604508
1751960792510,69.53445,SteamVR Tracker (Left Foot),0.4544903,-0.01743221,1.870826,-0.04244387,0.8009858,0.5818053,0.1346212
1751960792510,69.53445,SteamVR Tracker (Waist),-0.578004,0.7616415,1.227762,-0.4973433,0.4928963,0.5018636,0.5077754
1751960792510,69.53445,SteamVR Tracker (Right Foot),0.3246042,0.06707573,1.586488,-0.06162855,0.853829,0.5122821,-0.06888346
1751960792531,69.55614,SteamVR Tracker (Left Foot),0.4545062,-0.01799321,1.870772,-0.04260834,0.8024391,0.5795409,0.1356779
1751960792531,69.55614,SteamVR Tracker (Waist),-0.5781469,0.7616909,1.227715,-0.4973823,0.4928742,0.5018979,0.5077248
1751960792532,69.55614,SteamVR Tracker (Right Foot),0.3255765,0.06919122,1.547422,-0.03161815,0.8403572,0.5318268,-0.09980224
1751960792555,69.57909,SteamVR Tracker (Left Foot),0.4547158,-0.01847458,1.870704,-0.04322094,0.8035473,0.5774859,0.1376727
1751960792555,69.57909,SteamVR Tracker (Waist),-0.5778668,0.7612121,1.227757,-0.4972171,0.4930475,0.5018561,0.5077596
1751960792555,69.57909,SteamVR Tracker (Right Foot),0.3227107,0.06055951,1.526927,0.00247565,0.8259925,0.5480856,-0.131653
1751960792605,69.62762,SteamVR Tracker (Left Foot),0.4552948,-0.01850629,1.870436,-0.04422051,0.8068635,0.5721973,0.1400225
1751960792605,69.62762,SteamVR Tracker (Waist),-0.5779083,0.761289,1.227649,-0.4971607,0.4931735,0.501869,0.5076799
1751960792605,69.62762,SteamVR Tracker (Right Foot),0.3091525,0.06564569,1.505711,0.05633511,0.8048642,0.560693,-0.1861274
1751960792633,69.65651,SteamVR Tracker (Left Foot),0.4549777,-0.0193727,1.868026,-0.04706478,0.8164533,0.5561628,0.1478914
1751960792633,69.65651,SteamVR Tracker (Waist),-0.5780005,0.7615368,1.227757,-0.4972501,0.4929575,0.5021226,0.5075513
1751960792633,69.65651,SteamVR Tracker (Right Foot),0.3023784,0.06390047,1.458631,0.1356867,0.7574438,0.5809053,-0.2653624
1751960792661,69.68429,SteamVR Tracker (Left Foot),0.455732,-0.02020502,1.867105,-0.04755244,0.8256414,0.5404475,0.1548279
1751960792661,69.68429,SteamVR Tracker (Waist),-0.5780212,0.7614129,1.227654,-0.4970468,0.4931847,0.5018825,0.507767
1751960792661,69.68429,SteamVR Tracker (Right Foot),0.3157746,0.05143189,1.457252,0.1781457,0.8184459,0.5184508,-0.1721022
1751960792694,69.71738,SteamVR Tracker (Left Foot),0.4587403,-0.02046132,1.862985,-0.03988954,0.8503478,0.498978,0.1622912
1751960792694,69.71738,SteamVR Tracker (Waist),-0.5778536,0.7613153,1.227832,-0.4971745,0.4932409,0.5018213,0.507648
1751960792694,69.71738,SteamVR Tracker (Right Foot),0.3164395,0.05250335,1.470723,0.1336216,0.8016474,0.5582631,-0.166881
1751960792730,69.75369,SteamVR Tracker (Left Foot),0.463126,-0.02137709,1.855332,-0.02834487,0.8910459,0.4173607,0.1761929
1751960792730,69.75369,SteamVR Tracker (Waist),-0.5779275,0.7615719,1.227777,-0.4972698,0.4929982,0.5019447,0.5076683
1751960792730,69.75369,SteamVR Tracker (Right Foot),0.3146874,0.04633355,1.463151,0.1094328,0.8327718,0.513342,-0.1760559
1751960792792,69.81493,SteamVR Tracker (Left Foot),0.4716519,-0.0154047,1.838737,0.02998118,0.9496411,0.2350049,0.2050749
1751960792792,69.81493,SteamVR Tracker (Waist),-0.5779502,0.761618,1.227792,-0.4973406,0.4928573,0.5019718,0.5077088
1751960792792,69.81493,SteamVR Tracker (Right Foot),0.3118362,0.04226899,1.467069,0.1111243,0.828838,0.5166323,-0.1837663
1751960792821,69.84373,SteamVR Tracker (Left Foot),0.4903791,0.00975275,1.781173,0.02136819,0.9628246,0.2309322,0.1385009
1751960792821,69.84373,SteamVR Tracker (Waist),-0.5777545,0.7615099,1.227799,-0.4973418,0.4928488,0.5017905,0.5078953
1751960792821,69.84373,SteamVR Tracker (Right Foot),0.3126647,0.04123831,1.467117,0.1146215,0.8292159,0.5155237,-0.1830255
1751960792848,69.8723,SteamVR Tracker (Left Foot),0.5057883,0.0103879,1.721828,-0.00129517,0.9588473,0.2588147,0.1167262
1751960792848,69.8723,SteamVR Tracker (Waist),-0.5778266,0.7614486,1.227997,-0.4972298,0.492945,0.5018697,0.5078332
1751960792848,69.8723,SteamVR Tracker (Right Foot),0.3120827,0.04061866,1.467502,0.1152865,0.8266381,0.5190715,-0.1842367
1751960792881,69.90442,SteamVR Tracker (Left Foot),0.5158241,0.002769232,1.641573,-0.02952845,0.9278902,0.3606956,0.08970258
1751960792881,69.90442,SteamVR Tracker (Waist),-0.5779433,0.7613994,1.227756,-0.4973528,0.4929628,0.5018923,0.5076732
1751960792881,69.90442,SteamVR Tracker (Right Foot),0.3118305,0.04022169,1.467564,0.1130994,0.8276695,0.5175158,-0.1853355
1751960792941,69.96372,SteamVR Tracker (Left Foot),0.5110542,-0.01010585,1.540034,0.008899735,0.8889252,0.4551024,0.05113349
1751960792941,69.96372,SteamVR Tracker (Waist),-0.577894,0.7614892,1.228007,-0.4972083,0.4929105,0.501901,0.507857
1751960792942,69.96372,SteamVR Tracker (Right Foot),0.3120132,0.04047012,1.467327,0.1139911,0.8280259,0.5167096,-0.1854463
1751960792967,69.99293,SteamVR Tracker (Left Foot),0.4872835,-0.0260179,1.384865,0.07410567,0.8270087,0.5567057,-0.02537267
1751960792967,69.99293,SteamVR Tracker (Waist),-0.5779558,0.7618406,1.22808,-0.4972504,0.4927349,0.5019695,0.5079184
1751960792967,69.99293,SteamVR Tracker (Right Foot),0.3117073,0.03984857,1.467377,0.1136059,0.82926,0.5143244,-0.1867942
1751960793012,70.03578,SteamVR Tracker (Left Foot),0.4422496,-0.01882052,1.30371,0.1154159,0.7849193,0.6081339,-0.02746096
1751960793012,70.03578,SteamVR Tracker (Waist),-0.5779552,0.7618707,1.228309,-0.4970808,0.4927441,0.501972,0.508073
1751960793012,70.03578,SteamVR Tracker (Right Foot),0.3111904,0.03956461,1.466913,0.1089604,0.8326753,0.508765,-0.1895724
1751960793060,70.08265,SteamVR Tracker (Left Foot),0.3888332,-0.01610684,1.23154,0.1910548,0.7472677,0.6357079,-0.03105872
1751960793060,70.08265,SteamVR Tracker (Waist),-0.5779395,0.7618474,1.228415,-0.4970138,0.492655,0.5020971,0.5081013
1751960793060,70.08265,SteamVR Tracker (Right Foot),0.3098032,0.04014778,1.462502,0.1059695,0.8527603,0.4680911,-0.2060608
1751960793131,70.15302,SteamVR Tracker (Left Foot),0.4019359,-0.03522182,1.276397,0.1265381,0.7516237,0.645613,-0.04726245
1751960793131,70.15302,SteamVR Tracker (Waist),-0.5779039,0.7617966,1.228612,-0.4969782,0.4926373,0.5020386,0.5082111
1751960793131,70.15302,SteamVR Tracker (Right Foot),0.2986,0.04294705,1.441903,0.05088295,0.9430455,0.2226797,-0.2418468
1751960793158,70.18207,SteamVR Tracker (Left Foot),0.3917236,-0.03796339,1.259104,0.07801449,0.8682954,0.4801553,-0.09709685
1751960793158,70.18207,SteamVR Tracker (Waist),-0.5780288,0.7618548,1.228569,-0.4968056,0.4927143,0.5018604,0.508481
1751960793158,70.18207,SteamVR Tracker (Right Foot),0.2844774,0.08729172,1.402835,0.02822595,0.9364995,0.1434082,-0.3187571
1751960793200,70.22355,SteamVR Tracker (Left Foot),0.3947564,-0.03841472,1.267868,0.09361486,0.8186777,0.5615711,-0.07510763
1751960793200,70.22355,SteamVR Tracker (Waist),-0.5778441,0.761541,1.22816,-0.4969787,0.4930363,0.5017214,0.5081368
1751960793200,70.22355,SteamVR Tracker (Right Foot),0.2642598,0.1020906,1.302359,0.03762052,0.9193735,0.282347,-0.2713251
1751960793244,70.26791,SteamVR Tracker (Left Foot),0.3968541,-0.03784609,1.269341,0.09219874,0.8134554,0.5698996,-0.07073999
1751960793245,70.26791,SteamVR Tracker (Waist),-0.5780941,0.7617466,1.228099,-0.4972343,0.4931433,0.5016947,0.5078093
1751960793245,70.26791,SteamVR Tracker (Right Foot),0.2333211,0.1159949,1.168587,-0.003894504,0.8469377,0.4303126,-0.31227
1751960793321,70.34251,SteamVR Tracker (Left Foot),0.3990091,-0.03567362,1.270272,0.09218831,0.8159683,0.5661928,-0.07157408
1751960793321,70.34251,SteamVR Tracker (Waist),-0.5780796,0.7616568,1.2283,-0.4969333,0.4930089,0.5017167,0.5082123
1751960793321,70.34251,SteamVR Tracker (Right Foot),0.168607,0.1589859,1.016506,0.03744842,0.7405348,0.5904883,-0.3186369
1751960793347,70.37042,SteamVR Tracker (Left Foot),0.3990798,-0.03579402,1.269906,0.09051349,0.8175403,0.5643508,-0.07030785
1751960793347,70.37042,SteamVR Tracker (Waist),-0.5780369,0.7615798,1.228437,-0.497191,0.4926205,0.5020481,0.5080098
1751960793347,70.37042,SteamVR Tracker (Right Foot),0.08823368,0.2248647,0.88205,0.08552155,0.6036473,0.7132037,-0.3458852
1751960793388,70.41193,SteamVR Tracker (Left Foot),0.3986748,-0.035676,1.269485,0.09034798,0.8165452,0.5657434,-0.07089118
1751960793388,70.41193,SteamVR Tracker (Waist),-0.5780605,0.7617617,1.228316,-0.497002,0.4927496,0.501938,0.5081782
1751960793388,70.41193,SteamVR Tracker (Right Foot),0.02555668,0.2970941,0.8259063,0.1118928,0.4962474,0.7776778,-0.3693722
1751960793432,70.45583,SteamVR Tracker (Left Foot),0.3979632,-0.03572059,1.268862,0.08880703,0.8191347,0.5621927,-0.07121103
1751960793432,70.45583,SteamVR Tracker (Waist),-0.5779835,0.7620825,1.228272,-0.4970141,0.4927679,0.5017802,0.5083045
1751960793432,70.45583,SteamVR Tracker (Right Foot),-0.02873042,0.3735839,0.7969267,0.1415897,0.4201413,0.8132702,-0.3768623
1751960793507,70.52937,SteamVR Tracker (Left Foot),0.3981359,-0.03479266,1.268515,0.08726352,0.8172525,0.5649285,-0.07307141
1751960793507,70.52937,SteamVR Tracker (Waist),-0.5778818,0.7617304,1.228607,-0.4969543,0.4926257,0.5019247,0.5083582
1751960793507,70.52937,SteamVR Tracker (Right Foot),-0.05065836,0.4310881,0.7929621,0.1405492,0.407673,0.8148251,-0.3874386
1751960793537,70.56136,SteamVR Tracker (Left Foot),0.3981703,-0.03553224,1.26799,0.08499362,0.8215196,0.5590805,-0.07287392
1751960793538,70.56136,SteamVR Tracker (Waist),-0.5779185,0.7616978,1.228446,-0.497034,0.4927549,0.5018221,0.5082563
1751960793538,70.56136,SteamVR Tracker (Right Foot),-0.07394773,0.4905487,0.7635604,0.1325027,0.3862816,0.8273198,-0.3857092
1751960793577,70.6,SteamVR Tracker (Left Foot),0.3975659,-0.03567815,1.267975,0.08327165,0.8200424,0.5613629,-0.07394682
1751960793577,70.6,SteamVR Tracker (Waist),-0.5781243,0.7618514,1.228506,-0.4970086,0.4926323,0.5018169,0.508405
1751960793577,70.6,SteamVR Tracker (Right Foot),-0.08282103,0.5220071,0.7448389,0.1358084,0.4258825,0.8270817,-0.3407578
1751960793622,70.64479,SteamVR Tracker (Left Foot),0.3963665,-0.03618813,1.267612,0.08068794,0.8215657,0.5594969,-0.07404361
1751960793622,70.64479,SteamVR Tracker (Waist),-0.5780531,0.7618362,1.228279,-0.4971133,0.492886,0.5017148,0.5081576
1751960793623,70.64479,SteamVR Tracker (Right Foot),-0.08722402,0.5464622,0.7353434,0.1323349,0.4185883,0.8473226,-0.2988573
1751960793692,70.71632,SteamVR Tracker (Left Foot),0.397045,-0.03531623,1.266869,0.08134183,0.8220205,0.5586832,-0.07442383
1751960793692,70.71632,SteamVR Tracker (Waist),-0.5778687,0.7617958,1.228767,-0.4967994,0.4928245,0.5017835,0.5084561
1751960793693,70.71632,SteamVR Tracker (Right Foot),-0.09150346,0.555474,0.7369297,0.1323409,0.3938611,0.8544155,-0.3119834
1751960793726,70.74927,SteamVR Tracker (Left Foot),0.3968864,-0.03503799,1.26666,0.08100367,0.8224769,0.5579234,-0.07544362
1751960793726,70.74927,SteamVR Tracker (Waist),-0.5782708,0.7619772,1.229208,-0.4956711,0.4932725,0.5013849,0.5095152
1751960793726,70.74927,SteamVR Tracker (Right Foot),-0.09973626,0.5649232,0.7345458,0.1301256,0.3884452,0.8517584,-0.3266272
1751960793767,70.79022,SteamVR Tracker (Left Foot),0.3964472,-0.03455162,1.266832,0.08027595,0.8216948,0.5592013,-0.07528268
1751960793767,70.79022,SteamVR Tracker (Waist),-0.5778761,0.7617116,1.228891,-0.4961759,0.4933368,0.5013402,0.5090052
1751960793767,70.79022,SteamVR Tracker (Right Foot),-0.09438464,0.5505524,0.7405284,0.123338,0.372063,0.8565741,-0.3356155
1751960793812,70.83646,SteamVR Tracker (Left Foot),0.3964528,-0.03478742,1.266416,0.08039162,0.8217576,0.5590047,-0.07593097
1751960793812,70.83646,SteamVR Tracker (Waist),-0.5778737,0.7616279,1.228671,-0.4964767,0.49327,0.5011799,0.5089346
1751960793813,70.83646,SteamVR Tracker (Right Foot),-0.07952498,0.5214841,0.7432433,0.1316855,0.4142922,0.8382255,-0.3292398
1751960793890,70.9128,SteamVR Tracker (Left Foot),0.3964505,-0.03434324,1.266706,0.08082138,0.8205165,0.5606634,-0.07666317
1751960793890,70.9128,SteamVR Tracker (Waist),-0.5779328,0.7619044,1.228787,-0.4970045,0.4929466,0.5016193,0.5082994
1751960793890,70.9128,SteamVR Tracker (Right Foot),-0.0630596,0.4971056,0.7477756,0.1230487,0.4466657,0.8354086,-0.2957048
1751960793914,70.93871,SteamVR Tracker (Left Foot),0.3964434,-0.03396749,1.266908,0.08092374,0.8191143,0.5624786,-0.07823747
1751960793914,70.93871,SteamVR Tracker (Waist),-0.5779158,0.7618413,1.229082,-0.4970998,0.4926186,0.5018629,0.5082839
1751960793914,70.93871,SteamVR Tracker (Right Foot),-0.05136754,0.4725581,0.7527635,0.1146389,0.4675482,0.8257049,-0.2940547
1751960793944,70.96748,SteamVR Tracker (Left Foot),0.3963367,-0.03360534,1.266982,0.08005184,0.8175277,0.5647554,-0.07932043
1751960793944,70.96748,SteamVR Tracker (Waist),-0.5779899,0.7619625,1.228864,-0.4964465,0.4930053,0.5015745,0.5088317
1751960793944,70.96748,SteamVR Tracker (Right Foot),-0.04648401,0.4582996,0.7576784,0.1075115,0.467463,0.8209897,-0.3096703
1751960793975,70.99958,SteamVR Tracker (Left Foot),0.3960738,-0.03296185,1.267174,0.07753808,0.8158579,0.5673993,-0.08013573
1751960793975,70.99958,SteamVR Tracker (Waist),-0.577944,0.7618221,1.228742,-0.4971099,0.4927757,0.5018175,0.5081663
1751960793976,70.99958,SteamVR Tracker (Right Foot),-0.03640601,0.4352068,0.7656174,0.0967507,0.4784507,0.8156328,-0.3105921
1751960794031,71.05456,SteamVR Tracker (Left Foot),0.3962655,-0.03273392,1.267095,0.07914228,0.8147022,0.5687326,-0.08087134
1751960794031,71.05456,SteamVR Tracker (Waist),-0.5780845,0.7618978,1.229076,-0.4968247,0.4927405,0.5016779,0.5086171
1751960794031,71.05456,SteamVR Tracker (Right Foot),-0.0113138,0.3817337,0.7810066,0.06752821,0.5432479,0.7820786,-0.2977831
1751960794045,71.07106,SteamVR Tracker (Left Foot),0.39609,-0.03266549,1.26721,0.07973769,0.813761,0.5700185,-0.08070908
1751960794045,71.07106,SteamVR Tracker (Waist),-0.578137,0.7620823,1.22907,-0.4970482,0.4925601,0.5018294,0.5084239
1751960794045,71.07106,SteamVR Tracker (Right Foot),0.0102686,0.3395967,0.7972961,0.04525226,0.5936594,0.754593,-0.2758808
1751960794077,71.10132,SteamVR Tracker (Left Foot),0.3964953,-0.03274226,1.267503,0.08067194,0.8135768,0.5701573,-0.0806582
1751960794077,71.10132,SteamVR Tracker (Waist),-0.5780561,0.7619342,1.229054,-0.4970953,0.4926251,0.5017266,0.5084164
1751960794077,71.10132,SteamVR Tracker (Right Foot),0.03455757,0.3015211,0.8220019,0.03455707,0.633557,0.7337291,-0.2430085
1751960794111,71.13553,SteamVR Tracker (Left Foot),0.3963258,-0.03202486,1.26785,0.0808871,0.8139018,0.5698099,-0.07961109
1751960794111,71.13553,SteamVR Tracker (Waist),-0.5779777,0.7619703,1.229056,-0.4969084,0.4927046,0.5016484,0.5085992
1751960794111,71.13553,SteamVR Tracker (Right Foot),0.06716365,0.2457118,0.8611355,0.02603056,0.6929528,0.6897581,-0.2082612
1751960794163,71.18509,SteamVR Tracker (Left Foot),0.3966615,-0.03104615,1.267876,0.08177454,0.8118422,0.5726383,-0.07943909
1751960794163,71.18509,SteamVR Tracker (Waist),-0.5779196,0.7616445,1.228783,-0.4971299,0.4928318,0.5015565,0.5083501
1751960794163,71.18509,SteamVR Tracker (Right Foot),0.1168428,0.1635597,0.9483332,-0.007418169,0.7775983,0.5996745,-0.188882
1751960794233,71.25479,SteamVR Tracker (Left Foot),0.3970653,-0.02957034,1.268535,0.08378042,0.8076194,0.5784208,-0.07849357
1751960794233,71.25479,SteamVR Tracker (Waist),-0.5780156,0.7617359,1.228814,-0.4971456,0.4930151,0.501502,0.5082108
1751960794233,71.25479,SteamVR Tracker (Right Foot),0.1561271,0.1112428,1.054612,-0.009528773,0.8281081,0.5227849,-0.2020946
1751960794261,71.28471,SteamVR Tracker (Left Foot),0.3973595,-0.0285933,1.268851,0.08320735,0.806189,0.5805019,-0.07844363
1751960794261,71.28471,SteamVR Tracker (Waist),-0.5778878,0.7616606,1.228782,-0.4968659,0.4930733,0.5014565,0.5084726
1751960794261,71.28471,SteamVR Tracker (Right Foot),0.1948867,0.06088638,1.170154,-0.01106059,0.8640898,0.4358051,-0.2515959
1751960794289,71.31415,SteamVR Tracker (Left Foot),0.3979405,-0.02754641,1.269251,0.08472494,0.8040742,0.5833282,-0.07755452
1751960794289,71.31415,SteamVR Tracker (Waist),-0.577858,0.7615997,1.228738,-0.497009,0.4929437,0.5017331,0.5081855
1751960794289,71.31415,SteamVR Tracker (Right Foot),0.2057304,0.04754615,1.224572,-0.007797177,0.8530565,0.4218159,-0.3070916
1751960794330,71.35368,SteamVR Tracker (Left Foot),0.3982222,-0.02739978,1.269057,0.08573321,0.8029913,0.5847175,-0.07720263
1751960794330,71.35368,SteamVR Tracker (Waist),-0.5778337,0.761492,1.228587,-0.4969409,0.4931079,0.5016134,0.508211
1751960794330,71.35368,SteamVR Tracker (Right Foot),0.2096425,0.03102922,1.274412,0.01727928,0.8368515,0.4107861,-0.3614359
1751960794384,71.40614,SteamVR Tracker (Left Foot),0.3971743,-0.02771592,1.268866,0.08262477,0.804471,0.5829819,-0.07830594
1751960794384,71.40614,SteamVR Tracker (Waist),-0.5780231,0.7616557,1.228289,-0.4972535,0.4933136,0.5014649,0.507852
1751960794384,71.40614,SteamVR Tracker (Right Foot),0.2213952,0.03545427,1.281929,0.08620933,0.8378329,0.4637178,-0.2748997
1751960794406,71.43087,SteamVR Tracker (Left Foot),0.395315,-0.02762318,1.268923,0.07734458,0.8031361,0.5851582,-0.08111914
1751960794406,71.43087,SteamVR Tracker (Waist),-0.5780357,0.7617115,1.22788,-0.4972384,0.4934267,0.501475,0.5077469
1751960794406,71.43087,SteamVR Tracker (Right Foot),0.2339694,0.03531599,1.290559,0.1301203,0.8112708,0.5259947,-0.2196312
1751960794437,71.46085,SteamVR Tracker (Left Foot),0.3943721,-0.02727437,1.26949,0.07476767,0.8013039,0.5876486,-0.0836131
1751960794437,71.46085,SteamVR Tracker (Waist),-0.577939,0.7613994,1.227915,-0.4969188,0.4938028,0.5013347,0.5078327
1751960794437,71.46085,SteamVR Tracker (Right Foot),0.2227081,0.03381205,1.277436,0.1051484,0.8149916,0.494298,-0.2835526
1751960794484,71.50836,SteamVR Tracker (Left Foot),0.3939497,-0.02791834,1.269101,0.07268403,0.8030661,0.5851049,-0.08633754
1751960794485,71.50836,SteamVR Tracker (Waist),-0.5779926,0.761308,1.227809,-0.4970105,0.4940411,0.501286,0.5075592
1751960794485,71.50836,SteamVR Tracker (Right Foot),0.2236414,0.03604674,1.288035,0.1147753,0.7906301,0.5406721,-0.2634473
1751960794551,71.57451,SteamVR Tracker (Left Foot),0.3927426,-0.02823853,1.265716,0.09414659,0.8065981,0.5753477,-0.09752356
1751960794551,71.57451,SteamVR Tracker (Waist),-0.5780282,0.7613415,1.227729,-0.4970933,0.4942974,0.5010336,0.5074778
1751960794551,71.57451,SteamVR Tracker (Right Foot),0.2229331,0.0334816,1.289391,0.1064312,0.7909989,0.5365074,-0.2741405
1751960794583,71.60678,SteamVR Tracker (Left Foot),0.3885628,-0.02870774,1.251382,0.1301151,0.8187465,0.530971,-0.1754827
1751960794583,71.60678,SteamVR Tracker (Waist),-0.5779246,0.7612027,1.227871,-0.4975662,0.4938694,0.501483,0.506987
1751960794583,71.60678,SteamVR Tracker (Right Foot),0.2240361,0.03001809,1.293152,0.1098062,0.7887001,0.5398262,-0.2729149
1751960794612,71.63663,SteamVR Tracker (Left Foot),0.3876709,-0.02672076,1.235093,0.1426503,0.8258684,0.5121604,-0.1878406
1751960794612,71.63663,SteamVR Tracker (Waist),-0.5778753,0.7611313,1.227793,-0.4971358,0.4940881,0.5013522,0.5073253
1751960794613,71.63663,SteamVR Tracker (Right Foot),0.2239107,0.02695775,1.293138,0.1146572,0.7919247,0.5352376,-0.2706099
1751960794648,71.67058,SteamVR Tracker (Left Foot),0.3859373,-0.02370381,1.206917,0.1572919,0.8209048,0.5088937,-0.205917
1751960794648,71.67058,SteamVR Tracker (Waist),-0.5780742,0.7613841,1.227912,-0.496908,0.4940199,0.5011672,0.5077974
1751960794648,71.67058,SteamVR Tracker (Right Foot),0.2236995,0.02409148,1.294263,0.1206119,0.7953644,0.5308427,-0.26656
1751960794713,71.7364,SteamVR Tracker (Left Foot),0.3859247,-0.02034354,1.156264,0.1429543,0.8009847,0.540507,-0.2141027
1751960794713,71.7364,SteamVR Tracker (Waist),-0.5780644,0.7612962,1.227746,-0.4974045,0.4936772,0.5015389,0.5072775
1751960794714,71.7364,SteamVR Tracker (Right Foot),0.2234726,0.02261496,1.295017,0.1184215,0.7924985,0.5340135,-0.269726
1751960794741,71.76334,SteamVR Tracker (Left Foot),0.3843074,-0.01712918,1.092079,0.1421342,0.7825053,0.559873,-0.2324341
1751960794742,71.76334,SteamVR Tracker (Waist),-0.577985,0.7614477,1.227728,-0.4974125,0.4936939,0.5014926,0.507299
1751960794742,71.76334,SteamVR Tracker (Right Foot),0.2226614,0.04033852,1.279222,0.1196082,0.7947629,0.5302085,-0.2700459
1751960794766,71.79029,SteamVR Tracker (Left Foot),0.3822446,-0.0166142,1.052349,0.1471525,0.7749453,0.5653874,-0.2411288
1751960794766,71.79029,SteamVR Tracker (Waist),-0.5779655,0.7615963,1.227774,-0.4971662,0.4936314,0.5016518,0.5074439
1751960794766,71.79029,SteamVR Tracker (Right Foot),0.223002,0.04035497,1.278824,0.1205587,0.7964822,0.5271853,-0.2704761
1751960794810,71.83475,SteamVR Tracker (Left Foot),0.3759931,-0.02833724,1.000901,0.1585771,0.7569565,0.5830942,-0.2487396
1751960794810,71.83475,SteamVR Tracker (Waist),-0.5777153,0.7611144,1.227984,-0.4972401,0.4934877,0.5017526,0.5074117
1751960794810,71.83475,SteamVR Tracker (Right Foot),0.2232289,0.04010344,1.277097,0.1215383,0.801217,0.5193247,-0.2712591
1751960794872,71.89606,SteamVR Tracker (Left Foot),0.3660271,-0.02476764,0.9394259,0.1603748,0.7434927,0.5895027,-0.2720021
1751960794872,71.89606,SteamVR Tracker (Waist),-0.5781438,0.7613857,1.22766,-0.4973234,0.4933581,0.5017961,0.507413
1751960794873,71.89606,SteamVR Tracker (Right Foot),0.2222976,0.03900695,1.276557,0.1239845,0.804796,0.5131101,-0.2713838
1751960794902,71.92663,SteamVR Tracker (Left Foot),0.3554981,-0.01968193,0.8864097,0.1604224,0.7328116,0.5983501,-0.2814766
1751960794902,71.92663,SteamVR Tracker (Waist),-0.5780405,0.7615252,1.227492,-0.4973845,0.4934209,0.501612,0.5074741
1751960794903,71.92663,SteamVR Tracker (Right Foot),0.22201,0.03830028,1.275524,0.1247827,0.808708,0.5060942,-0.2725609
1751960794947,71.97089,SteamVR Tracker (Left Foot),0.3449219,-0.01555467,0.8381951,0.1575516,0.7226373,0.6159651,-0.2712192
1751960794947,71.97089,SteamVR Tracker (Waist),-0.5780001,0.7615038,1.227726,-0.4973744,0.4933414,0.5018045,0.5073711
1751960794947,71.97089,SteamVR Tracker (Right Foot),0.2220966,0.03762293,1.274582,0.1272552,0.8130043,0.4982268,-0.2731304
1751960794992,72.0158,SteamVR Tracker (Left Foot),0.3398063,-0.01059437,0.8042017,0.1464533,0.7013551,0.6530118,-0.245414
1751960794992,72.0158,SteamVR Tracker (Waist),-0.5779802,0.7613364,1.22789,-0.4972836,0.4933062,0.5018217,0.5074773
1751960794992,72.0158,SteamVR Tracker (Right Foot),0.221637,0.03755569,1.273224,0.1271739,0.8173248,0.4894728,-0.276086
1751960795056,72.0808,SteamVR Tracker (Left Foot),0.335178,-0.03120518,0.808183,0.1718614,0.7429534,0.5983247,-0.2459501
1751960795057,72.0808,SteamVR Tracker (Waist),-0.5778755,0.7610357,1.227671,-0.4973999,0.4933608,0.5018054,0.5073262
1751960795057,72.0808,SteamVR Tracker (Right Foot),0.221099,0.03767681,1.271396,0.1258551,0.8240765,0.4743224,-0.2829782
1751960795092,72.11665,SteamVR Tracker (Left Foot),0.3299623,-0.04818106,0.8026405,0.1793103,0.7540563,0.5575392,-0.2973166
1751960795093,72.11665,SteamVR Tracker (Waist),-0.5781047,0.7612889,1.227597,-0.4975135,0.4933878,0.5017362,0.507257
1751960795093,72.11665,SteamVR Tracker (Right Foot),0.2194606,0.03776479,1.268529,0.1226911,0.836107,0.4474259,-0.292715
1751960795125,72.14767,SteamVR Tracker (Left Foot),0.3393133,-0.04989171,0.7958975,0.222504,0.7941814,0.5273331,-0.2041755
1751960795125,72.14767,SteamVR Tracker (Waist),-0.5780431,0.7615114,1.227747,-0.4972465,0.4933626,0.5017567,0.5075229
1751960795125,72.14767,SteamVR Tracker (Right Foot),0.2187893,0.03795862,1.264952,0.1211314,0.8510952,0.4119671,-0.3020719
1751960795157,72.18161,SteamVR Tracker (Left Foot),0.3344428,-0.04373741,0.8038684,0.2012884,0.7688503,0.5583192,-0.2379745
1751960795158,72.18161,SteamVR Tracker (Waist),-0.5780959,0.7617229,1.227974,-0.4973282,0.49318,0.5018566,0.5075215
1751960795158,72.18161,SteamVR Tracker (Right Foot),0.2176702,0.03837085,1.260793,0.1229739,0.8690345,0.3655321,-0.3099077
1751960795214,72.23827,SteamVR Tracker (Left Foot),0.3388295,-0.0434401,0.8008643,0.2118095,0.77021,0.5542372,-0.2339536
1751960795214,72.23827,SteamVR Tracker (Waist),-0.5780452,0.7612503,1.227454,-0.4974251,0.4934213,0.5016453,0.5074009
1751960795214,72.23827,SteamVR Tracker (Right Foot),0.2180108,0.0410707,1.249393,0.1449712,0.8942977,0.2626691,-0.3319941
1751960795241,72.26567,SteamVR Tracker (Left Foot),0.3396738,-0.04332304,0.8004979,0.2148397,0.7692936,0.554631,-0.233272
1751960795241,72.26567,SteamVR Tracker (Waist),-0.5779142,0.7614195,1.227538,-0.4976385,0.4932904,0.5016232,0.5073408
1751960795241,72.26567,SteamVR Tracker (Right Foot),0.219305,0.05454493,1.235523,0.1735512,0.8847781,0.2072395,-0.3796044
1751960795271,72.29585,SteamVR Tracker (Left Foot),0.3394979,-0.04328012,0.8005829,0.2131117,0.7669624,0.557732,-0.2351319
1751960795271,72.29585,SteamVR Tracker (Waist),-0.5779291,0.7616484,1.227781,-0.4975078,0.4931632,0.5018204,0.5073977
1751960795271,72.29585,SteamVR Tracker (Right Foot),0.2221693,0.06417489,1.219686,0.2080893,0.8844386,0.170077,-0.3814983
1751960795305,72.32953,SteamVR Tracker (Left Foot),0.3385961,-0.04312873,0.8006037,0.2065874,0.768055,0.5573711,-0.2382236
1751960795305,72.32953,SteamVR Tracker (Waist),-0.5779657,0.7614378,1.227827,-0.4971305,0.4934241,0.5016392,0.5076929
1751960795305,72.32953,SteamVR Tracker (Right Foot),0.2182068,0.06864715,1.195592,0.2329034,0.8735957,0.1800907,-0.3874971
1751960795344,72.36558,SteamVR Tracker (Left Foot),0.3377514,-0.04352951,0.7995725,0.2031277,0.7701126,0.5568735,-0.2357066
1751960795344,72.36558,SteamVR Tracker (Waist),-0.5779216,0.7611985,1.227702,-0.4974142,0.4932646,0.5017595,0.507451
1751960795344,72.36558,SteamVR Tracker (Right Foot),0.210709,0.07244754,1.154499,0.230714,0.8493683,0.2254186,-0.4177693
1751960795392,72.41721,SteamVR Tracker (Left Foot),0.3365212,-0.04369402,0.7991257,0.1995241,0.7719473,0.5567787,-0.2329917
1751960795392,72.41721,SteamVR Tracker (Waist),-0.5780357,0.7613442,1.227843,-0.4975054,0.4934031,0.501741,0.5072453
1751960795392,72.41721,SteamVR Tracker (Right Foot),0.1986955,0.06630135,1.10488,0.2380641,0.8363819,0.2538523,-0.4234973
1751960795419,72.44298,SteamVR Tracker (Left Foot),0.3364389,-0.04339147,0.7991127,0.1983282,0.7711613,0.5591131,-0.2310168
1751960795419,72.44298,SteamVR Tracker (Waist),-0.5781085,0.7615422,1.227694,-0.497404,0.4934028,0.5016887,0.5073968
1751960795419,72.44298,SteamVR Tracker (Right Foot),0.1809272,0.06151175,1.041124,0.2543752,0.8090446,0.2978127,-0.4382325
1751960795449,72.47366,SteamVR Tracker (Left Foot),0.3362897,-0.04343486,0.7984087,0.1989175,0.7721004,0.5571606,-0.2320883
1751960795449,72.47366,SteamVR Tracker (Waist),-0.5778644,0.7612578,1.22762,-0.4975339,0.4932974,0.5017876,0.507274
1751960795449,72.47366,SteamVR Tracker (Right Foot),0.1654753,0.05585933,0.9947217,0.2602695,0.7869701,0.334736,-0.4482072
1751960795488,72.51086,SteamVR Tracker (Left Foot),0.3364584,-0.04302239,0.7985479,0.1985086,0.771607,0.5578524,-0.2324172
1751960795488,72.51086,SteamVR Tracker (Waist),-0.5778897,0.7613686,1.227683,-0.4975784,0.493291,0.5016555,0.5073673
1751960795488,72.51086,SteamVR Tracker (Right Foot),0.145814,0.05031085,0.9351328,0.2590728,0.7642201,0.3754485,-0.4559467
1751960795521,72.54443,SteamVR Tracker (Left Foot),0.3362627,-0.0426898,0.7981835,0.1978991,0.7722406,0.5572808,-0.232204
1751960795521,72.54443,SteamVR Tracker (Waist),-0.5780207,0.7613361,1.227967,-0.4973952,0.4933608,0.5016873,0.5074476
1751960795521,72.54443,SteamVR Tracker (Right Foot),0.1274333,0.05055714,0.881385,0.2544479,0.74301,0.4169683,-0.4575258
1751960795579,72.60176,SteamVR Tracker (Left Foot),0.3361914,-0.04209518,0.7974055,0.198362,0.7716842,0.5579019,-0.232167
1751960795579,72.60176,SteamVR Tracker (Waist),-0.577984,0.7614179,1.227695,-0.4974469,0.4932006,0.5018707,0.5073712
1751960795579,72.60176,SteamVR Tracker (Right Foot),0.1085488,0.05588222,0.8313213,0.2451143,0.7166614,0.4545047,-0.4687653
1751960795596,72.62125,SteamVR Tracker (Left Foot),0.336377,-0.04172134,0.7973475,0.1981875,0.7719482,0.557668,-0.2320006
1751960795597,72.62125,SteamVR Tracker (Waist),-0.57801,0.761162,1.22767,-0.4974632,0.4932164,0.5019124,0.5072986
1751960795597,72.62125,SteamVR Tracker (Right Foot),0.08462919,0.06125355,0.7674084,0.2373306,0.685682,0.4979754,-0.4749051
1751960795629,72.65428,SteamVR Tracker (Left Foot),0.3363846,-0.04173756,0.7967077,0.1987003,0.7722193,0.5571827,-0.2318256
1751960795630,72.65428,SteamVR Tracker (Waist),-0.5780329,0.7613189,1.22766,-0.4974539,0.4932082,0.5018142,0.5074129
1751960795630,72.65428,SteamVR Tracker (Right Foot),0.06736857,0.06939936,0.7314902,0.2307299,0.6710189,0.5244789,-0.4705522
1751960795661,72.6851,SteamVR Tracker (Left Foot),0.3361931,-0.04212856,0.7967045,0.1985933,0.7721925,0.5572694,-0.2317975
1751960795661,72.6851,SteamVR Tracker (Waist),-0.5780202,0.7614408,1.227746,-0.4975507,0.4931373,0.5019537,0.5072489
1751960795661,72.6851,SteamVR Tracker (Right Foot),0.0511794,0.0775454,0.7068415,0.2346786,0.6519716,0.5501292,-0.4660653
1751960795697,72.72034,SteamVR Tracker (Left Foot),0.3363224,-0.04139519,0.796653,0.1988543,0.7720596,0.5575368,-0.2313739
1751960795697,72.72034,SteamVR Tracker (Waist),-0.5779626,0.7615944,1.227864,-0.4974524,0.4931753,0.5019014,0.5073601
1751960795698,72.72034,SteamVR Tracker (Right Foot),0.04234066,0.07884145,0.6930508,0.2495588,0.6616759,0.5380957,-0.4586486
1751960795755,72.77951,SteamVR Tracker (Left Foot),0.3366813,-0.04054713,0.7958025,0.1991857,0.7725204,0.5570613,-0.2306946
1751960795755,72.77951,SteamVR Tracker (Waist),-0.5779253,0.7610674,1.22768,-0.4975034,0.4931968,0.501918,0.5072728
1751960795755,72.77951,SteamVR Tracker (Right Foot),0.04234615,0.0724473,0.6906162,0.2449341,0.6730855,0.5313855,-0.4523193
1751960795772,72.7973,SteamVR Tracker (Left Foot),0.3366493,-0.04012966,0.7957267,0.199603,0.773178,0.5563432,-0.2298623
1751960795773,72.7973,SteamVR Tracker (Waist),-0.5778955,0.7610315,1.227709,-0.4974588,0.4932453,0.5018731,0.5073138
1751960795773,72.7973,SteamVR Tracker (Right Foot),0.04019342,0.06048942,0.6847909,0.2400518,0.6932842,0.5170749,-0.4408692
1751960795806,72.82858,SteamVR Tracker (Left Foot),0.335909,-0.04073739,0.7948964,0.199517,0.7747153,0.5545382,-0.2291214
1751960795806,72.82858,SteamVR Tracker (Waist),-0.577984,0.7613672,1.227713,-0.4974269,0.493321,0.5018029,0.507341
1751960795806,72.82858,SteamVR Tracker (Right Foot),0.03752222,0.0519042,0.6930651,0.2221978,0.6767291,0.5207626,-0.4706084
1751960795840,72.86366,SteamVR Tracker (Left Foot),0.335471,-0.04077601,0.7947248,0.1984935,0.7784762,0.5500104,-0.2281747
1751960795841,72.86366,SteamVR Tracker (Waist),-0.5781237,0.7615358,1.227645,-0.4973442,0.4932741,0.5019702,0.5073022
1751960795841,72.86366,SteamVR Tracker (Right Foot),0.03583162,0.05111766,0.6817941,0.2377526,0.7306648,0.4450929,-0.4598857
1751960795872,72.89635,SteamVR Tracker (Left Foot),0.3349983,-0.04014516,0.7937494,0.1952474,0.7843741,0.542924,-0.2277486
1751960795872,72.89635,SteamVR Tracker (Waist),-0.5780675,0.7615831,1.227715,-0.4975409,0.4931019,0.5018933,0.5073527
1751960795872,72.89635,SteamVR Tracker (Right Foot),0.03745005,0.04617906,0.6824686,0.2558224,0.740205,0.4407321,-0.4386418
1751960795933,72.95534,SteamVR Tracker (Left Foot),0.3333231,-0.04035449,0.791333,0.1858734,0.7992218,0.5235787,-0.229262
1751960795933,72.95534,SteamVR Tracker (Waist),-0.5780125,0.7614722,1.227593,-0.4976075,0.493312,0.5018035,0.5071719
1751960795933,72.95534,SteamVR Tracker (Right Foot),0.03527191,0.04587173,0.6811624,0.2529462,0.7212666,0.4620258,-0.4498056
1751960795950,72.975,SteamVR Tracker (Left Foot),0.3312419,-0.04075027,0.7877241,0.1731663,0.8220538,0.490985,-0.2305966
1751960795950,72.975,SteamVR Tracker (Waist),-0.5780421,0.7616525,1.227514,-0.4975893,0.4933126,0.5017647,0.5072275
1751960795950,72.975,SteamVR Tracker (Right Foot),0.03568316,0.04436803,0.6798815,0.2531752,0.7224997,0.4588472,-0.4509498
1751960795981,73.00483,SteamVR Tracker (Left Foot),0.3297483,-0.04047275,0.783116,0.1597096,0.8470784,0.4493369,-0.2346219
1751960795981,73.00483,SteamVR Tracker (Waist),-0.578112,0.7615579,1.227611,-0.4976971,0.4931972,0.5018259,0.5071734
1751960795981,73.00483,SteamVR Tracker (Right Foot),0.03626947,0.04417467,0.6809958,0.2489314,0.7223306,0.4586566,-0.4537686
1751960796014,73.03871,SteamVR Tracker (Left Foot),0.3265267,-0.03978801,0.7756247,0.1453903,0.8792544,0.3853585,-0.2393161
1751960796014,73.03871,SteamVR Tracker (Waist),-0.5778397,0.7614186,1.227758,-0.4976158,0.4931079,0.5018649,0.5073014
1751960796014,73.03871,SteamVR Tracker (Right Foot),0.03602003,0.04405522,0.6802838,0.2481891,0.722463,0.457946,-0.454681
1751960796047,73.07202,SteamVR Tracker (Left Foot),0.3235477,-0.03812456,0.765847,0.1506481,0.907507,0.3191298,-0.2277991
1751960796047,73.07202,SteamVR Tracker (Waist),-0.5781307,0.7613876,1.227828,-0.4976653,0.4930392,0.5018893,0.5072955
1751960796047,73.07202,SteamVR Tracker (Right Foot),0.03602646,0.04385114,0.6804406,0.2498814,0.721414,0.4596484,-0.4537008
1751960796105,73.12833,SteamVR Tracker (Left Foot),0.3060163,-0.03086805,0.7354508,0.1518572,0.8889434,0.3473889,-0.2569823
1751960796105,73.12833,SteamVR Tracker (Waist),-0.5780735,0.7614458,1.227455,-0.4977275,0.4931193,0.5017583,0.5072863
1751960796105,73.12833,SteamVR Tracker (Right Foot),0.03577451,0.04457283,0.6811869,0.2498325,0.7201824,0.4616256,-0.453677
1751960796125,73.14972,SteamVR Tracker (Left Foot),0.286244,-0.0271666,0.6939207,0.1616671,0.8738554,0.3843327,-0.2500577
1751960796125,73.14972,SteamVR Tracker (Waist),-0.5780879,0.7614862,1.227528,-0.4977372,0.4930707,0.5018616,0.5072218
1751960796125,73.14972,SteamVR Tracker (Right Foot),0.03567616,0.04483485,0.6817308,0.2494764,0.718727,0.4639833,-0.453776
1751960796159,73.18275,SteamVR Tracker (Left Foot),0.2606869,-0.03089952,0.6513328,0.1692623,0.851315,0.4131343,-0.2755597
1751960796159,73.18275,SteamVR Tracker (Waist),-0.5779526,0.7611868,1.227618,-0.4976289,0.4930467,0.5018758,0.5073373
1751960796159,73.18275,SteamVR Tracker (Right Foot),0.03583852,0.04494929,0.6817495,0.2478754,0.7197807,0.4625586,-0.4544371
1751960796191,73.21569,SteamVR Tracker (Left Foot),0.2282199,-0.03513122,0.6078562,0.2066361,0.8144793,0.4426643,-0.3130071
1751960796191,73.21569,SteamVR Tracker (Waist),-0.5778933,0.7613448,1.227779,-0.497649,0.4931122,0.5018141,0.507315
1751960796191,73.21569,SteamVR Tracker (Right Foot),0.03598944,0.04508042,0.682317,0.2476282,0.7189768,0.4638556,-0.4545224
1751960796229,73.25037,SteamVR Tracker (Left Foot),0.1895116,-0.03967166,0.5643812,0.2500908,0.7721695,0.4649495,-0.3535969
1751960796229,73.25037,SteamVR Tracker (Waist),-0.5778167,0.7612151,1.227846,-0.497603,0.4932035,0.5017883,0.507297
1751960796229,73.25037,SteamVR Tracker (Right Foot),0.03615519,0.0450995,0.6827467,0.2479182,0.7178718,0.46554,-0.4543888
1751960796288,73.30956,SteamVR Tracker (Left Foot),0.1477242,-0.03924561,0.5316078,0.2806274,0.7405011,0.4737023,-0.3853733
1751960796288,73.30956,SteamVR Tracker (Waist),-0.5780729,0.7614542,1.227674,-0.4977768,0.4930625,0.5018718,0.5071809
1751960796289,73.30956,SteamVR Tracker (Right Foot),0.03579189,0.04506969,0.6828222,0.2476559,0.7173144,0.4664561,-0.4544727
1751960796340,73.36156,SteamVR Tracker (Left Foot),0.06520312,-0.03598523,0.4690523,0.3406057,0.6751531,0.4925351,-0.4307728
1751960796340,73.36156,SteamVR Tracker (Waist),-0.5779172,0.7615285,1.227717,-0.4975825,0.493145,0.5018679,0.5072951
1751960796340,73.36156,SteamVR Tracker (Right Foot),0.03580727,0.0451839,0.682717,0.2466057,0.7172459,0.4665319,-0.4550735
1751960796369,73.39425,SteamVR Tracker (Left Foot),0.02845055,-0.03638077,0.4484972,0.3598087,0.6561505,0.4886037,-0.4486319
1751960796369,73.39425,SteamVR Tracker (Waist),-0.5779686,0.7614913,1.227578,-0.4978591,0.4929395,0.5017884,0.5073021
1751960796369,73.39425,SteamVR Tracker (Right Foot),0.03566447,0.04510808,0.6828735,0.2456122,0.7174407,0.4663162,-0.4555247
1751960796403,73.42632,SteamVR Tracker (Left Foot),-0.005012631,-0.0320456,0.4351048,0.3763698,0.641815,0.4796323,-0.4651582
1751960796403,73.42632,SteamVR Tracker (Waist),-0.5779189,0.761613,1.227683,-0.4977273,0.4929771,0.5018777,0.5073067
1751960796403,73.42632,SteamVR Tracker (Right Foot),0.03548864,0.04484963,0.6826894,0.2445343,0.718571,0.4648651,-0.455806
1751960796457,73.48048,SteamVR Tracker (Left Foot),-0.03659222,-0.03007889,0.4398931,0.4329499,0.6270991,0.4369654,-0.4778729
1751960796457,73.48048,SteamVR Tracker (Waist),-0.5779554,0.7615232,1.227602,-0.4976599,0.4931157,0.5019131,0.5072029
1751960796458,73.48048,SteamVR Tracker (Right Foot),0.03506026,0.04485416,0.6828682,0.2433053,0.7190325,0.4639584,-0.456659
1751960796491,73.51562,SteamVR Tracker (Left Foot),-0.08607323,-0.02890325,0.4626718,-0.5097395,-0.5492141,-0.3632975,0.5536646
1751960796491,73.51562,SteamVR Tracker (Waist),-0.5779555,0.761652,1.22768,-0.4976379,0.4930875,0.5019503,0.5072151
1751960796491,73.51562,SteamVR Tracker (Right Foot),0.0346228,0.04498601,0.6829128,0.2403807,0.7207945,0.4616504,-0.4577679
1751960796536,73.55801,SteamVR Tracker (Left Foot),-0.08738044,-0.0378871,0.4987121,-0.5537787,-0.5323888,-0.2561657,0.5867456
1751960796536,73.55801,SteamVR Tracker (Waist),-0.5780151,0.7616037,1.227431,-0.4977416,0.4930876,0.5018349,0.5072275
1751960796536,73.55801,SteamVR Tracker (Right Foot),0.03405485,0.04492593,0.68251,0.2380128,0.7222949,0.4594258,-0.458877
1751960796584,73.60565,SteamVR Tracker (Left Foot),-0.06651092,-0.03633881,0.5216876,-0.5075669,-0.4714441,-0.2982737,0.6566196
1751960796584,73.60565,SteamVR Tracker (Waist),-0.5778229,0.7613976,1.227863,-0.497697,0.4931019,0.5018573,0.5072352
1751960796584,73.60565,SteamVR Tracker (Right Foot),0.0337478,0.04520035,0.6829467,0.2352485,0.7231644,0.4587269,-0.4596315
1751960796656,73.67916,SteamVR Tracker (Left Foot),-0.06682445,-0.03603363,0.5085092,-0.4859507,-0.5137299,-0.3326827,0.6239036
1751960796657,73.67916,SteamVR Tracker (Waist),-0.5779644,0.7616253,1.227767,-0.4976429,0.4931374,0.5018653,0.5072458
1751960796657,73.67916,SteamVR Tracker (Right Foot),0.03361672,0.04546189,0.6831073,0.2346008,0.7240697,0.4569505,-0.4603063
1751960796706,73.72733,SteamVR Tracker (Left Foot),-0.06505023,-0.0417552,0.5031263,-0.490571,-0.5122838,-0.3446778,0.6149005
1751960796706,73.72733,SteamVR Tracker (Waist),-0.5779228,0.7613297,1.227669,-0.4976879,0.4930595,0.5018893,0.5072535
1751960796706,73.72733,SteamVR Tracker (Right Foot),0.03255612,0.04568076,0.6834192,0.2315885,0.7260304,0.4535486,-0.4621043
1751960796732,73.75694,SteamVR Tracker (Left Foot),-0.06753904,-0.0404861,0.5040382,-0.4823021,-0.5194838,-0.3409868,0.6174539
1751960796733,73.75694,SteamVR Tracker (Waist),-0.577975,0.7613858,1.227638,-0.4975497,0.4931367,0.5019094,0.5072943
1751960796733,73.75694,SteamVR Tracker (Right Foot),0.03220451,0.04595757,0.683843,0.2303618,0.7273543,0.4512959,-0.4628403
1751960796793,73.81483,SteamVR Tracker (Left Foot),-0.06665543,-0.04081917,0.5012388,-0.4796758,-0.5240395,-0.3407777,0.6157632
1751960796793,73.81483,SteamVR Tracker (Waist),-0.5779147,0.7614714,1.227516,-0.4975786,0.4930953,0.5019301,0.5072858
1751960796793,73.81483,SteamVR Tracker (Right Foot),0.03187625,0.04615951,0.6841177,0.230796,0.7269824,0.4500274,-0.4644408
1751960796827,73.84988,SteamVR Tracker (Left Foot),-0.06810835,-0.04095936,0.5018269,-0.4778017,-0.5301209,-0.3420944,0.6112683
1751960796827,73.84988,SteamVR Tracker (Waist),-0.5780704,0.7616885,1.227683,-0.4976617,0.4930182,0.5019419,0.5072674
1751960796827,73.84988,SteamVR Tracker (Right Foot),0.0305555,0.04616308,0.6842446,0.2342108,0.7247221,0.4425734,-0.4733413
1751960796868,73.89159,SteamVR Tracker (Left Foot),-0.06975824,-0.04200816,0.5035493,-0.4762194,-0.531577,-0.3417559,0.6114277
1751960796868,73.89159,SteamVR Tracker (Waist),-0.5778152,0.7613329,1.227709,-0.4976101,0.4929743,0.5019597,0.5073432
1751960796868,73.89159,SteamVR Tracker (Right Foot),0.02367714,0.04673648,0.6878428,-0.273071,-0.6859616,-0.4301994,0.5194396
1751960796912,73.93506,SteamVR Tracker (Left Foot),-0.06935719,-0.04159808,0.5029079,-0.4771459,-0.5298692,-0.3419283,0.6120912
1751960796912,73.93506,SteamVR Tracker (Waist),-0.5780401,0.7615414,1.227554,-0.4975085,0.4930812,0.5020236,0.5072756
1751960796912,73.93506,SteamVR Tracker (Right Foot),0.01004949,0.04922938,0.7014167,-0.3593709,-0.5843188,-0.3899662,0.6142886
1751960796982,74.00459,SteamVR Tracker (Left Foot),-0.0697569,-0.04001236,0.501958,-0.4740123,-0.5307613,-0.3395474,0.6150711
1751960796982,74.00459,SteamVR Tracker (Waist),-0.5779362,0.7614207,1.227444,-0.4976258,0.4930311,0.5019587,0.5072735
1751960796982,74.00459,SteamVR Tracker (Right Foot),0.02031326,0.05313516,0.733694,-0.4261788,-0.5139509,-0.3365179,0.6640646
1751960797012,74.0367,SteamVR Tracker (Left Foot),-0.07005224,-0.03981495,0.5029538,-0.4717167,-0.5316923,-0.3393869,0.6161196
1751960797012,74.0367,SteamVR Tracker (Waist),-0.577796,0.7614648,1.227742,-0.4975413,0.4930425,0.5020909,0.5072145
1751960797012,74.0367,SteamVR Tracker (Right Foot),0.03729806,0.05943632,0.7797638,-0.4951448,-0.3843462,-0.258199,0.7351482
1751960797053,74.07689,SteamVR Tracker (Left Foot),-0.07025182,-0.03975892,0.5028623,-0.4714136,-0.5317962,-0.3392934,0.6163133
1751960797053,74.07689,SteamVR Tracker (Waist),-0.5779927,0.7615265,1.227564,-0.4975631,0.493213,0.5020588,0.507059
1751960797053,74.07689,SteamVR Tracker (Right Foot),0.07175326,0.06482005,0.8170745,-0.5373561,-0.2557543,-0.1784148,0.7835855
1751960797098,74.12109,SteamVR Tracker (Left Foot),-0.07020396,-0.03966689,0.5025586,-0.4716989,-0.5316254,-0.3396412,0.6160507
1751960797098,74.12109,SteamVR Tracker (Waist),-0.577895,0.7613958,1.227525,-0.49754,0.4931897,0.5021128,0.507051
1751960797098,74.12109,SteamVR Tracker (Right Foot),0.1211085,0.06491923,0.8440506,-0.5488178,-0.1696037,-0.0852818,0.8141012
1751960797169,74.19231,SteamVR Tracker (Left Foot),-0.06995226,-0.03928518,0.5023461,-0.471897,-0.5310678,-0.3397572,0.6163159
1751960797170,74.19231,SteamVR Tracker (Waist),-0.5778679,0.761364,1.227631,-0.4974332,0.4933468,0.5020369,0.507078
1751960797170,74.19231,SteamVR Tracker (Right Foot),0.1672793,0.06174302,0.8508975,-0.5175354,-0.2226741,-0.03739027,0.8253335
1751960797204,74.22713,SteamVR Tracker (Left Foot),-0.06902325,-0.03903341,0.5024765,-0.4729557,-0.5293971,-0.3411716,0.6161603
1751960797204,74.22713,SteamVR Tracker (Waist),-0.5777489,0.7612271,1.227644,-0.4974169,0.4933104,0.5020227,0.5071436
1751960797204,74.22713,SteamVR Tracker (Right Foot),0.2319097,0.06226563,0.8670939,-0.504545,-0.2352056,0.01821565,0.8305305
1751960797244,74.26702,SteamVR Tracker (Left Foot),-0.06924318,-0.03826499,0.502464,-0.4742833,-0.5281972,-0.3429843,0.6151625
1751960797244,74.26702,SteamVR Tracker (Waist),-0.578041,0.7613821,1.227599,-0.4974368,0.4933305,0.5020641,0.5070634
1751960797244,74.26702,SteamVR Tracker (Right Foot),0.2761271,0.06225753,0.8711492,-0.5039017,-0.2249716,0.05172738,0.8323432
1751960797288,74.31189,SteamVR Tracker (Left Foot),-0.06915335,-0.0374589,0.5026789,-0.4755566,-0.5271749,-0.344505,0.6142059
1751960797289,74.31189,SteamVR Tracker (Waist),-0.5778832,0.7615281,1.227625,-0.4975276,0.4933766,0.5019047,0.5070874
1751960797289,74.31189,SteamVR Tracker (Right Foot),0.3192586,0.05874658,0.8709628,-0.4989115,-0.1790859,0.09223838,0.8429161
1751960797370,74.39072,SteamVR Tracker (Left Foot),-0.0690081,-0.03638864,0.5027098,-0.4757517,-0.5260313,-0.3462467,0.6140559
1751960797370,74.39072,SteamVR Tracker (Waist),-0.57795,0.7613782,1.2276,-0.4973155,0.4935054,0.5020989,0.5069777
1751960797370,74.39072,SteamVR Tracker (Right Foot),0.3570303,0.04907084,0.851752,-0.4872656,-0.05239929,0.04093378,0.8707187
1751960797405,74.42804,SteamVR Tracker (Left Foot),-0.06848311,-0.03594613,0.5030583,-0.4749799,-0.5256538,-0.3480098,0.61398
1751960797406,74.42804,SteamVR Tracker (Waist),-0.5779904,0.7616487,1.227566,-0.4973669,0.4936062,0.5020347,0.5068929
1751960797406,74.42804,SteamVR Tracker (Right Foot),0.3855163,0.04129052,0.8399925,-0.4840041,0.1323432,-0.1200685,0.8566265
1751960797441,74.46413,SteamVR Tracker (Left Foot),-0.06873524,-0.03575373,0.5034831,-0.4713133,-0.5271859,-0.3479989,0.6154963
1751960797441,74.46413,SteamVR Tracker (Waist),-0.5779606,0.7614243,1.227481,-0.4974011,0.4935269,0.501928,0.5070419
1751960797441,74.46413,SteamVR Tracker (Right Foot),0.3710353,0.0386095,0.8413222,-0.55308,-0.01019999,-0.03852641,0.8321745
1751960797514,74.53495,SteamVR Tracker (Left Foot),-0.07269102,-0.03209329,0.508624,-0.4313139,-0.53285,-0.3516389,0.6374868
1751960797514,74.53495,SteamVR Tracker (Waist),-0.5779688,0.7616621,1.227504,-0.4974562,0.493451,0.5018734,0.5071159
1751960797514,74.53495,SteamVR Tracker (Right Foot),0.3649208,0.0402391,0.8462959,-0.5258511,-0.007243232,-0.02321863,0.8502289
1751960797530,74.55585,SteamVR Tracker (Left Foot),-0.07538727,-0.02480841,0.5204977,-0.362803,-0.518146,-0.373171,0.6787062
1751960797530,74.55585,SteamVR Tracker (Waist),-0.5778917,0.7614477,1.227584,-0.4975567,0.4933304,0.5018683,0.5071397
1751960797530,74.55585,SteamVR Tracker (Right Foot),0.3646745,0.0395999,0.8460806,-0.5275604,-0.007178164,-0.02525553,0.8491117
1751960797576,74.59994,SteamVR Tracker (Left Foot),-0.073946,-0.01340032,0.5596014,-0.1856744,-0.3886554,-0.445983,0.7845834
1751960797576,74.59994,SteamVR Tracker (Waist),-0.5777723,0.7612906,1.227733,-0.4975591,0.4932602,0.5020165,0.5070589
1751960797576,74.59994,SteamVR Tracker (Right Foot),0.3618774,0.04094172,0.8464382,-0.5304997,-0.007900394,-0.02190388,0.8473653
1751960797623,74.64347,SteamVR Tracker (Left Foot),-0.03712031,-0.01331878,0.6549677,-0.3486542,-0.2343366,-0.2641581,0.8681861
1751960797623,74.64347,SteamVR Tracker (Waist),-0.5779059,0.7615737,1.227701,-0.4975071,0.493257,0.5021147,0.5070159
1751960797623,74.64347,SteamVR Tracker (Right Foot),0.3618993,0.04139328,0.8468737,-0.5289327,-0.005445478,-0.02673559,0.8482251
1751960797692,74.71484,SteamVR Tracker (Left Foot),0.001466885,-0.008384705,0.7323605,-0.3803867,-0.2208538,-0.228423,0.8685347
1751960797692,74.71484,SteamVR Tracker (Waist),-0.5779545,0.7615085,1.227563,-0.4974316,0.4934911,0.5019234,0.5070515
1751960797692,74.71484,SteamVR Tracker (Right Foot),0.3621205,0.04197693,0.8470398,-0.5261365,-0.003808473,-0.02843791,0.849916
1751960797724,74.74701,SteamVR Tracker (Left Foot),0.05211785,-0.0110724,0.8443465,-0.4373724,-0.211498,-0.1458151,0.8618074
1751960797725,74.74701,SteamVR Tracker (Waist),-0.5779183,0.7617311,1.227527,-0.4974043,0.4934972,0.5018509,0.5071442
1751960797725,74.74701,SteamVR Tracker (Right Foot),0.3621823,0.04197454,0.8471406,-0.5255964,-0.003236787,-0.02906112,0.8502314
1751960797763,74.78733,SteamVR Tracker (Left Foot),0.0895514,-0.01395965,0.9259611,-0.4766106,-0.1881919,-0.09980589,0.8529156
1751960797763,74.78733,SteamVR Tracker (Waist),-0.5780551,0.7619299,1.227563,-0.4971376,0.4937389,0.5018188,0.5072022
1751960797763,74.78733,SteamVR Tracker (Right Foot),0.3624206,0.04200196,0.8474335,-0.5259449,-0.003206231,-0.02811952,0.8500476
1751960797809,74.8327,SteamVR Tracker (Left Foot),0.1319862,-0.01254296,1.020748,-0.53059,-0.191558,-0.06053902,0.8234773
1751960797809,74.8327,SteamVR Tracker (Waist),-0.5779465,0.7612675,1.227533,-0.4973339,0.4938886,0.5017364,0.5069456
1751960797809,74.8327,SteamVR Tracker (Right Foot),0.3623502,0.04203439,0.8469793,-0.5279781,-0.00348392,-0.02602956,0.8488519
1751960797879,74.90127,SteamVR Tracker (Left Foot),0.1798602,-0.001085281,1.126596,-0.5889087,-0.1954142,-0.01411076,0.7840922
1751960797879,74.90127,SteamVR Tracker (Waist),-0.5778805,0.7615093,1.227416,-0.4975664,0.4937589,0.5017158,0.506864
1751960797879,74.90127,SteamVR Tracker (Right Foot),0.361496,0.04172421,0.847267,-0.5296224,-0.004549758,-0.02179743,0.8479412
1751960797901,74.92574,SteamVR Tracker (Left Foot),0.2288985,0.01089072,1.235942,-0.6403288,-0.2016033,0.04078795,0.7400483
1751960797901,74.92574,SteamVR Tracker (Waist),-0.5780591,0.7619236,1.227679,-0.4975555,0.4935389,0.5017996,0.507006
1751960797901,74.92574,SteamVR Tracker (Right Foot),0.3609787,0.04127598,0.8471468,-0.5297118,-0.004502503,-0.01891526,0.8479548
1751960797945,74.968,SteamVR Tracker (Left Foot),0.2533662,0.02950358,1.297091,-0.6658631,-0.2248852,0.06521561,0.7083784
1751960797945,74.968,SteamVR Tracker (Waist),-0.5778092,0.7616842,1.227606,-0.4974961,0.4934191,0.5017298,0.5072499
1751960797945,74.968,SteamVR Tracker (Right Foot),0.3609754,0.04095745,0.8475607,-0.5264135,-0.003479093,-0.0184866,0.8500206
1751960797987,75.01101,SteamVR Tracker (Left Foot),0.2711162,0.04294229,1.359658,-0.6885677,-0.2629383,0.04398075,0.6743913
1751960797987,75.01101,SteamVR Tracker (Waist),-0.577866,0.7614172,1.227493,-0.497634,0.4934741,0.5017578,0.5070334
1751960797987,75.01101,SteamVR Tracker (Right Foot),0.3605195,0.04087663,0.8480856,-0.5223773,-0.00185919,-0.0166517,0.8525499
1751960798073,75.09472,SteamVR Tracker (Left Foot),0.2631607,0.03148103,1.375175,-0.6639417,-0.3601359,-0.04637261,0.6537072
1751960798073,75.09472,SteamVR Tracker (Waist),-0.5777032,0.7610151,1.227647,-0.4977793,0.4933754,0.5017342,0.5070102
1751960798073,75.09472,SteamVR Tracker (Right Foot),0.3599927,0.04103899,0.8502778,-0.5012282,0.01282455,-0.009699319,0.8651658
1751960798102,75.12644,SteamVR Tracker (Left Foot),0.2775141,0.01245093,1.398624,-0.6385483,-0.4128422,-0.1059374,0.6407767
1751960798102,75.12644,SteamVR Tracker (Waist),-0.5779231,0.7613282,1.227814,-0.4975452,0.4934647,0.501781,0.5071067
1751960798102,75.12644,SteamVR Tracker (Right Foot),0.3597583,0.04126287,0.8537723,-0.4618346,0.03454457,-0.005410781,0.8862766
1751960798141,75.16465,SteamVR Tracker (Left Foot),0.2839846,-0.01496053,1.413584,-0.6226394,-0.3150002,-0.08046678,0.7117726
1751960798141,75.16465,SteamVR Tracker (Waist),-0.5778525,0.7614831,1.227793,-0.4974336,0.4936056,0.5016924,0.5071668
1751960798141,75.16465,SteamVR Tracker (Right Foot),0.3614521,0.04147363,0.8593741,-0.4065696,0.04246786,-0.01209534,0.9125521
1751960798200,75.22318,SteamVR Tracker (Left Foot),0.2833974,-0.00498414,1.409034,-0.5646272,-0.2813984,-0.1497428,0.7613069
1751960798200,75.22318,SteamVR Tracker (Waist),-0.5779201,0.7615172,1.227475,-0.4979092,0.4932321,0.5017982,0.5069587
1751960798200,75.22318,SteamVR Tracker (Right Foot),0.3669255,0.04039311,0.872855,-0.2701362,0.03757305,-0.04060464,0.9612315
1751960798234,75.25839,SteamVR Tracker (Left Foot),0.2850592,-0.005874157,1.416054,-0.5377753,-0.2856543,-0.1438074,0.7800761
1751960798234,75.25839,SteamVR Tracker (Waist),-0.5779107,0.7611794,1.227478,-0.4976082,0.493361,0.5017364,0.5071899
1751960798234,75.25839,SteamVR Tracker (Right Foot),0.3709233,0.03871918,0.8895096,-0.09428435,0.02135742,-0.06649559,0.9930925
1751960798279,75.30153,SteamVR Tracker (Left Foot),0.2834749,-0.007833481,1.41601,-0.5447679,-0.2825145,-0.1523281,0.7747319
1751960798279,75.30153,SteamVR Tracker (Waist),-0.5779023,0.7613262,1.227661,-0.4974906,0.4934469,0.5015506,0.5074055
1751960798279,75.30153,SteamVR Tracker (Right Foot),0.3785974,0.04639745,0.9083189,0.05516535,0.03917813,-0.1185254,0.990643
1751960798324,75.34763,SteamVR Tracker (Left Foot),0.2812051,-0.008388996,1.414088,-0.5544198,-0.2797854,-0.1518438,0.7689489
1751960798324,75.34763,SteamVR Tracker (Waist),-0.5778363,0.7612988,1.22764,-0.4971494,0.4935173,0.5016698,0.5075534
1751960798324,75.34763,SteamVR Tracker (Right Foot),0.3954627,0.07937694,0.9429839,0.05842962,-0.09174524,-0.1500007,0.9826844
1751960798389,75.41185,SteamVR Tracker (Left Foot),0.2803051,-0.007855892,1.413393,-0.555441,-0.2817594,-0.1500977,0.7678332
1751960798389,75.41185,SteamVR Tracker (Waist),-0.5777632,0.7613144,1.22761,-0.4974881,0.4935899,0.5016787,0.5071422
1751960798389,75.41185,SteamVR Tracker (Right Foot),0.4426595,0.08877873,1.040192,-0.1165456,0.006863928,-0.06535115,0.9910092
1751960798414,75.43822,SteamVR Tracker (Left Foot),0.2801926,-0.008134842,1.413023,-0.5566646,-0.2829567,-0.1501897,0.7664875
1751960798414,75.43822,SteamVR Tracker (Waist),-0.5776793,0.7613118,1.227595,-0.4975138,0.4933744,0.501812,0.5071946
1751960798414,75.43822,SteamVR Tracker (Right Foot),0.4922627,0.08478308,1.149971,-0.2121111,0.02037017,0.0386654,0.9762679
1751960798457,75.47939,SteamVR Tracker (Left Foot),0.2804184,-0.007486105,1.412671,-0.5594221,-0.2820352,-0.1508871,0.7646804
1751960798457,75.47939,SteamVR Tracker (Waist),-0.578005,0.7614357,1.227591,-0.4977424,0.4932922,0.5020171,0.5068473
1751960798457,75.47939,SteamVR Tracker (Right Foot),0.5194241,0.06601,1.253992,-0.2798479,-0.02291219,0.08806363,0.9557223
1751960798503,75.52486,SteamVR Tracker (Left Foot),0.2806078,-0.007728815,1.41276,-0.5608014,-0.2808914,-0.1511956,0.7640299
1751960798503,75.52486,SteamVR Tracker (Waist),-0.5781358,0.7615576,1.227261,-0.4974761,0.4935825,0.5017197,0.5071206
1751960798503,75.52486,SteamVR Tracker (Right Foot),0.5339436,0.05230236,1.380576,-0.3726873,-0.07506506,0.07295192,0.9220344
1751960798572,75.5946,SteamVR Tracker (Left Foot),0.2813722,-0.007911921,1.412675,-0.5633891,-0.2813846,-0.1559167,0.7609898
1751960798572,75.5946,SteamVR Tracker (Waist),-0.5779066,0.7613889,1.227491,-0.4975549,0.4935561,0.5016799,0.5071083
1751960798572,75.5946,SteamVR Tracker (Right Foot),0.5156326,0.04608417,1.522284,-0.4496369,-0.1404333,0.03442382,0.8814307
1751960798607,75.63068,SteamVR Tracker (Left Foot),0.2823649,-0.0085392,1.414201,-0.5631795,-0.2893421,-0.1654807,0.7561257
1751960798607,75.63068,SteamVR Tracker (Waist),-0.5779589,0.7613448,1.227707,-0.4973897,0.4935714,0.5017164,0.5072194
1751960798608,75.63068,SteamVR Tracker (Right Foot),0.4825151,0.0529573,1.699413,-0.5374973,-0.2299954,-0.02759325,0.8108252
1751960798633,75.65842,SteamVR Tracker (Left Foot),0.2832925,-0.009180307,1.415569,-0.5540552,-0.2929632,-0.1713725,0.7601494
1751960798633,75.65842,SteamVR Tracker (Waist),-0.5777498,0.761288,1.227718,-0.4974096,0.4935378,0.5018064,0.5071434
1751960798633,75.65842,SteamVR Tracker (Right Foot),0.4532644,0.05909896,1.773933,-0.561895,-0.2817789,-0.06734286,0.7748159
1751960798670,75.69391,SteamVR Tracker (Left Foot),0.2832257,-0.008675098,1.414438,-0.5610151,-0.2843994,-0.1752854,0.7573996
1751960798670,75.69391,SteamVR Tracker (Waist),-0.5779583,0.7612275,1.227569,-0.4975148,0.4935733,0.5017696,0.5070422
1751960798670,75.69391,SteamVR Tracker (Right Foot),0.4082945,0.07328033,1.843229,-0.5836703,-0.3357588,-0.1032769,0.7320716
1751960798735,75.75698,SteamVR Tracker (Left Foot),0.2824956,-0.009094,1.414692,-0.5588057,-0.287316,-0.1706972,0.7589784
1751960798735,75.75698,SteamVR Tracker (Waist),-0.5778986,0.761353,1.227421,-0.4974782,0.4936312,0.5017161,0.5070745
1751960798735,75.75698,SteamVR Tracker (Right Foot),0.3602975,0.09374118,1.905692,-0.6229896,-0.3368715,-0.1160032,0.6963798
1751960798784,75.80465,SteamVR Tracker (Left Foot),0.2820773,-0.009973049,1.414958,-0.5575969,-0.2894055,-0.1706611,0.7590816
1751960798784,75.80465,SteamVR Tracker (Waist),-0.5781051,0.7614782,1.227515,-0.4975153,0.4934297,0.5016874,0.5072628
1751960798784,75.80465,SteamVR Tracker (Right Foot),0.2596261,0.125483,2.032411,-0.6753501,-0.385744,-0.205834,0.5939161
1751960798823,75.84553,SteamVR Tracker (Left Foot),0.2812828,-0.01001048,1.414686,-0.5540102,-0.2920029,-0.1683931,0.7612167
1751960798823,75.84553,SteamVR Tracker (Waist),-0.5778623,0.7616372,1.227782,-0.4975024,0.4932963,0.5017967,0.507297
1751960798823,75.84553,SteamVR Tracker (Right Foot),0.2155496,0.1323676,2.058628,-0.6823093,-0.4045039,-0.2635018,0.5489968
1751960798894,75.9166,SteamVR Tracker (Left Foot),0.2805694,-0.009904861,1.415495,-0.5458075,-0.2952735,-0.1677347,0.7660111
1751960798894,75.9166,SteamVR Tracker (Waist),-0.5778719,0.7613126,1.227463,-0.4974835,0.493486,0.5016822,0.5072444
1751960798894,75.9166,SteamVR Tracker (Right Foot),0.1921466,0.08924389,2.017863,-0.6006686,-0.4545656,-0.346609,0.558954
1751960798926,75.94868,SteamVR Tracker (Left Foot),0.2802216,-0.009563208,1.416834,-0.5232074,-0.3076735,-0.1732051,0.775623
1751960798926,75.94868,SteamVR Tracker (Waist),-0.5779303,0.7613612,1.227661,-0.4975174,0.4934981,0.5016914,0.5071902
1751960798926,75.94868,SteamVR Tracker (Right Foot),0.1665571,0.03680491,1.996904,-0.3825148,-0.620596,-0.4453591,0.5198061
1751960798964,75.98809,SteamVR Tracker (Left Foot),0.2810569,-0.008388281,1.420237,-0.4746061,-0.3522448,-0.2032664,0.7806123
1751960798965,75.98809,SteamVR Tracker (Waist),-0.577983,0.761385,1.22764,-0.4974447,0.4934993,0.5016007,0.50735
1751960798965,75.98809,SteamVR Tracker (Right Foot),0.1699961,0.04689193,2.026,-0.4124658,-0.5575576,-0.353359,0.6278049
1751960799009,76.03268,SteamVR Tracker (Left Foot),0.2857586,-0.001413584,1.42579,-0.4130259,-0.3710347,-0.2930067,0.7783893
1751960799009,76.03268,SteamVR Tracker (Waist),-0.5779967,0.7611367,1.227338,-0.4977646,0.4934585,0.5017617,0.5069166
1751960799010,76.03268,SteamVR Tracker (Right Foot),0.1657887,0.03302646,2.035408,-0.3906362,-0.5325552,-0.3490484,0.6647959
1751960799080,76.10191,SteamVR Tracker (Left Foot),0.2922902,0.004262447,1.434242,-0.3123308,-0.449707,-0.3905253,0.7400697
1751960799081,76.10191,SteamVR Tracker (Waist),-0.5779728,0.7615911,1.2275,-0.4975771,0.4934633,0.5017045,0.5071526
1751960799081,76.10191,SteamVR Tracker (Right Foot),0.1714049,0.03763604,2.031698,-0.4284022,-0.5192325,-0.3573405,0.6474388
1751960799111,76.13631,SteamVR Tracker (Left Foot),0.3082479,0.01314878,1.456627,-0.1532931,-0.5342401,-0.4960947,0.6670672
1751960799111,76.13631,SteamVR Tracker (Waist),-0.5776756,0.7613417,1.227638,-0.4976909,0.4934795,0.5015698,0.5071583
1751960799111,76.13631,SteamVR Tracker (Right Foot),0.1717976,0.03414941,2.035621,-0.4271413,-0.5161284,-0.3530113,0.6531039
1751960799153,76.1769,SteamVR Tracker (Left Foot),0.3238283,0.03226757,1.468871,-0.211058,-0.6428611,-0.5121956,0.528999
1751960799153,76.1769,SteamVR Tracker (Waist),-0.5780494,0.7615783,1.227391,-0.4977449,0.493555,0.5017211,0.5068821
1751960799154,76.1769,SteamVR Tracker (Right Foot),0.1719436,0.03332806,2.040699,-0.4291853,-0.5056023,-0.3454433,0.6639543
1751960799198,76.22036,SteamVR Tracker (Left Foot),0.3515906,0.03933597,1.501174,-0.1800333,-0.6622447,-0.5275016,0.5007614
1751960799198,76.22036,SteamVR Tracker (Waist),-0.5780284,0.7617393,1.227486,-0.4977273,0.4935992,0.5017191,0.5068584
1751960799198,76.22036,SteamVR Tracker (Right Foot),0.1724982,0.03375006,2.043733,-0.4336696,-0.4972738,-0.3400298,0.6700963
1751960799268,76.29044,SteamVR Tracker (Left Foot),0.3833603,0.04148746,1.549286,-0.2111446,-0.6333978,-0.4759251,0.5724689
1751960799268,76.29044,SteamVR Tracker (Waist),-0.5778368,0.7613735,1.227429,-0.4978768,0.4932887,0.501756,0.5069773
1751960799268,76.29044,SteamVR Tracker (Right Foot),0.1723168,0.03467941,2.040966,-0.4296563,-0.5044561,-0.3406758,0.6669779
1751960799289,76.31415,SteamVR Tracker (Left Foot),0.4203882,0.04842401,1.587845,-0.2281377,-0.6327085,-0.4305576,0.6018748
1751960799289,76.31415,SteamVR Tracker (Waist),-0.5776503,0.7612106,1.227631,-0.4978377,0.4933491,0.5018212,0.5068923
1751960799289,76.31415,SteamVR Tracker (Right Foot),0.1719452,0.03459716,2.040493,-0.4286072,-0.5054537,-0.3400925,0.6671953
1751960799332,76.35609,SteamVR Tracker (Left Foot),0.4622647,0.06189895,1.59947,-0.2112633,-0.6579242,-0.4174207,0.5901387
1751960799332,76.35609,SteamVR Tracker (Waist),-0.5780861,0.7612251,1.227726,-0.4978414,0.4932498,0.5019268,0.5068808
1751960799332,76.35609,SteamVR Tracker (Right Foot),0.1709342,0.03512001,2.039315,-0.4249087,-0.5062532,-0.3388957,0.6695595
1751960799376,76.40022,SteamVR Tracker (Left Foot),0.5076476,0.08097029,1.601336,-0.1517552,-0.6791536,-0.4221069,0.5809876
1751960799376,76.40022,SteamVR Tracker (Waist),-0.5781283,0.7615024,1.227565,-0.4976926,0.4932275,0.5018443,0.5071302
1751960799376,76.40022,SteamVR Tracker (Right Foot),0.1705374,0.04019737,2.032343,-0.4218281,-0.5081655,-0.336561,0.6712344
1751960799456,76.47836,SteamVR Tracker (Left Foot),0.5605628,0.1155853,1.589523,-0.090014,-0.7002923,-0.4321089,0.5610437
1751960799456,76.47836,SteamVR Tracker (Waist),-0.5779544,0.7616403,1.227649,-0.4975105,0.4933632,0.5018169,0.5072041
1751960799456,76.47836,SteamVR Tracker (Right Foot),0.1689186,0.0393908,2.034044,-0.4145441,-0.5087628,-0.3353117,0.6759288
1751960799482,76.50459,SteamVR Tracker (Left Foot),0.6148633,0.1524515,1.586223,-0.03828162,-0.7132303,-0.429415,0.5526662
1751960799482,76.50459,SteamVR Tracker (Waist),-0.5780683,0.7616683,1.227543,-0.4977263,0.4932302,0.5019283,0.5070114
1751960799482,76.50459,SteamVR Tracker (Right Foot),0.1679448,0.03940964,2.033678,-0.4080027,-0.5104775,-0.3329655,0.6797649
1751960799523,76.54713,SteamVR Tracker (Left Foot),0.6479937,0.1860616,1.575454,-0.004932608,-0.7173805,-0.4269841,0.5504776
1751960799523,76.54713,SteamVR Tracker (Waist),-0.5778518,0.7611213,1.227412,-0.497742,0.4932242,0.5019241,0.5070059
1751960799523,76.54713,SteamVR Tracker (Right Foot),0.1675918,0.03988671,2.03328,-0.4033087,-0.5125932,-0.3305613,0.6821434
1751960799565,76.58833,SteamVR Tracker (Left Foot),0.680491,0.2239947,1.562135,0.03599522,-0.7207885,-0.4375809,0.5363686
1751960799565,76.58833,SteamVR Tracker (Waist),-0.5780301,0.7616006,1.227615,-0.4976236,0.4932267,0.5018886,0.507155
1751960799565,76.58833,SteamVR Tracker (Right Foot),0.1674307,0.04034185,2.032757,-0.4030389,-0.5146151,-0.3315164,0.6803147
1751960799644,76.66561,SteamVR Tracker (Left Foot),0.706215,0.2686501,1.544317,0.07866513,-0.7183372,-0.4651328,0.5113267
1751960799644,76.66561,SteamVR Tracker (Waist),-0.5780842,0.7617364,1.22761,-0.4976062,0.4933745,0.5018693,0.5070472
1751960799644,76.66561,SteamVR Tracker (Right Foot),0.1673459,0.04112458,2.031171,-0.408149,-0.512228,-0.3310571,0.6792923
1751960799669,76.6936,SteamVR Tracker (Left Foot),0.7361341,0.3187551,1.525004,-0.1185326,0.7111576,0.4860114,-0.4939615
1751960799669,76.6936,SteamVR Tracker (Waist),-0.5777186,0.761439,1.227621,-0.4975912,0.4935347,0.5017741,0.5070003
1751960799669,76.6936,SteamVR Tracker (Right Foot),0.1676104,0.04187989,2.02999,-0.4074688,-0.5124437,-0.3303104,0.6799014
1751960799711,76.73319,SteamVR Tracker (Left Foot),0.7505161,0.3526609,1.517562,0.1310417,-0.7026667,-0.4846595,0.5041754
1751960799711,76.73319,SteamVR Tracker (Waist),-0.5781912,0.7616463,1.227504,-0.4974801,0.4935639,0.5018383,0.5070174
1751960799711,76.73319,SteamVR Tracker (Right Foot),0.1669834,0.0427649,2.029334,-0.404129,-0.5134941,-0.3282667,0.6820884
1751960799753,76.77715,SteamVR Tracker (Left Foot),0.769204,0.3872063,1.516341,0.1421157,-0.6930339,-0.4708059,0.5271137
1751960799753,76.77715,SteamVR Tracker (Waist),-0.5780203,0.7617172,1.227707,-0.4974116,0.4935238,0.5018297,0.5071321
1751960799753,76.77715,SteamVR Tracker (Right Foot),0.1667251,0.04376698,2.028119,-0.4024885,-0.5157307,-0.3258186,0.6825446
1751960799830,76.85211,SteamVR Tracker (Left Foot),0.7959713,0.4244468,1.517413,0.175348,-0.6957363,-0.4523948,0.5296631
1751960799830,76.85211,SteamVR Tracker (Waist),-0.5781168,0.7614557,1.227515,-0.4976007,0.4935165,0.5017129,0.5070693
1751960799830,76.85211,SteamVR Tracker (Right Foot),0.1669272,0.04501343,2.025823,-0.4092981,-0.5150416,-0.3247586,0.6795138
1751960799858,76.88097,SteamVR Tracker (Left Foot),0.8282079,0.4681386,1.518605,0.220321,-0.6956896,-0.4403207,0.5230606
1751960799858,76.88097,SteamVR Tracker (Waist),-0.5780354,0.761395,1.227536,-0.4975755,0.4934258,0.501639,0.5072554
1751960799858,76.88097,SteamVR Tracker (Right Foot),0.167324,0.04605865,2.023441,-0.4160789,-0.5137762,-0.3247932,0.6763296
1751960799898,76.9215,SteamVR Tracker (Left Foot),0.8442415,0.4933144,1.52585,0.2491142,-0.6977523,-0.4398919,0.5075225
1751960799898,76.9215,SteamVR Tracker (Waist),-0.5780213,0.7613146,1.227655,-0.497493,0.4933978,0.5017402,0.5072634
1751960799898,76.9215,SteamVR Tracker (Right Foot),0.1675708,0.04689026,2.021847,-0.4190786,-0.5148487,-0.3219598,0.6750154
1751960799942,76.96545,SteamVR Tracker (Left Foot),0.8543864,0.510494,1.537241,-0.2696254,0.7006949,0.4357164,-0.4964676
1751960799942,76.96545,SteamVR Tracker (Waist),-0.5780948,0.7616141,1.227566,-0.4975362,0.4934087,0.5016659,0.507284
1751960799942,76.96545,SteamVR Tracker (Right Foot),0.1676409,0.04830074,2.018852,-0.4260928,-0.5139045,-0.3217798,0.6714201
1751960800016,77.03938,SteamVR Tracker (Left Foot),0.8551242,0.5158285,1.54727,-0.2739743,0.7041537,0.4346318,-0.4901031
1751960800016,77.03938,SteamVR Tracker (Waist),-0.5780746,0.761502,1.227527,-0.497383,0.4934249,0.5016277,0.5074561
1751960800016,77.03938,SteamVR Tracker (Right Foot),0.1674437,0.0496006,2.017232,-0.4258627,-0.5166696,-0.3186065,0.6709571
1751960800046,77.06989,SteamVR Tracker (Left Foot),0.8544642,0.5250088,1.556223,-0.2779327,0.7058086,0.4368497,-0.4834771
1751960800046,77.06989,SteamVR Tracker (Waist),-0.578012,0.7613919,1.227622,-0.497535,0.4933245,0.5017994,0.507235
1751960800046,77.06989,SteamVR Tracker (Right Foot),0.1676066,0.05110645,2.01508,-0.4268582,-0.5174165,-0.3170221,0.6704992
1751960800088,77.11191,SteamVR Tracker (Left Foot),0.8505194,0.5225813,1.561175,-0.2708689,0.7064149,0.4435022,-0.4805351
1751960800089,77.11191,SteamVR Tracker (Waist),-0.5780616,0.7614502,1.227744,-0.4973018,0.4933352,0.5019031,0.5073504
1751960800089,77.11191,SteamVR Tracker (Right Foot),0.1673068,0.05227733,2.014053,-0.4234914,-0.5174222,-0.3173827,0.6724564
1751960800134,77.15732,SteamVR Tracker (Left Foot),0.8441371,0.5164046,1.566775,-0.2624935,0.7046761,0.4472878,-0.4842133
1751960800134,77.15732,SteamVR Tracker (Waist),-0.5779693,0.7613566,1.227774,-0.4971484,0.4935235,0.5016285,0.5075894
1751960800134,77.15732,SteamVR Tracker (Right Foot),0.1674627,0.05348086,2.012512,-0.4241895,-0.5172874,-0.3176919,0.6719739
1751960800225,77.24458,SteamVR Tracker (Left Foot),0.8382736,0.5030092,1.575916,-0.247724,0.7117131,0.4374072,-0.4906856
1751960800225,77.24458,SteamVR Tracker (Waist),-0.5780976,0.7615852,1.227611,-0.4974281,0.49347,0.5016419,0.5073539
1751960800225,77.24458,SteamVR Tracker (Right Foot),0.1671702,0.05337071,2.012577,-0.424805,-0.5176015,-0.3168787,0.6717271
1751960800260,77.2832,SteamVR Tracker (Left Foot),0.8299997,0.4885117,1.590262,-0.2339793,0.7188386,0.4335375,-0.4904795
1751960800260,77.2832,SteamVR Tracker (Waist),-0.5781562,0.7617143,1.227743,-0.4973952,0.4934538,0.5016361,0.5074077
1751960800261,77.2832,SteamVR Tracker (Right Foot),0.1670473,0.05461001,2.011046,-0.4245879,-0.5178635,-0.316768,0.6717147
1751960800291,77.31705,SteamVR Tracker (Left Foot),0.8284276,0.4819922,1.59677,-0.2341196,0.721876,0.4337705,-0.4857225
1751960800292,77.31705,SteamVR Tracker (Waist),-0.5779612,0.7614812,1.227838,-0.4972629,0.4934545,0.5017321,0.5074419
1751960800292,77.31705,SteamVR Tracker (Right Foot),0.1672495,0.05479097,2.010942,-0.4240726,-0.5172192,-0.3182721,0.6718256
1751960800420,77.43986,SteamVR Tracker (Left Foot),0.8268663,0.4748455,1.603659,-0.2279485,0.7253662,0.4313616,-0.4856033
1751960800420,77.43986,SteamVR Tracker (Waist),-0.5781261,0.7615708,1.227687,-0.49751,0.493599,0.5015515,0.5072376
1751960800420,77.43986,SteamVR Tracker (Right Foot),0.1672935,0.05412602,2.012128,-0.4224133,-0.5170903,-0.3188092,0.6727149
1751960800443,77.46607,SteamVR Tracker (Left Foot),0.8200243,0.4590335,1.619506,-0.2132193,0.731102,0.4284542,-0.4862657
1751960800443,77.46607,SteamVR Tracker (Waist),-0.57796,0.7618008,1.227645,-0.4974067,0.4936217,0.5015962,0.5072726
1751960800443,77.46607,SteamVR Tracker (Right Foot),0.1670457,0.05573153,2.010301,-0.4198993,-0.5171803,-0.3194867,0.6738972
